c_1,m_2556,0,app_5052,started,400,400,1.56
c_1,m_2556,287942,app_5052,started,400,400,1.56
c_1,m_2556,338909,app_5052,started,400,400,1.56
c_2,m_962,0,app_8125,started,800,800,3.13
c_2,m_962,23205,app_8125,started,800,800,3.13
c_2,m_962,118414,app_8125,started,800,800,3.13
c_2,m_962,270407,app_8125,started,800,800,3.13
c_2,m_962,431364,app_8125,started,800,800,3.13
c_3,m_644,0,app_66,started,400,400,1.56
c_3,m_644,16362,app_66,started,400,400,1.56
c_3,m_644,110880,app_66,started,400,400,1.56
c_3,m_644,264227,app_66,started,400,400,1.56
c_3,m_644,337526,app_66,started,400,400,1.56
c_4,m_1423,0,app_3222,started,400,400,1.56
c_4,m_1423,26251,app_3222,started,400,400,1.56
c_4,m_1423,121175,app_3222,started,400,400,1.56
c_4,m_1423,212319,app_3222,started,400,400,1.56
c_4,m_1423,212504,app_3222,started,400,400,1.56
c_4,m_1423,259434,app_3222,started,400,400,1.56
c_4,m_1423,369285,app_3222,started,400,400,1.56
c_5,m_334,0,app_5955,started,400,400,1.56
c_5,m_334,16780,app_5955,started,400,400,1.56
c_5,m_334,111315,app_5955,started,400,400,1.56
c_5,m_334,264645,app_5955,started,400,400,1.56
c_5,m_334,356165,app_5955,started,400,400,1.56
c_6,m_2825,0,app_8384,started,400,400,1.56
c_6,m_2825,125867,app_8384,started,400,400,1.56
c_6,m_2825,129523,app_8384,started,400,400,1.56
c_6,m_2825,130211,app_8384,started,400,400,1.56
c_6,m_2825,162899,app_8384,started,400,400,1.56
c_6,m_2825,287193,app_8384,started,400,400,1.56
c_6,m_2825,339092,app_8384,started,400,400,1.56
c_7,m_2250,0,app_626,started,400,400,1.56
c_7,m_2250,34974,app_626,started,400,400,1.56
c_7,m_2250,249567,app_626,started,400,400,1.56
c_7,m_2250,448696,app_626,started,400,400,1.56
c_8,m_1646,0,app_2943,started,400,400,1.56
c_8,m_1646,9530,app_2943,started,400,400,1.56
c_8,m_1646,103927,app_2943,started,400,400,1.56
c_8,m_1646,172872,app_2943,started,400,400,1.56
c_8,m_1646,206449,app_2943,started,400,400,1.56
c_8,m_1646,257255,app_2943,started,400,400,1.56
c_8,m_1646,347549,app_2943,started,400,400,1.56
c_9,m_434,0,app_239,started,400,480,1.56
c_9,m_434,289516,app_239,started,400,480,1.56
c_10,m_1165,0,app_5102,started,800,800,3.13
c_10,m_1165,11653,app_5102,started,800,800,3.13
c_10,m_1165,106900,app_5102,started,800,800,3.13
c_10,m_1165,176203,app_5102,started,800,800,3.13
c_10,m_1165,209366,app_5102,started,800,800,3.13
c_10,m_1165,258674,app_5102,started,800,800,3.13
c_10,m_1165,339087,app_5102,started,800,800,3.13
c_11,m_3681,0,app_5608,started,400,400,1.56
c_11,m_3681,30810,app_5608,started,400,400,1.56
c_11,m_3681,127279,app_5608,started,400,400,1.56
c_11,m_3681,213690,app_5608,started,400,400,1.56
c_11,m_3681,278291,app_5608,started,400,400,1.56
c_11,m_3681,403329,app_5608,started,400,400,1.56
c_12,m_548,336634,app_4474,started,800,800,3.13
c_13,m_1259,0,app_2617,started,800,960,3.13
c_13,m_1259,19611,app_2617,started,800,960,3.13
c_13,m_1259,115258,app_2617,started,800,960,3.13
c_13,m_1259,266824,app_2617,started,800,960,3.13
c_14,m_1821,0,app_489,started,400,400,1.56
c_14,m_1821,285334,app_489,started,400,400,1.56
c_14,m_1821,324219,app_489,started,400,400,1.56
c_15,m_2287,343791,app_2895,started,800,800,3.13
c_15,m_2287,640946,app_2895,started,800,800,3.13
c_16,m_2514,0,app_8866,started,400,400,1.56
c_16,m_2514,14966,app_8866,started,400,400,1.56
c_16,m_2514,109470,app_8866,started,400,400,1.56
c_16,m_2514,262833,app_8866,started,400,400,1.56
c_16,m_2514,353847,app_8866,started,400,400,1.56
c_16,m_2514,643019,app_8866,started,400,400,1.56
c_17,m_969,0,app_442,started,800,800,3.13
c_17,m_969,10659,app_442,started,800,800,3.13
c_17,m_969,71912,app_442,started,800,800,3.13
c_17,m_969,72354,app_442,started,800,800,3.13
c_17,m_969,105122,app_442,started,800,800,3.13
c_17,m_969,174039,app_442,started,800,800,3.13
c_17,m_969,207570,app_442,started,800,800,3.13
c_17,m_969,253038,app_442,started,800,800,3.13
c_17,m_969,348767,app_442,started,800,800,3.13
c_18,m_1622,0,app_9317,started,400,400,1.56
c_18,m_1622,284932,app_9317,started,400,400,1.56
c_18,m_1622,345181,app_9317,started,400,400,1.56
c_19,m_690,164380,app_7876,started,800,800,3.13
c_19,m_690,238382,app_7876,started,800,800,3.13
c_19,m_690,447748,app_7876,started,800,800,3.13
c_20,m_789,0,app_338,started,400,400,1.56
c_20,m_789,30417,app_338,started,400,400,1.56
c_20,m_789,125612,app_338,started,400,400,1.56
c_20,m_789,279044,app_338,started,400,400,1.56
c_20,m_789,374197,app_338,started,400,400,1.56
c_21,m_1218,0,app_6190,started,400,400,1.56
c_21,m_1218,284215,app_6190,started,400,400,1.56
c_21,m_1218,450509,app_6190,started,400,400,1.56
c_22,m_2721,0,app_9773,started,400,400,1.56
c_22,m_2721,288095,app_9773,started,400,400,1.56
c_22,m_2721,383486,app_9773,started,400,400,1.56
c_23,m_2525,0,app_2562,started,800,800,3.13
c_23,m_2525,28062,app_2562,started,800,800,3.13
c_23,m_2525,124285,app_2562,started,800,800,3.13
c_23,m_2525,275399,app_2562,started,800,800,3.13
c_23,m_2525,402682,app_2562,started,800,800,3.13
c_24,m_1724,0,app_5839,started,400,400,1.56
c_24,m_1724,34105,app_5839,started,400,400,1.56
c_24,m_1724,129504,app_5839,started,400,400,1.56
c_24,m_1724,234497,app_5839,started,400,400,1.56
c_24,m_1724,378320,app_5839,started,400,400,1.56
c_25,m_2191,0,app_9470,started,400,400,1.56
c_25,m_2191,21359,app_9470,started,400,400,1.56
c_25,m_2191,116443,app_9470,started,400,400,1.56
c_25,m_2191,268549,app_9470,started,400,400,1.56
c_25,m_2191,429668,app_9470,started,400,400,1.56
c_26,m_3427,234929,app_28,started,800,800,3.13
c_26,m_3427,250207,app_28,started,800,800,3.13
c_26,m_3427,276882,app_28,started,800,800,3.13
c_27,m_1386,0,app_6597,started,800,800,3.13
c_27,m_1386,32165,app_6597,started,800,800,3.13
c_27,m_1386,128725,app_6597,started,800,800,3.13
c_27,m_1386,158046,app_6597,started,800,800,3.13
c_27,m_1386,248900,app_6597,started,800,800,3.13
c_27,m_1386,444462,app_6597,started,800,800,3.13
c_28,m_3760,0,app_2413,started,400,400,1.56
c_29,m_647,0,app_2706,started,400,400,1.56
c_29,m_647,31128,app_2706,started,400,400,1.56
c_29,m_647,127612,app_2706,started,400,400,1.56
c_29,m_647,237306,app_2706,started,400,400,1.56
c_29,m_647,239751,app_2706,started,400,400,1.56
c_29,m_647,442708,app_2706,started,400,400,1.56
c_29,m_647,678067,app_2706,started,400,400,1.56
c_30,m_2146,0,app_6556,started,400,400,1.56
c_30,m_2146,9157,app_6556,started,400,400,1.56
c_30,m_2146,103538,app_6556,started,400,400,1.56
c_30,m_2146,164042,app_6556,started,400,400,1.56
c_30,m_2146,172500,app_6556,started,400,400,1.56
c_30,m_2146,206067,app_6556,started,400,400,1.56
c_30,m_2146,256854,app_6556,started,400,400,1.56
c_30,m_2146,347118,app_6556,started,400,400,1.56
c_30,m_2146,434165,app_6556,started,400,400,1.56
c_31,m_2228,0,app_9529,started,400,400,2.34
c_31,m_2228,35094,app_9529,started,400,400,2.34
c_31,m_2228,148774,app_9529,started,400,400,2.34
c_31,m_2228,223235,app_9529,started,400,400,2.34
c_31,m_2228,282719,app_9529,started,400,400,2.34
c_31,m_2228,448873,app_9529,started,400,400,2.34
c_32,m_1088,0,app_6230,started,400,480,1.56
c_32,m_1088,23260,app_6230,started,400,480,1.56
c_32,m_1088,118476,app_6230,started,400,480,1.56
c_32,m_1088,249312,app_6230,started,400,480,1.56
c_33,m_1088,0,app_4354,started,400,480,1.56
c_33,m_1088,23260,app_4354,started,400,480,1.56
c_33,m_1088,118476,app_4354,started,400,480,1.56
c_33,m_1088,249312,app_4354,started,400,480,1.56
c_34,m_786,0,app_5420,started,400,400,1.56
c_34,m_786,9849,app_5420,started,400,400,1.56
c_34,m_786,104262,app_5420,started,400,400,1.56
c_34,m_786,173239,app_5420,started,400,400,1.56
c_34,m_786,206763,app_5420,started,400,400,1.56
c_34,m_786,257592,app_5420,started,400,400,1.56
c_34,m_786,336941,app_5420,started,400,400,1.56
c_35,m_1005,558811,app_701,started,400,400,1.56
c_36,m_2606,0,app_5305,started,400,400,1.56
c_36,m_2606,17312,app_5305,started,400,400,1.56
c_36,m_2606,111847,app_5305,started,400,400,1.56
c_36,m_2606,265158,app_5305,started,400,400,1.56
c_36,m_2606,357790,app_5305,started,400,400,1.56
c_37,m_554,0,app_713,started,400,400,1.56
c_37,m_554,285118,app_713,started,400,400,1.56
c_37,m_554,330757,app_713,started,400,400,1.56
c_38,m_2194,0,app_8592,started,400,400,1.56
c_38,m_2194,24155,app_8592,started,400,400,1.56
c_38,m_2194,119950,app_8592,started,400,400,1.56
c_38,m_2194,271379,app_8592,started,400,400,1.56
c_38,m_2194,397709,app_8592,started,400,400,1.56
c_39,m_1520,0,app_5367,started,400,400,1.56
c_39,m_1520,20490,app_5367,started,400,400,1.56
c_39,m_1520,115887,app_5367,started,400,400,1.56
c_39,m_1520,269290,app_5367,started,400,400,1.56
c_39,m_1520,363290,app_5367,started,400,400,1.56
c_40,m_849,0,app_7105,started,800,800,3.13
c_40,m_849,10570,app_7105,started,800,800,3.13
c_40,m_849,105030,app_7105,started,800,800,3.13
c_40,m_849,173955,app_7105,started,800,800,3.13
c_40,m_849,207487,app_7105,started,800,800,3.13
c_40,m_849,258365,app_7105,started,800,800,3.13
c_40,m_849,348667,app_7105,started,800,800,3.13
c_41,m_1844,0,app_1421,started,400,400,1.56
c_41,m_1844,35415,app_1421,started,400,400,1.56
c_41,m_1844,284595,app_1421,started,400,400,1.56
c_41,m_1844,379751,app_1421,started,400,400,1.56
c_42,m_3861,0,app_1093,started,400,400,1.95
c_42,m_3861,30052,app_1093,started,400,400,1.95
c_42,m_3861,125237,app_1093,started,400,400,1.95
c_42,m_3861,278672,app_1093,started,400,400,1.95
c_42,m_3861,339078,app_1093,started,400,400,1.95
c_43,m_2790,0,app_2365,started,400,400,1.56
c_43,m_2790,27263,app_2365,started,400,400,1.56
c_43,m_2790,44555,app_2365,started,400,400,1.56
c_43,m_2790,122256,app_2365,started,400,400,1.56
c_43,m_2790,245228,app_2365,started,400,400,1.56
c_43,m_2790,370433,app_2365,started,400,400,1.56
c_44,m_2781,0,app_4265,started,400,400,1.56
c_44,m_2781,12734,app_4265,started,400,400,1.56
c_44,m_2781,108026,app_4265,started,400,400,1.56
c_44,m_2781,177309,app_4265,started,400,400,1.56
c_44,m_2781,210472,app_4265,started,400,400,1.56
c_44,m_2781,259849,app_4265,started,400,400,1.56
c_44,m_2781,383109,app_4265,started,400,400,1.56
c_45,m_2042,0,app_1364,started,400,400,1.56
c_45,m_2042,13332,app_1364,started,400,400,1.56
c_45,m_2042,108646,app_1364,started,400,400,1.56
c_45,m_2042,246085,app_1364,started,400,400,1.56
c_45,m_2042,384187,app_1364,started,400,400,1.56
c_46,m_1637,0,app_1270,started,400,400,1.56
c_46,m_1637,27055,app_1270,started,400,400,1.56
c_46,m_1637,122034,app_1270,started,400,400,1.56
c_46,m_1637,275477,app_1270,started,400,400,1.56
c_46,m_1637,370183,app_1270,started,400,400,1.56
c_47,m_1382,0,app_3453,started,400,400,1.56
c_47,m_1382,26790,app_3453,started,400,400,1.56
c_47,m_1382,78314,app_3453,started,400,400,1.56
c_47,m_1382,92106,app_3453,started,400,400,1.56
c_47,m_1382,122923,app_3453,started,400,400,1.56
c_47,m_1382,274097,app_3453,started,400,400,1.56
c_47,m_1382,435660,app_3453,started,400,400,1.56
c_48,m_2654,0,app_4038,started,800,800,2.34
c_48,m_2654,14957,app_4038,started,800,800,2.34
c_48,m_2654,109460,app_4038,started,800,800,2.34
c_48,m_2654,178086,app_4038,started,800,800,2.34
c_48,m_2654,262824,app_4038,started,800,800,2.34
c_48,m_2654,353828,app_4038,started,800,800,2.34
c_48,m_2654,446918,app_4038,started,800,800,2.34
c_48,m_2654,555846,app_4038,started,800,800,2.34
c_49,m_3895,0,app_4038,started,800,800,2.34
c_49,m_3895,34700,app_4038,started,800,800,2.34
c_49,m_3895,125900,app_4038,started,800,800,2.34
c_49,m_3895,129505,app_4038,started,800,800,2.34
c_49,m_3895,130195,app_4038,started,800,800,2.34
c_49,m_3895,162886,app_4038,started,800,800,2.34
c_49,m_3895,282308,app_4038,started,800,800,2.34
c_49,m_3895,409037,app_4038,started,800,800,2.34
c_50,m_2906,0,app_9306,started,400,400,1.56
c_50,m_2906,285212,app_9306,started,400,400,1.56
c_50,m_2906,451642,app_9306,started,400,400,1.56
c_51,m_504,0,app_2971,started,800,800,1.56
c_51,m_504,33053,app_2971,started,800,800,1.56
c_51,m_504,125927,app_2971,started,800,800,1.56
c_51,m_504,130172,app_2971,started,800,800,1.56
c_51,m_504,280575,app_2971,started,800,800,1.56
c_51,m_504,330756,app_2971,started,800,800,1.56
c_52,m_778,0,app_5866,started,400,400,1.56
c_52,m_778,35450,app_5866,started,400,400,1.56
c_52,m_778,158051,app_5866,started,400,400,1.56
c_52,m_778,283096,app_5866,started,400,400,1.56
c_52,m_778,334287,app_5866,started,400,400,1.56
c_52,m_778,410229,app_5866,started,400,400,1.56
c_52,m_778,412619,app_5866,started,400,400,1.56
c_52,m_778,465139,app_5866,started,400,400,1.56
c_53,m_2503,0,app_1596,started,400,400,1.56
c_53,m_2503,29607,app_1596,started,400,400,1.56
c_53,m_2503,125952,app_1596,started,400,400,1.56
c_53,m_2503,277027,app_1596,started,400,400,1.56
c_53,m_2503,347395,app_1596,started,400,400,1.56
c_54,m_2954,0,app_9741,started,400,400,1.56
c_54,m_2954,13212,app_9741,started,400,400,1.56
c_54,m_2954,108519,app_9741,started,400,400,1.56
c_54,m_2954,177803,app_9741,started,400,400,1.56
c_54,m_2954,260334,app_9741,started,400,400,1.56
c_54,m_2954,383941,app_9741,started,400,400,1.56
c_54,m_2954,643389,app_9741,started,400,400,1.56
c_55,m_2651,0,app_8832,started,400,400,1.56
c_55,m_2651,8977,app_8832,started,400,400,1.56
c_55,m_2651,104049,app_8832,started,400,400,1.56
c_55,m_2651,173463,app_8832,started,400,400,1.56
c_55,m_2651,206596,app_8832,started,400,400,1.56
c_55,m_2651,255960,app_8832,started,400,400,1.56
c_55,m_2651,415665,app_8832,started,400,400,1.56
c_56,m_2567,0,app_2930,started,400,480,1.56
c_56,m_2567,22557,app_2930,started,400,480,1.56
c_56,m_2567,117721,app_2930,started,400,480,1.56
c_56,m_2567,205212,app_2930,started,400,480,1.56
c_56,m_2567,205605,app_2930,started,400,480,1.56
c_56,m_2567,269764,app_2930,started,400,480,1.56
c_56,m_2567,430967,app_2930,started,400,480,1.56
c_57,m_2257,0,app_943,started,400,400,1.56
c_57,m_2257,29792,app_943,started,400,400,1.56
c_57,m_2257,124969,app_943,started,400,400,1.56
c_57,m_2257,278394,app_943,started,400,400,1.56
c_57,m_2257,373500,app_943,started,400,400,1.56
c_58,m_3421,0,app_8111,started,400,400,1.56
c_58,m_3421,27031,app_8111,started,400,400,1.56
c_58,m_3421,123178,app_8111,started,400,400,1.56
c_58,m_3421,274354,app_8111,started,400,400,1.56
c_58,m_3421,336125,app_8111,started,400,400,1.56
c_59,m_2637,0,app_1261,started,400,400,1.56
c_59,m_2637,244714,app_1261,started,400,400,1.56
c_59,m_2637,381359,app_1261,started,400,400,1.56
c_60,m_1277,0,app_4220,started,800,800,3.13
c_60,m_1277,290609,app_4220,started,800,800,3.13
c_60,m_1277,347372,app_4220,started,800,800,3.13
c_61,m_521,0,app_403,started,400,400,1.56
c_61,m_521,20557,app_403,started,400,400,1.56
c_61,m_521,38627,app_403,started,400,400,1.56
c_61,m_521,115964,app_403,started,400,400,1.56
c_61,m_521,269357,app_403,started,400,400,1.56
c_61,m_521,363359,app_403,started,400,400,1.56
c_62,m_1089,0,app_6803,started,400,400,1.56
c_62,m_1089,13499,app_6803,started,400,400,1.56
c_62,m_1089,108823,app_6803,started,400,400,1.56
c_62,m_1089,260632,app_6803,started,400,400,1.56
c_62,m_1089,384465,app_6803,started,400,400,1.56
c_63,m_673,0,app_1825,started,800,800,6.25
c_63,m_673,15793,app_1825,started,800,800,6.25
c_63,m_673,110296,app_1825,started,800,800,6.25
c_63,m_673,263670,app_1825,started,800,800,6.25
c_63,m_673,355143,app_1825,started,800,800,6.25
c_64,m_2462,0,app_4872,started,400,400,1.56
c_64,m_2462,19675,app_4872,started,400,400,1.56
c_64,m_2462,115331,app_4872,started,400,400,1.56
c_64,m_2462,266887,app_4872,started,400,400,1.56
c_64,m_2462,428850,app_4872,started,400,400,1.56
c_65,m_3261,0,app_6523,started,400,400,1.56
c_65,m_3261,25102,app_6523,started,400,400,1.56
c_65,m_3261,119988,app_6523,started,400,400,1.56
c_65,m_3261,273379,app_6523,started,400,400,1.56
c_65,m_3261,317241,app_6523,started,400,400,1.56
c_66,m_3558,0,app_7073,started,400,400,1.56
c_66,m_3558,125899,app_7073,started,400,400,1.56
c_66,m_3558,130179,app_7073,started,400,400,1.56
c_66,m_3558,162845,app_7073,started,400,400,1.56
c_66,m_3558,290964,app_7073,started,400,400,1.56
c_66,m_3558,386572,app_7073,started,400,400,1.56
c_67,m_1344,0,app_1230,started,800,800,3.13
c_67,m_1344,284978,app_1230,started,800,800,3.13
c_67,m_1344,412488,app_1230,started,800,800,3.13
c_68,m_3831,0,app_8596,started,400,480,1.56
c_68,m_3831,15862,app_8596,started,400,480,1.56
c_68,m_3831,111260,app_8596,started,400,480,1.56
c_68,m_3831,262962,app_8596,started,400,480,1.56
c_69,m_2623,0,app_5535,started,400,400,1.56
c_69,m_2623,29813,app_5535,started,400,400,1.56
c_69,m_2623,126194,app_5535,started,400,400,1.56
c_69,m_2623,277270,app_5535,started,400,400,1.56
c_69,m_2623,405143,app_5535,started,400,400,1.56
c_70,m_4019,0,app_8417,started,2400,2400,9.38
c_70,m_4019,22758,app_8417,started,2400,2400,9.38
c_70,m_4019,117572,app_8417,started,2400,2400,9.38
c_70,m_4019,270977,app_8417,started,2400,2400,9.38
c_70,m_4019,365087,app_8417,started,2400,2400,9.38
c_70,m_4019,567383,app_8417,started,2400,2400,9.38
c_71,m_2766,0,app_2506,started,400,400,1.56
c_71,m_2766,35311,app_2506,started,400,400,1.56
c_71,m_2766,75148,app_2506,started,400,400,1.56
c_71,m_2766,282949,app_2506,started,400,400,1.56
c_71,m_2766,449307,app_2506,started,400,400,1.56
c_72,m_3483,0,app_1254,started,800,800,3.13
c_72,m_3483,8111,app_1254,started,800,800,3.13
c_72,m_3483,103134,app_1254,started,800,800,3.13
c_72,m_3483,172526,app_1254,started,800,800,3.13
c_72,m_3483,205696,app_1254,started,800,800,3.13
c_72,m_3483,255057,app_1254,started,800,800,3.13
c_72,m_3483,377259,app_1254,started,800,800,3.13
c_72,m_3483,635958,app_1254,started,800,800,3.13
c_73,m_3821,0,app_8713,started,400,400,1.56
c_73,m_3821,13526,app_8713,started,400,400,1.56
c_73,m_3821,108032,app_8713,started,400,400,1.56
c_73,m_3821,158063,app_8713,started,400,400,1.56
c_73,m_3821,176732,app_8713,started,400,400,1.56
c_73,m_3821,210350,app_8713,started,400,400,1.56
c_73,m_3821,248901,app_8713,started,400,400,1.56
c_73,m_3821,352007,app_8713,started,400,400,1.56
c_74,m_3766,0,app_7627,started,400,400,1.56
c_74,m_3766,27146,app_7627,started,400,400,1.56
c_74,m_3766,123300,app_7627,started,400,400,1.56
c_74,m_3766,274472,app_7627,started,400,400,1.56
c_74,m_3766,436312,app_7627,started,400,400,1.56
c_74,m_3766,660562,app_7627,started,400,400,1.56
c_74,m_3766,678070,app_7627,started,400,400,1.56
c_75,m_959,0,app_442,started,800,800,3.13
c_75,m_959,11015,app_442,started,800,800,3.13
c_75,m_959,106223,app_442,started,800,800,3.13
c_75,m_959,158042,app_442,started,800,800,3.13
c_75,m_959,175543,app_442,started,800,800,3.13
c_75,m_959,208719,app_442,started,800,800,3.13
c_75,m_959,258030,app_442,started,800,800,3.13
c_75,m_959,323182,app_442,started,800,800,3.13
c_76,m_3065,0,app_3073,started,400,400,1.56
c_76,m_3065,8722,app_3073,started,400,400,1.56
c_76,m_3065,103778,app_3073,started,400,400,1.56
c_76,m_3065,173203,app_3073,started,400,400,1.56
c_76,m_3065,206332,app_3073,started,400,400,1.56
c_76,m_3065,255676,app_3073,started,400,400,1.56
c_76,m_3065,377773,app_3073,started,400,400,1.56
c_76,m_3065,636802,app_3073,started,400,400,1.56
c_77,m_3898,0,app_943,started,400,400,1.56
c_77,m_3898,10775,app_943,started,400,400,1.56
c_77,m_3898,105980,app_943,started,400,400,1.56
c_77,m_3898,175309,app_943,started,400,400,1.56
c_77,m_3898,208453,app_943,started,400,400,1.56
c_77,m_3898,257796,app_943,started,400,400,1.56
c_77,m_3898,347361,app_943,started,400,400,1.56
c_78,m_1461,423,app_7264,started,800,800,3.13
c_78,m_1461,11858,app_7264,started,800,800,3.13
c_78,m_1461,107118,app_7264,started,800,800,3.13
c_78,m_1461,176424,app_7264,started,800,800,3.13
c_78,m_1461,209580,app_7264,started,800,800,3.13
c_78,m_1461,258883,app_7264,started,800,800,3.13
c_78,m_1461,418299,app_7264,started,800,800,3.13
c_79,m_179,0,app_552,started,800,800,3.13
c_79,m_179,35533,app_552,started,800,800,3.13
c_79,m_179,284718,app_552,started,800,800,3.13
c_79,m_179,379880,app_552,started,800,800,3.13
c_80,m_1421,0,app_8047,started,400,400,1.56
c_80,m_1421,285307,app_8047,started,400,400,1.56
c_80,m_1421,380513,app_8047,started,400,400,1.56
c_81,m_1501,0,app_3269,started,400,400,1.56
c_81,m_1501,32524,app_3269,started,400,400,1.56
c_81,m_1501,127848,app_3269,started,400,400,1.56
c_81,m_1501,158045,app_3269,started,400,400,1.56
c_81,m_1501,162906,app_3269,started,400,400,1.56
c_81,m_1501,281525,app_3269,started,400,400,1.56
c_81,m_1501,321941,app_3269,started,400,400,1.56
c_82,m_1138,0,app_3514,started,400,400,1.56
c_82,m_1138,290564,app_3514,started,400,400,1.56
c_82,m_1138,386183,app_3514,started,400,400,1.56
c_83,m_2220,0,app_2830,started,400,400,1.56
c_83,m_2220,284872,app_2830,started,400,400,1.56
c_83,m_2220,380058,app_2830,started,400,400,1.56
c_83,m_2220,588996,app_2830,started,400,400,1.56
c_84,m_1852,0,app_1093,started,400,400,1.95
c_84,m_1852,228812,app_1093,started,400,400,1.95
c_84,m_1852,382201,app_1093,started,400,400,1.95
c_85,m_2135,0,app_2965,started,400,400,1.56
c_85,m_2135,16264,app_2965,started,400,400,1.56
c_85,m_2135,44437,app_2965,started,400,400,1.56
c_85,m_2135,110775,app_2965,started,400,400,1.56
c_85,m_2135,264122,app_2965,started,400,400,1.56
c_85,m_2135,355593,app_2965,started,400,400,1.56
c_85,m_2135,385337,app_2965,started,400,400,1.56
c_85,m_2135,448358,app_2965,started,400,400,1.56
c_85,m_2135,557608,app_2965,started,400,400,1.56
c_86,m_3787,0,app_7793,started,400,480,1.56
c_86,m_3787,284046,app_7793,started,400,480,1.56
c_87,m_111,0,app_6702,started,400,400,1.56
c_87,m_111,12716,app_6702,started,400,400,1.56
c_87,m_111,108009,app_6702,started,400,400,1.56
c_87,m_111,177291,app_6702,started,400,400,1.56
c_87,m_111,210456,app_6702,started,400,400,1.56
c_87,m_111,259832,app_6702,started,400,400,1.56
c_87,m_111,383077,app_6702,started,400,400,1.56
c_88,m_1776,0,app_3721,started,400,400,1.56
c_88,m_1776,33270,app_3721,started,400,400,1.56
c_88,m_1776,129910,app_3721,started,400,400,1.56
c_88,m_1776,232819,app_3721,started,400,400,1.56
c_88,m_1776,446111,app_3721,started,400,400,1.56
c_89,m_1501,0,app_559,started,400,400,1.56
c_89,m_1501,32524,app_559,started,400,400,1.56
c_89,m_1501,127848,app_559,started,400,400,1.56
c_89,m_1501,158045,app_559,started,400,400,1.56
c_89,m_1501,162906,app_559,started,400,400,1.56
c_89,m_1501,281525,app_559,started,400,400,1.56
c_89,m_1501,321941,app_559,started,400,400,1.56
c_90,m_1130,0,app_9770,started,400,400,1.56
c_90,m_1130,18321,app_9770,started,400,400,1.56
c_90,m_1130,112924,app_9770,started,400,400,1.56
c_90,m_1130,246214,app_9770,started,400,400,1.56
c_90,m_1130,359556,app_9770,started,400,400,1.56
c_90,m_1130,452235,app_9770,started,400,400,1.56
c_91,m_2847,0,app_1754,started,400,400,1.56
c_91,m_2847,285260,app_1754,started,400,400,1.56
c_91,m_2847,451733,app_1754,started,400,400,1.56
c_92,m_3619,0,app_6043,started,400,400,1.56
c_92,m_3619,25303,app_6043,started,400,400,1.56
c_92,m_3619,121313,app_6043,started,400,400,1.56
c_92,m_3619,272546,app_6043,started,400,400,1.56
c_92,m_3619,432759,app_6043,started,400,400,1.56
c_93,m_3965,0,app_7671,started,400,400,1.56
c_93,m_3965,26328,app_7671,started,400,400,1.56
c_93,m_3965,53481,app_7671,started,400,400,1.56
c_93,m_3965,121257,app_7671,started,400,400,1.56
c_93,m_3965,274716,app_7671,started,400,400,1.56
c_93,m_3965,369376,app_7671,started,400,400,1.56
c_94,m_1261,0,app_9678,started,800,800,3.13
c_94,m_1261,10759,app_9678,started,800,800,3.13
c_94,m_1261,105965,app_9678,started,800,800,3.13
c_94,m_1261,175295,app_9678,started,800,800,3.13
c_94,m_1261,208439,app_9678,started,800,800,3.13
c_94,m_1261,257782,app_9678,started,800,800,3.13
c_94,m_1261,324084,app_9678,started,800,800,3.13
c_95,m_2421,383081,app_6140,started,400,400,1.56
c_96,m_572,0,app_782,started,400,400,1.56
c_96,m_572,229997,app_782,started,400,400,1.56
c_96,m_572,384529,app_782,started,400,400,1.56
c_97,m_1746,0,app_2557,started,400,400,1.56
c_97,m_1746,11069,app_2557,started,400,400,1.56
c_97,m_1746,106279,app_2557,started,400,400,1.56
c_97,m_1746,175597,app_2557,started,400,400,1.56
c_97,m_1746,208773,app_2557,started,400,400,1.56
c_97,m_1746,258084,app_2557,started,400,400,1.56
c_97,m_1746,381102,app_2557,started,400,400,1.56
c_97,m_1746,640469,app_2557,started,400,400,1.56
c_98,m_3516,0,app_63,started,400,400,1.56
c_98,m_3516,283771,app_63,started,400,400,1.56
c_98,m_3516,449875,app_63,started,400,400,1.56
c_99,m_2409,0,app_9678,started,800,800,3.13
c_99,m_2409,12685,app_9678,started,800,800,3.13
c_99,m_2409,107974,app_9678,started,800,800,3.13
c_99,m_2409,177260,app_9678,started,800,800,3.13
c_99,m_2409,210425,app_9678,started,800,800,3.13
c_99,m_2409,259797,app_9678,started,800,800,3.13
c_99,m_2409,383027,app_9678,started,800,800,3.13
c_100,m_2664,0,app_5534,started,400,400,1.56
c_100,m_2664,11003,app_5534,started,400,400,1.56
c_100,m_2664,38803,app_5534,started,400,400,1.56
c_100,m_2664,105476,app_5534,started,400,400,1.56
c_100,m_2664,129527,app_5534,started,400,400,1.56
c_100,m_2664,129978,app_5534,started,400,400,1.56
c_100,m_2664,174380,app_5534,started,400,400,1.56
c_100,m_2664,207919,app_5534,started,400,400,1.56
c_100,m_2664,258829,app_5534,started,400,400,1.56
c_100,m_2664,323285,app_5534,started,400,400,1.56
c_101,m_1122,0,app_3652,started,400,480,1.56
c_101,m_1122,7797,app_3652,started,400,480,1.56
c_101,m_1122,102795,app_3652,started,400,480,1.56
c_101,m_1122,172208,app_3652,started,400,480,1.56
c_101,m_1122,205367,app_3652,started,400,480,1.56
c_101,m_1122,228076,app_3652,started,400,480,1.56
c_102,m_1006,0,app_1190,started,400,400,1.56
c_102,m_1006,14177,app_1190,started,400,400,1.56
c_102,m_1006,109529,app_1190,started,400,400,1.56
c_102,m_1006,261314,app_1190,started,400,400,1.56
c_102,m_1006,385274,app_1190,started,400,400,1.56
c_103,m_590,0,app_9059,started,400,480,1.95
c_103,m_590,23379,app_9059,started,400,480,1.95
c_103,m_590,118210,app_9059,started,400,480,1.95
c_103,m_590,271624,app_9059,started,400,480,1.95
c_103,m_590,365820,app_9059,started,400,480,1.95
c_104,m_1074,0,app_6610,started,400,480,1.56
c_104,m_1074,55364,app_6610,started,400,480,1.56
c_104,m_1074,156804,app_6610,started,400,480,1.56
c_104,m_1074,166990,app_6610,started,400,480,1.56
c_104,m_1074,246223,app_6610,started,400,480,1.56
c_104,m_1074,257892,app_6610,started,400,480,1.56
c_105,m_705,0,app_2441,started,800,800,3.13
c_105,m_705,11839,app_2441,started,800,800,3.13
c_105,m_705,107097,app_2441,started,800,800,3.13
c_105,m_705,176403,app_2441,started,800,800,3.13
c_105,m_705,209561,app_2441,started,800,800,3.13
c_105,m_705,258865,app_2441,started,800,800,3.13
c_105,m_705,342205,app_2441,started,800,800,3.13
c_105,m_705,641569,app_2441,started,800,800,3.13
c_106,m_1346,0,app_4450,started,400,400,1.56
c_106,m_1346,25060,app_4450,started,400,400,1.56
c_106,m_1346,77004,app_4450,started,400,400,1.56
c_106,m_1346,80135,app_4450,started,400,400,1.56
c_106,m_1346,119947,app_4450,started,400,400,1.56
c_106,m_1346,212395,app_4450,started,400,400,1.56
c_106,m_1346,259529,app_4450,started,400,400,1.56
c_106,m_1346,367898,app_4450,started,400,400,1.56
c_107,m_3677,0,app_6686,started,400,400,1.56
c_107,m_3677,13669,app_6686,started,400,400,1.56
c_107,m_3677,109002,app_6686,started,400,400,1.56
c_107,m_3677,251375,app_6686,started,400,400,1.56
c_107,m_3677,323193,app_6686,started,400,400,1.56
c_108,m_2014,0,app_7037,started,400,400,1.56
c_108,m_2014,212340,app_7037,started,400,400,1.56
c_108,m_2014,212546,app_7037,started,400,400,1.56
c_108,m_2014,259424,app_7037,started,400,400,1.56
c_108,m_2014,385037,app_7037,started,400,400,1.56
c_109,m_1596,0,app_8775,started,400,400,1.56
c_109,m_1596,8968,app_8775,started,400,400,1.56
c_109,m_1596,104040,app_8775,started,400,400,1.56
c_109,m_1596,173455,app_8775,started,400,400,1.56
c_109,m_1596,206588,app_8775,started,400,400,1.56
c_109,m_1596,255952,app_8775,started,400,400,1.56
c_109,m_1596,415652,app_8775,started,400,400,1.56
c_110,m_3598,0,app_7048,started,400,400,1.56
c_110,m_3598,33861,app_7048,started,400,400,1.56
c_110,m_3598,281407,app_7048,started,400,400,1.56
c_110,m_3598,408285,app_7048,started,400,400,1.56
c_111,m_1969,0,app_5017,started,400,400,1.56
c_111,m_1969,23890,app_5017,started,400,400,1.56
c_111,m_1969,119246,app_5017,started,400,400,1.56
c_111,m_1969,271120,app_5017,started,400,400,1.56
c_111,m_1969,431898,app_5017,started,400,400,1.56
c_112,m_1728,0,app_3488,started,400,400,1.56
c_112,m_1728,17799,app_3488,started,400,400,1.56
c_112,m_1728,113320,app_3488,started,400,400,1.56
c_112,m_1728,264928,app_3488,started,400,400,1.56
c_112,m_1728,388546,app_3488,started,400,400,1.56
c_113,m_1464,0,app_9410,started,400,400,1.56
c_113,m_1464,13892,app_9410,started,400,400,1.56
c_113,m_1464,109233,app_9410,started,400,400,1.56
c_113,m_1464,261027,app_9410,started,400,400,1.56
c_113,m_1464,384995,app_9410,started,400,400,1.56
c_114,m_2404,0,app_746,started,1600,1600,6.25
c_114,m_2404,7574,app_746,started,1600,1600,6.25
c_114,m_2404,102559,app_746,started,1600,1600,6.25
c_114,m_2404,171986,app_746,started,1600,1600,6.25
c_114,m_2404,205136,app_746,started,1600,1600,6.25
c_114,m_2404,254494,app_746,started,1600,1600,6.25
c_114,m_2404,376513,app_746,started,1600,1600,6.25
c_115,m_131,0,app_7414,started,800,800,3.13
c_115,m_131,8447,app_7414,started,800,800,3.13
c_115,m_131,103491,app_7414,started,800,800,3.13
c_115,m_131,143956,app_7414,started,800,800,3.13
c_115,m_131,172890,app_7414,started,800,800,3.13
c_115,m_131,206047,app_7414,started,800,800,3.13
c_115,m_131,255397,app_7414,started,800,800,3.13
c_116,m_2572,0,app_2213,started,400,400,1.56
c_116,m_2572,22757,app_2213,started,400,400,1.56
c_116,m_2572,117927,app_2213,started,400,400,1.56
c_116,m_2572,269961,app_2213,started,400,400,1.56
c_116,m_2572,394776,app_2213,started,400,400,1.56
c_117,m_488,0,app_3680,started,400,400,1.56
c_117,m_488,290014,app_3680,started,400,400,1.56
c_117,m_488,385590,app_3680,started,400,400,1.56
c_118,m_1094,0,app_1225,started,400,400,1.56
c_118,m_1094,13885,app_1225,started,400,400,1.56
c_118,m_1094,108419,app_1225,started,400,400,1.56
c_118,m_1094,177089,app_1225,started,400,400,1.56
c_118,m_1094,210704,app_1225,started,400,400,1.56
c_118,m_1094,261814,app_1225,started,400,400,1.56
c_118,m_1094,338294,app_1225,started,400,400,1.56
c_119,m_265,0,app_2791,started,400,400,1.56
c_119,m_265,25066,app_2791,started,400,400,1.56
c_119,m_265,121055,app_2791,started,400,400,1.56
c_119,m_265,272287,app_2791,started,400,400,1.56
c_119,m_265,399586,app_2791,started,400,400,1.56
c_120,m_267,0,app_4870,started,400,400,1.56
c_120,m_267,12588,app_4870,started,400,400,1.56
c_120,m_267,107877,app_4870,started,400,400,1.56
c_120,m_267,177162,app_4870,started,400,400,1.56
c_120,m_267,210329,app_4870,started,400,400,1.56
c_120,m_267,259701,app_4870,started,400,400,1.56
c_120,m_267,382888,app_4870,started,400,400,1.56
c_121,m_2570,0,app_2299,started,400,400,1.56
c_121,m_2570,27835,app_2299,started,400,400,1.56
c_121,m_2570,122865,app_2299,started,400,400,1.56
c_121,m_2570,276289,app_2299,started,400,400,1.56
c_121,m_2570,371082,app_2299,started,400,400,1.56
c_122,m_1988,0,app_3128,started,800,800,3.13
c_122,m_1988,15419,app_3128,started,800,800,3.13
c_122,m_1988,109918,app_3128,started,800,800,3.13
c_122,m_1988,263281,app_3128,started,800,800,3.13
c_122,m_1988,354753,app_3128,started,800,800,3.13
c_122,m_1988,643579,app_3128,started,800,800,3.13
c_123,m_3347,0,app_8011,started,400,400,1.56
c_123,m_3347,13312,app_8011,started,400,400,1.56
c_123,m_3347,108626,app_8011,started,400,400,1.56
c_123,m_3347,177910,app_8011,started,400,400,1.56
c_123,m_3347,260436,app_8011,started,400,400,1.56
c_123,m_3347,384165,app_8011,started,400,400,1.56
c_124,m_2342,0,app_1566,started,400,400,1.56
c_124,m_2342,26775,app_1566,started,400,400,1.56
c_124,m_2342,121720,app_1566,started,400,400,1.56
c_124,m_2342,236067,app_1566,started,400,400,1.56
c_124,m_2342,369860,app_1566,started,400,400,1.56
c_125,m_1798,0,app_1588,started,800,800,3.13
c_125,m_1798,34245,app_1588,started,800,800,3.13
c_125,m_1798,240203,app_1588,started,800,800,3.13
c_125,m_1798,447821,app_1588,started,800,800,3.13
c_126,m_3447,0,app_2617,started,800,800,3.13
c_126,m_3447,13933,app_2617,started,800,800,3.13
c_126,m_3447,108468,app_2617,started,800,800,3.13
c_126,m_3447,177144,app_2617,started,800,800,3.13
c_126,m_3447,210749,app_2617,started,800,800,3.13
c_126,m_3447,245215,app_2617,started,800,800,3.13
c_126,m_3447,352446,app_2617,started,800,800,3.13
c_127,m_3626,0,app_5542,started,400,400,1.56
c_127,m_3626,25237,app_5542,started,400,400,1.56
c_127,m_3626,120128,app_5542,started,400,400,1.56
c_127,m_3626,273517,app_5542,started,400,400,1.56
c_127,m_3626,368082,app_5542,started,400,400,1.56
c_128,m_202,0,app_9617,started,800,800,1.56
c_128,m_202,7407,app_9617,started,800,800,1.56
c_128,m_202,102387,app_9617,started,800,800,1.56
c_128,m_202,171811,app_9617,started,800,800,1.56
c_128,m_202,204941,app_9617,started,800,800,1.56
c_128,m_202,254312,app_9617,started,800,800,1.56
c_128,m_202,337158,app_9617,started,800,800,1.56
c_129,m_2368,0,app_1596,started,400,480,1.56
c_129,m_2368,286932,app_1596,started,400,480,1.56
c_130,m_1348,374897,app_1127,started,400,400,1.56
c_131,m_3789,0,app_1178,started,400,400,1.56
c_131,m_3789,15814,app_1178,started,400,400,1.56
c_131,m_3789,110317,app_1178,started,400,400,1.56
c_131,m_3789,263691,app_1178,started,400,400,1.56
c_131,m_3789,355165,app_1178,started,400,400,1.56
c_132,m_504,0,app_6676,started,400,400,1.56
c_132,m_504,33053,app_6676,started,400,400,1.56
c_132,m_504,125927,app_6676,started,400,400,1.56
c_132,m_504,130172,app_6676,started,400,400,1.56
c_132,m_504,280575,app_6676,started,400,400,1.56
c_132,m_504,330756,app_6676,started,400,400,1.56
c_133,m_230,0,app_5501,started,400,400,1.56
c_133,m_230,290879,app_5501,started,400,400,1.56
c_133,m_230,386485,app_5501,started,400,400,1.56
c_134,m_3124,0,app_3557,started,400,400,1.56
c_134,m_3124,9947,app_3557,started,400,400,1.56
c_134,m_3124,105081,app_3557,started,400,400,1.56
c_134,m_3124,174459,app_3557,started,400,400,1.56
c_134,m_3124,207590,app_3557,started,400,400,1.56
c_134,m_3124,256953,app_3557,started,400,400,1.56
c_134,m_3124,379102,app_3557,started,400,400,1.56
c_135,m_450,0,app_7113,started,800,800,1.56
c_135,m_450,11730,app_7113,started,800,800,1.56
c_135,m_450,106981,app_7113,started,800,800,1.56
c_135,m_450,176282,app_7113,started,800,800,1.56
c_135,m_450,209447,app_7113,started,800,800,1.56
c_135,m_450,258754,app_7113,started,800,800,1.56
c_135,m_450,418028,app_7113,started,800,800,1.56
c_135,m_450,641416,app_7113,started,800,800,1.56
c_136,m_2270,0,app_10,started,800,800,3.13
c_136,m_2270,22070,app_10,started,800,800,3.13
c_136,m_2270,116854,app_10,started,800,800,3.13
c_136,m_2270,270255,app_10,started,800,800,3.13
c_136,m_2270,364318,app_10,started,800,800,3.13
c_137,m_1322,0,app_5732,started,800,800,3.13
c_137,m_1322,32541,app_5732,started,800,800,3.13
c_137,m_1322,129130,app_5732,started,800,800,3.13
c_137,m_1322,280056,app_5732,started,800,800,3.13
c_137,m_1322,445172,app_5732,started,800,800,3.13
c_138,m_3319,0,app_7709,started,400,400,1.56
c_138,m_3319,22318,app_7709,started,400,400,1.56
c_138,m_3319,117474,app_7709,started,400,400,1.56
c_138,m_3319,212333,app_7709,started,400,400,1.56
c_138,m_3319,212537,app_7709,started,400,400,1.56
c_138,m_3319,259425,app_7709,started,400,400,1.56
c_138,m_3319,394367,app_7709,started,400,400,1.56
c_139,m_2338,0,app_3073,started,400,400,1.56
c_139,m_2338,27091,app_3073,started,400,400,1.56
c_139,m_2338,125917,app_3073,started,400,400,1.56
c_139,m_2338,129516,app_3073,started,400,400,1.56
c_139,m_2338,130198,app_3073,started,400,400,1.56
c_139,m_2338,165348,app_3073,started,400,400,1.56
c_139,m_2338,274415,app_3073,started,400,400,1.56
c_139,m_2338,436240,app_3073,started,400,400,1.56
c_140,m_3333,221078,app_8798,started,400,400,1.56
c_140,m_3333,270673,app_8798,started,400,400,1.56
c_140,m_3333,364770,app_8798,started,400,400,1.56
c_141,m_2759,0,app_1614,started,800,800,3.13
c_141,m_2759,35014,app_1614,started,800,800,3.13
c_141,m_2759,282638,app_1614,started,800,800,3.13
c_141,m_2759,409448,app_1614,started,800,800,3.13
c_142,m_1400,0,app_7908,started,400,400,1.56
c_142,m_1400,11271,app_7908,started,400,400,1.56
c_142,m_1400,105750,app_7908,started,400,400,1.56
c_142,m_1400,174638,app_7908,started,400,400,1.56
c_142,m_1400,208773,app_7908,started,400,400,1.56
c_142,m_1400,259102,app_7908,started,400,400,1.56
c_142,m_1400,323183,app_7908,started,400,400,1.56
c_143,m_734,0,app_6763,started,400,400,1.56
c_143,m_734,9119,app_6763,started,400,400,1.56
c_143,m_734,104188,app_6763,started,400,400,1.56
c_143,m_734,173601,app_6763,started,400,400,1.56
c_143,m_734,206733,app_6763,started,400,400,1.56
c_143,m_734,256092,app_6763,started,400,400,1.56
c_144,m_2058,0,app_961,started,400,400,1.56
c_144,m_2058,35378,app_961,started,400,400,1.56
c_144,m_2058,283024,app_961,started,400,400,1.56
c_144,m_2058,449437,app_961,started,400,400,1.56
c_145,m_2114,0,app_9176,started,400,400,1.56
c_145,m_2114,287491,app_9176,started,400,400,1.56
c_145,m_2114,382830,app_9176,started,400,400,1.56
c_146,m_1415,0,app_5757,started,400,400,1.56
c_146,m_1415,32258,app_5757,started,400,400,1.56
c_146,m_1415,128823,app_5757,started,400,400,1.56
c_146,m_1415,158066,app_5757,started,400,400,1.56
c_146,m_1415,279767,app_5757,started,400,400,1.56
c_146,m_1415,337240,app_5757,started,400,400,1.56
c_147,m_1501,162906,app_5805,started,800,800,6.25
c_147,m_1501,281525,app_5805,started,800,800,6.25
c_147,m_1501,321941,app_5805,started,800,800,6.25
c_147,m_1501,376558,app_5805,started,800,800,6.25
c_148,m_2591,0,app_5159,started,400,400,1.56
c_148,m_2591,288391,app_5159,started,400,400,1.56
c_148,m_2591,383830,app_5159,started,400,400,1.56
c_149,m_1629,0,app_3590,started,400,400,1.95
c_149,m_1629,16752,app_3590,started,400,400,1.95
c_149,m_1629,111286,app_3590,started,400,400,1.95
c_149,m_1629,264617,app_3590,started,400,400,1.95
c_149,m_1629,356135,app_3590,started,400,400,1.95
c_150,m_429,0,app_4334,started,400,480,1.56
c_150,m_429,290975,app_4334,started,400,480,1.56
c_151,m_3390,0,app_2023,started,800,800,6.25
c_151,m_3390,13737,app_2023,started,800,800,6.25
c_151,m_3390,109078,app_2023,started,800,800,6.25
c_151,m_3390,260878,app_2023,started,800,800,6.25
c_151,m_3390,340005,app_2023,started,800,800,6.25
c_152,m_3032,0,app_5789,started,400,400,1.56
c_152,m_3032,31870,app_5789,started,400,400,1.56
c_152,m_3032,128390,app_5789,started,400,400,1.56
c_152,m_3032,279359,app_5789,started,400,400,1.56
c_152,m_3032,340534,app_5789,started,400,400,1.56
c_153,m_117,0,app_5372,started,400,400,1.56
c_153,m_117,26879,app_5372,started,400,400,1.56
c_153,m_117,121837,app_5372,started,400,400,1.56
c_153,m_117,221816,app_5372,started,400,400,1.56
c_153,m_117,275296,app_5372,started,400,400,1.56
c_153,m_117,369980,app_5372,started,400,400,1.56
c_154,m_2345,0,app_9419,started,400,400,1.56
c_154,m_2345,35063,app_9419,started,400,400,1.56
c_154,m_2345,250824,app_9419,started,400,400,1.56
c_154,m_2345,322885,app_9419,started,400,400,1.56
c_155,m_343,0,app_5936,started,400,400,1.56
c_155,m_343,28379,app_5936,started,400,400,1.56
c_155,m_343,124635,app_5936,started,400,400,1.56
c_155,m_343,275715,app_5936,started,400,400,1.56
c_155,m_343,347345,app_5936,started,400,400,1.56
c_155,m_343,587650,app_5936,started,400,400,1.56
c_156,m_3560,0,app_5017,started,400,400,1.56
c_156,m_3560,284571,app_5017,started,400,400,1.56
c_156,m_3560,451136,app_5017,started,400,400,1.56
c_157,m_3687,0,app_7766,started,400,400,1.56
c_157,m_3687,33327,app_7766,started,400,400,1.56
c_157,m_3687,129966,app_7766,started,400,400,1.56
c_157,m_3687,280844,app_7766,started,400,400,1.56
c_157,m_3687,446190,app_7766,started,400,400,1.56
c_158,m_2235,0,app_7325,started,400,400,1.56
c_158,m_2235,34963,app_7325,started,400,400,1.56
c_158,m_2235,282584,app_7325,started,400,400,1.56
c_158,m_2235,448690,app_7325,started,400,400,1.56
c_159,m_2358,0,app_2874,started,400,400,1.56
c_159,m_2358,285124,app_2874,started,400,400,1.56
c_159,m_2358,412786,app_2874,started,400,400,1.56
c_160,m_794,0,app_7761,started,400,400,1.56
c_160,m_794,29728,app_7761,started,400,400,1.56
c_160,m_794,124905,app_7761,started,400,400,1.56
c_160,m_794,226815,app_7761,started,400,400,1.56
c_160,m_794,278331,app_7761,started,400,400,1.56
c_160,m_794,316639,app_7761,started,400,400,1.56
c_161,m_1805,0,app_6593,started,400,400,1.56
c_161,m_1805,34572,app_6593,started,400,400,1.56
c_161,m_1805,283688,app_6593,started,400,400,1.56
c_161,m_1805,378805,app_6593,started,400,400,1.56
c_162,m_557,0,app_1866,started,400,400,1.56
c_162,m_557,25497,app_1866,started,400,400,1.56
c_162,m_557,120396,app_1866,started,400,400,1.56
c_162,m_557,273840,app_1866,started,400,400,1.56
c_162,m_557,368364,app_1866,started,400,400,1.56
c_163,m_3028,0,app_2968,started,400,400,1.56
c_163,m_3028,7141,app_2968,started,400,400,1.56
c_163,m_3028,102112,app_2968,started,400,400,1.56
c_163,m_3028,171535,app_2968,started,400,400,1.56
c_163,m_3028,204658,app_2968,started,400,400,1.56
c_163,m_3028,254040,app_2968,started,400,400,1.56
c_163,m_3028,376095,app_2968,started,400,400,1.56
c_164,m_2769,212362,app_1230,started,800,800,3.13
c_165,m_1786,0,app_3499,stopped,1600,1600,6.25
c_165,m_1786,10360,app_3499,stopped,1600,1600,6.25
c_165,m_1786,104812,app_3499,stopped,1600,1600,6.25
c_165,m_1786,125916,app_3499,stopped,1600,1600,6.25
c_165,m_1786,130182,app_3499,stopped,1600,1600,6.25
c_165,m_1786,162874,app_3499,stopped,1600,1600,6.25
c_165,m_1786,173744,app_3499,stopped,1600,1600,6.25
c_165,m_1786,207268,app_3499,stopped,1600,1600,6.25
c_165,m_1786,229041,app_3499,stopped,1600,1600,6.25
c_165,m_1786,309105,app_3499,stopped,1600,1600,6.25
c_165,m_1786,313350,app_3499,stopped,1600,1600,6.25
c_166,m_3736,0,app_5066,started,400,400,1.56
c_166,m_3736,28078,app_5066,started,400,400,1.56
c_166,m_3736,124305,app_5066,started,400,400,1.56
c_166,m_3736,275418,app_5066,started,400,400,1.56
c_166,m_3736,402707,app_5066,started,400,400,1.56
c_166,m_3736,552863,app_5066,started,400,400,1.56
c_167,m_93,0,app_2089,started,400,400,1.56
c_167,m_93,33734,app_2089,started,400,400,1.56
c_167,m_93,130399,app_2089,started,400,400,1.56
c_167,m_93,281281,app_2089,started,400,400,1.56
c_167,m_93,347356,app_2089,started,400,400,1.56
c_168,m_3786,0,app_1613,started,400,400,1.56
c_168,m_3786,290653,app_1613,started,400,400,1.56
c_168,m_3786,386258,app_1613,started,400,400,1.56
c_169,m_2428,0,app_2290,started,400,400,1.56
c_169,m_2428,12723,app_2290,started,400,400,1.56
c_169,m_2428,108015,app_2290,started,400,400,1.56
c_169,m_2428,177297,app_2290,started,400,400,1.56
c_169,m_2428,210462,app_2290,started,400,400,1.56
c_169,m_2428,259838,app_2290,started,400,400,1.56
c_169,m_2428,383093,app_2290,started,400,400,1.56
c_170,m_981,0,app_3924,started,400,400,1.56
c_170,m_981,12518,app_3924,started,400,400,1.56
c_170,m_981,106993,app_3924,started,400,400,1.56
c_170,m_981,175788,app_3924,started,400,400,1.56
c_170,m_981,209404,app_3924,started,400,400,1.56
c_170,m_981,260433,app_3924,started,400,400,1.56
c_170,m_981,350817,app_3924,started,400,400,1.56
c_171,m_776,0,app_6229,started,400,480,1.56
c_171,m_776,22787,app_6229,started,400,480,1.56
c_171,m_776,117957,app_6229,started,400,480,1.56
c_171,m_776,269991,app_6229,started,400,480,1.56
c_172,m_2982,125864,app_3120,started,400,400,1.56
c_172,m_2982,126151,app_3120,started,400,400,1.56
c_173,m_2932,164020,app_3275,started,1600,1600,11.72
c_173,m_2932,228085,app_3275,started,1600,1600,11.72
c_173,m_2932,317359,app_3275,started,1600,1600,11.72
c_174,m_3733,0,app_3238,started,400,400,1.56
c_174,m_3733,12106,app_3238,started,400,400,1.56
c_174,m_3733,107375,app_3238,started,400,400,1.56
c_174,m_3733,176672,app_3238,started,400,400,1.56
c_174,m_3733,209830,app_3238,started,400,400,1.56
c_174,m_3733,259140,app_3238,started,400,400,1.56
c_174,m_3733,418750,app_3238,started,400,400,1.56
c_175,m_3873,0,app_3621,started,400,400,1.56
c_175,m_3873,21926,app_3621,started,400,400,1.56
c_175,m_3873,116702,app_3621,started,400,400,1.56
c_175,m_3873,270103,app_3621,started,400,400,1.56
c_175,m_3873,364153,app_3621,started,400,400,1.56
c_176,m_1443,0,app_1254,started,800,800,3.13
c_176,m_1443,19696,app_1254,started,800,800,3.13
c_176,m_1443,115353,app_1254,started,800,800,3.13
c_176,m_1443,266908,app_1254,started,800,800,3.13
c_176,m_1443,428874,app_1254,started,800,800,3.13
c_177,m_1903,0,app_3287,started,200,200,1.56
c_177,m_1903,34329,app_3287,started,200,200,1.56
c_177,m_1903,281908,app_3287,started,200,200,1.56
c_177,m_1903,447975,app_3287,started,200,200,1.56
c_178,m_1908,0,app_17,started,400,400,1.56
c_178,m_1908,13430,app_17,started,400,400,1.56
c_178,m_1908,108748,app_17,started,400,400,1.56
c_178,m_1908,260561,app_17,started,400,400,1.56
c_178,m_1908,384353,app_17,started,400,400,1.56
c_179,m_1978,0,app_7392,started,400,400,1.56
c_180,m_2337,0,app_6672,started,400,400,1.56
c_180,m_2337,14987,app_6672,started,400,400,1.56
c_180,m_2337,109491,app_6672,started,400,400,1.56
c_180,m_2337,245294,app_6672,started,400,400,1.56
c_180,m_2337,353889,app_6672,started,400,400,1.56
c_181,m_1885,0,app_4730,started,400,400,1.56
c_181,m_1885,32661,app_4730,started,400,400,1.56
c_181,m_1885,77012,app_4730,started,400,400,1.56
c_181,m_1885,82450,app_4730,started,400,400,1.56
c_181,m_1885,127999,app_4730,started,400,400,1.56
c_181,m_1885,281669,app_4730,started,400,400,1.56
c_181,m_1885,376713,app_4730,started,400,400,1.56
c_182,m_1871,0,app_3632,started,400,400,1.56
c_182,m_1871,33995,app_3632,started,400,400,1.56
c_182,m_1871,62033,app_3632,started,400,400,1.56
c_182,m_1871,129390,app_3632,started,400,400,1.56
c_182,m_1871,283087,app_3632,started,400,400,1.56
c_182,m_1871,378203,app_3632,started,400,400,1.56
c_183,m_678,0,app_234,started,400,400,1.56
c_183,m_678,9376,app_234,started,400,400,1.56
c_183,m_678,104452,app_234,started,400,400,1.56
c_183,m_678,173861,app_234,started,400,400,1.56
c_183,m_678,206990,app_234,started,400,400,1.56
c_183,m_678,221818,app_234,started,400,400,1.56
c_183,m_678,256348,app_234,started,400,400,1.56
c_183,m_678,416266,app_234,started,400,400,1.56
c_184,m_1879,0,app_3548,started,800,800,3.13
c_184,m_1879,30188,app_3548,started,800,800,3.13
c_184,m_1879,125374,app_3548,started,800,800,3.13
c_184,m_1879,278814,app_3548,started,800,800,3.13
c_184,m_1879,373966,app_3548,started,800,800,3.13
c_185,m_411,0,app_7788,started,400,400,1.56
c_185,m_411,12564,app_7788,started,400,400,1.56
c_185,m_411,107038,app_7788,started,400,400,1.56
c_185,m_411,175833,app_7788,started,400,400,1.56
c_185,m_411,209447,app_7788,started,400,400,1.56
c_185,m_411,260477,app_7788,started,400,400,1.56
c_185,m_411,350862,app_7788,started,400,400,1.56
c_186,m_3218,0,app_8056,started,800,800,3.13
c_186,m_3218,27239,app_8056,started,800,800,3.13
c_186,m_3218,123403,app_8056,started,800,800,3.13
c_186,m_3218,274571,app_8056,started,800,800,3.13
c_186,m_3218,338915,app_8056,started,800,800,3.13
c_187,m_2622,0,app_8704,started,400,400,1.56
c_187,m_2622,8943,app_8704,started,400,400,1.56
c_187,m_2622,104013,app_8704,started,400,400,1.56
c_187,m_2622,173428,app_8704,started,400,400,1.56
c_187,m_2622,206554,app_8704,started,400,400,1.56
c_187,m_2622,255926,app_8704,started,400,400,1.56
c_187,m_2622,415612,app_8704,started,400,400,1.56
c_188,m_1977,0,app_3634,started,400,480,1.56
c_188,m_1977,19729,app_3634,started,400,480,1.56
c_188,m_1977,42680,app_3634,started,400,480,1.56
c_188,m_1977,115386,app_3634,started,400,480,1.56
c_188,m_1977,266943,app_3634,started,400,480,1.56
c_189,m_3647,0,app_141,started,800,800,3.13
c_189,m_3647,33671,app_141,started,800,800,3.13
c_189,m_3647,130332,app_141,started,800,800,3.13
c_189,m_3647,281219,app_141,started,800,800,3.13
c_189,m_3647,347390,app_141,started,800,800,3.13
c_190,m_4003,0,app_6525,started,800,800,3.13
c_190,m_4003,9799,app_6525,started,800,800,3.13
c_190,m_4003,104210,app_6525,started,800,800,3.13
c_190,m_4003,173188,app_6525,started,800,800,3.13
c_190,m_4003,206711,app_6525,started,800,800,3.13
c_190,m_4003,254300,app_6525,started,800,800,3.13
c_190,m_4003,347847,app_6525,started,800,800,3.13
c_191,m_831,0,app_5942,started,400,400,1.56
c_191,m_831,15379,app_5942,started,400,400,1.56
c_191,m_831,49299,app_5942,started,400,400,1.56
c_191,m_831,109878,app_5942,started,400,400,1.56
c_191,m_831,263245,app_5942,started,400,400,1.56
c_191,m_831,354685,app_5942,started,400,400,1.56
c_191,m_831,643531,app_5942,started,400,400,1.56
c_192,m_44,0,app_4281,started,400,480,1.56
c_192,m_44,20702,app_4281,started,400,480,1.56
c_192,m_44,116093,app_4281,started,400,480,1.56
c_192,m_44,269487,app_4281,started,400,480,1.56
c_193,m_1663,0,app_7235,started,400,400,1.56
c_193,m_1663,14240,app_7235,started,400,400,1.56
c_193,m_1663,44441,app_7235,started,400,400,1.56
c_193,m_1663,102793,app_7235,started,400,400,1.56
c_193,m_1663,109596,app_7235,started,400,400,1.56
c_193,m_1663,114026,app_7235,started,400,400,1.56
c_193,m_1663,261377,app_7235,started,400,400,1.56
c_193,m_1663,385343,app_7235,started,400,400,1.56
c_193,m_1663,589075,app_7235,started,400,400,1.56
c_194,m_3908,0,app_4815,started,400,400,1.56
c_194,m_3908,9952,app_4815,started,400,400,1.56
c_194,m_3908,105086,app_4815,started,400,400,1.56
c_194,m_3908,125931,app_4815,started,400,400,1.56
c_194,m_3908,130192,app_4815,started,400,400,1.56
c_194,m_3908,162862,app_4815,started,400,400,1.56
c_194,m_3908,174464,app_4815,started,400,400,1.56
c_194,m_3908,207595,app_4815,started,400,400,1.56
c_194,m_3908,256958,app_4815,started,400,400,1.56
c_194,m_3908,379107,app_4815,started,400,400,1.56
c_195,m_515,0,app_7475,started,400,400,1.56
c_195,m_515,13759,app_7475,started,400,400,1.56
c_195,m_515,108274,app_7475,started,400,400,1.56
c_195,m_515,176967,app_7475,started,400,400,1.56
c_195,m_515,210574,app_7475,started,400,400,1.56
c_195,m_515,261672,app_7475,started,400,400,1.56
c_195,m_515,352257,app_7475,started,400,400,1.56
c_195,m_515,641515,app_7475,started,400,400,1.56
c_196,m_249,0,app_8056,started,800,960,3.13
c_196,m_249,285218,app_8056,started,800,960,3.13
c_197,m_1201,0,app_5744,started,400,400,1.56
c_197,m_1201,25123,app_5744,started,400,400,1.56
c_197,m_1201,120011,app_5744,started,400,400,1.56
c_197,m_1201,273400,app_5744,started,400,400,1.56
c_197,m_1201,367963,app_5744,started,400,400,1.56
c_198,m_1504,0,app_6320,started,400,400,1.56
c_198,m_1504,33878,app_6320,started,400,400,1.56
c_198,m_1504,129272,app_6320,started,400,400,1.56
c_198,m_1504,282970,app_6320,started,400,400,1.56
c_198,m_1504,378078,app_6320,started,400,400,1.56
c_199,m_3338,0,app_498,started,400,400,1.56
c_199,m_3338,15632,app_498,started,400,400,1.56
c_199,m_3338,50427,app_498,started,400,400,1.56
c_199,m_3338,51900,app_498,started,400,400,1.56
c_199,m_3338,110134,app_498,started,400,400,1.56
c_199,m_3338,263508,app_498,started,400,400,1.56
c_199,m_3338,354974,app_498,started,400,400,1.56
c_199,m_3338,447740,app_498,started,400,400,1.56
c_199,m_3338,593659,app_498,started,400,400,1.56
c_200,m_2432,125869,app_7316,started,400,400,1.56
c_201,m_2690,0,app_8274,started,800,800,3.13
c_201,m_2690,33667,app_8274,started,800,800,3.13
c_201,m_2690,130328,app_8274,started,800,800,3.13
c_201,m_2690,281215,app_8274,started,800,800,3.13
c_201,m_2690,347351,app_8274,started,800,800,3.13
c_202,m_2062,0,app_5805,started,800,800,6.25
c_202,m_2062,11325,app_5805,started,800,800,6.25
c_202,m_2062,105805,app_5805,started,800,800,6.25
c_202,m_2062,144018,app_5805,started,800,800,6.25
c_202,m_2062,144353,app_5805,started,800,800,6.25
c_202,m_2062,174690,app_5805,started,800,800,6.25
c_202,m_2062,208234,app_5805,started,800,800,6.25
c_202,m_2062,259158,app_5805,started,800,800,6.25
c_202,m_2062,342185,app_5805,started,800,800,6.25
c_203,m_2954,0,app_1421,started,400,400,1.56
c_203,m_2954,13212,app_1421,started,400,400,1.56
c_203,m_2954,108519,app_1421,started,400,400,1.56
c_203,m_2954,177803,app_1421,started,400,400,1.56
c_203,m_2954,260334,app_1421,started,400,400,1.56
c_203,m_2954,383941,app_1421,started,400,400,1.56
c_204,m_889,0,app_2838,started,400,400,1.56
c_204,m_889,25460,app_2838,started,400,400,1.56
c_204,m_889,120358,app_2838,started,400,400,1.56
c_204,m_889,273764,app_2838,started,400,400,1.56
c_204,m_889,368324,app_2838,started,400,400,1.56
c_205,m_872,0,app_9656,started,400,400,1.56
c_205,m_872,20014,app_9656,started,400,400,1.56
c_205,m_872,115391,app_9656,started,400,400,1.56
c_205,m_872,268009,app_9656,started,400,400,1.56
c_205,m_872,337633,app_9656,started,400,400,1.56
c_206,m_1300,0,app_6312,started,400,400,1.56
c_206,m_1300,35285,app_6312,started,400,400,1.56
c_206,m_1300,284445,app_6312,started,400,400,1.56
c_206,m_1300,379588,app_6312,started,400,400,1.56
c_207,m_2181,0,app_3979,started,800,800,3.13
c_207,m_2181,288968,app_3979,started,800,800,3.13
c_208,m_2124,0,app_8980,started,400,400,1.56
c_208,m_2124,9312,app_8980,started,400,400,1.56
c_208,m_2124,49251,app_8980,started,400,400,1.56
c_208,m_2124,104381,app_8980,started,400,400,1.56
c_208,m_2124,173797,app_8980,started,400,400,1.56
c_208,m_2124,206922,app_8980,started,400,400,1.56
c_208,m_2124,256281,app_8980,started,400,400,1.56
c_208,m_2124,416128,app_8980,started,400,400,1.56
c_209,m_2968,0,app_8329,started,400,400,1.56
c_209,m_2968,29365,app_8329,started,400,400,1.56
c_209,m_2968,125692,app_8329,started,400,400,1.56
c_209,m_2968,276768,app_8329,started,400,400,1.56
c_209,m_2968,404562,app_8329,started,400,400,1.56
c_210,m_1309,0,app_498,started,400,400,1.56
c_210,m_1309,11807,app_498,started,400,400,1.56
c_210,m_1309,106293,app_498,started,400,400,1.56
c_210,m_1309,175147,app_498,started,400,400,1.56
c_210,m_1309,208748,app_498,started,400,400,1.56
c_210,m_1309,259742,app_498,started,400,400,1.56
c_210,m_1309,350049,app_498,started,400,400,1.56
c_210,m_1309,437512,app_498,started,400,400,1.56
c_210,m_1309,638597,app_498,started,400,400,1.56
c_211,m_427,0,app_171,started,400,400,1.56
c_211,m_427,34834,app_171,started,400,400,1.56
c_211,m_427,283974,app_171,started,400,400,1.56
c_211,m_427,379084,app_171,started,400,400,1.56
c_211,m_427,678047,app_171,started,400,400,1.56
c_212,m_1706,593365,app_498,started,400,400,1.56
c_212,m_1706,594729,app_498,started,400,400,1.56
c_213,m_380,0,app_8205,started,400,400,1.56
c_213,m_380,32998,app_8205,started,400,400,1.56
c_213,m_380,128350,app_8205,started,400,400,1.56
c_213,m_380,282034,app_8205,started,400,400,1.56
c_213,m_380,377100,app_8205,started,400,400,1.56
c_214,m_2346,0,app_5573,started,1600,1600,6.25
c_214,m_2346,13918,app_5573,started,1600,1600,6.25
c_214,m_2346,109259,app_5573,started,1600,1600,6.25
c_214,m_2346,261052,app_5573,started,1600,1600,6.25
c_214,m_2346,385052,app_5573,started,1600,1600,6.25
c_215,m_3876,0,app_8152,started,400,400,1.56
c_215,m_3876,212196,app_8152,started,400,400,1.56
c_215,m_3876,284197,app_8152,started,400,400,1.56
c_215,m_3876,450476,app_8152,started,400,400,1.56
c_216,m_1221,0,app_6765,started,400,400,1.56
c_216,m_1221,213982,app_6765,started,400,400,1.56
c_216,m_1221,286742,app_6765,started,400,400,1.56
c_216,m_1221,382027,app_6765,started,400,400,1.56
c_217,m_2610,0,app_2362,started,800,800,6.25
c_217,m_2610,34155,app_2362,started,800,800,6.25
c_217,m_2610,281720,app_2362,started,800,800,6.25
c_217,m_2610,408506,app_2362,started,800,800,6.25
c_218,m_5,0,app_4045,started,400,400,1.56
c_218,m_5,29500,app_4045,started,400,400,1.56
c_218,m_5,125847,app_4045,started,400,400,1.56
c_218,m_5,129520,app_4045,started,400,400,1.56
c_218,m_5,130208,app_4045,started,400,400,1.56
c_218,m_5,276914,app_4045,started,400,400,1.56
c_218,m_5,330670,app_4045,started,400,400,1.56
c_219,m_727,0,app_3238,started,400,400,1.56
c_219,m_727,12844,app_3238,started,400,400,1.56
c_219,m_727,107323,app_3238,started,400,400,1.56
c_219,m_727,176104,app_3238,started,400,400,1.56
c_219,m_727,209717,app_3238,started,400,400,1.56
c_219,m_727,260771,app_3238,started,400,400,1.56
c_219,m_727,351173,app_3238,started,400,400,1.56
c_219,m_727,570826,app_3238,started,400,400,1.56
c_220,m_609,0,app_9184,started,400,400,1.56
c_220,m_609,9433,app_9184,started,400,400,1.56
c_220,m_609,104524,app_9184,started,400,400,1.56
c_220,m_609,173921,app_9184,started,400,400,1.56
c_220,m_609,207050,app_9184,started,400,400,1.56
c_220,m_609,256406,app_9184,started,400,400,1.56
c_220,m_609,416321,app_9184,started,400,400,1.56
c_221,m_1205,342049,app_1825,started,800,800,6.25
c_221,m_1205,342462,app_1825,started,800,800,6.25
c_222,m_1044,0,app_5530,started,400,400,1.56
c_222,m_1044,23413,app_5530,started,400,400,1.56
c_222,m_1044,118640,app_5530,started,400,400,1.56
c_222,m_1044,270615,app_5530,started,400,400,1.56
c_222,m_1044,431549,app_5530,started,400,400,1.56
c_223,m_942,0,app_2014,started,400,400,1.56
c_223,m_942,286218,app_2014,started,400,400,1.56
c_223,m_942,381491,app_2014,started,400,400,1.56
c_224,m_1958,0,app_5531,started,400,400,1.95
c_224,m_1958,287036,app_5531,started,400,400,1.95
c_224,m_1958,382322,app_5531,started,400,400,1.95
c_225,m_1138,0,app_183,started,400,400,1.56
c_225,m_1138,290564,app_183,started,400,400,1.56
c_225,m_1138,386183,app_183,started,400,400,1.56
c_226,m_673,0,app_5545,started,400,400,1.56
c_226,m_673,15793,app_5545,started,400,400,1.56
c_226,m_673,110296,app_5545,started,400,400,1.56
c_226,m_673,263670,app_5545,started,400,400,1.56
c_226,m_673,355143,app_5545,started,400,400,1.56
c_227,m_2839,646694,app_1230,allocated,800,800,3.13
c_227,m_2839,656600,app_1230,allocated,800,800,3.13
c_227,m_2839,665997,app_1230,allocated,800,800,3.13
c_227,m_2839,668708,app_1230,allocated,800,800,3.13
c_227,m_2839,674382,app_1230,allocated,800,800,3.13
c_227,m_2839,678013,app_1230,allocated,800,800,3.13
c_228,m_507,0,app_1274,started,400,400,1.56
c_229,m_3011,0,app_1254,started,800,960,3.13
c_229,m_3011,9881,app_1254,started,800,960,3.13
c_229,m_3011,104295,app_1254,started,800,960,3.13
c_229,m_3011,173271,app_1254,started,800,960,3.13
c_229,m_3011,206796,app_1254,started,800,960,3.13
c_229,m_3011,257626,app_1254,started,800,960,3.13
c_229,m_3011,635747,app_1254,started,800,960,3.13
c_230,m_3366,0,app_8148,started,400,480,1.56
c_230,m_3366,25427,app_8148,started,400,480,1.56
c_230,m_3366,120323,app_8148,started,400,480,1.56
c_230,m_3366,273717,app_8148,started,400,480,1.56
c_231,m_2521,0,app_8727,started,800,800,3.13
c_231,m_2521,12827,app_8727,started,800,800,3.13
c_231,m_2521,108123,app_8727,started,800,800,3.13
c_231,m_2521,177403,app_8727,started,800,800,3.13
c_231,m_2521,210568,app_8727,started,800,800,3.13
c_231,m_2521,259947,app_8727,started,800,800,3.13
c_231,m_2521,383286,app_8727,started,800,800,3.13
c_232,m_2563,0,app_9678,started,800,800,3.13
c_232,m_2563,35444,app_9678,started,800,800,3.13
c_232,m_2563,125944,app_9678,started,800,800,3.13
c_232,m_2563,130155,app_9678,started,800,800,3.13
c_232,m_2563,158063,app_9678,started,800,800,3.13
c_232,m_2563,164767,app_9678,started,800,800,3.13
c_232,m_2563,284624,app_9678,started,800,800,3.13
c_232,m_2563,379782,app_9678,started,800,800,3.13
c_233,m_2223,0,app_8407,started,400,400,1.56
c_233,m_2223,31216,app_8407,started,400,400,1.56
c_233,m_2223,127699,app_8407,started,400,400,1.56
c_233,m_2223,278716,app_8407,started,400,400,1.56
c_234,m_2385,0,app_2557,started,400,400,1.56
c_234,m_2385,11542,app_2557,started,400,400,1.56
c_234,m_2385,106780,app_2557,started,400,400,1.56
c_234,m_2385,176088,app_2557,started,400,400,1.56
c_234,m_2385,209254,app_2557,started,400,400,1.56
c_234,m_2385,258560,app_2557,started,400,400,1.56
c_234,m_2385,382096,app_2557,started,400,400,1.56
c_234,m_2385,641164,app_2557,started,400,400,1.56
c_235,m_479,0,app_442,started,800,800,3.13
c_235,m_479,10668,app_442,started,800,800,3.13
c_235,m_479,105131,app_442,started,800,800,3.13
c_235,m_479,174048,app_442,started,800,800,3.13
c_235,m_479,207579,app_442,started,800,800,3.13
c_235,m_479,258464,app_442,started,800,800,3.13
c_235,m_479,337827,app_442,started,800,800,3.13
c_236,m_762,0,app_8116,started,400,400,1.56
c_236,m_762,10903,app_8116,started,400,400,1.56
c_236,m_762,39177,app_8116,started,400,400,1.56
c_236,m_762,105373,app_8116,started,400,400,1.56
c_236,m_762,174277,app_8116,started,400,400,1.56
c_236,m_762,207815,app_8116,started,400,400,1.56
c_236,m_762,258710,app_8116,started,400,400,1.56
c_236,m_762,349014,app_8116,started,400,400,1.56
c_236,m_762,549985,app_8116,started,400,400,1.56
c_237,m_1332,0,app_8616,started,400,400,1.56
c_237,m_1332,18113,app_8616,started,400,400,1.56
c_237,m_1332,113670,app_8616,started,400,400,1.56
c_237,m_1332,140930,app_8616,started,400,400,1.56
c_237,m_1332,265242,app_8616,started,400,400,1.56
c_237,m_1332,426659,app_8616,started,400,400,1.56
c_238,m_3932,0,app_2625,started,400,400,1.56
c_238,m_3932,13620,app_2625,started,400,400,1.56
c_238,m_3932,108132,app_2625,started,400,400,1.56
c_238,m_3932,176825,app_2625,started,400,400,1.56
c_238,m_3932,210441,app_2625,started,400,400,1.56
c_238,m_3932,261531,app_2625,started,400,400,1.56
c_238,m_3932,352104,app_2625,started,400,400,1.56
c_239,m_3408,0,app_8054,started,400,400,1.56
c_239,m_3408,31160,app_8054,started,400,400,1.56
c_239,m_3408,127644,app_8054,started,400,400,1.56
c_239,m_3408,278661,app_8054,started,400,400,1.56
c_239,m_3408,442781,app_8054,started,400,400,1.56
c_240,m_3323,0,app_141,started,800,800,3.13
c_240,m_3323,285513,app_141,started,800,800,3.13
c_240,m_3323,347401,app_141,started,800,800,3.13
c_241,m_860,0,app_6773,started,400,400,1.56
c_241,m_860,32130,app_6773,started,400,400,1.56
c_241,m_860,127431,app_6773,started,400,400,1.56
c_241,m_860,240039,app_6773,started,400,400,1.56
c_241,m_860,376099,app_6773,started,400,400,1.56
c_242,m_3616,0,app_6935,started,800,800,1.56
c_242,m_3616,27086,app_6935,started,800,800,1.56
c_242,m_3616,123237,app_6935,started,800,800,1.56
c_242,m_3616,274410,app_6935,started,800,800,1.56
c_242,m_3616,436230,app_6935,started,800,800,1.56
c_243,m_758,0,app_1596,started,400,400,1.56
c_243,m_758,13494,app_1596,started,400,400,1.56
c_243,m_758,108817,app_1596,started,400,400,1.56
c_243,m_758,260626,app_1596,started,400,400,1.56
c_243,m_758,345439,app_1596,started,400,400,1.56
c_244,m_1343,0,app_5035,started,800,800,3.13
c_244,m_1343,34277,app_5035,started,800,800,3.13
c_244,m_1343,129683,app_5035,started,800,800,3.13
c_244,m_1343,283373,app_5035,started,800,800,3.13
c_244,m_1343,378488,app_5035,started,800,800,3.13
c_245,m_1058,0,app_9281,started,400,480,1.56
c_245,m_1058,26301,app_9281,started,400,480,1.56
c_245,m_1058,121228,app_9281,started,400,480,1.56
c_245,m_1058,274686,app_9281,started,400,480,1.56
c_245,m_1058,369345,app_9281,started,400,480,1.56
c_246,m_3295,0,app_943,started,400,400,1.56
c_246,m_3295,29360,app_943,started,400,400,1.56
c_246,m_3295,125686,app_943,started,400,400,1.56
c_246,m_3295,232385,app_943,started,400,400,1.56
c_246,m_3295,404552,app_943,started,400,400,1.56
c_247,m_3241,0,app_2161,started,400,400,1.56
c_247,m_3241,28091,app_2161,started,400,400,1.56
c_247,m_3241,123140,app_2161,started,400,400,1.56
c_247,m_3241,276574,app_2161,started,400,400,1.56
c_247,m_3241,371366,app_2161,started,400,400,1.56
c_248,m_1546,0,app_7352,started,400,400,1.56
c_248,m_1546,31397,app_7352,started,400,400,1.56
c_248,m_1546,127898,app_7352,started,400,400,1.56
c_248,m_1546,278896,app_7352,started,400,400,1.56
c_248,m_1546,443177,app_7352,started,400,400,1.56
c_249,m_318,309430,app_2255,started,2400,2400,9.38
c_249,m_318,385686,app_2255,started,2400,2400,9.38
c_250,m_1987,0,app_9741,started,400,400,1.56
c_250,m_1987,27135,app_9741,started,400,400,1.56
c_250,m_1987,123289,app_9741,started,400,400,1.56
c_250,m_1987,274461,app_9741,started,400,400,1.56
c_250,m_1987,436300,app_9741,started,400,400,1.56
c_251,m_529,0,app_1596,started,400,400,1.56
c_251,m_529,33685,app_1596,started,400,400,1.56
c_251,m_529,130347,app_1596,started,400,400,1.56
c_251,m_529,281232,app_1596,started,400,400,1.56
c_251,m_529,408051,app_1596,started,400,400,1.56
c_252,m_438,0,app_1292,started,400,400,1.56
c_252,m_438,29509,app_1292,started,400,400,1.56
c_252,m_438,125847,app_1292,started,400,400,1.56
c_252,m_438,245247,app_1292,started,400,400,1.56
c_253,m_2951,0,app_7741,started,800,800,3.13
c_253,m_2951,32413,app_7741,started,800,800,3.13
c_253,m_2951,127734,app_7741,started,800,800,3.13
c_253,m_2951,148954,app_7741,started,800,800,3.13
c_253,m_2951,212362,app_7741,started,800,800,3.13
c_253,m_2951,212557,app_7741,started,800,800,3.13
c_253,m_2951,259441,app_7741,started,800,800,3.13
c_253,m_2951,376424,app_7741,started,800,800,3.13
c_254,m_2269,227551,app_5017,started,400,400,1.56
c_254,m_2269,280729,app_5017,started,400,400,1.56
c_254,m_2269,446027,app_5017,started,400,400,1.56
c_254,m_2269,658292,app_5017,started,400,400,1.56
c_255,m_2169,0,app_7681,started,400,400,1.56
c_255,m_2169,26845,app_7681,started,400,400,1.56
c_255,m_2169,122981,app_7681,started,400,400,1.56
c_255,m_2169,274167,app_7681,started,400,400,1.56
c_255,m_2169,401423,app_7681,started,400,400,1.56
c_256,m_3128,0,app_6841,started,400,400,1.56
c_256,m_3128,15674,app_6841,started,400,400,1.56
c_256,m_3128,110176,app_6841,started,400,400,1.56
c_256,m_3128,263553,app_6841,started,400,400,1.56
c_256,m_3128,355021,app_6841,started,400,400,1.56
c_257,m_3139,0,app_2324,started,800,800,6.25
c_257,m_3139,12818,app_2324,started,800,800,6.25
c_257,m_3139,107297,app_2324,started,800,800,6.25
c_257,m_3139,176079,app_2324,started,800,800,6.25
c_257,m_3139,209692,app_2324,started,800,800,6.25
c_257,m_3139,260747,app_2324,started,800,800,6.25
c_258,m_3097,0,app_5533,started,400,480,1.56
c_258,m_3097,18392,app_5533,started,400,480,1.56
c_258,m_3097,113000,app_5533,started,400,480,1.56
c_258,m_3097,266322,app_5533,started,400,480,1.56
c_259,m_753,0,app_1063,started,800,800,3.13
c_259,m_753,34114,app_1063,started,800,800,3.13
c_259,m_753,158062,app_1063,started,800,800,3.13
c_259,m_753,281676,app_1063,started,800,800,3.13
c_259,m_753,322885,app_1063,started,800,800,3.13
c_260,m_22,0,app_240,started,400,400,1.56
c_260,m_22,34917,app_240,started,400,400,1.56
c_260,m_22,282522,app_240,started,400,400,1.56
c_260,m_22,448612,app_240,started,400,400,1.56
c_261,m_3341,0,app_8129,started,400,400,1.56
c_261,m_3341,27585,app_8129,started,400,400,1.56
c_261,m_3341,123770,app_8129,started,400,400,1.56
c_261,m_3341,274925,app_8129,started,400,400,1.56
c_261,m_3341,436811,app_8129,started,400,400,1.56
c_262,m_3854,578613,app_1826,started,800,800,3.13
c_262,m_3854,589177,app_1826,started,800,800,3.13
c_262,m_3854,594769,app_1826,started,800,800,3.13
c_263,m_1964,0,app_1552,started,400,400,1.56
c_263,m_1964,16520,app_1552,started,400,400,1.56
c_263,m_1964,70700,app_1552,started,400,400,1.56
c_263,m_1964,80656,app_1552,started,400,400,1.56
c_263,m_1964,111045,app_1552,started,400,400,1.56
c_263,m_1964,264383,app_1552,started,400,400,1.56
c_263,m_1964,355860,app_1552,started,400,400,1.56
c_264,m_722,0,app_9308,started,800,800,3.13
c_264,m_722,23917,app_9308,started,800,800,3.13
c_264,m_722,119313,app_9308,started,800,800,3.13
c_264,m_722,271147,app_9308,started,800,800,3.13
c_264,m_722,431925,app_9308,started,800,800,3.13
c_265,m_515,0,app_1962,started,400,400,1.56
c_265,m_515,13759,app_1962,started,400,400,1.56
c_265,m_515,108274,app_1962,started,400,400,1.56
c_265,m_515,176967,app_1962,started,400,400,1.56
c_265,m_515,210574,app_1962,started,400,400,1.56
c_265,m_515,261672,app_1962,started,400,400,1.56
c_265,m_515,352257,app_1962,started,400,400,1.56
c_266,m_2906,0,app_7473,started,400,400,1.56
c_266,m_2906,285212,app_7473,started,400,400,1.56
c_266,m_2906,451642,app_7473,started,400,400,1.56
c_267,m_1945,0,app_2965,started,400,400,1.56
c_267,m_1945,50427,app_2965,started,400,400,1.56
c_267,m_1945,50537,app_2965,started,400,400,1.56
c_267,m_1945,285432,app_2965,started,400,400,1.56
c_267,m_1945,380647,app_2965,started,400,400,1.56
c_268,m_3202,0,app_1628,started,400,400,1.56
c_268,m_3202,27827,app_1628,started,400,400,1.56
c_268,m_3202,122857,app_1628,started,400,400,1.56
c_268,m_3202,276280,app_1628,started,400,400,1.56
c_268,m_3202,371074,app_1628,started,400,400,1.56
c_269,m_3642,0,app_5468,started,400,400,1.56
c_269,m_3642,285464,app_5468,started,400,400,1.56
c_269,m_3642,380681,app_5468,started,400,400,1.56
c_270,m_3261,0,app_4764,started,400,400,1.56
c_270,m_3261,25102,app_4764,started,400,400,1.56
c_270,m_3261,119988,app_4764,started,400,400,1.56
c_270,m_3261,273379,app_4764,started,400,400,1.56
c_270,m_3261,317242,app_4764,started,400,400,1.56
c_271,m_3132,0,app_6556,started,400,400,1.56
c_271,m_3132,15701,app_6556,started,400,400,1.56
c_271,m_3132,111086,app_6556,started,400,400,1.56
c_271,m_3132,262798,app_6556,started,400,400,1.56
c_271,m_3132,386357,app_6556,started,400,400,1.56
c_272,m_3806,580420,app_4142,started,800,800,6.25
c_273,m_3700,0,app_1779,started,400,400,1.56
c_273,m_3700,35527,app_1779,started,400,400,1.56
c_273,m_3700,53487,app_1779,started,400,400,1.56
c_273,m_3700,126847,app_1779,started,400,400,1.56
c_273,m_3700,219493,app_1779,started,400,400,1.56
c_273,m_3700,284711,app_1779,started,400,400,1.56
c_273,m_3700,379873,app_1779,started,400,400,1.56
c_274,m_2721,0,app_3849,started,400,400,1.56
c_274,m_2721,288095,app_3849,started,400,400,1.56
c_274,m_2721,383486,app_3849,started,400,400,1.56
c_275,m_1513,0,app_9059,started,400,400,1.95
c_275,m_1513,288447,app_9059,started,400,400,1.95
c_275,m_1513,339078,app_9059,started,400,400,1.95
c_276,m_2940,0,app_7097,started,800,800,3.13
c_277,m_757,0,app_7908,started,400,400,1.56
c_277,m_757,34838,app_7908,started,400,400,1.56
c_277,m_757,282444,app_7908,started,400,400,1.56
c_277,m_757,337538,app_7908,started,400,400,1.56
c_278,m_977,164355,app_7876,started,800,800,3.13
c_278,m_977,280254,app_7876,started,800,800,3.13
c_278,m_977,316897,app_7876,started,800,800,3.13
c_279,m_2574,0,app_2076,started,400,400,1.56
c_279,m_2574,284642,app_2076,started,400,400,1.56
c_279,m_2574,451208,app_2076,started,400,400,1.56
c_280,m_3121,0,app_8922,started,400,400,1.56
c_280,m_3121,12929,app_8922,started,400,400,1.56
c_280,m_3121,107410,app_8922,started,400,400,1.56
c_280,m_3121,176185,app_8922,started,400,400,1.56
c_280,m_3121,209797,app_8922,started,400,400,1.56
c_280,m_3121,251372,app_8922,started,400,400,1.56
c_280,m_3121,351264,app_8922,started,400,400,1.56
c_281,m_1362,0,app_8529,started,400,400,1.56
c_281,m_1362,29492,app_8529,started,400,400,1.56
c_281,m_1362,125828,app_8529,started,400,400,1.56
c_281,m_1362,276905,app_8529,started,400,400,1.56
c_281,m_1362,439923,app_8529,started,400,400,1.56
c_282,m_337,0,app_8253,started,400,400,1.95
c_282,m_337,14908,app_8253,started,400,400,1.95
c_282,m_337,109414,app_8253,started,400,400,1.95
c_282,m_337,178040,app_8253,started,400,400,1.95
c_282,m_337,262774,app_8253,started,400,400,1.95
c_282,m_337,347372,app_8253,started,400,400,1.95
c_282,m_337,446886,app_8253,started,400,400,1.95
c_282,m_337,555782,app_8253,started,400,400,1.95
c_283,m_3349,0,app_4724,started,400,400,1.56
c_283,m_3349,283837,app_4724,started,400,400,1.56
c_283,m_3349,323184,app_4724,started,400,400,1.56
c_284,m_3349,0,app_3956,stopped,400,400,1.56
c_284,m_3349,283837,app_3956,stopped,400,400,1.56
c_284,m_3349,323183,app_3956,stopped,400,400,1.56
c_285,m_2329,0,app_5930,started,400,400,1.56
c_285,m_2329,65469,app_5930,started,400,400,1.56
c_285,m_2329,290659,app_5930,started,400,400,1.56
c_285,m_2329,386264,app_5930,started,400,400,1.56
c_286,m_1137,0,app_8000,started,400,400,1.56
c_286,m_1137,12760,app_8000,started,400,400,1.56
c_286,m_1137,107237,app_8000,started,400,400,1.56
c_286,m_1137,176022,app_8000,started,400,400,1.56
c_286,m_1137,209635,app_8000,started,400,400,1.56
c_286,m_1137,260685,app_8000,started,400,400,1.56
c_286,m_1137,351080,app_8000,started,400,400,1.56
c_287,m_204,0,app_7739,started,800,800,3.13
c_287,m_204,21835,app_7739,started,800,800,3.13
c_287,m_204,116953,app_7739,started,800,800,3.13
c_287,m_204,125859,app_7739,started,800,800,3.13
c_287,m_204,129506,app_7739,started,800,800,3.13
c_287,m_204,130179,app_7739,started,800,800,3.13
c_287,m_204,162845,app_7739,started,800,800,3.13
c_287,m_204,269022,app_7739,started,800,800,3.13
c_287,m_204,321806,app_7739,started,800,800,3.13
c_288,m_100,0,app_2989,started,400,400,1.56
c_288,m_100,34422,app_2989,started,400,400,1.56
c_288,m_100,282009,app_2989,started,400,400,1.56
c_288,m_100,448148,app_2989,started,400,400,1.56
c_289,m_2673,0,app_943,started,400,400,1.56
c_289,m_2673,250811,app_943,started,400,400,1.56
c_289,m_2673,323289,app_943,started,400,400,1.56
c_290,m_3368,0,app_3447,started,400,400,1.56
c_290,m_3368,19520,app_3447,started,400,400,1.56
c_290,m_3368,115161,app_3447,started,400,400,1.56
c_290,m_3368,266733,app_3447,started,400,400,1.56
c_290,m_3368,428564,app_3447,started,400,400,1.56
c_291,m_443,0,app_1677,started,400,400,1.56
c_291,m_443,24538,app_1677,started,400,400,1.56
c_291,m_443,120484,app_1677,started,400,400,1.56
c_291,m_443,271760,app_1677,started,400,400,1.56
c_291,m_443,398551,app_1677,started,400,400,1.56
c_292,m_1467,0,app_7828,started,400,400,1.56
c_292,m_1467,7398,app_7828,started,400,400,1.56
c_292,m_1467,102378,app_7828,started,400,400,1.56
c_292,m_1467,171800,app_7828,started,400,400,1.56
c_292,m_1467,204931,app_7828,started,400,400,1.56
c_292,m_1467,254304,app_7828,started,400,400,1.56
c_292,m_1467,376290,app_7828,started,400,400,1.56
c_293,m_1220,0,app_5732,started,800,800,3.13
c_293,m_1220,158066,app_5732,started,800,800,3.13
c_293,m_1220,162883,app_5732,started,800,800,3.13
c_293,m_1220,284825,app_5732,started,800,800,3.13
c_293,m_1220,380010,app_5732,started,800,800,3.13
c_294,m_2738,0,app_6711,started,400,400,1.56
c_294,m_2738,25290,app_6711,started,400,400,1.56
c_294,m_2738,120181,app_6711,started,400,400,1.56
c_294,m_2738,273572,app_6711,started,400,400,1.56
c_294,m_2738,368139,app_6711,started,400,400,1.56
c_295,m_2010,0,app_5174,started,400,400,1.56
c_295,m_2010,18331,app_5174,started,400,400,1.56
c_295,m_2010,82563,app_5174,started,400,400,1.56
c_295,m_2010,112935,app_5174,started,400,400,1.56
c_295,m_2010,359567,app_5174,started,400,400,1.56
c_296,m_3169,0,app_3988,started,400,400,1.56
c_296,m_3169,27377,app_3988,started,400,400,1.56
c_296,m_3169,68319,app_3988,started,400,400,1.56
c_296,m_3169,122376,app_3988,started,400,400,1.56
c_296,m_3169,275812,app_3988,started,400,400,1.56
c_296,m_3169,370559,app_3988,started,400,400,1.56
c_297,m_918,0,app_4265,started,400,400,1.56
c_297,m_918,217357,app_4265,started,400,400,1.56
c_298,m_1104,0,app_4824,started,400,400,3.13
c_298,m_1104,285046,app_4824,started,400,400,3.13
c_298,m_1104,380254,app_4824,started,400,400,3.13
c_299,m_1408,0,app_7709,started,400,400,1.56
c_299,m_1408,34620,app_7709,started,400,400,1.56
c_299,m_1408,146019,app_7709,started,400,400,1.56
c_299,m_1408,282223,app_7709,started,400,400,1.56
c_299,m_1408,448414,app_7709,started,400,400,1.56
c_300,m_3448,0,app_6601,started,400,400,1.56
c_300,m_3448,14318,app_6601,started,400,400,1.56
c_300,m_3448,109677,app_6601,started,400,400,1.56
c_300,m_3448,261455,app_6601,started,400,400,1.56
c_300,m_3448,385431,app_6601,started,400,400,1.56
c_301,m_2894,0,app_7908,started,400,400,1.56
c_301,m_2894,9423,app_7908,started,400,400,1.56
c_301,m_2894,104513,app_7908,started,400,400,1.56
c_301,m_2894,173910,app_7908,started,400,400,1.56
c_301,m_2894,207040,app_7908,started,400,400,1.56
c_301,m_2894,256396,app_7908,started,400,400,1.56
c_301,m_2894,416315,app_7908,started,400,400,1.56
c_302,m_3079,0,app_6592,started,400,400,1.56
c_302,m_3079,7789,app_6592,started,400,400,1.56
c_302,m_3079,102786,app_6592,started,400,400,1.56
c_302,m_3079,172197,app_6592,started,400,400,1.56
c_302,m_3079,205359,app_6592,started,400,400,1.56
c_302,m_3079,226610,app_6592,started,400,400,1.56
c_302,m_3079,254721,app_6592,started,400,400,1.56
c_302,m_3079,376710,app_6592,started,400,400,1.56
c_302,m_3079,678023,app_6592,started,400,400,1.56
c_303,m_3513,0,app_9073,started,400,400,1.56
c_303,m_3513,12707,app_9073,started,400,400,1.56
c_303,m_3513,107998,app_9073,started,400,400,1.56
c_303,m_3513,177282,app_9073,started,400,400,1.56
c_303,m_3513,210447,app_9073,started,400,400,1.56
c_303,m_3513,259823,app_9073,started,400,400,1.56
c_303,m_3513,383060,app_9073,started,400,400,1.56
c_304,m_2589,0,app_6779,started,400,400,1.56
c_304,m_2589,32482,app_6779,started,400,400,1.56
c_304,m_2589,127808,app_6779,started,400,400,1.56
c_304,m_2589,281484,app_6779,started,400,400,1.56
c_304,m_2589,319630,app_6779,started,400,400,1.56
c_305,m_3687,0,app_4456,started,400,400,1.56
c_305,m_3687,33327,app_4456,started,400,400,1.56
c_305,m_3687,129966,app_4456,started,400,400,1.56
c_305,m_3687,280844,app_4456,started,400,400,1.56
c_305,m_3687,446190,app_4456,started,400,400,1.56
c_306,m_2474,0,app_6491,started,400,400,1.56
c_306,m_2474,30436,app_6491,started,400,400,1.56
c_306,m_2474,125633,app_6491,started,400,400,1.56
c_306,m_2474,279063,app_6491,started,400,400,1.56
c_306,m_2474,374215,app_6491,started,400,400,1.56
c_307,m_2892,164361,app_7876,started,800,800,3.13
c_307,m_2892,229280,app_7876,started,800,800,3.13
c_307,m_2892,231324,app_7876,started,800,800,3.13
c_307,m_2892,330702,app_7876,started,800,800,3.13
c_308,m_3561,0,app_5671,started,400,400,1.56
c_308,m_3561,19975,app_5671,started,400,400,1.56
c_308,m_3561,115639,app_5671,started,400,400,1.56
c_308,m_3561,267187,app_5671,started,400,400,1.56
c_308,m_3561,429207,app_5671,started,400,400,1.56
c_309,m_994,0,app_2346,started,400,400,1.56
c_309,m_994,27394,app_2346,started,400,400,1.56
c_309,m_994,122395,app_2346,started,400,400,1.56
c_309,m_994,125907,app_2346,started,400,400,1.56
c_309,m_994,130183,app_2346,started,400,400,1.56
c_309,m_994,163083,app_2346,started,400,400,1.56
c_309,m_994,275829,app_2346,started,400,400,1.56
c_309,m_994,370576,app_2346,started,400,400,1.56
c_310,m_2027,0,app_4155,started,400,480,1.56
c_310,m_2027,31843,app_4155,started,400,480,1.56
c_310,m_2027,128363,app_4155,started,400,480,1.56
c_310,m_2027,279332,app_4155,started,400,480,1.56
c_310,m_2027,686484,app_4155,started,400,480,1.56
c_311,m_1232,0,app_3214,started,400,480,1.56
c_311,m_1232,25057,app_3214,started,400,480,1.56
c_311,m_1232,119945,app_3214,started,400,480,1.56
c_311,m_1232,273337,app_3214,started,400,480,1.56
c_311,m_1232,367895,app_3214,started,400,480,1.56
c_312,m_700,0,app_3664,started,400,400,1.56
c_312,m_700,31471,app_3664,started,400,400,1.56
c_312,m_700,126738,app_3664,started,400,400,1.56
c_312,m_700,280447,app_3664,started,400,400,1.56
c_312,m_700,338886,app_3664,started,400,400,1.56
c_313,m_610,0,app_943,started,400,400,1.56
c_313,m_610,14950,app_943,started,400,400,1.56
c_313,m_610,109454,app_943,started,400,400,1.56
c_313,m_610,178079,app_943,started,400,400,1.56
c_313,m_610,262817,app_943,started,400,400,1.56
c_313,m_610,353814,app_943,started,400,400,1.56
c_313,m_610,446914,app_943,started,400,400,1.56
c_313,m_610,555837,app_943,started,400,400,1.56
c_314,m_2225,0,app_3763,started,400,400,1.56
c_314,m_2225,33913,app_3763,started,400,400,1.56
c_314,m_2225,281455,app_3763,started,400,400,1.56
c_314,m_2225,447229,app_3763,started,400,400,1.56
c_315,m_3363,0,app_9363,started,800,800,3.13
c_315,m_3363,34196,app_9363,started,800,800,3.13
c_315,m_3363,129602,app_9363,started,800,800,3.13
c_315,m_3363,283297,app_9363,started,800,800,3.13
c_315,m_3363,378412,app_9363,started,800,800,3.13
c_316,m_1476,0,app_5868,started,800,800,3.13
c_316,m_1476,14945,app_5868,started,800,800,3.13
c_316,m_1476,109449,app_5868,started,800,800,3.13
c_316,m_1476,178073,app_5868,started,800,800,3.13
c_316,m_1476,262812,app_5868,started,800,800,3.13
c_316,m_1476,336760,app_5868,started,800,800,3.13
c_317,m_2755,0,app_1791,started,400,400,1.56
c_317,m_2755,9520,app_1791,started,400,400,1.56
c_317,m_2755,103918,app_1791,started,400,400,1.56
c_317,m_2755,172858,app_1791,started,400,400,1.56
c_317,m_2755,206440,app_1791,started,400,400,1.56
c_317,m_2755,257246,app_1791,started,400,400,1.56
c_317,m_2755,347539,app_1791,started,400,400,1.56
c_318,m_1891,559009,app_701,started,400,400,1.56
c_318,m_1891,562140,app_701,started,400,400,1.56
c_319,m_1116,0,app_5155,stopped,400,400,1.56
c_319,m_1116,30823,app_5155,stopped,400,400,1.56
c_319,m_1116,127292,app_5155,stopped,400,400,1.56
c_319,m_1116,219611,app_5155,stopped,400,400,1.56
c_319,m_1116,220153,app_5155,stopped,400,400,1.56
c_319,m_1116,278304,app_5155,stopped,400,400,1.56
c_319,m_1116,442180,app_5155,stopped,400,400,1.56
c_320,m_3207,581162,app_6883,started,400,400,1.56
c_320,m_3207,588730,app_6883,started,400,400,1.56
c_320,m_3207,594651,app_6883,started,400,400,1.56
c_320,m_3207,664842,app_6883,started,400,400,1.56
c_321,m_3109,0,app_9529,started,400,400,2.34
c_321,m_3109,287763,app_9529,started,400,400,2.34
c_321,m_3109,383117,app_9529,started,400,400,2.34
c_322,m_3261,0,app_7176,started,400,400,1.56
c_322,m_3261,25102,app_7176,started,400,400,1.56
c_322,m_3261,119988,app_7176,started,400,400,1.56
c_322,m_3261,273379,app_7176,started,400,400,1.56
c_322,m_3261,317241,app_7176,started,400,400,1.56
c_323,m_795,0,app_6093,started,400,400,1.56
c_323,m_795,31342,app_6093,started,400,400,1.56
c_323,m_795,126604,app_6093,started,400,400,1.56
c_323,m_795,280310,app_6093,started,400,400,1.56
c_323,m_795,375287,app_6093,started,400,400,1.56
c_324,m_2440,0,app_6010,started,400,400,1.56
c_324,m_2440,31153,app_6010,started,400,400,1.56
c_324,m_2440,127637,app_6010,started,400,400,1.56
c_324,m_2440,278654,app_6010,started,400,400,1.56
c_324,m_2440,442767,app_6010,started,400,400,1.56
c_325,m_961,0,app_7722,started,400,400,1.56
c_325,m_961,32155,app_7722,started,400,400,1.56
c_325,m_961,128715,app_7722,started,400,400,1.56
c_325,m_961,279652,app_7722,started,400,400,1.56
c_325,m_961,444451,app_7722,started,400,400,1.56
c_326,m_2758,0,app_5428,started,400,400,3.13
c_326,m_2758,13550,app_5428,started,400,400,3.13
c_326,m_2758,108056,app_5428,started,400,400,3.13
c_326,m_2758,176756,app_5428,started,400,400,3.13
c_326,m_2758,210374,app_5428,started,400,400,3.13
c_326,m_2758,261461,app_5428,started,400,400,3.13
c_326,m_2758,352032,app_5428,started,400,400,3.13
c_327,m_2995,0,app_2695,started,800,800,3.13
c_327,m_2995,30925,app_2695,started,800,800,3.13
c_327,m_2995,127397,app_2695,started,800,800,3.13
c_327,m_2995,278424,app_2695,started,800,800,3.13
c_327,m_2995,442344,app_2695,started,800,800,3.13
c_328,m_3212,0,app_5219,started,400,400,1.56
c_329,m_1808,593701,app_1676,started,400,400,1.56
c_329,m_1808,594576,app_1676,started,400,400,1.56
c_329,m_1808,664774,app_1676,started,400,400,1.56
c_330,m_3674,0,app_4075,started,800,800,3.13
c_330,m_3674,13815,app_4075,started,800,800,3.13
c_330,m_3674,109150,app_4075,started,800,800,3.13
c_330,m_3674,260948,app_4075,started,800,800,3.13
c_330,m_3674,384946,app_4075,started,800,800,3.13
c_331,m_442,0,app_1591,started,400,400,1.56
c_331,m_442,35267,app_1591,started,400,400,1.56
c_331,m_442,282902,app_1591,started,400,400,1.56
c_331,m_442,449211,app_1591,started,400,400,1.56
c_332,m_155,0,app_6118,started,400,480,1.56
c_332,m_155,22499,app_6118,started,400,480,1.56
c_332,m_155,117661,app_6118,started,400,480,1.56
c_332,m_155,269699,app_6118,started,400,480,1.56
c_333,m_164,0,app_3006,started,400,400,1.56
c_333,m_164,289409,app_3006,started,400,400,1.56
c_333,m_164,384937,app_3006,started,400,400,1.56
c_334,m_694,0,app_389,started,400,400,1.56
c_334,m_694,32481,app_389,started,400,400,1.56
c_334,m_694,129055,app_389,started,400,400,1.56
c_334,m_694,279986,app_389,started,400,400,1.56
c_334,m_694,445064,app_389,started,400,400,1.56
c_335,m_2650,0,app_442,started,800,800,3.13
c_335,m_2650,13036,app_442,started,800,800,3.13
c_335,m_2650,108341,app_442,started,800,800,3.13
c_335,m_2650,125897,app_442,started,800,800,3.13
c_335,m_2650,129537,app_442,started,800,800,3.13
c_335,m_2650,130156,app_442,started,800,800,3.13
c_335,m_2650,163130,app_442,started,800,800,3.13
c_335,m_2650,177618,app_442,started,800,800,3.13
c_335,m_2650,260161,app_442,started,800,800,3.13
c_335,m_2650,341794,app_442,started,800,800,3.13
c_336,m_3617,0,app_9344,started,400,480,1.56
c_336,m_3617,20565,app_9344,started,400,480,1.56
c_336,m_3617,115973,app_9344,started,400,480,1.56
c_336,m_3617,122231,app_9344,started,400,480,1.56
c_336,m_3617,122501,app_9344,started,400,480,1.56
c_336,m_3617,269366,app_9344,started,400,480,1.56
c_337,m_2065,0,app_7562,started,400,400,1.56
c_337,m_2065,26844,app_7562,started,400,400,1.56
c_337,m_2065,121796,app_7562,started,400,400,1.56
c_337,m_2065,166489,app_7562,started,400,400,1.56
c_337,m_2065,275260,app_7562,started,400,400,1.56
c_337,m_2065,369938,app_7562,started,400,400,1.56
c_337,m_2065,676091,app_7562,started,400,400,1.56
c_338,m_2843,0,app_1526,started,400,400,1.95
c_338,m_2843,15708,app_1526,started,400,400,1.95
c_338,m_2843,110211,app_1526,started,400,400,1.95
c_338,m_2843,263587,app_1526,started,400,400,1.95
c_338,m_2843,355057,app_1526,started,400,400,1.95
c_339,m_1159,0,app_1600,started,400,400,1.56
c_339,m_1159,25363,app_1600,started,400,400,1.56
c_339,m_1159,120257,app_1600,started,400,400,1.56
c_339,m_1159,273651,app_1600,started,400,400,1.56
c_339,m_1159,317598,app_1600,started,400,400,1.56
c_340,m_2509,340106,app_5226,started,400,400,1.56
c_340,m_2509,384376,app_5226,started,400,400,1.56
c_341,m_1078,0,app_8719,started,400,400,1.56
c_341,m_1078,34121,app_8719,started,400,400,1.56
c_341,m_1078,129523,app_8719,started,400,400,1.56
c_341,m_1078,244714,app_8719,started,400,400,1.56
c_341,m_1078,283219,app_8719,started,400,400,1.56
c_341,m_1078,318254,app_8719,started,400,400,1.56
c_342,m_1102,0,app_6177,started,400,400,1.56
c_342,m_1102,23125,app_6177,started,400,400,1.56
c_342,m_1102,117945,app_6177,started,400,400,1.56
c_342,m_1102,271349,app_6177,started,400,400,1.56
c_342,m_1102,365503,app_6177,started,400,400,1.56
c_343,m_2976,0,app_1254,started,800,800,3.13
c_343,m_2976,21323,app_1254,started,800,800,3.13
c_343,m_2976,116403,app_1254,started,800,800,3.13
c_343,m_2976,235388,app_1254,started,800,800,3.13
c_343,m_2976,429619,app_1254,started,800,800,3.13
c_344,m_718,0,app_8388,started,400,400,1.56
c_344,m_718,10909,app_8388,started,400,400,1.56
c_344,m_718,106115,app_8388,started,400,400,1.56
c_344,m_718,175440,app_8388,started,400,400,1.56
c_344,m_718,208606,app_8388,started,400,400,1.56
c_344,m_718,257926,app_8388,started,400,400,1.56
c_344,m_718,380773,app_8388,started,400,400,1.56
c_345,m_3815,0,app_9059,started,400,400,1.95
c_345,m_3815,285367,app_9059,started,400,400,1.95
c_345,m_3815,338891,app_9059,started,400,400,1.95
c_346,m_3221,0,app_56,started,400,400,1.56
c_346,m_3221,25145,app_56,started,400,400,1.56
c_346,m_3221,121139,app_56,started,400,400,1.56
c_346,m_3221,272369,app_56,started,400,400,1.56
c_346,m_3221,432548,app_56,started,400,400,1.56
c_347,m_685,0,app_8058,started,400,400,1.56
c_347,m_685,287144,app_8058,started,400,400,1.56
c_347,m_685,382429,app_8058,started,400,400,1.56
c_347,m_685,448020,app_8058,started,400,400,1.56
c_348,m_1998,593658,app_1676,started,400,400,1.56
c_348,m_1998,594835,app_1676,started,400,400,1.56
c_349,m_1093,0,app_4031,started,400,400,1.56
c_349,m_1093,34032,app_4031,started,400,400,1.56
c_349,m_1093,281589,app_4031,started,400,400,1.56
c_349,m_1093,447389,app_4031,started,400,400,1.56
c_350,m_1775,0,app_166,stopped,400,400,1.56
c_350,m_1775,16139,app_166,stopped,400,400,1.56
c_350,m_1775,111556,app_166,stopped,400,400,1.56
c_350,m_1775,263240,app_166,stopped,400,400,1.56
c_350,m_1775,386507,app_166,stopped,400,400,1.56
c_351,m_1148,0,app_56,started,400,400,1.56
c_351,m_1148,53482,app_56,started,400,400,1.56
c_351,m_1148,289525,app_56,started,400,400,1.56
c_351,m_1148,385056,app_56,started,400,400,1.56
c_352,m_3727,0,app_141,started,800,800,3.13
c_352,m_3727,10639,app_141,started,800,800,3.13
c_352,m_3727,105833,app_141,started,800,800,3.13
c_352,m_3727,175174,app_141,started,800,800,3.13
c_352,m_3727,208309,app_141,started,800,800,3.13
c_352,m_3727,257659,app_141,started,800,800,3.13
c_352,m_3727,380368,app_141,started,800,800,3.13
c_352,m_3727,639894,app_141,started,800,800,3.13
c_353,m_524,0,app_5219,started,400,400,1.56
c_353,m_524,10621,app_5219,started,400,400,1.56
c_353,m_524,39621,app_5219,started,400,400,1.56
c_353,m_524,63761,app_5219,started,400,400,1.56
c_353,m_524,66275,app_5219,started,400,400,1.56
c_353,m_524,105813,app_5219,started,400,400,1.56
c_353,m_524,125913,app_5219,started,400,400,1.56
c_353,m_524,130192,app_5219,started,400,400,1.56
c_353,m_524,164755,app_5219,started,400,400,1.56
c_353,m_524,175155,app_5219,started,400,400,1.56
c_353,m_524,208284,app_5219,started,400,400,1.56
c_353,m_524,257641,app_5219,started,400,400,1.56
c_353,m_524,380334,app_5219,started,400,400,1.56
c_353,m_524,639870,app_5219,started,400,400,1.56
c_354,m_704,0,app_9541,started,800,800,3.13
c_354,m_704,11511,app_9541,started,800,800,3.13
c_354,m_704,72029,app_9541,started,800,800,3.13
c_354,m_704,72550,app_9541,started,800,800,3.13
c_354,m_704,106750,app_9541,started,800,800,3.13
c_354,m_704,129559,app_9541,started,800,800,3.13
c_354,m_704,129990,app_9541,started,800,800,3.13
c_354,m_704,147433,app_9541,started,800,800,3.13
c_354,m_704,158038,app_9541,started,800,800,3.13
c_354,m_704,162905,app_9541,started,800,800,3.13
c_354,m_704,176060,app_9541,started,800,800,3.13
c_354,m_704,209225,app_9541,started,800,800,3.13
c_354,m_704,258531,app_9541,started,800,800,3.13
c_354,m_704,382041,app_9541,started,800,800,3.13
c_354,m_704,641125,app_9541,started,800,800,3.13
c_355,m_3284,0,app_1278,started,800,800,3.13
c_355,m_3284,35195,app_1278,started,800,800,3.13
c_355,m_3284,284334,app_1278,started,800,800,3.13
c_355,m_3284,379470,app_1278,started,800,800,3.13
c_356,m_1482,0,app_3665,started,400,400,1.56
c_356,m_1482,14941,app_3665,started,400,400,1.56
c_356,m_1482,109444,app_3665,started,400,400,1.56
c_356,m_1482,178069,app_3665,started,400,400,1.56
c_356,m_1482,243777,app_3665,started,400,400,1.56
c_356,m_1482,262807,app_3665,started,400,400,1.56
c_356,m_1482,446906,app_3665,started,400,400,1.56
c_356,m_1482,555824,app_3665,started,400,400,1.56
c_357,m_2098,0,app_3208,started,800,800,3.13
c_357,m_2098,21496,app_3208,started,800,800,3.13
c_357,m_2098,116407,app_3208,started,800,800,3.13
c_357,m_2098,269809,app_3208,started,800,800,3.13
c_357,m_2098,363846,app_3208,started,800,800,3.13
c_358,m_143,0,app_8981,started,400,400,1.56
c_358,m_143,16908,app_8981,started,400,400,1.56
c_358,m_143,111437,app_8981,started,400,400,1.56
c_358,m_143,264762,app_8981,started,400,400,1.56
c_358,m_143,356305,app_8981,started,400,400,1.56
c_358,m_143,558584,app_8981,started,400,400,1.56
c_359,m_3266,0,app_56,started,400,400,1.56
c_359,m_3266,34339,app_56,started,400,400,1.56
c_359,m_3266,129749,app_56,started,400,400,1.56
c_359,m_3266,168461,app_56,started,400,400,1.56
c_359,m_3266,283435,app_56,started,400,400,1.56
c_359,m_3266,378552,app_56,started,400,400,1.56
c_360,m_1773,0,app_4648,started,400,400,1.56
c_360,m_1773,22970,app_4648,started,400,400,1.56
c_360,m_1773,117786,app_4648,started,400,400,1.56
c_360,m_1773,271189,app_4648,started,400,400,1.56
c_360,m_1773,365323,app_4648,started,400,400,1.56
c_361,m_1968,0,app_7734,started,400,400,1.56
c_361,m_1968,29514,app_7734,started,400,400,1.56
c_361,m_1968,125853,app_7734,started,400,400,1.56
c_361,m_1968,276932,app_7734,started,400,400,1.56
c_361,m_1968,439998,app_7734,started,400,400,1.56
c_361,m_1968,580594,app_7734,started,400,400,1.56
c_361,m_1968,611718,app_7734,started,400,400,1.56
c_362,m_3354,0,app_8205,started,400,400,1.56
c_362,m_3354,8982,app_8205,started,400,400,1.56
c_362,m_3354,104054,app_8205,started,400,400,1.56
c_362,m_3354,173468,app_8205,started,400,400,1.56
c_362,m_3354,206601,app_8205,started,400,400,1.56
c_362,m_3354,255966,app_8205,started,400,400,1.56
c_362,m_3354,324081,app_8205,started,400,400,1.56
c_363,m_3032,342055,app_1825,started,800,800,6.25
c_363,m_3032,342471,app_1825,started,800,800,6.25
c_364,m_3136,0,app_442,started,800,800,3.13
c_364,m_3136,15298,app_442,started,800,800,3.13
c_364,m_3136,109795,app_442,started,800,800,3.13
c_364,m_3136,263167,app_442,started,800,800,3.13
c_364,m_3136,354535,app_442,started,800,800,3.13
c_364,m_3136,447219,app_442,started,800,800,3.13
c_364,m_3136,556296,app_442,started,800,800,3.13
c_365,m_3528,0,app_5895,started,400,400,1.56
c_365,m_3528,49411,app_5895,started,400,400,1.56
c_365,m_3528,245224,app_5895,started,400,400,1.56
c_365,m_3528,381679,app_5895,started,400,400,1.56
c_366,m_3297,0,app_442,started,800,800,3.13
c_366,m_3297,29433,app_442,started,800,800,3.13
c_366,m_3297,125927,app_442,started,800,800,3.13
c_366,m_3297,130173,app_442,started,800,800,3.13
c_366,m_3297,163105,app_442,started,800,800,3.13
c_366,m_3297,276835,app_442,started,800,800,3.13
c_366,m_3297,334240,app_442,started,800,800,3.13
c_367,m_1176,0,app_5696,started,2400,2400,9.38
c_367,m_1176,287618,app_5696,started,2400,2400,9.38
c_367,m_1176,382964,app_5696,started,2400,2400,9.38
c_368,m_333,76699,app_1274,started,400,400,1.56
c_369,m_2552,0,app_3988,started,400,400,1.56
c_369,m_2552,212206,app_3988,started,400,400,1.56
c_369,m_2552,287310,app_3988,started,400,400,1.56
c_369,m_2552,382632,app_3988,started,400,400,1.56
c_370,m_2956,0,app_2830,started,400,400,1.56
c_370,m_2956,11850,app_2830,started,400,400,1.56
c_370,m_2956,82507,app_2830,started,400,400,1.56
c_370,m_2956,107110,app_2830,started,400,400,1.56
c_370,m_2956,125904,app_2830,started,400,400,1.56
c_370,m_2956,130164,app_2830,started,400,400,1.56
c_370,m_2956,176416,app_2830,started,400,400,1.56
c_370,m_2956,209572,app_2830,started,400,400,1.56
c_370,m_2956,258876,app_2830,started,400,400,1.56
c_370,m_2956,330692,app_2830,started,400,400,1.56
c_370,m_2956,589083,app_2830,started,400,400,1.56
c_371,m_3565,0,app_3299,started,800,800,3.13
c_371,m_3565,9956,app_3299,started,800,800,3.13
c_371,m_3565,105091,app_3299,started,800,800,3.13
c_371,m_3565,174468,app_3299,started,800,800,3.13
c_371,m_3565,207600,app_3299,started,800,800,3.13
c_371,m_3565,256962,app_3299,started,800,800,3.13
c_371,m_3565,379137,app_3299,started,800,800,3.13
c_372,m_2488,0,app_1323,started,400,400,1.56
c_372,m_2488,19751,app_1323,started,400,400,1.56
c_372,m_2488,115408,app_1323,started,400,400,1.56
c_372,m_2488,266967,app_1323,started,400,400,1.56
c_372,m_2488,428981,app_1323,started,400,400,1.56
c_373,m_1502,0,app_1014,started,400,400,1.56
c_373,m_1502,22510,app_1014,started,400,400,1.56
c_373,m_1502,117671,app_1014,started,400,400,1.56
c_373,m_1502,269710,app_1014,started,400,400,1.56
c_373,m_1502,430887,app_1014,started,400,400,1.56
c_374,m_404,0,app_9575,started,400,400,1.56
c_374,m_404,32232,app_9575,started,400,400,1.56
c_374,m_404,128794,app_9575,started,400,400,1.56
c_374,m_404,279740,app_9575,started,400,400,1.56
c_374,m_404,444583,app_9575,started,400,400,1.56
c_375,m_3834,0,app_656,started,400,400,1.56
c_375,m_3834,51120,app_656,started,400,400,1.56
c_375,m_3834,288287,app_656,started,400,400,1.56
c_375,m_3834,383723,app_656,started,400,400,1.56
c_376,m_3811,0,app_1123,started,400,480,1.56
c_376,m_3811,9447,app_1123,started,400,480,1.56
c_376,m_3811,103841,app_1123,started,400,480,1.56
c_376,m_3811,172787,app_1123,started,400,480,1.56
c_376,m_3811,206368,app_1123,started,400,480,1.56
c_376,m_3811,254238,app_1123,started,400,480,1.56
c_377,m_2867,0,app_5031,started,400,400,1.56
c_377,m_2867,35026,app_5031,started,400,400,1.56
c_377,m_2867,284165,app_5031,started,400,400,1.56
c_377,m_2867,379290,app_5031,started,400,400,1.56
c_378,m_3779,0,app_2899,started,400,400,1.56
c_378,m_3779,9343,app_2899,started,400,400,1.56
c_378,m_3779,70858,app_2899,started,400,400,1.56
c_378,m_3779,104416,app_2899,started,400,400,1.56
c_378,m_3779,173827,app_2899,started,400,400,1.56
c_378,m_3779,206957,app_2899,started,400,400,1.56
c_378,m_3779,256315,app_2899,started,400,400,1.56
c_378,m_3779,416186,app_2899,started,400,400,1.56
c_378,m_3779,638049,app_2899,started,400,400,1.56
c_379,m_3494,0,app_5415,started,400,400,1.56
c_379,m_3494,21029,app_5415,started,400,400,1.56
c_379,m_3494,116227,app_5415,started,400,400,1.56
c_379,m_3494,269621,app_5415,started,400,400,1.56
c_379,m_3494,363634,app_5415,started,400,400,1.56
c_380,m_3870,0,app_1980,started,400,400,1.56
c_380,m_3870,284123,app_1980,started,400,400,1.56
c_380,m_3870,450294,app_1980,started,400,400,1.56
c_381,m_88,0,app_66,started,400,400,1.56
c_381,m_88,10724,app_66,started,400,400,1.56
c_381,m_88,72028,app_66,started,400,400,1.56
c_381,m_88,72962,app_66,started,400,400,1.56
c_381,m_88,105189,app_66,started,400,400,1.56
c_381,m_88,129610,app_66,started,400,400,1.56
c_381,m_88,130055,app_66,started,400,400,1.56
c_381,m_88,144657,app_66,started,400,400,1.56
c_381,m_88,174105,app_66,started,400,400,1.56
c_381,m_88,207638,app_66,started,400,400,1.56
c_381,m_88,258525,app_66,started,400,400,1.56
c_381,m_88,348833,app_66,started,400,400,1.56
c_382,m_1290,0,app_5555,started,400,400,1.56
c_382,m_1290,290126,app_5555,started,400,400,1.56
c_382,m_1290,345126,app_5555,started,400,400,1.56
c_383,m_1519,0,app_1347,started,800,800,3.13
c_383,m_1519,11205,app_1347,started,800,800,3.13
c_383,m_1519,106425,app_1347,started,800,800,3.13
c_383,m_1519,175739,app_1347,started,800,800,3.13
c_383,m_1519,208913,app_1347,started,800,800,3.13
c_383,m_1519,258223,app_1347,started,800,800,3.13
c_383,m_1519,340417,app_1347,started,800,800,3.13
c_384,m_2066,0,app_2724,started,400,400,1.56
c_384,m_2066,13629,app_2724,started,400,400,1.56
c_384,m_2066,108960,app_2724,started,400,400,1.56
c_384,m_2066,260769,app_2724,started,400,400,1.56
c_384,m_2066,384706,app_2724,started,400,400,1.56
c_385,m_2767,0,app_1178,started,400,400,1.56
c_385,m_2767,14202,app_1178,started,400,400,1.56
c_385,m_2767,108751,app_1178,started,400,400,1.56
c_385,m_2767,177407,app_1178,started,400,400,1.56
c_385,m_2767,262136,app_1178,started,400,400,1.56
c_385,m_2767,352761,app_1178,started,400,400,1.56
c_386,m_2432,125869,app_7316,started,400,400,1.56
c_387,m_841,0,app_5183,started,400,400,1.56
c_387,m_841,290302,app_5183,started,400,400,1.56
c_387,m_841,385889,app_5183,started,400,400,1.56
c_388,m_1038,0,app_1596,started,400,400,1.56
c_388,m_1038,49254,app_1596,started,400,400,1.56
c_388,m_1038,285634,app_1596,started,400,400,1.56
c_388,m_1038,380861,app_1596,started,400,400,1.56
c_389,m_656,0,app_9555,started,400,400,1.56
c_389,m_656,287533,app_9555,started,400,400,1.56
c_389,m_656,382873,app_9555,started,400,400,1.56
c_390,m_1139,0,app_4091,started,400,400,1.56
c_390,m_1139,34485,app_4091,started,400,400,1.56
c_390,m_1139,125945,app_4091,started,400,400,1.56
c_390,m_1139,130173,app_4091,started,400,400,1.56
c_390,m_1139,163101,app_4091,started,400,400,1.56
c_390,m_1139,248661,app_4091,started,400,400,1.56
c_390,m_1139,448288,app_4091,started,400,400,1.56
c_391,m_2509,0,app_7260,started,400,400,1.56
c_391,m_2509,288877,app_7260,started,400,400,1.56
c_392,m_3309,0,app_2446,started,400,400,1.56
c_392,m_3309,35525,app_2446,started,400,400,1.56
c_392,m_3309,250273,app_2446,started,400,400,1.56
c_392,m_3309,379870,app_2446,started,400,400,1.56
c_393,m_2738,0,app_5927,started,400,400,1.56
c_393,m_2738,25289,app_5927,started,400,400,1.56
c_393,m_2738,120181,app_5927,started,400,400,1.56
c_393,m_2738,273572,app_5927,started,400,400,1.56
c_393,m_2738,368139,app_5927,started,400,400,1.56
c_394,m_972,0,app_8129,started,400,400,1.56
c_394,m_972,23470,app_8129,started,400,400,1.56
c_394,m_972,65466,app_8129,started,400,400,1.56
c_394,m_972,118700,app_8129,started,400,400,1.56
c_394,m_972,270674,app_8129,started,400,400,1.56
c_394,m_972,431629,app_8129,started,400,400,1.56
c_395,m_2797,76699,app_1274,started,400,400,1.56
c_396,m_3378,0,app_7037,started,400,400,1.56
c_396,m_3378,19407,app_7037,started,400,400,1.56
c_396,m_3378,115042,app_7037,started,400,400,1.56
c_396,m_3378,215261,app_7037,started,400,400,1.56
c_396,m_3378,266597,app_7037,started,400,400,1.56
c_396,m_3378,428359,app_7037,started,400,400,1.56
c_397,m_1281,0,app_1596,started,400,480,1.56
c_397,m_1281,285090,app_1596,started,400,480,1.56
c_397,m_1281,380302,app_1596,started,400,480,1.56
c_397,m_1281,571462,app_1596,started,400,480,1.56
c_398,m_3741,593705,app_1676,started,400,400,1.56
c_398,m_3741,594543,app_1676,started,400,400,1.56
c_398,m_3741,664741,app_1676,started,400,400,1.56
c_399,m_1333,0,app_9553,started,400,400,1.56
c_399,m_1333,32177,app_9553,started,400,400,1.56
c_399,m_1333,128737,app_9553,started,400,400,1.56
c_399,m_1333,279673,app_9553,started,400,400,1.56
c_399,m_1333,444484,app_9553,started,400,400,1.56
c_400,m_2907,0,app_582,started,400,400,1.56
c_400,m_2907,18270,app_582,started,400,400,1.56
c_400,m_2907,113832,app_582,started,400,400,1.56
c_400,m_2907,265398,app_582,started,400,400,1.56
c_400,m_2907,389208,app_582,started,400,400,1.56
c_401,m_3728,0,app_1490,started,400,480,1.56
c_401,m_3728,10556,app_1490,started,400,480,1.56
c_401,m_3728,105015,app_1490,started,400,480,1.56
c_401,m_3728,173939,app_1490,started,400,480,1.56
c_401,m_3728,207474,app_1490,started,400,480,1.56
c_401,m_3728,245200,app_1490,started,400,480,1.56
c_402,m_1089,0,app_469,started,400,400,1.56
c_402,m_1089,13499,app_469,started,400,400,1.56
c_402,m_1089,108823,app_469,started,400,400,1.56
c_402,m_1089,260632,app_469,started,400,400,1.56
c_402,m_1089,384465,app_469,started,400,400,1.56
c_403,m_1501,0,app_2413,started,400,400,1.56
c_403,m_1501,32524,app_2413,started,400,400,1.56
c_403,m_1501,127848,app_2413,started,400,400,1.56
c_404,m_2109,0,app_4265,started,400,400,1.56
c_404,m_2109,29758,app_4265,started,400,400,1.56
c_404,m_2109,124936,app_4265,started,400,400,1.56
c_404,m_2109,278361,app_4265,started,400,400,1.56
c_404,m_2109,373466,app_4265,started,400,400,1.56
c_405,m_656,0,app_5035,started,800,800,3.13
c_405,m_656,287533,app_5035,started,800,800,3.13
c_405,m_656,382873,app_5035,started,800,800,3.13
c_406,m_3498,0,app_3514,started,400,400,1.56
c_406,m_3498,32551,app_3514,started,400,400,1.56
c_406,m_3498,127875,app_3514,started,400,400,1.56
c_406,m_3498,281551,app_3514,started,400,400,1.56
c_406,m_3498,376585,app_3514,started,400,400,1.56
c_407,m_3340,0,app_5159,started,400,400,1.56
c_407,m_3340,287304,app_5159,started,400,400,1.56
c_407,m_3340,382626,app_5159,started,400,400,1.56
c_408,m_988,0,app_5805,started,800,800,6.25
c_408,m_988,33086,app_5805,started,800,800,6.25
c_408,m_988,128442,app_5805,started,800,800,6.25
c_408,m_988,282126,app_5805,started,800,800,6.25
c_408,m_988,342205,app_5805,started,800,800,6.25
c_409,m_754,0,app_3943,started,400,400,1.56
c_409,m_754,11474,app_3943,started,400,400,1.56
c_409,m_754,106711,app_3943,started,400,400,1.56
c_409,m_754,176022,app_3943,started,400,400,1.56
c_409,m_754,209188,app_3943,started,400,400,1.56
c_409,m_754,258493,app_3943,started,400,400,1.56
c_409,m_754,381962,app_3943,started,400,400,1.56
c_410,m_150,0,app_5113,started,400,400,1.56
c_410,m_150,12602,app_5113,started,400,400,1.56
c_410,m_150,107078,app_5113,started,400,400,1.56
c_410,m_150,175870,app_5113,started,400,400,1.56
c_410,m_150,209485,app_5113,started,400,400,1.56
c_410,m_150,260516,app_5113,started,400,400,1.56
c_410,m_150,341071,app_5113,started,400,400,1.56
c_411,m_558,0,app_7707,started,400,480,1.56
c_411,m_558,31082,app_7707,started,400,480,1.56
c_411,m_558,126335,app_7707,started,400,480,1.56
c_411,m_558,279768,app_7707,started,400,480,1.56
c_412,m_3665,0,app_1469,started,400,480,1.56
c_412,m_3665,22742,app_1469,started,400,480,1.56
c_412,m_3665,117556,app_1469,started,400,480,1.56
c_412,m_3665,270962,app_1469,started,400,480,1.56
c_413,m_647,0,app_2937,started,400,400,1.56
c_413,m_647,31128,app_2937,started,400,400,1.56
c_413,m_647,127612,app_2937,started,400,400,1.56
c_413,m_647,237306,app_2937,started,400,400,1.56
c_413,m_647,239751,app_2937,started,400,400,1.56
c_413,m_647,442708,app_2937,started,400,400,1.56
c_413,m_647,678067,app_2937,started,400,400,1.56
c_414,m_3334,0,app_1928,started,400,400,1.56
c_414,m_3334,22281,app_1928,started,400,400,1.56
c_414,m_3334,117435,app_1928,started,400,400,1.56
c_414,m_3334,269466,app_1928,started,400,400,1.56
c_414,m_3334,430475,app_1928,started,400,400,1.56
c_415,m_3947,0,app_4365,started,400,480,1.56
c_415,m_3947,23008,app_4365,started,400,480,1.56
c_415,m_3947,117824,app_4365,started,400,480,1.56
c_415,m_3947,137330,app_4365,started,400,480,1.56
c_415,m_3947,271228,app_4365,started,400,480,1.56
c_415,m_3947,297675,app_4365,started,400,480,1.56
c_415,m_3947,567750,app_4365,started,400,480,1.56
c_416,m_2453,0,app_4176,started,800,800,3.13
c_416,m_2453,11188,app_4176,started,800,800,3.13
c_416,m_2453,105666,app_4176,started,800,800,3.13
c_416,m_2453,174556,app_4176,started,800,800,3.13
c_416,m_2453,208101,app_4176,started,800,800,3.13
c_416,m_2453,259018,app_4176,started,800,800,3.13
c_416,m_2453,349344,app_4176,started,800,800,3.13
c_416,m_2453,637426,app_4176,started,800,800,3.13
c_417,m_342,580453,app_3665,started,400,400,1.56
c_417,m_342,588822,app_3665,started,400,400,1.56
c_417,m_342,594525,app_3665,started,400,400,1.56
c_417,m_342,664722,app_3665,started,400,400,1.56
c_417,m_342,683099,app_3665,stopped,400,400,1.56
c_417,m_342,693993,app_3665,stopped,400,400,1.56
c_418,m_2811,0,app_568,started,400,400,1.56
c_418,m_2811,11265,app_568,started,400,400,1.56
c_418,m_2811,105744,app_568,started,400,400,1.56
c_418,m_2811,174632,app_568,started,400,400,1.56
c_418,m_2811,208173,app_568,started,400,400,1.56
c_418,m_2811,259096,app_568,started,400,400,1.56
c_418,m_2811,349421,app_568,started,400,400,1.56
c_418,m_2811,589105,app_568,started,400,400,1.56
c_419,m_733,0,app_6524,started,400,480,1.56
c_419,m_733,288152,app_6524,started,400,480,1.56
c_420,m_2479,0,app_5866,started,400,400,1.56
c_420,m_2479,32467,app_5866,started,400,400,1.56
c_420,m_2479,63761,app_5866,started,400,400,1.56
c_420,m_2479,72029,app_5866,started,400,400,1.56
c_420,m_2479,72428,app_5866,started,400,400,1.56
c_420,m_2479,129386,app_5866,started,400,400,1.56
c_420,m_2479,130055,app_5866,started,400,400,1.56
c_420,m_2479,144623,app_5866,started,400,400,1.56
c_420,m_2479,279972,app_5866,started,400,400,1.56
c_420,m_2479,445037,app_5866,started,400,400,1.56
c_421,m_2716,0,app_4736,started,400,400,1.56
c_421,m_2716,27467,app_4736,started,400,400,1.56
c_421,m_2716,123646,app_4736,started,400,400,1.56
c_421,m_2716,274806,app_4736,started,400,400,1.56
c_421,m_2716,402103,app_4736,started,400,400,1.56
c_422,m_163,0,app_114,started,400,400,1.56
c_422,m_163,19932,app_114,started,400,400,1.56
c_422,m_163,115595,app_114,started,400,400,1.56
c_422,m_163,267145,app_114,started,400,400,1.56
c_422,m_163,429150,app_114,started,400,400,1.56
c_423,m_613,0,app_4340,started,400,400,1.56
c_423,m_613,31831,app_4340,started,400,400,1.56
c_423,m_613,128350,app_4340,started,400,400,1.56
c_423,m_613,279319,app_4340,started,400,400,1.56
c_423,m_613,443918,app_4340,started,400,400,1.56
c_424,m_2019,0,app_8047,started,400,400,1.56
c_424,m_2019,15403,app_8047,started,400,400,1.56
c_424,m_2019,109902,app_8047,started,400,400,1.56
c_424,m_2019,263266,app_8047,started,400,400,1.56
c_424,m_2019,339740,app_8047,started,400,400,1.56
c_425,m_3941,0,app_1254,started,800,800,3.13
c_425,m_3941,21947,app_1254,started,800,800,3.13
c_425,m_3941,116724,app_1254,started,800,800,3.13
c_425,m_3941,270125,app_1254,started,800,800,3.13
c_425,m_3941,364175,app_1254,started,800,800,3.13
c_426,m_1910,0,app_2264,started,400,400,1.56
c_426,m_1910,12730,app_2264,started,400,400,1.56
c_426,m_1910,108022,app_2264,started,400,400,1.56
c_426,m_1910,177305,app_2264,started,400,400,1.56
c_426,m_1910,210468,app_2264,started,400,400,1.56
c_426,m_1910,259844,app_2264,started,400,400,1.56
c_426,m_1910,383100,app_2264,started,400,400,1.56
c_427,m_2421,0,app_8384,started,400,400,1.56
c_427,m_2421,284774,app_8384,started,400,400,1.56
c_427,m_2421,347400,app_8384,started,400,400,1.56
c_428,m_38,0,app_4305,started,400,480,1.56
c_428,m_38,20089,app_4305,started,400,480,1.56
c_428,m_38,115760,app_4305,started,400,480,1.56
c_428,m_38,267303,app_4305,started,400,480,1.56
c_429,m_750,0,app_2695,started,800,800,3.13
c_429,m_750,12305,app_2695,started,800,800,3.13
c_429,m_750,106776,app_2695,started,800,800,3.13
c_429,m_750,175587,app_2695,started,800,800,3.13
c_429,m_750,209197,app_2695,started,800,800,3.13
c_429,m_750,260215,app_2695,started,800,800,3.13
c_429,m_750,350600,app_2695,started,800,800,3.13
c_430,m_2413,0,app_6984,started,400,400,1.56
c_430,m_2413,125859,app_6984,started,400,400,1.56
c_430,m_2413,129526,app_6984,started,400,400,1.56
c_430,m_2413,129978,app_6984,started,400,400,1.56
c_430,m_2413,162865,app_6984,started,400,400,1.56
c_430,m_2413,288852,app_6984,started,400,400,1.56
c_430,m_2413,384347,app_6984,started,400,400,1.56
c_431,m_878,0,app_3715,started,400,400,1.56
c_431,m_878,32652,app_3715,started,400,400,1.56
c_431,m_878,129247,app_3715,started,400,400,1.56
c_431,m_878,280170,app_3715,started,400,400,1.56
c_431,m_878,445400,app_3715,started,400,400,1.56
c_432,m_1788,0,app_6219,started,400,480,1.56
c_432,m_1788,25339,app_6219,started,400,480,1.56
c_432,m_1788,121353,app_6219,started,400,480,1.56
c_432,m_1788,249138,app_6219,started,400,480,1.56
c_433,m_2776,0,app_7419,started,400,400,1.56
c_433,m_2776,16371,app_7419,started,400,400,1.56
c_433,m_2776,110889,app_7419,started,400,400,1.56
c_433,m_2776,264236,app_7419,started,400,400,1.56
c_433,m_2776,355681,app_7419,started,400,400,1.56
c_433,m_2776,385439,app_7419,started,400,400,1.56
c_434,m_403,0,app_6762,started,800,800,3.13
c_434,m_403,30886,app_6762,started,800,800,3.13
c_434,m_403,127358,app_6762,started,800,800,3.13
c_434,m_403,278368,app_6762,started,800,800,3.13
c_434,m_403,320196,app_6762,started,800,800,3.13
c_435,m_2740,0,app_8323,started,400,480,1.56
c_435,m_2740,22565,app_8323,started,400,480,1.56
c_435,m_2740,117729,app_8323,started,400,480,1.56
c_435,m_2740,269772,app_8323,started,400,480,1.56
c_436,m_145,0,app_3971,started,800,800,3.13
c_436,m_145,27176,app_3971,started,800,800,3.13
c_436,m_145,122163,app_3971,started,800,800,3.13
c_436,m_145,275602,app_3971,started,800,800,3.13
c_436,m_145,370333,app_3971,started,800,800,3.13
c_437,m_1661,0,app_328,started,400,400,1.56
c_437,m_1661,22832,app_328,started,400,400,1.56
c_437,m_1661,117648,app_328,started,400,400,1.56
c_437,m_1661,271051,app_328,started,400,400,1.56
c_437,m_1661,365169,app_328,started,400,400,1.56
c_438,m_327,0,app_1373,started,400,400,1.56
c_438,m_327,34468,app_1373,started,400,400,1.56
c_438,m_327,283577,app_1373,started,400,400,1.56
c_438,m_327,317225,app_1373,started,400,400,1.56
c_439,m_1337,0,app_3386,started,400,480,1.56
c_439,m_1337,285437,app_3386,started,400,480,1.56
c_440,m_537,0,app_887,started,400,400,1.56
c_440,m_537,26717,app_887,started,400,400,1.56
c_440,m_537,122846,app_887,started,400,400,1.56
c_440,m_537,263590,app_887,started,400,400,1.56
c_440,m_537,401260,app_887,started,400,400,1.56
c_441,m_1764,0,app_2362,started,800,800,6.25
c_441,m_1764,14032,app_2362,started,800,800,6.25
c_441,m_1764,108574,app_2362,started,800,800,6.25
c_441,m_1764,177242,app_2362,started,800,800,6.25
c_441,m_1764,210846,app_2362,started,800,800,6.25
c_441,m_1764,261966,app_2362,started,800,800,6.25
c_442,m_1114,0,app_622,started,400,400,1.56
c_442,m_1114,29275,app_622,started,400,400,1.56
c_442,m_1114,125592,app_622,started,400,400,1.56
c_442,m_1114,276673,app_622,started,400,400,1.56
c_442,m_1114,439638,app_622,started,400,400,1.56
c_443,m_3261,0,app_7333,started,800,800,3.13
c_443,m_3261,25102,app_7333,started,800,800,3.13
c_443,m_3261,119988,app_7333,started,800,800,3.13
c_443,m_3261,273379,app_7333,started,800,800,3.13
c_443,m_3261,317241,app_7333,started,800,800,3.13
c_444,m_1972,0,app_7349,started,400,400,1.56
c_444,m_1972,12751,app_7349,started,400,400,1.56
c_444,m_1972,107227,app_7349,started,400,400,1.56
c_444,m_1972,176012,app_7349,started,400,400,1.56
c_444,m_1972,209625,app_7349,started,400,400,1.56
c_444,m_1972,260674,app_7349,started,400,400,1.56
c_444,m_1972,351069,app_7349,started,400,400,1.56
c_445,m_489,0,app_5428,started,400,400,3.13
c_445,m_489,158434,app_5428,started,400,400,3.13
c_445,m_489,158799,app_5428,started,400,400,3.13
c_445,m_489,215142,app_5428,started,400,400,3.13
c_445,m_489,285055,app_5428,started,400,400,3.13
c_445,m_489,336398,app_5428,started,400,400,3.13
c_445,m_489,570330,app_5428,started,400,400,3.13
c_446,m_3072,0,app_183,started,400,400,1.56
c_446,m_3072,8989,app_183,started,400,400,1.56
c_446,m_3072,104061,app_183,started,400,400,1.56
c_446,m_3072,173475,app_183,started,400,400,1.56
c_446,m_3072,206608,app_183,started,400,400,1.56
c_446,m_3072,255973,app_183,started,400,400,1.56
c_446,m_3072,324084,app_183,started,400,400,1.56
c_447,m_41,0,app_5898,started,400,400,1.56
c_447,m_41,34980,app_5898,started,400,400,1.56
c_447,m_41,282601,app_5898,started,400,400,1.56
c_447,m_41,448701,app_5898,started,400,400,1.56
c_448,m_851,0,app_141,started,800,800,3.13
c_448,m_851,11523,app_141,started,800,800,3.13
c_448,m_851,106762,app_141,started,800,800,3.13
c_448,m_851,176072,app_141,started,800,800,3.13
c_448,m_851,209237,app_141,started,800,800,3.13
c_448,m_851,258543,app_141,started,800,800,3.13
c_448,m_851,382054,app_141,started,800,800,3.13
c_448,m_851,641140,app_141,started,800,800,3.13
c_449,m_3042,0,app_2175,started,400,400,1.56
c_449,m_3042,24141,app_2175,started,400,400,1.56
c_449,m_3042,119924,app_2175,started,400,400,1.56
c_449,m_3042,271365,app_2175,started,400,400,1.56
c_449,m_3042,397674,app_2175,started,400,400,1.56
c_449,m_3042,660628,app_2175,started,400,400,1.56
c_450,m_2771,0,app_1590,started,400,400,1.56
c_450,m_2771,34217,app_1590,started,400,400,1.56
c_450,m_2771,129622,app_1590,started,400,400,1.56
c_450,m_2771,283315,app_1590,started,400,400,1.56
c_450,m_2771,378431,app_1590,started,400,400,1.56
c_451,m_673,0,app_133,started,800,800,3.13
c_451,m_673,15793,app_133,started,800,800,3.13
c_451,m_673,110296,app_133,started,800,800,3.13
c_451,m_673,263670,app_133,started,800,800,3.13
c_451,m_673,355143,app_133,started,800,800,3.13
c_452,m_3266,0,app_5885,started,400,400,1.56
c_452,m_3266,34339,app_5885,started,400,400,1.56
c_452,m_3266,129749,app_5885,started,400,400,1.56
c_452,m_3266,168461,app_5885,started,400,400,1.56
c_452,m_3266,283436,app_5885,started,400,400,1.56
c_452,m_3266,378552,app_5885,started,400,400,1.56
c_453,m_3361,686975,app_8632,started,400,400,1.56
c_454,m_3719,0,app_6591,started,400,400,1.56
c_454,m_3719,31166,app_6591,started,400,400,1.56
c_454,m_3719,53483,app_6591,started,400,400,1.56
c_454,m_3719,127651,app_6591,started,400,400,1.56
c_454,m_3719,278668,app_6591,started,400,400,1.56
c_454,m_3719,442790,app_6591,started,400,400,1.56
c_455,m_3336,0,app_4635,started,400,400,1.56
c_455,m_3336,25037,app_4635,started,400,400,1.56
c_455,m_3336,58438,app_4635,started,400,400,1.56
c_455,m_3336,119924,app_4635,started,400,400,1.56
c_455,m_3336,273316,app_4635,started,400,400,1.56
c_455,m_3336,367872,app_4635,started,400,400,1.56
c_456,m_1346,212395,app_2916,started,800,800,3.13
c_457,m_3590,0,app_552,started,800,800,3.13
c_457,m_3590,28070,app_552,started,800,800,3.13
c_457,m_3590,124294,app_552,started,800,800,3.13
c_457,m_3590,275409,app_552,started,800,800,3.13
c_457,m_3590,402693,app_552,started,800,800,3.13
c_458,m_651,0,app_9618,started,400,400,3.13
c_458,m_651,244133,app_9618,started,400,400,3.13
c_458,m_651,245197,app_9618,started,400,400,3.13
c_458,m_651,411916,app_9618,started,400,400,3.13
c_459,m_3901,0,app_2695,started,800,800,3.13
c_459,m_3901,15427,app_2695,started,800,800,3.13
c_459,m_3901,109927,app_2695,started,800,800,3.13
c_459,m_3901,263290,app_2695,started,800,800,3.13
c_459,m_3901,354761,app_2695,started,800,800,3.13
c_460,m_555,0,app_1819,started,400,400,1.56
c_460,m_555,22773,app_1819,started,400,400,1.56
c_460,m_555,117942,app_1819,started,400,400,1.56
c_460,m_555,269977,app_1819,started,400,400,1.56
c_460,m_555,394807,app_1819,started,400,400,1.56
c_461,m_1390,0,app_1330,started,400,480,1.56
c_461,m_1390,31229,app_1330,started,400,480,1.56
c_461,m_1390,127710,app_1330,started,400,480,1.56
c_461,m_1390,278727,app_1330,started,400,480,1.56
c_462,m_1862,0,app_4176,started,800,800,3.13
c_462,m_1862,11599,app_4176,started,800,800,3.13
c_462,m_1862,106843,app_4176,started,800,800,3.13
c_462,m_1862,176147,app_4176,started,800,800,3.13
c_462,m_1862,209312,app_4176,started,800,800,3.13
c_462,m_1862,258618,app_4176,started,800,800,3.13
c_462,m_1862,382207,app_4176,started,800,800,3.13
c_462,m_1862,641239,app_4176,started,800,800,3.13
c_463,m_3693,0,app_6464,started,400,400,1.56
c_463,m_3693,285165,app_6464,started,400,400,1.56
c_463,m_3693,412814,app_6464,started,400,400,1.56
c_464,m_2560,0,app_728,started,400,400,1.56
c_464,m_2560,7600,app_728,started,400,400,1.56
c_464,m_2560,102586,app_728,started,400,400,1.56
c_464,m_2560,172012,app_728,started,400,400,1.56
c_464,m_2560,205162,app_728,started,400,400,1.56
c_464,m_2560,211039,app_728,started,400,400,1.56
c_464,m_2560,254520,app_728,started,400,400,1.56
c_464,m_2560,376559,app_728,started,400,400,1.56
c_464,m_2560,635249,app_728,started,400,400,1.56
c_465,m_3643,0,app_900,started,400,400,1.56
c_465,m_3643,18153,app_900,started,400,400,1.56
c_465,m_3643,113709,app_900,started,400,400,1.56
c_465,m_3643,265284,app_900,started,400,400,1.56
c_465,m_3643,426717,app_900,started,400,400,1.56
c_466,m_1599,0,app_9124,started,400,400,1.56
c_466,m_1599,12608,app_9124,started,400,400,1.56
c_466,m_1599,107895,app_9124,started,400,400,1.56
c_466,m_1599,177179,app_9124,started,400,400,1.56
c_466,m_1599,210347,app_9124,started,400,400,1.56
c_466,m_1599,259719,app_9124,started,400,400,1.56
c_466,m_1599,382914,app_9124,started,400,400,1.56
c_466,m_1599,642582,app_9124,started,400,400,1.56
c_467,m_1414,0,app_6763,started,400,400,1.56
c_467,m_1414,34313,app_6763,started,400,400,1.56
c_467,m_1414,125928,app_6763,started,400,400,1.56
c_467,m_1414,130189,app_6763,started,400,400,1.56
c_467,m_1414,162906,app_6763,started,400,400,1.56
c_467,m_1414,248725,app_6763,started,400,400,1.56
c_467,m_1414,340757,app_6763,started,400,400,1.56
c_467,m_1414,343774,app_6763,started,400,400,1.56
c_468,m_2596,0,app_7889,started,400,400,1.56
c_468,m_2596,35134,app_7889,started,400,400,1.56
c_468,m_2596,282761,app_7889,started,400,400,1.56
c_468,m_2596,448955,app_7889,started,400,400,1.56
c_469,m_1316,0,app_3967,started,400,400,1.56
c_469,m_1316,7852,app_3967,started,400,400,1.56
c_469,m_1316,102850,app_3967,started,400,400,1.56
c_469,m_1316,172260,app_3967,started,400,400,1.56
c_469,m_1316,205426,app_3967,started,400,400,1.56
c_469,m_1316,254782,app_3967,started,400,400,1.56
c_469,m_1316,376798,app_3967,started,400,400,1.56
c_470,m_2880,0,app_6512,started,400,400,1.56
c_470,m_2880,19590,app_6512,started,400,400,1.56
c_470,m_2880,115236,app_6512,started,400,400,1.56
c_470,m_2880,240036,app_6512,started,400,400,1.56
c_470,m_2880,390647,app_6512,started,400,400,1.56
c_471,m_780,596822,app_2989,started,400,400,1.56
c_472,m_3806,581914,app_7876,started,800,800,3.13
c_472,m_3806,636820,app_7876,started,800,800,3.13
c_473,m_2651,0,app_2623,started,400,400,1.56
c_473,m_2651,8977,app_2623,started,400,400,1.56
c_473,m_2651,104049,app_2623,started,400,400,1.56
c_473,m_2651,173463,app_2623,started,400,400,1.56
c_473,m_2651,206596,app_2623,started,400,400,1.56
c_473,m_2651,255960,app_2623,started,400,400,1.56
c_473,m_2651,415665,app_2623,started,400,400,1.56
c_474,m_2303,0,app_9314,started,400,480,1.56
c_474,m_2303,9422,app_9314,started,400,480,1.56
c_474,m_2303,103816,app_9314,started,400,480,1.56
c_474,m_2303,172765,app_9314,started,400,480,1.56
c_474,m_2303,206345,app_9314,started,400,480,1.56
c_474,m_2303,257144,app_9314,started,400,480,1.56
c_474,m_2303,635135,app_9314,started,400,480,1.56
c_475,m_2748,0,app_3912,started,400,400,1.56
c_475,m_2748,52696,app_3912,started,400,400,1.56
c_475,m_2748,79030,app_3912,started,400,400,1.56
c_475,m_2748,290364,app_3912,started,400,400,1.56
c_475,m_2748,385973,app_3912,started,400,400,1.56
c_476,m_1220,0,app_552,started,800,800,3.13
c_476,m_1220,158066,app_552,started,800,800,3.13
c_476,m_1220,162883,app_552,started,800,800,3.13
c_476,m_1220,284825,app_552,started,800,800,3.13
c_476,m_1220,380010,app_552,started,800,800,3.13
c_477,m_3276,0,app_3724,started,400,400,1.56
c_477,m_3276,7149,app_3724,started,400,400,1.56
c_477,m_3276,102120,app_3724,started,400,400,1.56
c_477,m_3276,171543,app_3724,started,400,400,1.56
c_477,m_3276,204665,app_3724,started,400,400,1.56
c_477,m_3276,254048,app_3724,started,400,400,1.56
c_477,m_3276,376107,app_3724,started,400,400,1.56
c_478,m_378,0,app_7350,started,400,400,1.56
c_478,m_378,10234,app_7350,started,400,400,1.56
c_478,m_378,104675,app_7350,started,400,400,1.56
c_478,m_378,173617,app_7350,started,400,400,1.56
c_478,m_378,207142,app_7350,started,400,400,1.56
c_478,m_378,257992,app_7350,started,400,400,1.56
c_478,m_378,348308,app_7350,started,400,400,1.56
c_478,m_378,636220,app_7350,started,400,400,1.56
c_479,m_1341,0,app_1215,started,400,400,1.56
c_479,m_1341,27097,app_1215,started,400,400,1.56
c_479,m_1341,123248,app_1215,started,400,400,1.56
c_479,m_1341,274422,app_1215,started,400,400,1.56
c_479,m_1341,436251,app_1215,started,400,400,1.56
c_480,m_296,0,app_821,started,800,800,3.13
c_480,m_296,13542,app_821,started,800,800,3.13
c_480,m_296,108866,app_821,started,800,800,3.13
c_480,m_296,260680,app_821,started,800,800,3.13
c_480,m_296,345044,app_821,started,800,800,3.13
c_481,m_2520,0,app_2504,started,400,400,1.56
c_481,m_2520,26312,app_2504,started,400,400,1.56
c_481,m_2520,122397,app_2504,started,400,400,1.56
c_481,m_2520,273568,app_2504,started,400,400,1.56
c_481,m_2520,434864,app_2504,started,400,400,1.56
c_482,m_544,0,app_6597,started,800,800,3.13
c_482,m_544,15696,app_6597,started,800,800,3.13
c_482,m_544,89544,app_6597,started,800,800,3.13
c_482,m_544,110199,app_6597,started,800,800,3.13
c_482,m_544,158230,app_6597,started,800,800,3.13
c_482,m_544,263576,app_6597,started,800,800,3.13
c_482,m_544,337556,app_6597,started,800,800,3.13
c_483,m_2412,0,app_3442,started,400,480,1.56
c_483,m_2412,18933,app_3442,started,400,480,1.56
c_483,m_2412,114544,app_3442,started,400,480,1.56
c_483,m_2412,266077,app_3442,started,400,480,1.56
c_484,m_1293,0,app_2965,started,400,400,1.56
c_484,m_1293,12362,app_2965,started,400,400,1.56
c_484,m_1293,106835,app_2965,started,400,400,1.56
c_484,m_1293,175642,app_2965,started,400,400,1.56
c_484,m_1293,209253,app_2965,started,400,400,1.56
c_484,m_1293,260273,app_2965,started,400,400,1.56
c_484,m_1293,350657,app_2965,started,400,400,1.56
c_485,m_3378,0,app_4044,started,400,400,1.56
c_485,m_3378,266597,app_4044,started,400,400,1.56
c_485,m_3378,428359,app_4044,started,400,400,1.56
c_486,m_3947,0,app_2556,started,800,960,3.13
c_486,m_3947,23008,app_2556,started,800,960,3.13
c_486,m_3947,117824,app_2556,started,800,960,3.13
c_486,m_3947,137330,app_2556,started,800,960,3.13
c_486,m_3947,271228,app_2556,started,800,960,3.13
c_486,m_3947,297676,app_2556,started,800,960,3.13
c_487,m_356,588217,app_2324,started,800,800,6.25
c_488,m_3831,0,app_5939,started,800,960,3.13
c_488,m_3831,15862,app_5939,started,800,960,3.13
c_488,m_3831,111260,app_5939,started,800,960,3.13
c_488,m_3831,262962,app_5939,started,800,960,3.13
c_489,m_3784,0,app_512,started,400,400,1.56
c_489,m_3784,13752,app_512,started,400,400,1.56
c_489,m_3784,109094,app_512,started,400,400,1.56
c_489,m_3784,253043,app_512,started,400,400,1.56
c_489,m_3784,317617,app_512,started,400,400,1.56
c_490,m_1328,0,app_6911,started,400,400,1.56
c_490,m_1328,12672,app_6911,started,400,400,1.56
c_490,m_1328,107961,app_6911,started,400,400,1.56
c_490,m_1328,177246,app_6911,started,400,400,1.56
c_490,m_1328,210411,app_6911,started,400,400,1.56
c_490,m_1328,259783,app_6911,started,400,400,1.56
c_490,m_1328,383001,app_6911,started,400,400,1.56
c_490,m_1328,642669,app_6911,started,400,400,1.56
c_491,m_661,0,app_3590,started,400,480,1.95
c_491,m_661,35246,app_3590,started,400,480,1.95
c_491,m_661,249484,app_3590,started,400,480,1.95
c_491,m_661,658692,app_3590,started,400,480,1.95
c_492,m_807,0,app_1675,started,800,800,3.13
c_492,m_807,15929,app_1675,started,800,800,3.13
c_492,m_807,110433,app_1675,started,800,800,3.13
c_492,m_807,263805,app_1675,started,800,800,3.13
c_492,m_807,347373,app_1675,started,800,800,3.13
c_493,m_1343,0,app_4650,started,800,800,3.13
c_493,m_1343,34277,app_4650,started,800,800,3.13
c_493,m_1343,129683,app_4650,started,800,800,3.13
c_493,m_1343,283373,app_4650,started,800,800,3.13
c_493,m_1343,378489,app_4650,started,800,800,3.13
c_494,m_1739,0,app_3924,started,400,400,1.56
c_494,m_1739,16219,app_3924,started,400,400,1.56
c_494,m_1739,110728,app_3924,started,400,400,1.56
c_494,m_1739,264078,app_3924,started,400,400,1.56
c_494,m_1739,342211,app_3924,started,400,400,1.56
c_494,m_1739,355556,app_3924,started,400,400,1.56
c_494,m_1739,385295,app_3924,started,400,400,1.56
c_494,m_1739,448320,app_3924,started,400,400,1.56
c_494,m_1739,557534,app_3924,started,400,400,1.56
c_495,m_162,0,app_5678,started,400,400,1.56
c_495,m_162,283821,app_5678,started,400,400,1.56
c_495,m_162,411060,app_5678,started,400,400,1.56
c_496,m_3825,0,app_5840,started,800,960,3.13
c_496,m_3825,285726,app_5840,started,800,960,3.13
c_496,m_3825,386823,app_5840,started,800,960,3.13
c_496,m_3825,402306,app_5840,started,800,960,3.13
c_497,m_1951,0,app_8981,started,400,400,1.56
c_497,m_1951,17589,app_8981,started,400,400,1.56
c_497,m_1951,113089,app_8981,started,400,400,1.56
c_497,m_1951,264698,app_8981,started,400,400,1.56
c_497,m_1951,426163,app_8981,started,400,400,1.56
c_498,m_2390,0,app_4817,started,400,400,1.56
c_498,m_2390,286978,app_4817,started,400,400,1.56
c_498,m_2390,335787,app_4817,started,400,400,1.56
c_499,m_980,0,app_7475,started,400,400,1.56
c_499,m_980,29970,app_7475,started,400,400,1.56
c_499,m_980,125157,app_7475,started,400,400,1.56
c_499,m_980,278591,app_7475,started,400,400,1.56
c_499,m_980,373699,app_7475,started,400,400,1.56
c_500,m_3635,0,app_3167,started,400,400,1.56
c_500,m_3635,27795,app_3167,started,400,400,1.56
c_500,m_3635,122822,app_3167,started,400,400,1.56
c_500,m_3635,158232,app_3167,started,400,400,1.56
c_500,m_3635,276248,app_3167,started,400,400,1.56
c_500,m_3635,371042,app_3167,started,400,400,1.56
c_501,m_629,0,app_6034,started,400,400,1.56
c_501,m_629,22821,app_6034,started,400,400,1.56
c_501,m_629,117637,app_6034,started,400,400,1.56
c_501,m_629,271040,app_6034,started,400,400,1.56
c_501,m_629,365159,app_6034,started,400,400,1.56
c_502,m_1851,597134,app_56,started,400,400,1.56
c_502,m_1851,656449,app_56,started,400,400,1.56
c_502,m_1851,668693,app_56,started,400,400,1.56
c_503,m_2254,0,app_4088,started,400,400,1.56
c_503,m_2254,19434,app_4088,started,400,400,1.56
c_503,m_2254,38630,app_4088,started,400,400,1.56
c_503,m_2254,115071,app_4088,started,400,400,1.56
c_503,m_2254,266626,app_4088,started,400,400,1.56
c_503,m_2254,428429,app_4088,started,400,400,1.56
c_504,m_2835,0,app_2334,started,400,400,1.56
c_504,m_2835,287672,app_2334,started,400,400,1.56
c_504,m_2835,383021,app_2334,started,400,400,1.56
c_505,m_1050,0,app_5546,started,400,400,1.56
c_505,m_1050,283950,app_5546,started,400,400,1.56
c_505,m_1050,411248,app_5546,started,400,400,1.56
c_506,m_3151,0,app_6556,started,400,400,1.56
c_506,m_3151,35089,app_6556,started,400,400,1.56
c_506,m_3151,282715,app_6556,started,400,400,1.56
c_506,m_3151,448860,app_6556,started,400,400,1.56
c_507,m_2338,0,app_4265,started,400,400,1.56
c_507,m_2338,27091,app_4265,started,400,400,1.56
c_507,m_2338,125917,app_4265,started,400,400,1.56
c_507,m_2338,129517,app_4265,started,400,400,1.56
c_507,m_2338,130199,app_4265,started,400,400,1.56
c_507,m_2338,165349,app_4265,started,400,400,1.56
c_507,m_2338,274416,app_4265,started,400,400,1.56
c_507,m_2338,436240,app_4265,started,400,400,1.56
c_508,m_3916,0,app_4077,started,400,400,1.56
c_508,m_3916,73456,app_4077,started,400,400,1.56
c_508,m_3916,285060,app_4077,started,400,400,1.56
c_508,m_3916,451465,app_4077,started,400,400,1.56
c_509,m_2889,0,app_2506,started,400,400,1.56
c_509,m_2889,9813,app_2506,started,400,400,1.56
c_509,m_2889,104224,app_2506,started,400,400,1.56
c_509,m_2889,173201,app_2506,started,400,400,1.56
c_509,m_2889,206726,app_2506,started,400,400,1.56
c_509,m_2889,257554,app_2506,started,400,400,1.56
c_509,m_2889,347862,app_2506,started,400,400,1.56
c_510,m_2696,0,app_3141,stopped,400,480,3.13
c_510,m_2696,34862,app_3141,stopped,400,480,3.13
c_511,m_261,0,app_2955,started,400,480,1.56
c_511,m_261,287894,app_2955,started,400,480,1.56
c_512,m_3557,0,app_8989,started,400,400,1.56
c_512,m_3557,287775,app_8989,started,400,400,1.56
c_512,m_3557,320486,app_8989,started,400,400,1.56
c_513,m_2990,0,app_6575,started,400,400,1.56
c_513,m_2990,290666,app_6575,started,400,400,1.56
c_513,m_2990,386271,app_6575,started,400,400,1.56
c_514,m_2544,0,app_557,started,400,400,1.56
c_514,m_2544,31030,app_557,started,400,400,1.56
c_514,m_2544,127512,app_557,started,400,400,1.56
c_514,m_2544,278534,app_557,started,400,400,1.56
c_514,m_2544,442516,app_557,started,400,400,1.56
c_515,m_36,0,app_2321,started,400,400,1.56
c_515,m_36,50416,app_2321,started,400,400,1.56
c_515,m_36,287600,app_2321,started,400,400,1.56
c_515,m_36,382945,app_2321,started,400,400,1.56
c_516,m_2993,0,app_7186,started,400,400,1.56
c_516,m_2993,14568,app_7186,started,400,400,1.56
c_516,m_2993,109933,app_7186,started,400,400,1.56
c_516,m_2993,249381,app_7186,started,400,400,1.56
c_516,m_2993,385685,app_7186,started,400,400,1.56
c_517,m_2904,0,app_2963,started,400,400,1.56
c_517,m_2904,28142,app_2963,started,400,400,1.56
c_517,m_2904,77594,app_2963,started,400,400,1.56
c_517,m_2904,123192,app_2963,started,400,400,1.56
c_517,m_2904,276632,app_2963,started,400,400,1.56
c_517,m_2904,371432,app_2963,started,400,400,1.56
c_518,m_3070,578727,app_3183,started,800,800,3.13
c_518,m_3070,589180,app_3183,started,800,800,3.13
c_518,m_3070,594825,app_3183,started,800,800,3.13
c_519,m_1482,0,app_2587,started,400,400,1.56
c_519,m_1482,14941,app_2587,started,400,400,1.56
c_519,m_1482,109444,app_2587,started,400,400,1.56
c_519,m_1482,178069,app_2587,started,400,400,1.56
c_519,m_1482,243777,app_2587,started,400,400,1.56
c_519,m_1482,262807,app_2587,started,400,400,1.56
c_519,m_1482,446906,app_2587,started,400,400,1.56
c_519,m_1482,555824,app_2587,started,400,400,1.56
c_520,m_524,0,app_7430,started,800,800,1.56
c_520,m_524,10621,app_7430,started,800,800,1.56
c_520,m_524,39621,app_7430,started,800,800,1.56
c_520,m_524,63761,app_7430,started,800,800,1.56
c_520,m_524,66276,app_7430,started,800,800,1.56
c_520,m_524,105813,app_7430,started,800,800,1.56
c_520,m_524,125914,app_7430,started,800,800,1.56
c_520,m_524,130192,app_7430,started,800,800,1.56
c_520,m_524,164755,app_7430,started,800,800,1.56
c_520,m_524,175155,app_7430,started,800,800,1.56
c_520,m_524,208284,app_7430,started,800,800,1.56
c_520,m_524,257641,app_7430,started,800,800,1.56
c_520,m_524,380334,app_7430,started,800,800,1.56
c_521,m_626,0,app_8704,started,400,400,1.56
c_521,m_626,13617,app_8704,started,400,400,1.56
c_521,m_626,108948,app_8704,started,400,400,1.56
c_521,m_626,260758,app_8704,started,400,400,1.56
c_521,m_626,384683,app_8704,started,400,400,1.56
c_522,m_2172,0,app_8053,started,400,480,1.56
c_522,m_2172,25651,app_8053,started,400,480,1.56
c_522,m_2172,120555,app_8053,started,400,480,1.56
c_522,m_2172,274011,app_8053,started,400,480,1.56
c_523,m_1023,338351,app_1225,started,400,400,1.56
c_523,m_1023,385291,app_1225,started,400,400,1.56
c_524,m_2984,0,app_2076,started,400,400,1.56
c_524,m_2984,26900,app_2076,started,400,400,1.56
c_524,m_2984,60228,app_2076,started,400,400,1.56
c_524,m_2984,121863,app_2076,started,400,400,1.56
c_524,m_2984,275318,app_2076,started,400,400,1.56
c_524,m_2984,370003,app_2076,started,400,400,1.56
c_525,m_1860,0,app_8347,started,800,800,3.13
c_525,m_1860,31213,app_8347,started,800,800,3.13
c_525,m_1860,126470,app_8347,started,800,800,3.13
c_525,m_1860,280185,app_8347,started,800,800,3.13
c_525,m_1860,375150,app_8347,started,800,800,3.13
c_526,m_2242,0,app_5366,started,800,800,3.13
c_526,m_2242,12937,app_5366,started,800,800,3.13
c_526,m_2242,108237,app_5366,started,800,800,3.13
c_526,m_2242,177517,app_5366,started,800,800,3.13
c_526,m_2242,210686,app_5366,started,800,800,3.13
c_526,m_2242,260060,app_5366,started,800,800,3.13
c_526,m_2242,383503,app_5366,started,800,800,3.13
c_527,m_2811,0,app_2737,started,400,400,1.56
c_527,m_2811,11265,app_2737,started,400,400,1.56
c_527,m_2811,105744,app_2737,started,400,400,1.56
c_527,m_2811,174632,app_2737,started,400,400,1.56
c_527,m_2811,208173,app_2737,started,400,400,1.56
c_527,m_2811,259096,app_2737,started,400,400,1.56
c_527,m_2811,349421,app_2737,started,400,400,1.56
c_527,m_2811,589105,app_2737,started,400,400,1.56
c_528,m_3045,0,app_5407,started,400,400,1.56
c_528,m_3045,123895,app_5407,started,400,400,1.56
c_528,m_3045,284739,app_5407,started,400,400,1.56
c_528,m_3045,379903,app_5407,started,400,400,1.56
c_529,m_3186,0,app_3109,started,400,400,1.56
c_529,m_3186,16771,app_3109,started,400,400,1.56
c_529,m_3186,111307,app_3109,started,400,400,1.56
c_529,m_3186,264636,app_3109,started,400,400,1.56
c_529,m_3186,356156,app_3109,started,400,400,1.56
c_530,m_1414,0,app_8299,started,800,800,3.13
c_530,m_1414,34313,app_8299,started,800,800,3.13
c_530,m_1414,125928,app_8299,started,800,800,3.13
c_530,m_1414,130189,app_8299,started,800,800,3.13
c_530,m_1414,162906,app_8299,started,800,800,3.13
c_530,m_1414,248725,app_8299,started,800,800,3.13
c_530,m_1414,340757,app_8299,started,800,800,3.13
c_531,m_473,0,app_141,started,800,800,3.13
c_531,m_473,8993,app_141,started,800,800,3.13
c_531,m_473,104066,app_141,started,800,800,3.13
c_531,m_473,173480,app_141,started,800,800,3.13
c_531,m_473,206612,app_141,started,800,800,3.13
c_531,m_473,255977,app_141,started,800,800,3.13
c_531,m_473,415686,app_141,started,800,800,3.13
c_531,m_473,637602,app_141,started,800,800,3.13
c_532,m_2429,0,app_3300,started,400,400,1.56
c_532,m_2429,20380,app_3300,started,400,400,1.56
c_532,m_2429,115773,app_3300,started,400,400,1.56
c_532,m_2429,269089,app_3300,started,400,400,1.56
c_532,m_2429,363176,app_3300,started,400,400,1.56
c_533,m_3775,0,app_1222,stopped,400,400,1.56
c_533,m_3775,34231,app_1222,stopped,400,400,1.56
c_533,m_3775,129637,app_1222,stopped,400,400,1.56
c_533,m_3775,243792,app_1222,stopped,400,400,1.56
c_533,m_3775,378439,app_1222,stopped,400,400,1.56
c_533,m_3775,678034,app_1222,stopped,400,400,1.56
c_534,m_221,0,app_2649,started,400,400,1.56
c_534,m_221,27196,app_2649,started,400,400,1.56
c_534,m_221,122185,app_2649,started,400,400,1.56
c_534,m_221,275623,app_2649,started,400,400,1.56
c_534,m_221,370354,app_2649,started,400,400,1.56
c_535,m_470,0,app_5432,started,400,400,1.56
c_535,m_470,34522,app_5432,started,400,400,1.56
c_536,m_1374,0,app_2294,started,400,400,1.56
c_536,m_1374,19049,app_2294,started,400,400,1.56
c_536,m_1374,114663,app_2294,started,400,400,1.56
c_536,m_1374,266192,app_2294,started,400,400,1.56
c_536,m_1374,427713,app_2294,started,400,400,1.56
c_537,m_1051,0,app_2814,started,400,480,1.56
c_537,m_1051,35052,app_2814,started,400,480,1.56
c_537,m_1051,282677,app_2814,started,400,480,1.56
c_538,m_3323,468440,app_5475,started,400,400,1.56
c_539,m_3221,0,app_7793,started,400,400,1.56
c_539,m_3221,25145,app_7793,started,400,400,1.56
c_539,m_3221,121139,app_7793,started,400,400,1.56
c_539,m_3221,272369,app_7793,started,400,400,1.56
c_539,m_3221,432548,app_7793,started,400,400,1.56
c_540,m_2204,0,app_1916,started,400,400,1.56
c_540,m_2204,24114,app_1916,started,400,400,1.56
c_540,m_2204,118989,app_1916,started,400,400,1.56
c_540,m_2204,272378,app_1916,started,400,400,1.56
c_540,m_2204,366762,app_1916,started,400,400,1.56
c_541,m_1864,0,app_5877,started,800,800,3.13
c_541,m_1864,14129,app_5877,started,800,800,3.13
c_541,m_1864,108676,app_5877,started,800,800,3.13
c_541,m_1864,177337,app_5877,started,800,800,3.13
c_541,m_1864,210942,app_5877,started,800,800,3.13
c_541,m_1864,262064,app_5877,started,800,800,3.13
c_541,m_1864,347390,app_5877,started,800,800,3.13
c_541,m_1864,641998,app_5877,started,800,800,3.13
c_542,m_1509,36628,app_2649,started,400,400,1.56
c_542,m_1509,285087,app_2649,started,400,400,1.56
c_542,m_1509,311467,app_2649,started,400,400,1.56
c_542,m_1509,412734,app_2649,started,400,400,1.56
c_543,m_4000,0,app_7103,started,400,400,1.56
c_543,m_4000,30576,app_7103,started,400,400,1.56
c_543,m_4000,127013,app_7103,started,400,400,1.56
c_543,m_4000,278050,app_7103,started,400,400,1.56
c_543,m_4000,441670,app_7103,started,400,400,1.56
c_544,m_3561,0,app_1421,started,400,400,1.56
c_544,m_3561,19974,app_1421,started,400,400,1.56
c_544,m_3561,115639,app_1421,started,400,400,1.56
c_544,m_3561,267187,app_1421,started,400,400,1.56
c_544,m_3561,429207,app_1421,started,400,400,1.56
c_545,m_690,243794,app_7942,started,400,400,1.56
c_545,m_690,281781,app_7942,started,400,400,1.56
c_545,m_690,447748,app_7942,started,400,400,1.56
c_546,m_545,2063,app_6318,started,200,200,1.56
c_546,m_545,33012,app_6318,started,200,200,1.56
c_546,m_545,39622,app_6318,started,200,200,1.56
c_546,m_545,129640,app_6318,started,200,200,1.56
c_546,m_545,280535,app_6318,started,200,200,1.56
c_546,m_545,445814,app_6318,started,200,200,1.56
c_547,m_792,562455,app_2815,started,800,800,3.13
c_548,m_3329,0,app_8882,started,400,400,1.56
c_548,m_3329,34511,app_8882,started,400,400,1.56
c_548,m_3329,283624,app_8882,started,400,400,1.56
c_548,m_3329,378734,app_8882,started,400,400,1.56
c_549,m_2898,0,app_6597,started,800,800,3.13
c_549,m_2898,35462,app_6597,started,800,800,3.13
c_549,m_2898,284642,app_6597,started,800,800,3.13
c_549,m_2898,324084,app_6597,started,800,800,3.13
c_550,m_411,0,app_2264,started,400,400,1.56
c_550,m_411,12564,app_2264,started,400,400,1.56
c_550,m_411,107038,app_2264,started,400,400,1.56
c_550,m_411,175832,app_2264,started,400,400,1.56
c_550,m_411,209447,app_2264,started,400,400,1.56
c_550,m_411,260477,app_2264,started,400,400,1.56
c_550,m_411,350862,app_2264,started,400,400,1.56
c_551,m_3802,0,app_130,started,800,800,3.13
c_551,m_3802,10305,app_130,started,800,800,3.13
c_551,m_3802,104754,app_130,started,800,800,3.13
c_551,m_3802,173687,app_130,started,800,800,3.13
c_551,m_3802,207212,app_130,started,800,800,3.13
c_551,m_3802,258070,app_130,started,800,800,3.13
c_551,m_3802,348385,app_130,started,800,800,3.13
c_552,m_2226,0,app_186,started,400,480,1.56
c_552,m_2226,287411,app_186,started,400,480,1.56
c_553,m_2319,0,app_9173,started,400,400,1.56
c_553,m_2319,290145,app_9173,started,400,400,1.56
c_553,m_2319,385728,app_9173,started,400,400,1.56
c_554,m_1419,342055,app_1825,started,800,800,6.25
c_554,m_1419,342267,app_1825,started,800,800,6.25
c_554,m_1419,640186,app_1825,started,800,800,6.25
c_555,m_174,0,app_602,started,400,400,1.56
c_555,m_174,9741,app_602,started,400,400,1.56
c_555,m_174,104149,app_602,started,400,400,1.56
c_555,m_174,173132,app_602,started,400,400,1.56
c_555,m_174,206651,app_602,started,400,400,1.56
c_555,m_174,257475,app_602,started,400,400,1.56
c_555,m_174,347787,app_602,started,400,400,1.56
c_556,m_111,0,app_943,started,400,400,1.56
c_556,m_111,12716,app_943,started,400,400,1.56
c_556,m_111,108009,app_943,started,400,400,1.56
c_556,m_111,177291,app_943,started,400,400,1.56
c_556,m_111,210456,app_943,started,400,400,1.56
c_556,m_111,259832,app_943,started,400,400,1.56
c_556,m_111,383077,app_943,started,400,400,1.56
c_557,m_3519,0,app_1651,started,800,800,6.25
c_557,m_3519,26771,app_1651,started,800,800,6.25
c_557,m_3519,122904,app_1651,started,800,800,6.25
c_557,m_3519,274080,app_1651,started,800,800,6.25
c_557,m_3519,347351,app_1651,started,800,800,6.25
c_558,m_223,0,app_8197,started,400,400,1.56
c_558,m_223,26953,app_8197,started,400,400,1.56
c_558,m_223,123099,app_8197,started,400,400,1.56
c_558,m_223,274278,app_8197,started,400,400,1.56
c_558,m_223,435951,app_8197,started,400,400,1.56
c_559,m_1589,0,app_7899,started,800,800,3.13
c_559,m_1589,12699,app_7899,started,800,800,3.13
c_559,m_1589,107177,app_7899,started,800,800,3.13
c_559,m_1589,175963,app_7899,started,800,800,3.13
c_559,m_1589,209577,app_7899,started,800,800,3.13
c_559,m_1589,260616,app_7899,started,800,800,3.13
c_559,m_1589,351016,app_7899,started,800,800,3.13
c_560,m_3880,0,app_1231,started,800,800,1.56
c_560,m_3880,285396,app_1231,started,800,800,1.56
c_560,m_3880,413052,app_1231,started,800,800,1.56
c_561,m_3961,0,app_1398,started,400,400,1.56
c_561,m_3961,19648,app_1398,started,400,400,1.56
c_561,m_3961,38225,app_1398,started,400,400,1.56
c_561,m_3961,115299,app_1398,started,400,400,1.56
c_561,m_3961,126821,app_1398,started,400,400,1.56
c_561,m_3961,199219,app_1398,started,400,400,1.56
c_561,m_3961,220813,app_1398,started,400,400,1.56
c_561,m_3961,266859,app_1398,started,400,400,1.56
c_561,m_3961,428801,app_1398,started,400,400,1.56
c_562,m_651,0,app_8661,started,800,800,3.13
c_562,m_651,244133,app_8661,started,800,800,3.13
c_562,m_651,245197,app_8661,started,800,800,3.13
c_562,m_651,411916,app_8661,started,800,800,3.13
c_563,m_452,0,app_1904,started,400,400,1.56
c_563,m_452,290506,app_1904,started,400,400,1.56
c_563,m_452,386122,app_1904,started,400,400,1.56
c_564,m_2128,0,app_9733,started,800,800,3.13
c_564,m_2128,8951,app_9733,started,800,800,3.13
c_564,m_2128,104022,app_9733,started,800,800,3.13
c_564,m_2128,173436,app_9733,started,800,800,3.13
c_564,m_2128,206563,app_9733,started,800,800,3.13
c_564,m_2128,255934,app_9733,started,800,800,3.13
c_564,m_2128,342990,app_9733,started,800,800,3.13
c_565,m_744,0,app_7908,started,400,400,1.56
c_565,m_744,285188,app_7908,started,400,400,1.56
c_565,m_744,380386,app_7908,started,400,400,1.56
c_566,m_452,0,app_3680,started,400,400,1.56
c_566,m_452,290506,app_3680,started,400,400,1.56
c_566,m_452,386121,app_3680,started,400,400,1.56
c_567,m_2874,0,app_1810,started,400,400,1.56
c_567,m_2874,287585,app_1810,started,400,400,1.56
c_567,m_2874,382928,app_1810,started,400,400,1.56
c_567,m_2874,465079,app_1810,started,400,400,1.56
c_568,m_3531,0,app_5223,started,400,400,1.56
c_568,m_3531,11373,app_5223,started,400,400,1.56
c_568,m_3531,105855,app_5223,started,400,400,1.56
c_568,m_3531,174736,app_5223,started,400,400,1.56
c_568,m_3531,208283,app_5223,started,400,400,1.56
c_568,m_3531,259212,app_5223,started,400,400,1.56
c_568,m_3531,317241,app_5223,started,400,400,1.56
c_568,m_3531,637667,app_5223,started,400,400,1.56
c_569,m_91,0,app_2660,started,800,800,3.13
c_569,m_91,124011,app_2660,started,800,800,3.13
c_569,m_91,129529,app_2660,started,800,800,3.13
c_569,m_91,129978,app_2660,started,800,800,3.13
c_569,m_91,285310,app_2660,started,800,800,3.13
c_569,m_91,330690,app_2660,started,800,800,3.13
c_570,m_2539,0,app_2413,started,400,400,1.56
c_570,m_2539,31074,app_2413,started,400,400,1.56
c_570,m_2539,126326,app_2413,started,400,400,1.56
c_570,m_2539,157506,app_2413,started,400,400,1.56
c_571,m_3062,0,app_8575,started,400,400,3.13
c_571,m_3062,22639,app_8575,started,400,400,3.13
c_571,m_3062,117804,app_8575,started,400,400,3.13
c_571,m_3062,230127,app_8575,started,400,400,3.13
c_571,m_3062,394617,app_8575,started,400,400,3.13
c_572,m_2768,0,app_8012,started,800,800,3.13
c_572,m_2768,24212,app_8012,started,800,800,3.13
c_572,m_2768,120129,app_8012,started,800,800,3.13
c_572,m_2768,271434,app_8012,started,800,800,3.13
c_572,m_2768,347361,app_8012,started,800,800,3.13
c_573,m_1814,0,app_3589,started,400,480,1.56
c_573,m_1814,28238,app_3589,started,400,480,1.56
c_573,m_1814,124479,app_3589,started,400,480,1.56
c_573,m_1814,275571,app_3589,started,400,480,1.56
c_574,m_149,0,app_7037,started,400,400,1.56
c_574,m_149,9838,app_7037,started,400,400,1.56
c_574,m_149,104250,app_7037,started,400,400,1.56
c_574,m_149,173228,app_7037,started,400,400,1.56
c_574,m_149,206752,app_7037,started,400,400,1.56
c_574,m_149,257580,app_7037,started,400,400,1.56
c_574,m_149,347889,app_7037,started,400,400,1.56
c_575,m_2645,0,app_970,started,400,400,1.56
c_575,m_2645,290002,app_970,started,400,400,1.56
c_575,m_2645,385577,app_970,started,400,400,1.56
c_575,m_2645,588963,app_970,started,400,400,1.56
c_576,m_2250,0,app_6799,started,400,400,1.56
c_576,m_2250,34973,app_6799,started,400,400,1.56
c_576,m_2250,249567,app_6799,started,400,400,1.56
c_576,m_2250,448696,app_6799,started,400,400,1.56
c_577,m_1289,0,app_8347,started,800,800,3.13
c_577,m_1289,31971,app_8347,started,800,800,3.13
c_577,m_1289,128496,app_8347,started,800,800,3.13
c_577,m_1289,279455,app_8347,started,800,800,3.13
c_578,m_2647,0,app_8683,started,400,400,1.56
c_578,m_2647,18760,app_8683,started,400,400,1.56
c_578,m_2647,114353,app_8683,started,400,400,1.56
c_578,m_2647,265901,app_8683,started,400,400,1.56
c_578,m_2647,427269,app_8683,started,400,400,1.56
c_579,m_595,0,app_1596,started,400,480,1.56
c_579,m_595,32276,app_1596,started,400,480,1.56
c_579,m_595,127586,app_1596,started,400,480,1.56
c_579,m_595,281262,app_1596,started,400,480,1.56
c_580,m_1986,0,app_4665,started,400,400,1.56
c_580,m_1986,29133,app_4665,started,400,400,1.56
c_580,m_1986,53489,app_4665,started,400,400,1.56
c_580,m_1986,125425,app_4665,started,400,400,1.56
c_580,m_1986,222721,app_4665,started,400,400,1.56
c_580,m_1986,224026,app_4665,started,400,400,1.56
c_580,m_1986,276497,app_4665,started,400,400,1.56
c_580,m_1986,439454,app_4665,started,400,400,1.56
c_581,m_1316,0,app_4698,started,400,400,1.56
c_581,m_1316,7852,app_4698,started,400,400,1.56
c_581,m_1316,102850,app_4698,started,400,400,1.56
c_581,m_1316,172260,app_4698,started,400,400,1.56
c_581,m_1316,205426,app_4698,started,400,400,1.56
c_581,m_1316,254782,app_4698,started,400,400,1.56
c_581,m_1316,376798,app_4698,started,400,400,1.56
c_582,m_3046,0,app_5787,started,400,400,1.56
c_582,m_3046,34297,app_5787,started,400,400,1.56
c_582,m_3046,129703,app_5787,started,400,400,1.56
c_582,m_3046,283391,app_5787,started,400,400,1.56
c_582,m_3046,378508,app_5787,started,400,400,1.56
c_583,m_665,0,app_2951,started,400,400,1.56
c_583,m_665,11716,app_2951,started,400,400,1.56
c_583,m_665,106196,app_2951,started,400,400,1.56
c_583,m_665,175058,app_2951,started,400,400,1.56
c_583,m_665,208654,app_2951,started,400,400,1.56
c_583,m_665,259642,app_2951,started,400,400,1.56
c_583,m_665,349936,app_2951,started,400,400,1.56
c_584,m_3465,0,app_3456,started,800,800,6.25
c_584,m_3465,10825,app_3456,started,800,800,6.25
c_584,m_3465,105291,app_3456,started,800,800,6.25
c_584,m_3465,174199,app_3456,started,800,800,6.25
c_584,m_3465,207740,app_3456,started,800,800,6.25
c_584,m_3465,258627,app_3456,started,800,800,6.25
c_584,m_3465,324081,app_3456,started,800,800,6.25
c_585,m_1767,0,app_3637,started,400,400,1.56
c_585,m_1767,23155,app_3637,started,400,400,1.56
c_585,m_1767,117975,app_3637,started,400,400,1.56
c_585,m_1767,271394,app_3637,started,400,400,1.56
c_585,m_1767,365535,app_3637,started,400,400,1.56
c_586,m_2154,0,app_7097,started,800,800,3.13
c_587,m_1600,0,app_7908,started,400,400,1.56
c_587,m_1600,15639,app_7908,started,400,400,1.56
c_587,m_1600,110140,app_7908,started,400,400,1.56
c_587,m_1600,263513,app_7908,started,400,400,1.56
c_587,m_1600,354980,app_7908,started,400,400,1.56
c_588,m_2937,0,app_1094,started,400,4800,1.56
c_588,m_2937,26416,app_1094,started,400,4800,1.56
c_588,m_2937,121348,app_1094,started,400,4800,1.56
c_588,m_2937,186124,app_1094,started,400,4800,1.56
c_588,m_2937,274808,app_1094,started,400,4800,1.56
c_588,m_2937,369474,app_1094,started,400,4800,1.56
c_589,m_2854,0,app_1260,started,800,800,3.13
c_589,m_2854,285441,app_1260,started,800,800,3.13
c_590,m_2073,0,app_7048,started,400,400,1.56
c_590,m_2073,32866,app_7048,started,400,400,1.56
c_590,m_2073,129483,app_7048,started,400,400,1.56
c_590,m_2073,280392,app_7048,started,400,400,1.56
c_590,m_2073,445690,app_7048,started,400,400,1.56
c_591,m_837,0,app_2609,started,400,400,1.56
c_591,m_837,18626,app_2609,started,400,400,1.56
c_591,m_837,114207,app_2609,started,400,400,1.56
c_591,m_837,265765,app_2609,started,400,400,1.56
c_591,m_837,427094,app_2609,started,400,400,1.56
c_592,m_2189,0,app_9352,started,400,400,1.56
c_592,m_2189,9007,app_9352,started,400,400,1.56
c_592,m_2189,104080,app_9352,started,400,400,1.56
c_592,m_2189,173493,app_9352,started,400,400,1.56
c_592,m_2189,206625,app_9352,started,400,400,1.56
c_592,m_2189,255990,app_9352,started,400,400,1.56
c_592,m_2189,337552,app_9352,started,400,400,1.56
c_593,m_1616,0,app_3477,started,400,400,1.56
c_593,m_1616,32428,app_3477,started,400,400,1.56
c_593,m_1616,128998,app_3477,started,400,400,1.56
c_593,m_1616,279934,app_3477,started,400,400,1.56
c_593,m_1616,444979,app_3477,started,400,400,1.56
c_594,m_2642,0,app_2347,started,800,800,3.13
c_594,m_2642,286841,app_2347,started,800,800,3.13
c_594,m_2642,382129,app_2347,started,800,800,3.13
c_595,m_2489,0,app_3680,started,400,400,1.56
c_595,m_2489,15497,app_3680,started,400,400,1.56
c_595,m_2489,109998,app_3680,started,400,400,1.56
c_595,m_2489,263375,app_3680,started,400,400,1.56
c_595,m_2489,354834,app_3680,started,400,400,1.56
c_596,m_1311,0,app_5795,started,400,400,1.56
c_596,m_1311,25267,app_5795,started,400,400,1.56
c_596,m_1311,120157,app_5795,started,400,400,1.56
c_596,m_1311,220588,app_5795,started,400,400,1.56
c_596,m_1311,273547,app_5795,started,400,400,1.56
c_596,m_1311,368114,app_5795,started,400,400,1.56
c_597,m_3524,580448,app_3665,started,400,400,1.56
c_597,m_3524,589173,app_3665,started,400,400,1.56
c_597,m_3524,594724,app_3665,started,400,400,1.56
c_598,m_607,0,app_1063,started,800,800,3.13
c_598,m_607,13657,app_1063,started,800,800,3.13
c_598,m_607,108989,app_1063,started,800,800,3.13
c_598,m_607,158063,app_1063,started,800,800,3.13
c_598,m_607,260796,app_1063,started,800,800,3.13
c_598,m_607,318015,app_1063,started,800,800,3.13
c_598,m_607,384745,app_1063,started,800,800,3.13
c_599,m_3634,0,app_3096,started,400,400,1.56
c_599,m_3634,9242,app_3096,started,400,400,1.56
c_599,m_3634,104316,app_3096,started,400,400,1.56
c_599,m_3634,173729,app_3096,started,400,400,1.56
c_599,m_3634,206857,app_3096,started,400,400,1.56
c_599,m_3634,256218,app_3096,started,400,400,1.56
c_599,m_3634,416047,app_3096,started,400,400,1.56
c_600,m_1758,0,app_9322,started,400,400,1.56
c_600,m_1758,16279,app_9322,started,400,400,1.56
c_600,m_1758,49251,app_9322,started,400,400,1.56
c_600,m_1758,110790,app_9322,started,400,400,1.56
c_600,m_1758,264137,app_9322,started,400,400,1.56
c_600,m_1758,355606,app_9322,started,400,400,1.56
c_600,m_1758,448369,app_9322,started,400,400,1.56
c_600,m_1758,557629,app_9322,started,400,400,1.56
c_601,m_2666,0,app_7876,started,800,800,3.13
c_601,m_2666,12858,app_7876,started,800,800,3.13
c_601,m_2666,108156,app_7876,started,800,800,3.13
c_601,m_2666,177437,app_7876,stopped,800,800,3.13
c_601,m_2666,210601,app_7876,started,800,800,3.13
c_601,m_2666,259979,app_7876,started,800,800,3.13
c_601,m_2666,383326,app_7876,started,800,800,3.13
c_601,m_2666,642924,app_7876,started,800,800,3.13
c_602,m_1987,0,app_1133,started,400,400,1.56
c_602,m_1987,27135,app_1133,started,400,400,1.56
c_602,m_1987,123289,app_1133,started,400,400,1.56
c_602,m_1987,274461,app_1133,started,400,400,1.56
c_602,m_1987,436300,app_1133,started,400,400,1.56
c_603,m_3058,0,app_8865,started,400,480,1.56
c_603,m_3058,24105,app_8865,started,400,480,1.56
c_603,m_3058,118981,app_8865,started,400,480,1.56
c_603,m_3058,272370,app_8865,started,400,480,1.56
c_603,m_3058,581707,app_8865,started,400,480,1.56
c_604,m_2820,0,app_5671,started,400,400,1.56
c_604,m_2820,10591,app_5671,started,400,400,1.56
c_604,m_2820,105781,app_5671,started,400,400,1.56
c_604,m_2820,175122,app_5671,started,400,400,1.56
c_604,m_2820,208253,app_5671,started,400,400,1.56
c_604,m_2820,257609,app_5671,started,400,400,1.56
c_604,m_2820,380293,app_5671,started,400,400,1.56
c_605,m_994,0,app_5219,started,400,400,1.56
c_606,m_895,0,app_9352,started,400,400,1.56
c_606,m_895,13826,app_9352,started,400,400,1.56
c_606,m_895,109161,app_9352,started,400,400,1.56
c_606,m_895,260959,app_9352,started,400,400,1.56
c_606,m_895,384955,app_9352,started,400,400,1.56
c_607,m_3989,0,app_6591,started,400,400,1.56
c_607,m_3989,17224,app_6591,started,400,400,1.56
c_607,m_3989,111756,app_6591,started,400,400,1.56
c_607,m_3989,265068,app_6591,started,400,400,1.56
c_607,m_3989,357570,app_6591,started,400,400,1.56
c_608,m_1977,0,app_4965,started,400,480,1.56
c_608,m_1977,19729,app_4965,started,400,480,1.56
c_608,m_1977,42681,app_4965,started,400,480,1.56
c_608,m_1977,115386,app_4965,started,400,480,1.56
c_608,m_1977,266943,app_4965,started,400,480,1.56
c_609,m_3887,0,app_334,started,400,400,1.56
c_609,m_3887,34369,app_334,started,400,400,1.56
c_609,m_3887,281948,app_334,started,400,400,1.56
c_609,m_3887,448055,app_334,started,400,400,1.56
c_610,m_1918,0,app_5416,started,400,400,1.56
c_610,m_1918,32724,app_5416,started,400,400,1.56
c_610,m_1918,129332,app_5416,started,400,400,1.56
c_610,m_1918,280251,app_5416,started,400,400,1.56
c_610,m_1918,445496,app_5416,started,400,400,1.56
c_611,m_3913,250882,app_1644,started,800,800,3.13
c_611,m_3913,282113,app_1644,started,800,800,3.13
c_611,m_3913,448346,app_1644,started,800,800,3.13
c_612,m_713,0,app_7912,started,400,400,1.56
c_612,m_713,13531,app_7912,started,400,400,1.56
c_612,m_713,108037,app_7912,started,400,400,1.56
c_612,m_713,176737,app_7912,started,400,400,1.56
c_612,m_713,210355,app_7912,started,400,400,1.56
c_612,m_713,261442,app_7912,started,400,400,1.56
c_612,m_713,337546,app_7912,started,400,400,1.56
c_613,m_2022,0,app_404,started,400,400,1.56
c_613,m_2022,9752,app_404,started,400,400,1.56
c_613,m_2022,57633,app_404,started,400,400,1.56
c_613,m_2022,58470,app_404,started,400,400,1.56
c_613,m_2022,104162,app_404,started,400,400,1.56
c_613,m_2022,173143,app_404,started,400,400,1.56
c_613,m_2022,206663,app_404,started,400,400,1.56
c_613,m_2022,257487,app_404,started,400,400,1.56
c_613,m_2022,347799,app_404,started,400,400,1.56
c_614,m_1917,0,app_3453,started,400,400,1.56
c_614,m_1917,26785,app_3453,started,400,400,1.56
c_614,m_1917,122917,app_3453,started,400,400,1.56
c_614,m_1917,274092,app_3453,started,400,400,1.56
c_614,m_1917,401337,app_3453,started,400,400,1.56
c_614,m_1917,592866,app_3453,started,400,400,1.56
c_614,m_1917,639290,app_3453,started,400,400,1.56
c_615,m_1223,0,app_8289,started,400,400,1.56
c_615,m_1223,22551,app_8289,started,400,400,1.56
c_615,m_1223,53477,app_8289,started,400,400,1.56
c_615,m_1223,117357,app_8289,started,400,400,1.56
c_615,m_1223,270756,app_8289,started,400,400,1.56
c_615,m_1223,364851,app_8289,started,400,400,1.56
c_616,m_1199,0,app_1352,started,800,960,3.13
c_616,m_1199,22546,app_1352,started,800,960,3.13
c_616,m_1199,117709,app_1352,started,800,960,3.13
c_616,m_1199,269746,app_1352,started,800,960,3.13
c_616,m_1199,676516,app_1352,started,800,960,3.13
c_617,m_835,0,app_6026,started,400,400,1.56
c_617,m_835,284542,app_6026,started,400,400,1.56
c_617,m_835,451090,app_6026,started,400,400,1.56
c_618,m_1864,0,app_5877,started,800,800,3.13
c_618,m_1864,14129,app_5877,started,800,800,3.13
c_618,m_1864,108676,app_5877,started,800,800,3.13
c_618,m_1864,177337,app_5877,started,800,800,3.13
c_618,m_1864,210942,app_5877,started,800,800,3.13
c_618,m_1864,262064,app_5877,started,800,800,3.13
c_618,m_1864,347390,app_5877,started,800,800,3.13
c_618,m_1864,641998,app_5877,started,800,800,3.13
c_619,m_655,0,app_4939,started,400,400,1.56
c_619,m_655,258690,app_4939,started,400,400,1.56
c_619,m_655,340533,app_4939,started,400,400,1.56
c_620,m_1488,0,app_7629,started,400,400,1.56
c_620,m_1488,22326,app_7629,started,400,400,1.56
c_620,m_1488,117482,app_7629,started,400,400,1.56
c_620,m_1488,269514,app_7629,started,400,400,1.56
c_620,m_1488,394391,app_7629,started,400,400,1.56
c_621,m_1384,0,app_3246,started,1600,1600,6.25
c_621,m_1384,29349,app_3246,started,1600,1600,6.25
c_621,m_1384,125928,app_3246,started,1600,1600,6.25
c_621,m_1384,130189,app_3246,started,1600,1600,6.25
c_621,m_1384,162882,app_3246,started,1600,1600,6.25
c_621,m_1384,276750,app_3246,started,1600,1600,6.25
c_621,m_1384,334240,app_3246,started,1600,1600,6.25
c_621,m_1384,682233,app_3246,started,1600,1600,6.25
c_622,m_2146,0,app_5568,started,800,800,3.13
c_622,m_2146,9157,app_5568,started,800,800,3.13
c_622,m_2146,103538,app_5568,started,800,800,3.13
c_622,m_2146,164043,app_5568,started,800,800,3.13
c_622,m_2146,172500,app_5568,started,800,800,3.13
c_622,m_2146,206067,app_5568,started,800,800,3.13
c_622,m_2146,256854,app_5568,started,800,800,3.13
c_622,m_2146,347118,app_5568,started,800,800,3.13
c_623,m_3632,583900,app_2763,started,400,400,1.56
c_624,m_652,0,app_3172,started,400,400,3.13
c_624,m_652,15199,app_3172,started,400,400,3.13
c_624,m_652,110563,app_3172,started,400,400,3.13
c_624,m_652,262309,app_3172,started,400,400,3.13
c_624,m_652,422064,app_3172,started,400,400,3.13
c_625,m_3486,0,app_4937,started,400,400,1.56
c_625,m_3486,12455,app_4937,started,400,400,1.56
c_625,m_3486,49300,app_4937,started,400,400,1.56
c_625,m_3486,106929,app_4937,started,400,400,1.56
c_625,m_3486,175729,app_4937,started,400,400,1.56
c_625,m_3486,209342,app_4937,started,400,400,1.56
c_625,m_3486,260366,app_4937,started,400,400,1.56
c_625,m_3486,350753,app_4937,started,400,400,1.56
c_626,m_3533,0,app_4479,started,400,400,1.56
c_626,m_3533,22859,app_4479,started,400,400,1.56
c_626,m_3533,118030,app_4479,started,400,400,1.56
c_626,m_3533,270060,app_4479,started,400,400,1.56
c_626,m_3533,431233,app_4479,started,400,400,1.56
c_627,m_808,0,app_2413,started,400,400,1.56
c_627,m_808,14781,app_2413,started,400,400,1.56
c_627,m_808,109290,app_2413,started,400,400,1.56
c_628,m_1900,0,app_1508,started,400,400,1.56
c_628,m_1900,10650,app_1508,started,400,400,1.56
c_628,m_1900,50427,app_1508,started,400,400,1.56
c_628,m_1900,51107,app_1508,started,400,400,1.56
c_628,m_1900,105845,app_1508,started,400,400,1.56
c_628,m_1900,175185,app_1508,started,400,400,1.56
c_628,m_1900,208329,app_1508,started,400,400,1.56
c_628,m_1900,257671,app_1508,started,400,400,1.56
c_628,m_1900,380388,app_1508,started,400,400,1.56
c_629,m_1279,0,app_7523,started,400,400,1.56
c_629,m_1279,26919,app_7523,started,400,400,1.56
c_629,m_1279,123063,app_7523,started,400,400,1.56
c_629,m_1279,274245,app_7523,started,400,400,1.56
c_629,m_1279,435898,app_7523,started,400,400,1.56
c_630,m_1135,0,app_6763,started,400,400,1.56
c_630,m_1135,10739,app_6763,started,400,400,1.56
c_630,m_1135,105204,app_6763,started,400,400,1.56
c_630,m_1135,174118,app_6763,started,400,400,1.56
c_630,m_1135,207652,app_6763,started,400,400,1.56
c_630,m_1135,258540,app_6763,started,400,400,1.56
c_631,m_616,0,app_9297,started,400,400,1.56
c_631,m_616,32643,app_9297,started,400,400,1.56
c_631,m_616,129237,app_9297,started,400,400,1.56
c_631,m_616,280161,app_9297,started,400,400,1.56
c_631,m_616,445383,app_9297,started,400,400,1.56
c_632,m_1814,0,app_5062,started,400,480,1.56
c_632,m_1814,28238,app_5062,started,400,480,1.56
c_632,m_1814,124479,app_5062,started,400,480,1.56
c_632,m_1814,275571,app_5062,started,400,480,1.56
c_632,m_1814,438345,app_5062,started,400,480,1.56
c_633,m_323,0,app_7950,started,800,800,3.13
c_633,m_323,22374,app_7950,started,800,800,3.13
c_633,m_323,117532,app_7950,started,800,800,3.13
c_633,m_323,269572,app_7950,started,800,800,3.13
c_633,m_323,430627,app_7950,started,800,800,3.13
c_634,m_3408,0,app_5785,started,400,400,1.56
c_634,m_3408,31159,app_5785,started,400,400,1.56
c_634,m_3408,127644,app_5785,started,400,400,1.56
c_634,m_3408,278661,app_5785,started,400,400,1.56
c_634,m_3408,442781,app_5785,started,400,400,1.56
c_635,m_37,0,app_4420,started,400,400,1.56
c_635,m_37,19093,app_4420,started,400,400,1.56
c_635,m_37,114709,app_4420,started,400,400,1.56
c_635,m_37,266265,app_4420,started,400,400,1.56
c_635,m_37,340534,app_4420,started,400,400,1.56
c_636,m_2343,0,app_7967,started,400,400,1.56
c_636,m_2343,289377,app_7967,started,400,400,1.56
c_636,m_2343,320723,app_7967,started,400,400,1.56
c_637,m_1240,0,app_3288,started,800,800,3.13
c_637,m_1240,35505,app_3288,started,800,800,3.13
c_637,m_1240,284686,app_3288,started,800,800,3.13
c_637,m_1240,294728,app_3288,started,800,800,3.13
c_637,m_1240,379849,app_3288,started,800,800,3.13
c_638,m_2574,0,app_3033,started,400,400,1.56
c_638,m_2574,284641,app_3033,started,400,400,1.56
c_638,m_2574,451208,app_3033,started,400,400,1.56
c_639,m_2449,0,app_7099,started,400,400,1.56
c_639,m_2449,35162,app_7099,started,400,400,1.56
c_639,m_2449,282791,app_7099,started,400,400,1.56
c_639,m_2449,448988,app_7099,started,400,400,1.56
c_640,m_1269,0,app_5157,started,400,400,1.56
c_640,m_1269,9490,app_5157,started,400,400,1.56
c_640,m_1269,104585,app_5157,started,400,400,1.56
c_640,m_1269,173978,app_5157,started,400,400,1.56
c_640,m_1269,207111,app_5157,started,400,400,1.56
c_640,m_1269,256463,app_5157,started,400,400,1.56
c_640,m_1269,416418,app_5157,started,400,400,1.56
c_641,m_375,0,app_1596,started,400,400,1.56
c_641,m_375,14258,app_1596,started,400,400,1.56
c_641,m_375,109615,app_1596,started,400,400,1.56
c_641,m_375,261396,app_1596,started,400,400,1.56
c_641,m_375,385367,app_1596,started,400,400,1.56
c_642,m_860,0,app_3988,started,400,400,1.56
c_642,m_860,32130,app_3988,started,400,400,1.56
c_642,m_860,127431,app_3988,started,400,400,1.56
c_642,m_860,240039,app_3988,started,400,400,1.56
c_642,m_860,376099,app_3988,started,400,400,1.56
c_643,m_3755,557802,app_6140,started,400,400,1.56
c_643,m_3755,558386,app_6140,started,400,400,1.56
c_643,m_3755,641004,app_6140,started,400,400,1.56
c_644,m_1897,0,app_4526,started,400,400,1.56
c_644,m_1897,12609,app_4526,started,400,400,1.56
c_644,m_1897,37494,app_4526,started,400,400,1.56
c_644,m_1897,68378,app_4526,started,400,400,1.56
c_644,m_1897,71495,app_4526,started,400,400,1.56
c_644,m_1897,107084,app_4526,started,400,400,1.56
c_644,m_1897,125920,app_4526,started,400,400,1.56
c_644,m_1897,130170,app_4526,started,400,400,1.56
c_644,m_1897,162841,app_4526,started,400,400,1.56
c_644,m_1897,175876,app_4526,started,400,400,1.56
c_644,m_1897,209491,app_4526,started,400,400,1.56
c_644,m_1897,260522,app_4526,started,400,400,1.56
c_644,m_1897,350909,app_4526,started,400,400,1.56
c_645,m_1052,0,app_9519,started,400,400,1.56
c_645,m_1052,9542,app_9519,started,400,400,1.56
c_645,m_1052,104642,app_9519,started,400,400,1.56
c_645,m_1052,174039,app_9519,started,400,400,1.56
c_645,m_1052,207165,app_9519,started,400,400,1.56
c_645,m_1052,256516,app_9519,started,400,400,1.56
c_645,m_1052,416500,app_9519,started,400,400,1.56
c_646,m_486,0,app_3136,started,400,400,1.56
c_646,m_486,16435,app_3136,started,400,400,1.56
c_646,m_486,110957,app_3136,started,400,400,1.56
c_646,m_486,264301,app_3136,started,400,400,1.56
c_646,m_486,355743,app_3136,started,400,400,1.56
c_647,m_2089,0,app_7598,started,400,400,1.56
c_647,m_2089,285061,app_7598,started,400,400,1.56
c_647,m_2089,337558,app_7598,started,400,400,1.56
c_648,m_2570,0,app_2455,started,400,400,1.56
c_648,m_2570,27835,app_2455,started,400,400,1.56
c_648,m_2570,122865,app_2455,started,400,400,1.56
c_648,m_2570,276289,app_2455,started,400,400,1.56
c_648,m_2570,371082,app_2455,started,400,400,1.56
c_649,m_2071,0,app_2347,started,800,800,3.13
c_649,m_2071,9438,app_2347,started,800,800,3.13
c_649,m_2071,104529,app_2347,started,800,800,3.13
c_649,m_2071,173925,app_2347,started,800,800,3.13
c_649,m_2071,207054,app_2347,started,800,800,3.13
c_649,m_2071,256410,app_2347,started,800,800,3.13
c_649,m_2071,378247,app_2347,started,800,800,3.13
c_649,m_2071,593976,app_2347,started,800,800,3.13
c_650,m_2464,0,app_3032,started,800,800,3.13
c_650,m_2464,13737,app_3032,started,800,800,3.13
c_650,m_2464,108252,app_3032,started,800,800,3.13
c_650,m_2464,176943,app_3032,started,800,800,3.13
c_650,m_2464,210553,app_3032,started,800,800,3.13
c_650,m_2464,261651,app_3032,started,800,800,3.13
c_651,m_3392,0,app_5936,started,400,400,1.56
c_651,m_3392,283940,app_5936,started,400,400,1.56
c_651,m_3392,411235,app_5936,started,400,400,1.56
c_652,m_1574,0,app_3138,started,400,400,1.56
c_652,m_1574,16594,app_3138,started,400,400,1.56
c_652,m_1574,111118,app_3138,started,400,400,1.56
c_652,m_1574,264452,app_3138,started,400,400,1.56
c_652,m_1574,355942,app_3138,started,400,400,1.56
c_653,m_12,228869,app_7510,started,800,800,3.13
c_653,m_12,270680,app_7510,started,800,800,3.13
c_653,m_12,431650,app_7510,started,800,800,3.13
c_654,m_3549,0,app_3180,started,400,400,1.56
c_654,m_3549,32488,app_3180,started,400,400,1.56
c_654,m_3549,127814,app_3180,started,400,400,1.56
c_654,m_3549,281489,app_3180,started,400,400,1.56
c_654,m_3549,376519,app_3180,started,400,400,1.56
c_655,m_3634,0,app_4485,started,400,400,1.56
c_655,m_3634,9241,app_4485,started,400,400,1.56
c_655,m_3634,104316,app_4485,started,400,400,1.56
c_655,m_3634,173729,app_4485,started,400,400,1.56
c_655,m_3634,206857,app_4485,started,400,400,1.56
c_655,m_3634,256218,app_4485,started,400,400,1.56
c_655,m_3634,416047,app_4485,started,400,400,1.56
c_656,m_3356,0,app_6658,started,800,800,3.13
c_656,m_3356,29302,app_6658,started,800,800,3.13
c_656,m_3356,125622,app_6658,started,800,800,3.13
c_656,m_3356,276702,app_6658,started,800,800,3.13
c_656,m_3356,404461,app_6658,started,800,800,3.13
c_657,m_1708,0,app_1176,started,400,400,1.56
c_657,m_1708,23779,app_1176,started,400,400,1.56
c_657,m_1708,119040,app_1176,started,400,400,1.56
c_657,m_1708,210555,app_1176,started,400,400,1.56
c_657,m_1708,271006,app_1176,started,400,400,1.56
c_657,m_1708,431843,app_1176,started,400,400,1.56
c_658,m_3959,0,app_8988,started,800,800,3.13
c_658,m_3959,34197,app_8988,started,800,800,3.13
c_658,m_3959,281765,app_8988,started,800,800,3.13
c_658,m_3959,408571,app_8988,started,800,800,3.13
c_659,m_3619,0,app_7542,started,400,400,1.56
c_659,m_3619,25304,app_7542,started,400,400,1.56
c_659,m_3619,121313,app_7542,started,400,400,1.56
c_659,m_3619,272545,app_7542,started,400,400,1.56
c_659,m_3619,432759,app_7542,started,400,400,1.56
c_660,m_2848,0,app_7475,started,400,400,1.56
c_660,m_2848,14816,app_7475,started,400,400,1.56
c_660,m_2848,109323,app_7475,started,400,400,1.56
c_660,m_2848,177950,app_7475,started,400,400,1.56
c_660,m_2848,262689,app_7475,started,400,400,1.56
c_660,m_2848,335100,app_7475,started,400,400,1.56
c_660,m_2848,638750,app_7475,started,400,400,1.56
c_660,m_2848,650098,app_7475,started,400,400,1.56
c_660,m_2848,689378,app_7475,started,400,400,1.56
c_661,m_3240,0,app_4265,started,400,400,1.56
c_661,m_3240,285106,app_4265,started,400,400,1.56
c_661,m_3240,380318,app_4265,started,400,400,1.56
c_662,m_2925,340006,app_8360,started,800,800,3.13
c_663,m_3504,0,app_682,started,800,800,3.13
c_663,m_3504,11770,app_682,started,800,800,3.13
c_663,m_3504,107024,app_682,started,800,800,3.13
c_663,m_3504,176331,app_682,started,800,800,3.13
c_663,m_3504,209488,app_682,started,800,800,3.13
c_663,m_3504,258794,app_682,started,800,800,3.13
c_663,m_3504,418074,app_682,started,800,800,3.13
c_663,m_3504,642051,app_682,started,800,800,3.13
c_664,m_326,0,app_2415,started,400,400,1.56
c_664,m_326,10983,app_2415,started,400,400,1.56
c_664,m_326,105456,app_2415,started,400,400,1.56
c_664,m_326,174359,app_2415,started,400,400,1.56
c_664,m_326,207899,app_2415,started,400,400,1.56
c_664,m_326,258809,app_2415,started,400,400,1.56
c_664,m_326,349123,app_2415,started,400,400,1.56
c_665,m_975,0,app_7475,started,400,400,1.56
c_665,m_975,30019,app_7475,started,400,400,1.56
c_665,m_975,125204,app_7475,started,400,400,1.56
c_665,m_975,278638,app_7475,started,400,400,1.56
c_665,m_975,373770,app_7475,started,400,400,1.56
c_666,m_2690,0,app_8274,started,800,800,3.13
c_666,m_2690,33667,app_8274,started,800,800,3.13
c_666,m_2690,130328,app_8274,started,800,800,3.13
c_666,m_2690,281215,app_8274,started,800,800,3.13
c_666,m_2690,347351,app_8274,started,800,800,3.13
c_666,m_2690,596244,app_8274,started,800,800,3.13
c_667,m_2789,0,app_4397,started,400,400,1.56
c_667,m_2789,10995,app_4397,started,400,400,1.56
c_667,m_2789,105468,app_4397,started,400,400,1.56
c_667,m_2789,174372,app_4397,started,400,400,1.56
c_667,m_2789,207912,app_4397,started,400,400,1.56
c_667,m_2789,258821,app_4397,started,400,400,1.56
c_667,m_2789,349141,app_4397,started,400,400,1.56
c_667,m_2789,637185,app_4397,started,400,400,1.56
c_668,m_324,0,app_442,started,800,800,3.13
c_668,m_324,32580,app_442,started,800,800,3.13
c_668,m_324,129170,app_442,started,800,800,3.13
c_668,m_324,280096,app_442,started,800,800,3.13
c_668,m_324,323970,app_442,started,800,800,3.13
c_669,m_1921,0,app_4983,started,400,400,1.56
c_669,m_1921,284794,app_4983,started,400,400,1.56
c_669,m_1921,412150,app_4983,started,400,400,1.56
c_670,m_1001,0,app_2989,started,400,400,1.56
c_670,m_1001,10934,app_2989,started,400,400,1.56
c_670,m_1001,106141,app_2989,started,400,400,1.56
c_670,m_1001,175464,app_2989,started,400,400,1.56
c_670,m_1001,208633,app_2989,started,400,400,1.56
c_670,m_1001,257952,app_2989,started,400,400,1.56
c_670,m_1001,380806,app_2989,started,400,400,1.56
c_671,m_2507,567988,app_6674,started,400,400,1.56
c_671,m_2507,681082,app_6674,started,400,400,1.56
c_672,m_582,0,app_6658,started,800,800,3.13
c_672,m_582,27155,app_6658,started,800,800,3.13
c_672,m_582,123312,app_6658,started,800,800,3.13
c_672,m_582,274482,app_6658,started,800,800,3.13
c_672,m_582,436332,app_6658,started,800,800,3.13
c_673,m_57,0,app_5219,started,400,400,1.56
c_674,m_1235,0,app_5895,started,400,400,1.56
c_674,m_1235,32253,app_5895,started,400,400,1.56
c_674,m_1235,49304,app_5895,started,400,400,1.56
c_674,m_1235,128817,app_5895,started,400,400,1.56
c_674,m_1235,279762,app_5895,started,400,400,1.56
c_674,m_1235,444640,app_5895,started,400,400,1.56
c_675,m_2428,0,app_4085,started,400,400,1.56
c_675,m_2428,12723,app_4085,started,400,400,1.56
c_675,m_2428,108015,app_4085,started,400,400,1.56
c_675,m_2428,177297,app_4085,started,400,400,1.56
c_675,m_2428,210461,app_4085,started,400,400,1.56
c_675,m_2428,259838,app_4085,started,400,400,1.56
c_675,m_2428,383093,app_4085,started,400,400,1.56
c_675,m_2428,642739,app_4085,started,400,400,1.56
c_676,m_3457,0,app_6791,started,800,800,3.13
c_676,m_3457,10206,app_6791,started,800,800,3.13
c_676,m_3457,104644,app_6791,started,800,800,3.13
c_676,m_3457,173590,app_6791,started,800,800,3.13
c_676,m_3457,207114,app_6791,started,800,800,3.13
c_676,m_3457,257964,app_6791,started,800,800,3.13
c_676,m_3457,348275,app_6791,started,800,800,3.13
c_677,m_453,0,app_5785,started,400,400,1.56
c_677,m_453,33219,app_5785,started,400,400,1.56
c_677,m_453,129858,app_5785,started,400,400,1.56
c_677,m_453,280737,app_5785,started,400,400,1.56
c_677,m_453,446040,app_5785,started,400,400,1.56
c_678,m_2067,0,app_5017,started,400,400,1.56
c_678,m_2067,9317,app_5017,started,400,400,1.56
c_678,m_2067,90007,app_5017,started,400,400,1.56
c_678,m_2067,90366,app_5017,started,400,400,1.56
c_678,m_2067,103702,app_5017,started,400,400,1.56
c_678,m_2067,172663,app_5017,started,400,400,1.56
c_678,m_2067,206236,app_5017,started,400,400,1.56
c_678,m_2067,257031,app_5017,started,400,400,1.56
c_678,m_2067,316892,app_5017,started,400,400,1.56
c_678,m_2067,434384,app_5017,started,400,400,1.56
c_678,m_2067,635003,app_5017,started,400,400,1.56
c_679,m_2852,0,app_7959,started,400,400,1.56
c_679,m_2852,289342,app_7959,started,400,400,1.56
c_679,m_2852,322137,app_7959,started,400,400,1.56
c_680,m_2060,0,app_4176,started,800,800,3.13
c_680,m_2060,12640,app_4176,started,800,800,3.13
c_680,m_2060,107929,app_4176,started,800,800,3.13
c_680,m_2060,177213,app_4176,started,800,800,3.13
c_680,m_2060,210380,app_4176,started,800,800,3.13
c_680,m_2060,259752,app_4176,started,800,800,3.13
c_680,m_2060,382951,app_4176,started,800,800,3.13
c_680,m_2060,642628,app_4176,started,800,800,3.13
c_681,m_2654,0,app_5029,started,800,800,3.13
c_681,m_2654,14957,app_5029,started,800,800,3.13
c_681,m_2654,109460,app_5029,started,800,800,3.13
c_681,m_2654,178086,app_5029,started,800,800,3.13
c_681,m_2654,262824,app_5029,started,800,800,3.13
c_681,m_2654,353828,app_5029,started,800,800,3.13
c_681,m_2654,446918,app_5029,started,800,800,3.13
c_681,m_2654,555846,app_5029,started,800,800,3.13
c_682,m_650,0,app_1367,started,800,960,3.13
c_682,m_650,33124,app_1367,started,800,960,3.13
c_682,m_650,129757,app_1367,started,800,960,3.13
c_682,m_650,280644,app_1367,started,800,960,3.13
c_683,m_3430,0,app_2413,started,400,400,1.56
c_683,m_3430,286737,app_2413,started,400,400,1.56
c_683,m_3430,382022,app_2413,started,400,400,1.56
c_684,m_2689,0,app_4265,started,400,400,1.56
c_684,m_2689,13545,app_4265,started,400,400,1.56
c_684,m_2689,108051,app_4265,started,400,400,1.56
c_684,m_2689,176751,app_4265,started,400,400,1.56
c_684,m_2689,210370,app_4265,started,400,400,1.56
c_684,m_2689,261457,app_4265,started,400,400,1.56
c_684,m_2689,352027,app_4265,started,400,400,1.56
c_685,m_3338,0,app_9029,started,400,400,1.56
c_685,m_3338,15632,app_9029,started,400,400,1.56
c_685,m_3338,50427,app_9029,started,400,400,1.56
c_685,m_3338,51900,app_9029,started,400,400,1.56
c_685,m_3338,110134,app_9029,started,400,400,1.56
c_685,m_3338,263508,app_9029,started,400,400,1.56
c_685,m_3338,354975,app_9029,started,400,400,1.56
c_686,m_1654,0,app_6780,started,400,400,1.56
c_686,m_1654,35438,app_6780,started,400,400,1.56
c_686,m_1654,283084,app_6780,started,400,400,1.56
c_686,m_1654,449549,app_6780,started,400,400,1.56
c_687,m_1130,0,app_1207,started,400,400,3.13
c_687,m_1130,18321,app_1207,started,400,400,3.13
c_687,m_1130,112924,app_1207,started,400,400,3.13
c_687,m_1130,246214,app_1207,started,400,400,3.13
c_687,m_1130,359556,app_1207,started,400,400,3.13
c_688,m_525,596776,app_5383,started,400,400,1.56
c_689,m_1750,0,app_9176,started,400,400,1.56
c_689,m_1750,125945,app_9176,started,400,400,1.56
c_689,m_1750,130176,app_9176,started,400,400,1.56
c_689,m_1750,253638,app_9176,started,400,400,1.56
c_689,m_1750,323193,app_9176,started,400,400,1.56
c_690,m_2085,0,app_9608,started,400,400,1.56
c_690,m_2085,27462,app_9608,started,400,400,1.56
c_690,m_2085,120723,app_9608,started,400,400,1.56
c_690,m_2085,122468,app_9608,started,400,400,1.56
c_690,m_2085,275900,app_9608,started,400,400,1.56
c_690,m_2085,370657,app_9608,started,400,400,1.56
c_691,m_2634,0,app_3275,started,1600,1600,11.72
c_691,m_2634,33016,app_3275,started,1600,1600,11.72
c_691,m_2634,128367,app_3275,started,1600,1600,11.72
c_691,m_2634,282052,app_3275,started,1600,1600,11.72
c_692,m_163,0,app_3797,started,400,400,1.56
c_692,m_163,19932,app_3797,started,400,400,1.56
c_692,m_163,115595,app_3797,started,400,400,1.56
c_692,m_163,267145,app_3797,started,400,400,1.56
c_692,m_163,429151,app_3797,started,400,400,1.56
c_693,m_1707,323853,app_6067,started,400,400,1.56
c_694,m_2927,0,app_546,started,400,400,1.56
c_694,m_2927,15393,app_546,started,400,400,1.56
c_694,m_2927,109892,app_546,started,400,400,1.56
c_694,m_2927,263257,app_546,started,400,400,1.56
c_694,m_2927,354713,app_546,started,400,400,1.56
c_695,m_1513,0,app_808,started,800,800,6.25
c_695,m_1513,288447,app_808,started,800,800,6.25
c_696,m_1178,0,app_5281,started,400,480,1.56
c_696,m_1178,131726,app_5281,started,400,480,1.56
c_696,m_1178,289449,app_5281,started,400,480,1.56
c_697,m_2349,0,app_5029,started,800,800,3.13
c_697,m_2349,13052,app_5029,started,800,800,3.13
c_697,m_2349,108356,app_5029,started,800,800,3.13
c_697,m_2349,177635,app_5029,started,800,800,3.13
c_697,m_2349,260178,app_5029,started,800,800,3.13
c_697,m_2349,339449,app_5029,started,800,800,3.13
c_698,m_1430,0,app_1941,started,400,400,1.56
c_698,m_1430,29210,app_1941,started,400,400,1.56
c_698,m_1430,125520,app_1941,started,400,400,1.56
c_698,m_1430,276596,app_1941,started,400,400,1.56
c_698,m_1430,439536,app_1941,started,400,400,1.56
c_699,m_1237,0,app_5866,started,400,400,1.56
c_699,m_1237,12372,app_5866,started,400,400,1.56
c_699,m_1237,106845,app_5866,started,400,400,1.56
c_699,m_1237,158060,app_5866,started,400,400,1.56
c_699,m_1237,175650,app_5866,started,400,400,1.56
c_699,m_1237,209262,app_5866,started,400,400,1.56
c_699,m_1237,260282,app_5866,started,400,400,1.56
c_699,m_1237,321993,app_5866,started,400,400,1.56
c_700,m_2927,0,app_1596,started,400,400,1.56
c_700,m_2927,15393,app_1596,started,400,400,1.56
c_700,m_2927,109892,app_1596,started,400,400,1.56
c_700,m_2927,263257,app_1596,started,400,400,1.56
c_700,m_2927,354713,app_1596,started,400,400,1.56
c_701,m_3332,0,app_3262,stopped,800,800,3.13
c_701,m_3332,285378,app_3262,stopped,800,800,3.13
c_701,m_3332,380592,app_3262,stopped,800,800,3.13
c_702,m_486,0,app_3136,started,400,400,1.56
c_702,m_486,16435,app_3136,started,400,400,1.56
c_702,m_486,110957,app_3136,started,400,400,1.56
c_702,m_486,264301,app_3136,started,400,400,1.56
c_702,m_486,355743,app_3136,started,400,400,1.56
c_703,m_937,0,app_498,started,400,400,1.56
c_703,m_937,284794,app_498,started,400,400,1.56
c_703,m_937,379976,app_498,started,400,400,1.56
c_703,m_937,444901,app_498,started,400,400,1.56
c_704,m_3696,593693,app_1676,started,400,400,1.56
c_704,m_3696,594733,app_1676,started,400,400,1.56
c_705,m_1790,0,app_3557,started,400,400,1.56
c_705,m_1790,14416,app_3557,started,400,400,1.56
c_705,m_1790,109776,app_3557,started,400,400,1.56
c_705,m_1790,261572,app_3557,started,400,400,1.56
c_705,m_1790,385581,app_3557,started,400,400,1.56
c_706,m_1378,0,app_5035,started,800,800,3.13
c_706,m_1378,33803,app_5035,started,800,800,3.13
c_706,m_1378,281350,app_5035,started,800,800,3.13
c_706,m_1378,340700,app_5035,started,800,800,3.13
c_707,m_2861,0,app_8595,started,400,400,1.56
c_707,m_2861,15036,app_8595,started,400,400,1.56
c_707,m_2861,56631,app_8595,started,400,400,1.56
c_707,m_2861,109542,app_8595,started,400,400,1.56
c_707,m_2861,262896,app_8595,started,400,400,1.56
c_707,m_2861,353977,app_8595,started,400,400,1.56
c_707,m_2861,446973,app_8595,started,400,400,1.56
c_707,m_2861,555944,app_8595,started,400,400,1.56
c_708,m_920,0,app_5803,started,400,480,1.56
c_708,m_920,25447,app_5803,started,400,480,1.56
c_708,m_920,120344,app_5803,started,400,480,1.56
c_708,m_920,273742,app_5803,started,400,480,1.56
c_708,m_920,368310,app_5803,started,400,480,1.56
c_709,m_2777,0,app_2024,started,400,400,1.95
c_709,m_2777,28845,app_2024,started,400,400,1.95
c_709,m_2777,125122,app_2024,started,400,400,1.95
c_709,m_2777,276186,app_2024,started,400,400,1.95
c_709,m_2777,438924,app_2024,started,400,400,1.95
c_710,m_1617,338040,app_1225,started,400,400,1.56
c_710,m_1617,339448,app_1225,started,400,400,1.56
c_710,m_1617,376401,app_1225,started,400,400,1.56
c_710,m_1617,439553,app_1225,started,400,400,1.56
c_711,m_4025,0,app_3313,started,400,400,1.56
c_711,m_4025,290452,app_3313,started,400,400,1.56
c_711,m_4025,386064,app_3313,started,400,400,1.56
c_711,m_4025,408159,app_3313,started,400,400,1.56
c_711,m_4025,478593,app_3313,started,400,400,1.56
c_711,m_4025,666065,app_3313,started,400,400,1.56
c_712,m_3303,0,app_4983,started,400,400,1.56
c_712,m_3303,13635,app_4983,started,400,400,1.56
c_712,m_3303,108965,app_4983,started,400,400,1.56
c_712,m_3303,260775,app_4983,started,400,400,1.56
c_712,m_3303,384712,app_4983,started,400,400,1.56
c_713,m_3643,0,app_4653,started,400,400,1.56
c_713,m_3643,18153,app_4653,started,400,400,1.56
c_713,m_3643,113710,app_4653,started,400,400,1.56
c_713,m_3643,265284,app_4653,started,400,400,1.56
c_713,m_3643,426716,app_4653,started,400,400,1.56
c_714,m_1940,296887,app_7876,started,800,800,3.13
c_714,m_1940,385878,app_7876,started,800,800,3.13
c_715,m_519,0,app_2874,started,400,400,1.56
c_715,m_519,289473,app_2874,started,400,400,1.56
c_715,m_519,385002,app_2874,started,400,400,1.56
c_716,m_2361,0,app_3136,started,400,400,1.56
c_716,m_2361,32202,app_3136,started,400,400,1.56
c_716,m_2361,128763,app_3136,started,400,400,1.56
c_716,m_2361,279700,app_3136,started,400,400,1.56
c_716,m_2361,444528,app_3136,started,400,400,1.56
c_717,m_2779,0,app_2962,started,400,480,1.56
c_717,m_2779,34007,app_2962,started,400,480,1.56
c_717,m_2779,83788,app_2962,started,400,480,1.56
c_717,m_2779,121822,app_2962,started,400,480,1.56
c_717,m_2779,223238,app_2962,started,400,480,1.56
c_717,m_2779,223364,app_2962,started,400,480,1.56
c_717,m_2779,281565,app_2962,started,400,480,1.56
c_718,m_3301,0,app_5253,started,800,800,3.13
c_718,m_3301,18353,app_5253,started,800,800,3.13
c_718,m_3301,113917,app_5253,started,800,800,3.13
c_718,m_3301,265489,app_5253,started,800,800,3.13
c_718,m_3301,426926,app_5253,started,800,800,3.13
c_719,m_542,218470,app_391,stopped,800,800,3.13
c_719,m_542,223646,app_391,stopped,800,800,3.13
c_719,m_542,229510,app_391,stopped,800,800,3.13
c_720,m_2409,0,app_8661,started,800,800,3.13
c_720,m_2409,12685,app_8661,started,800,800,3.13
c_720,m_2409,107974,app_8661,started,800,800,3.13
c_720,m_2409,177260,app_8661,started,800,800,3.13
c_720,m_2409,210425,app_8661,started,800,800,3.13
c_720,m_2409,259797,app_8661,started,800,800,3.13
c_720,m_2409,383027,app_8661,started,800,800,3.13
c_721,m_2771,0,app_3185,started,400,400,1.56
c_721,m_2771,34217,app_3185,started,400,400,1.56
c_721,m_2771,129622,app_3185,started,400,400,1.56
c_721,m_2771,283315,app_3185,started,400,400,1.56
c_721,m_2771,378431,app_3185,started,400,400,1.56
c_722,m_441,0,app_4832,started,400,400,1.56
c_722,m_441,76978,app_4832,started,400,400,1.56
c_722,m_441,80136,app_4832,started,400,400,1.56
c_722,m_441,212199,app_4832,started,400,400,1.56
c_722,m_441,284070,app_4832,started,400,400,1.56
c_722,m_441,450226,app_4832,started,400,400,1.56
c_723,m_211,0,app_9741,started,400,400,1.56
c_723,m_211,13866,app_9741,started,400,400,1.56
c_723,m_211,108400,app_9741,started,400,400,1.56
c_723,m_211,177071,app_9741,started,400,400,1.56
c_723,m_211,210687,app_9741,started,400,400,1.56
c_723,m_211,261796,app_9741,started,400,400,1.56
c_723,m_211,352360,app_9741,started,400,400,1.56
c_724,m_1590,0,app_7742,started,400,400,1.56
c_724,m_1590,290598,app_7742,started,400,400,1.56
c_724,m_1590,386201,app_7742,started,400,400,1.56
c_725,m_2176,0,app_7458,started,400,400,1.56
c_725,m_2176,13746,app_7458,started,400,400,1.56
c_725,m_2176,109088,app_7458,started,400,400,1.56
c_725,m_2176,260888,app_7458,started,400,400,1.56
c_725,m_2176,384887,app_7458,started,400,400,1.56
c_726,m_2777,0,app_696,started,400,400,1.56
c_726,m_2777,28845,app_696,started,400,400,1.56
c_726,m_2777,125122,app_696,started,400,400,1.56
c_726,m_2777,276186,app_696,started,400,400,1.56
c_726,m_2777,438924,app_696,started,400,400,1.56
c_727,m_2992,334465,app_1274,started,400,400,1.56
c_728,m_3904,163222,app_2324,started,800,800,6.25
c_728,m_3904,176580,app_2324,started,800,800,6.25
c_728,m_3904,200307,app_2324,started,800,800,6.25
c_728,m_3904,209741,app_2324,started,800,800,6.25
c_728,m_3904,233483,app_2324,started,800,800,6.25
c_728,m_3904,418543,app_2324,started,800,800,6.25
c_728,m_3904,675666,app_2324,started,800,800,6.25
c_728,m_3904,678018,app_2324,started,800,800,6.25
c_729,m_3461,0,app_3514,started,400,400,1.56
c_729,m_3461,32319,app_3514,started,400,400,1.56
c_729,m_3461,127629,app_3514,started,400,400,1.56
c_729,m_3461,281304,app_3514,started,400,400,1.56
c_729,m_3461,376304,app_3514,started,400,400,1.56
c_730,m_688,0,app_3073,started,400,400,1.56
c_730,m_688,286458,app_3073,started,400,400,1.56
c_730,m_688,381754,app_3073,started,400,400,1.56
c_731,m_1272,0,app_7097,started,800,800,3.13
c_732,m_740,578735,app_3183,started,800,800,3.13
c_732,m_740,589158,app_3183,started,800,800,3.13
c_732,m_740,594793,app_3183,started,800,800,3.13
c_733,m_1705,0,app_5219,started,400,400,1.56
c_734,m_2178,0,app_141,started,800,800,3.13
c_734,m_2178,9428,app_141,started,800,800,3.13
c_734,m_2178,104518,app_141,started,800,800,3.13
c_734,m_2178,173914,app_141,started,800,800,3.13
c_734,m_2178,207044,app_141,started,800,800,3.13
c_734,m_2178,256400,app_141,started,800,800,3.13
c_735,m_3380,0,app_294,started,400,400,1.56
c_735,m_3380,33033,app_294,started,400,400,1.56
c_735,m_3380,129661,app_294,started,400,400,1.56
c_735,m_3380,280555,app_294,started,400,400,1.56
c_735,m_3380,407345,app_294,started,400,400,1.56
c_736,m_241,0,app_335,started,400,400,1.56
c_736,m_241,25488,app_335,started,400,400,1.56
c_736,m_241,120387,app_335,started,400,400,1.56
c_736,m_241,273829,app_335,started,400,400,1.56
c_736,m_241,368355,app_335,started,400,400,1.56
c_737,m_1978,0,app_4224,started,400,400,1.56
c_737,m_1978,32718,app_4224,started,400,400,1.56
c_737,m_1978,49304,app_4224,started,400,400,1.56
c_737,m_1978,129325,app_4224,started,400,400,1.56
c_737,m_1978,280245,app_4224,started,400,400,1.56
c_737,m_1978,445489,app_4224,started,400,400,1.56
c_738,m_937,0,app_6986,started,400,400,1.56
c_738,m_937,284794,app_6986,started,400,400,1.56
c_738,m_937,379976,app_6986,started,400,400,1.56
c_739,m_3705,0,app_4230,started,400,400,3.13
c_739,m_3705,70848,app_4230,started,400,400,3.13
c_739,m_3705,287245,app_4230,started,400,400,3.13
c_739,m_3705,382561,app_4230,started,400,400,3.13
c_740,m_3453,0,app_5159,started,400,400,1.56
c_740,m_3453,61224,app_5159,started,400,400,1.56
c_740,m_3453,61556,app_5159,started,400,400,1.56
c_740,m_3453,72023,app_5159,started,400,400,1.56
c_740,m_3453,72428,app_5159,started,400,400,1.56
c_740,m_3453,79036,app_5159,started,400,400,1.56
c_740,m_3453,285071,app_5159,started,400,400,1.56
c_740,m_3453,451497,app_5159,started,400,400,1.56
c_741,m_1603,0,app_5428,started,400,400,3.13
c_741,m_1603,10606,app_5428,started,400,400,3.13
c_741,m_1603,105797,app_5428,started,400,400,3.13
c_741,m_1603,175139,app_5428,started,400,400,3.13
c_741,m_1603,208268,app_5428,started,400,400,3.13
c_741,m_1603,253039,app_5428,started,400,400,3.13
c_741,m_1603,380311,app_5428,started,400,400,3.13
c_742,m_111,0,app_2531,started,400,400,1.56
c_742,m_111,12716,app_2531,started,400,400,1.56
c_742,m_111,108009,app_2531,started,400,400,1.56
c_742,m_111,177291,app_2531,started,400,400,1.56
c_742,m_111,210456,app_2531,started,400,400,1.56
c_742,m_111,259832,app_2531,started,400,400,1.56
c_742,m_111,383077,app_2531,started,400,400,1.56
c_743,m_2959,0,app_9680,started,400,400,1.56
c_743,m_2959,23337,app_9680,started,400,400,1.56
c_743,m_2959,118162,app_9680,started,400,400,1.56
c_743,m_2959,271581,app_9680,started,400,400,1.56
c_743,m_2959,313810,app_9680,started,400,400,1.56
c_743,m_2959,365772,app_9680,started,400,400,1.56
c_744,m_906,0,app_6773,started,400,400,1.56
c_744,m_906,34263,app_6773,started,400,400,1.56
c_744,m_906,246144,app_6773,started,400,400,1.56
c_744,m_906,447831,app_6773,started,400,400,1.56
c_745,m_3739,0,app_7865,started,400,400,3.13
c_745,m_3739,290337,app_7865,started,400,400,3.13
c_745,m_3739,385939,app_7865,started,400,400,3.13
c_746,m_887,334473,app_1274,started,400,400,1.56
c_747,m_721,0,app_5600,started,400,400,1.56
c_747,m_721,288363,app_5600,started,400,400,1.56
c_747,m_721,383798,app_5600,started,400,400,1.56
c_747,m_721,480783,app_5600,started,400,400,1.56
c_748,m_3168,0,app_9678,started,800,800,3.13
c_748,m_3168,290571,app_9678,started,800,800,3.13
c_748,m_3168,386190,app_9678,started,800,800,3.13
c_749,m_1275,0,app_2605,started,400,400,1.56
c_749,m_1275,29851,app_2605,started,400,400,1.56
c_749,m_1275,43243,app_2605,started,400,400,1.56
c_749,m_1275,46817,app_2605,started,400,400,1.56
c_749,m_1275,46885,app_2605,started,400,400,1.56
c_749,m_1275,126232,app_2605,started,400,400,1.56
c_749,m_1275,277312,app_2605,started,400,400,1.56
c_749,m_1275,405187,app_2605,started,400,400,1.56
c_749,m_1275,449107,app_2605,started,400,400,1.56
c_750,m_1656,0,app_389,started,400,400,1.56
c_750,m_1656,32016,app_389,started,400,400,1.56
c_750,m_1656,128560,app_389,started,400,400,1.56
c_750,m_1656,245189,app_389,started,400,400,1.56
c_750,m_1656,406468,app_389,started,400,400,1.56
c_750,m_1656,679404,app_389,started,400,400,1.56
c_751,m_986,0,app_358,started,400,400,1.56
c_751,m_986,285084,app_358,started,400,400,1.56
c_751,m_986,380295,app_358,started,400,400,1.56
c_752,m_3924,0,app_1274,started,400,400,1.56
c_753,m_1072,0,app_1421,started,400,400,1.56
c_753,m_1072,285202,app_1421,started,400,400,1.56
c_753,m_1072,380400,app_1421,started,400,400,1.56
c_754,m_1496,0,app_5511,started,400,480,1.56
c_754,m_1496,22665,app_5511,started,400,480,1.56
c_754,m_1496,117832,app_5511,started,400,480,1.56
c_754,m_1496,269871,app_5511,started,400,480,1.56
c_755,m_1978,0,app_2413,started,400,400,1.56
c_755,m_1978,32718,app_2413,started,400,400,1.56
c_755,m_1978,49303,app_2413,started,400,400,1.56
c_755,m_1978,129325,app_2413,started,400,400,1.56
c_755,m_1978,280245,app_2413,started,400,400,1.56
c_755,m_1978,445489,app_2413,started,400,400,1.56
c_756,m_2143,0,app_3032,started,800,800,3.13
c_756,m_2143,125880,app_3032,started,800,800,3.13
c_756,m_2143,130111,app_3032,started,800,800,3.13
c_756,m_2143,162886,app_3032,started,800,800,3.13
c_756,m_2143,284903,app_3032,started,800,800,3.13
c_757,m_417,0,app_6510,started,400,400,1.56
c_757,m_417,34810,app_6510,started,400,400,1.56
c_757,m_417,282417,app_6510,started,400,400,1.56
c_757,m_417,409220,app_6510,started,400,400,1.56
c_758,m_1051,0,app_157,started,400,480,1.56
c_758,m_1051,35052,app_157,started,400,480,1.56
c_758,m_1051,282677,app_157,started,400,480,1.56
c_759,m_2945,0,app_3422,started,400,400,1.56
c_759,m_2945,10368,app_3422,started,400,400,1.56
c_759,m_2945,104821,app_3422,started,400,400,1.56
c_759,m_2945,173752,app_3422,started,400,400,1.56
c_759,m_2945,207276,app_3422,started,400,400,1.56
c_759,m_2945,237366,app_3422,started,400,400,1.56
c_759,m_2945,348452,app_3422,started,400,400,1.56
c_759,m_2945,636400,app_3422,started,400,400,1.56
c_760,m_1654,0,app_3109,started,400,400,1.56
c_760,m_1654,35438,app_3109,started,400,400,1.56
c_760,m_1654,283084,app_3109,started,400,400,1.56
c_760,m_1654,449549,app_3109,started,400,400,1.56
c_761,m_3904,0,app_7908,started,400,400,1.56
c_761,m_3904,12017,app_7908,started,400,400,1.56
c_761,m_3904,58470,app_7908,started,400,400,1.56
c_761,m_3904,72026,app_7908,started,400,400,1.56
c_761,m_3904,72544,app_7908,started,400,400,1.56
c_761,m_3904,107283,app_7908,started,400,400,1.56
c_761,m_3904,120193,app_7908,started,400,400,1.56
c_761,m_3904,163222,app_7908,started,400,400,1.56
c_761,m_3904,176580,app_7908,started,400,400,1.56
c_761,m_3904,200306,app_7908,started,400,400,1.56
c_761,m_3904,209741,app_7908,started,400,400,1.56
c_761,m_3904,233483,app_7908,started,400,400,1.56
c_761,m_3904,418543,app_7908,started,400,400,1.56
c_761,m_3904,675666,app_7908,started,400,400,1.56
c_761,m_3904,678018,app_7908,started,400,400,1.56
c_762,m_2418,0,app_3774,started,400,400,1.56
c_762,m_2418,12852,app_3774,started,400,400,1.56
c_762,m_2418,107332,app_3774,started,400,400,1.56
c_762,m_2418,176113,app_3774,started,400,400,1.56
c_762,m_2418,209725,app_3774,started,400,400,1.56
c_762,m_2418,260780,app_3774,started,400,400,1.56
c_762,m_2418,351182,app_3774,started,400,400,1.56
c_763,m_3361,0,app_4832,started,400,400,1.56
c_763,m_3361,32189,app_4832,started,400,400,1.56
c_763,m_3361,77023,app_4832,started,400,400,1.56
c_763,m_3361,80129,app_4832,started,400,400,1.56
c_763,m_3361,128749,app_4832,started,400,400,1.56
c_763,m_3361,214655,app_4832,started,400,400,1.56
c_763,m_3361,279685,app_4832,started,400,400,1.56
c_763,m_3361,444510,app_4832,started,400,400,1.56
c_764,m_1263,305124,app_7387,started,800,800,3.13
c_764,m_1263,382048,app_7387,started,800,800,3.13
c_765,m_3169,0,app_5486,started,400,400,1.56
c_765,m_3169,27377,app_5486,started,400,400,1.56
c_765,m_3169,68319,app_5486,started,400,400,1.56
c_765,m_3169,122376,app_5486,started,400,400,1.56
c_765,m_3169,275812,app_5486,started,400,400,1.56
c_765,m_3169,370559,app_5486,started,400,400,1.56
c_766,m_337,0,app_141,started,800,800,3.13
c_766,m_337,14908,app_141,started,800,800,3.13
c_766,m_337,109414,app_141,started,800,800,3.13
c_766,m_337,178040,app_141,started,800,800,3.13
c_766,m_337,262774,app_141,started,800,800,3.13
c_766,m_337,347372,app_141,started,800,800,3.13
c_766,m_337,446886,app_141,started,800,800,3.13
c_766,m_337,555782,app_141,started,800,800,3.13
c_766,m_337,642947,app_141,started,800,800,3.13
c_767,m_2345,0,app_141,started,800,800,3.13
c_767,m_2345,35063,app_141,started,800,800,3.13
c_767,m_2345,250824,app_141,started,800,800,3.13
c_767,m_2345,322886,app_141,started,800,800,3.13
c_767,m_2345,379329,app_141,started,800,800,3.13
c_768,m_3225,0,app_1614,started,800,800,3.13
c_768,m_3225,11649,app_1614,started,800,800,3.13
c_768,m_3225,106896,app_1614,started,800,800,3.13
c_768,m_3225,125893,app_1614,started,800,800,3.13
c_768,m_3225,129534,app_1614,started,800,800,3.13
c_768,m_3225,130208,app_1614,started,800,800,3.13
c_768,m_3225,162836,app_1614,started,800,800,3.13
c_768,m_3225,176199,app_1614,started,800,800,3.13
c_768,m_3225,209362,app_1614,started,800,800,3.13
c_768,m_3225,258669,app_1614,started,800,800,3.13
c_768,m_3225,305394,app_1614,started,800,800,3.13
c_768,m_3225,311625,app_1614,started,800,800,3.13
c_768,m_3225,317603,app_1614,started,800,800,3.13
c_769,m_109,0,app_7157,started,400,400,1.56
c_769,m_109,19619,app_7157,started,400,400,1.56
c_769,m_109,115266,app_7157,started,400,400,1.56
c_769,m_109,140251,app_7157,started,400,400,1.56
c_769,m_109,266831,app_7157,started,400,400,1.56
c_769,m_109,428728,app_7157,started,400,400,1.56
c_770,m_3117,0,app_1826,started,800,800,3.13
c_770,m_3117,34164,app_1826,started,800,800,3.13
c_770,m_3117,281730,app_1826,started,800,800,3.13
c_770,m_3117,338895,app_1826,started,800,800,3.13
c_770,m_3117,408518,app_1826,started,800,800,3.13
c_770,m_3117,552715,app_1826,started,800,800,3.13
c_771,m_3546,0,app_808,started,800,800,6.25
c_771,m_3546,34333,app_808,started,800,800,6.25
c_771,m_3546,281912,app_808,started,800,800,6.25
c_771,m_3546,408647,app_808,started,800,800,6.25
c_772,m_55,0,app_8832,started,400,400,1.56
c_772,m_55,8891,app_8832,started,400,400,1.56
c_772,m_55,103960,app_8832,started,400,400,1.56
c_772,m_55,173374,app_8832,started,400,400,1.56
c_772,m_55,206503,app_8832,started,400,400,1.56
c_772,m_55,255875,app_8832,started,400,400,1.56
c_772,m_55,337521,app_8832,started,400,400,1.56
c_773,m_2432,163656,app_2324,started,800,800,6.25
c_773,m_2432,226702,app_2324,started,800,800,6.25
c_773,m_2432,227610,app_2324,started,800,800,6.25
c_773,m_2432,316894,app_2324,started,800,800,6.25
c_773,m_2432,439249,app_2324,started,800,800,6.25
c_774,m_3372,0,app_7260,started,400,400,1.56
c_774,m_3372,11813,app_7260,started,400,400,1.56
c_774,m_3372,107070,app_7260,started,400,400,1.56
c_774,m_3372,176377,app_7260,started,400,400,1.56
c_774,m_3372,209536,app_7260,started,400,400,1.56
c_774,m_3372,258840,app_7260,started,400,400,1.56
c_775,m_1436,0,app_7608,started,400,400,1.56
c_775,m_1436,245303,app_7608,started,400,400,1.56
c_775,m_1436,380791,app_7608,started,400,400,1.56
c_776,m_2982,0,app_4650,started,800,800,3.13
c_776,m_2982,125863,app_4650,started,800,800,3.13
c_776,m_2982,129515,app_4650,started,800,800,3.13
c_776,m_2982,130203,app_4650,started,800,800,3.13
c_776,m_2982,162831,app_4650,started,800,800,3.13
c_776,m_2982,284942,app_4650,started,800,800,3.13
c_776,m_2982,451367,app_4650,started,800,800,3.13
c_777,m_1104,0,app_3073,started,400,400,1.56
c_777,m_1104,285046,app_3073,started,400,400,1.56
c_777,m_1104,380254,app_3073,started,400,400,1.56
c_778,m_2972,0,app_1351,started,400,400,1.56
c_778,m_2972,11816,app_1351,started,400,400,1.56
c_778,m_2972,106302,app_1351,started,400,400,1.56
c_778,m_2972,175155,app_1351,started,400,400,1.56
c_778,m_2972,208756,app_1351,started,400,400,1.56
c_778,m_2972,259752,app_1351,started,400,400,1.56
c_778,m_2972,350058,app_1351,started,400,400,1.56
c_779,m_2713,344579,app_27,started,800,800,3.13
c_779,m_2713,640738,app_27,started,800,800,3.13
c_780,m_2513,0,app_5218,started,400,480,1.56
c_780,m_2513,284631,app_5218,started,400,480,1.56
c_781,m_2780,0,app_639,started,400,400,1.56
c_781,m_2780,15140,app_639,started,400,400,1.56
c_781,m_2780,110501,app_639,started,400,400,1.56
c_781,m_2780,262252,app_639,started,400,400,1.56
c_781,m_2780,386023,app_639,started,400,400,1.56
c_782,m_1692,0,app_2195,started,400,480,1.56
c_782,m_1692,23078,app_2195,started,400,480,1.56
c_782,m_1692,117895,app_2195,started,400,480,1.56
c_782,m_1692,271300,app_2195,started,400,480,1.56
c_783,m_2872,382899,app_6140,started,400,400,1.56
c_784,m_2448,0,app_8882,started,400,400,1.56
c_784,m_2448,125430,app_8882,started,400,400,1.56
c_784,m_2448,284206,app_8882,started,400,400,1.56
c_784,m_2448,450499,app_8882,started,400,400,1.56
c_785,m_2292,0,app_5416,started,400,400,1.56
c_785,m_2292,10925,app_5416,started,400,400,1.56
c_785,m_2292,106131,app_5416,started,400,400,1.56
c_785,m_2292,175455,app_5416,started,400,400,1.56
c_785,m_2292,208622,app_5416,started,400,400,1.56
c_785,m_2292,257942,app_5416,started,400,400,1.56
c_785,m_2292,380794,app_5416,started,400,400,1.56
c_786,m_1138,0,app_71,started,400,400,3.13
c_786,m_1138,290564,app_71,started,400,400,3.13
c_786,m_1138,386183,app_71,started,400,400,3.13
c_787,m_3880,0,app_7841,started,400,400,1.56
c_787,m_3880,285396,app_7841,started,400,400,1.56
c_787,m_3880,413052,app_7841,started,400,400,1.56
c_788,m_1903,0,app_442,started,800,800,3.13
c_788,m_1903,34329,app_442,started,800,800,3.13
c_788,m_1903,281908,app_442,started,800,800,3.13
c_788,m_1903,447975,app_442,started,800,800,3.13
c_789,m_1033,0,app_9277,started,400,400,1.56
c_789,m_1033,14681,app_9277,started,400,400,1.56
c_789,m_1033,110023,app_9277,started,400,400,1.56
c_789,m_1033,261807,app_9277,started,400,400,1.56
c_789,m_1033,335311,app_9277,started,400,400,1.56
c_790,m_1545,0,app_1658,started,400,400,1.56
c_790,m_1545,290279,app_1658,started,400,400,1.56
c_790,m_1545,385866,app_1658,started,400,400,1.56
c_791,m_263,0,app_7972,started,400,400,1.56
c_791,m_263,9164,app_7972,started,400,400,1.56
c_791,m_263,33079,app_7972,started,400,400,1.56
c_791,m_263,104234,app_7972,started,400,400,1.56
c_791,m_263,173645,app_7972,started,400,400,1.56
c_791,m_263,206779,app_7972,started,400,400,1.56
c_791,m_263,223239,app_7972,started,400,400,1.56
c_791,m_263,256139,app_7972,started,400,400,1.56
c_791,m_263,415978,app_7972,started,400,400,1.56
c_792,m_2228,0,app_1336,started,400,400,1.56
c_792,m_2228,148774,app_1336,started,400,400,1.56
c_792,m_2228,282719,app_1336,started,400,400,1.56
c_792,m_2228,448873,app_1336,started,400,400,1.56
c_793,m_2305,0,app_8404,started,400,400,1.56
c_793,m_2305,16849,app_8404,started,400,400,1.56
c_793,m_2305,111379,app_8404,started,400,400,1.56
c_793,m_2305,250996,app_8404,started,400,400,1.56
c_793,m_2305,264705,app_8404,started,400,400,1.56
c_793,m_2305,356235,app_8404,started,400,400,1.56
c_794,m_2432,164044,app_3275,started,1600,1600,11.72
c_794,m_2432,227611,app_3275,started,1600,1600,11.72
c_794,m_2432,316894,app_3275,started,1600,1600,11.72
c_795,m_24,0,app_8505,started,400,400,1.56
c_795,m_24,9464,app_8505,started,400,400,1.56
c_795,m_24,103860,app_8505,started,400,400,1.56
c_795,m_24,172807,app_8505,started,400,400,1.56
c_795,m_24,206387,app_8505,started,400,400,1.56
c_795,m_24,257188,app_8505,started,400,400,1.56
c_795,m_24,347479,app_8505,started,400,400,1.56
c_796,m_3577,0,app_1423,started,800,800,3.13
c_796,m_3577,30514,app_1423,started,800,800,3.13
c_796,m_3577,125711,app_1423,started,800,800,3.13
c_796,m_3577,279144,app_1423,started,800,800,3.13
c_796,m_3577,374297,app_1423,started,800,800,3.13
c_797,m_3515,0,app_1748,started,400,400,1.56
c_797,m_3515,286898,app_1748,started,400,400,1.56
c_797,m_3515,382187,app_1748,started,400,400,1.56
c_798,m_1340,0,app_746,started,1600,1600,6.25
c_798,m_1340,22328,app_746,started,1600,1600,6.25
c_798,m_1340,117484,app_746,started,1600,1600,6.25
c_798,m_1340,269516,app_746,started,1600,1600,6.25
c_798,m_1340,394393,app_746,started,1600,1600,6.25
c_799,m_480,0,app_541,started,800,800,1.56
c_799,m_480,10703,app_541,started,800,800,1.56
c_799,m_480,105167,app_541,started,800,800,1.56
c_799,m_480,174083,app_541,started,800,800,1.56
c_799,m_480,207616,app_541,started,800,800,1.56
c_799,m_480,258502,app_541,started,800,800,1.56
c_799,m_480,318263,app_541,started,800,800,1.56
c_799,m_480,348812,app_541,started,800,800,1.56
c_800,m_15,0,app_2014,started,400,400,1.56
c_800,m_15,13728,app_2014,started,400,400,1.56
c_800,m_15,109068,app_2014,started,400,400,1.56
c_800,m_15,260870,app_2014,started,400,400,1.56
c_800,m_15,384849,app_2014,started,400,400,1.56
c_801,m_1870,0,app_141,started,800,800,3.13
c_801,m_1870,12884,app_141,started,800,800,3.13
c_801,m_1870,107364,app_141,started,800,800,3.13
c_801,m_1870,176144,app_141,started,800,800,3.13
c_801,m_1870,209755,app_141,started,800,800,3.13
c_801,m_1870,260811,app_141,started,800,800,3.13
c_801,m_1870,351214,app_141,started,800,800,3.13
c_801,m_1870,640294,app_141,started,800,800,3.13
c_802,m_1458,0,app_5222,started,400,400,1.56
c_802,m_1458,27717,app_5222,started,400,400,1.56
c_802,m_1458,46326,app_5222,started,400,400,1.56
c_802,m_1458,122734,app_5222,started,400,400,1.56
c_802,m_1458,276164,app_5222,started,400,400,1.56
c_802,m_1458,318675,app_5222,started,400,400,1.56
c_802,m_1458,686787,app_5222,started,400,400,1.56
c_803,m_504,0,app_5097,started,800,800,3.13
c_803,m_504,33053,app_5097,started,800,800,3.13
c_803,m_504,125927,app_5097,started,800,800,3.13
c_803,m_504,130172,app_5097,started,800,800,3.13
c_803,m_504,280575,app_5097,started,800,800,3.13
c_803,m_504,330756,app_5097,started,800,800,3.13
c_804,m_2409,0,app_9541,started,800,800,3.13
c_804,m_2409,12685,app_9541,started,800,800,3.13
c_804,m_2409,107974,app_9541,started,800,800,3.13
c_804,m_2409,177260,app_9541,started,800,800,3.13
c_804,m_2409,210425,app_9541,started,800,800,3.13
c_804,m_2409,259797,app_9541,started,800,800,3.13
c_804,m_2409,383027,app_9541,started,800,800,3.13
c_804,m_2409,642687,app_9541,started,800,800,3.13
c_805,m_3474,0,app_141,started,800,800,3.13
c_805,m_3474,9050,app_141,started,800,800,3.13
c_805,m_3474,104121,app_141,started,800,800,3.13
c_805,m_3474,173537,app_141,started,800,800,3.13
c_805,m_3474,206665,app_141,started,800,800,3.13
c_805,m_3474,256029,app_141,started,800,800,3.13
c_805,m_3474,415811,app_141,started,800,800,3.13
c_805,m_3474,637680,app_141,started,800,800,3.13
c_806,m_2835,0,app_354,started,400,400,1.56
c_806,m_2835,287672,app_354,started,400,400,1.56
c_806,m_2835,383020,app_354,started,400,400,1.56
c_807,m_3940,0,app_1591,started,400,400,1.56
c_807,m_3940,22583,app_1591,started,400,400,1.56
c_807,m_3940,117747,app_1591,started,400,400,1.56
c_807,m_3940,269790,app_1591,started,400,400,1.56
c_807,m_3940,394548,app_1591,started,400,400,1.56
c_808,m_2646,578720,app_2856,started,800,800,3.13
c_808,m_2646,588711,app_2856,started,800,800,3.13
c_808,m_2646,594670,app_2856,started,800,800,3.13
c_808,m_2646,664890,app_2856,started,800,800,3.13
c_809,m_1417,0,app_5104,started,400,400,1.56
c_809,m_1417,14723,app_5104,started,400,400,1.56
c_809,m_1417,110069,app_5104,started,400,400,1.56
c_809,m_1417,261845,app_5104,started,400,400,1.56
c_809,m_1417,385789,app_5104,started,400,400,1.56
c_810,m_2407,0,app_8360,started,800,800,3.13
c_810,m_2407,12470,app_8360,started,800,800,3.13
c_810,m_2407,106944,app_8360,started,800,800,3.13
c_810,m_2407,175742,app_8360,started,800,800,3.13
c_810,m_2407,209356,app_8360,started,800,800,3.13
c_810,m_2407,260381,app_8360,started,800,800,3.13
c_810,m_2407,339739,app_8360,started,800,800,3.13
c_811,m_2559,0,app_7874,started,400,400,1.56
c_811,m_2559,10768,app_7874,started,400,400,1.56
c_811,m_2559,105234,app_7874,started,400,400,1.56
c_811,m_2559,174147,app_7874,started,400,400,1.56
c_811,m_2559,207680,app_7874,started,400,400,1.56
c_811,m_2559,258571,app_7874,started,400,400,1.56
c_811,m_2559,324081,app_7874,started,400,400,1.56
c_812,m_1787,0,app_3592,started,400,400,1.56
c_812,m_1787,26887,app_3592,started,400,400,1.56
c_812,m_1787,121850,app_3592,started,400,400,1.56
c_812,m_1787,275306,app_3592,started,400,400,1.56
c_812,m_1787,369989,app_3592,started,400,400,1.56
c_813,m_3148,0,app_9297,started,400,400,1.56
c_813,m_3148,11063,app_9297,started,400,400,1.56
c_813,m_3148,106273,app_9297,started,400,400,1.56
c_813,m_3148,175591,app_9297,started,400,400,1.56
c_813,m_3148,208767,app_9297,started,400,400,1.56
c_813,m_3148,258079,app_9297,started,400,400,1.56
c_813,m_3148,381095,app_9297,started,400,400,1.56
c_814,m_2111,0,app_5792,started,400,400,1.56
c_814,m_2111,29806,app_5792,started,400,400,1.56
c_814,m_2111,124985,app_5792,started,400,400,1.56
c_814,m_2111,278414,app_5792,started,400,400,1.56
c_814,m_2111,347395,app_5792,started,400,400,1.56
c_815,m_855,0,app_3988,started,400,400,1.56
c_815,m_855,32423,app_3988,started,400,400,1.56
c_815,m_855,127745,app_3988,started,400,400,1.56
c_815,m_855,230022,app_3988,started,400,400,1.56
c_815,m_855,376435,app_3988,started,400,400,1.56
c_816,m_3472,0,app_5546,started,400,400,1.56
c_816,m_3472,284758,app_5546,started,400,400,1.56
c_816,m_3472,412097,app_5546,started,400,400,1.56
c_817,m_1744,0,app_1201,started,800,800,3.13
c_817,m_1744,166425,app_1201,started,800,800,3.13
c_817,m_1744,289345,app_1201,started,800,800,3.13
c_817,m_1744,384868,app_1201,started,800,800,3.13
c_817,m_1744,676873,app_1201,started,800,800,3.13
c_818,m_1118,0,app_9529,started,400,400,2.34
c_818,m_1118,23381,app_9529,started,400,400,2.34
c_818,m_1118,118213,app_9529,started,400,400,2.34
c_818,m_1118,228086,app_9529,started,400,400,2.34
c_818,m_1118,271627,app_9529,started,400,400,2.34
c_818,m_1118,365823,app_9529,started,400,400,2.34
c_819,m_2669,0,app_2971,started,800,800,1.56
c_819,m_2669,286761,app_2971,started,800,800,1.56
c_819,m_2669,382045,app_2971,started,800,800,1.56
c_820,m_1430,0,app_2965,started,400,400,1.56
c_820,m_1430,29210,app_2965,started,400,400,1.56
c_820,m_1430,125520,app_2965,started,400,400,1.56
c_820,m_1430,276596,app_2965,started,400,400,1.56
c_820,m_1430,439536,app_2965,started,400,400,1.56
c_821,m_2589,0,app_5512,started,800,800,4.69
c_821,m_2589,32482,app_5512,started,800,800,4.69
c_821,m_2589,127809,app_5512,started,800,800,4.69
c_821,m_2589,281484,app_5512,started,800,800,4.69
c_821,m_2589,319630,app_5512,started,800,800,4.69
c_821,m_2589,331956,app_5512,started,800,800,4.69
c_821,m_2589,343845,app_5512,started,800,800,4.69
c_821,m_2589,581653,app_5512,started,800,800,4.69
c_822,m_3852,0,app_8059,started,400,400,1.56
c_822,m_3852,288045,app_8059,started,400,400,1.56
c_822,m_3852,383426,app_8059,started,400,400,1.56
c_823,m_3446,0,app_6921,started,400,400,1.56
c_823,m_3446,15177,app_6921,started,400,400,1.56
c_823,m_3446,110540,app_6921,started,400,400,1.56
c_823,m_3446,164038,app_6921,started,400,400,1.56
c_823,m_3446,262288,app_6921,started,400,400,1.56
c_824,m_2845,0,app_3966,started,400,400,1.56
c_824,m_2845,34413,app_3966,started,400,400,1.56
c_824,m_2845,129824,app_3966,started,400,400,1.56
c_824,m_2845,231566,app_3966,started,400,400,1.56
c_824,m_2845,378632,app_3966,started,400,400,1.56
c_825,m_3842,0,app_996,started,400,400,1.56
c_825,m_3842,29942,app_996,started,400,400,1.56
c_825,m_3842,125128,app_996,started,400,400,1.56
c_825,m_3842,278563,app_996,started,400,400,1.56
c_825,m_3842,373670,app_996,started,400,400,1.56
c_826,m_3901,0,app_8205,started,400,400,1.56
c_826,m_3901,15427,app_8205,started,400,400,1.56
c_826,m_3901,109927,app_8205,started,400,400,1.56
c_826,m_3901,263290,app_8205,started,400,400,1.56
c_826,m_3901,354761,app_8205,started,400,400,1.56
c_827,m_3220,0,app_6662,started,400,400,1.56
c_827,m_3220,285998,app_6662,started,400,400,1.56
c_827,m_3220,381273,app_6662,started,400,400,1.56
c_828,m_2645,0,app_9297,started,400,400,1.56
c_828,m_2645,290002,app_9297,started,400,400,1.56
c_828,m_2645,385577,app_9297,started,400,400,1.56
c_828,m_2645,588963,app_9297,started,400,400,1.56
c_829,m_1290,0,app_8949,started,800,800,1.56
c_829,m_1290,290126,app_8949,started,800,800,1.56
c_829,m_1290,345126,app_8949,started,800,800,1.56
c_830,m_2776,0,app_5344,started,400,400,1.56
c_830,m_2776,16371,app_5344,started,400,400,1.56
c_830,m_2776,110889,app_5344,started,400,400,1.56
c_830,m_2776,264236,app_5344,started,400,400,1.56
c_830,m_2776,355681,app_5344,started,400,400,1.56
c_830,m_2776,385439,app_5344,started,400,400,1.56
c_831,m_68,0,app_2201,started,400,480,1.56
c_831,m_68,22336,app_2201,started,400,480,1.56
c_831,m_68,117493,app_2201,started,400,480,1.56
c_831,m_68,269534,app_2201,started,400,480,1.56
c_832,m_1703,0,app_3514,started,400,400,1.56
c_832,m_1703,10914,app_3514,started,400,400,1.56
c_832,m_1703,70691,app_3514,started,400,400,1.56
c_832,m_1703,74162,app_3514,started,400,400,1.56
c_832,m_1703,105383,app_3514,started,400,400,1.56
c_832,m_1703,129560,app_3514,started,400,400,1.56
c_832,m_1703,129995,app_3514,started,400,400,1.56
c_832,m_1703,142597,app_3514,started,400,400,1.56
c_832,m_1703,174287,app_3514,started,400,400,1.56
c_832,m_1703,207825,app_3514,started,400,400,1.56
c_832,m_1703,258721,app_3514,started,400,400,1.56
c_832,m_1703,349025,app_3514,started,400,400,1.56
c_832,m_1703,611648,app_3514,started,400,400,1.56
c_833,m_2061,0,app_8012,started,800,800,3.13
c_833,m_2061,26933,app_8012,started,800,800,3.13
c_833,m_2061,123078,app_8012,started,800,800,3.13
c_833,m_2061,274259,app_8012,started,800,800,3.13
c_833,m_2061,435927,app_8012,started,800,800,3.13
c_834,m_3525,0,app_647,started,400,400,1.95
c_834,m_3525,12916,app_647,started,400,400,1.95
c_834,m_3525,108215,app_647,started,400,400,1.95
c_834,m_3525,177496,app_647,started,400,400,1.95
c_834,m_3525,210664,app_647,started,400,400,1.95
c_834,m_3525,260038,app_647,started,400,400,1.95
c_834,m_3525,383467,app_647,started,400,400,1.95
c_835,m_2901,0,app_191,started,400,480,1.56
c_835,m_2901,18067,app_191,started,400,480,1.56
c_835,m_2901,113623,app_191,started,400,480,1.56
c_835,m_2901,265195,app_191,started,400,480,1.56
c_836,m_2186,0,app_5671,started,400,400,1.56
c_836,m_2186,44441,app_5671,started,400,400,1.56
c_836,m_2186,285123,app_5671,started,400,400,1.56
c_836,m_2186,380334,app_5671,started,400,400,1.56
c_837,m_2575,0,app_5324,started,800,800,3.13
c_837,m_2575,11305,app_5324,started,800,800,3.13
c_837,m_2575,105784,app_5324,started,800,800,3.13
c_837,m_2575,174670,app_5324,started,800,800,3.13
c_837,m_2575,208214,app_5324,started,800,800,3.13
c_837,m_2575,259137,app_5324,started,800,800,3.13
c_837,m_2575,349462,app_5324,started,800,800,3.13
c_838,m_1788,0,app_2774,started,400,480,1.56
c_838,m_1788,25339,app_2774,started,400,480,1.56
c_838,m_1788,121353,app_2774,started,400,480,1.56
c_838,m_1788,249138,app_2774,started,400,480,1.56
c_839,m_1215,0,app_7428,started,400,400,1.56
c_839,m_1215,23442,app_7428,started,400,400,1.56
c_839,m_1215,118671,app_7428,started,400,400,1.56
c_839,m_1215,270645,app_7428,started,400,400,1.56
c_839,m_1215,431591,app_7428,started,400,400,1.56
c_840,m_2782,0,app_4913,started,400,400,1.56
c_840,m_2782,18291,app_4913,started,400,400,1.56
c_840,m_2782,113854,app_4913,started,400,400,1.56
c_840,m_2782,265420,app_4913,started,400,400,1.56
c_840,m_2782,389233,app_4913,started,400,400,1.56
c_841,m_3951,0,app_2752,started,800,800,3.13
c_841,m_3951,286966,app_2752,started,800,800,3.13
c_841,m_3951,382251,app_2752,started,800,800,3.13
c_842,m_3331,0,app_467,started,400,400,1.56
c_842,m_3331,287706,app_467,started,400,400,1.56
c_842,m_3331,383054,app_467,started,400,400,1.56
c_843,m_2404,0,app_350,started,800,800,3.13
c_843,m_2404,7574,app_350,started,800,800,3.13
c_843,m_2404,102559,app_350,started,800,800,3.13
c_843,m_2404,171986,app_350,started,800,800,3.13
c_843,m_2404,205136,app_350,started,800,800,3.13
c_843,m_2404,254494,app_350,started,800,800,3.13
c_843,m_2404,376513,app_350,started,800,800,3.13
c_843,m_2404,635212,app_350,started,800,800,3.13
c_844,m_548,0,app_5629,started,400,400,1.56
c_844,m_548,27051,app_5629,started,400,400,1.56
c_844,m_548,122030,app_5629,started,400,400,1.56
c_844,m_548,275472,app_5629,started,400,400,1.56
c_844,m_548,336144,app_5629,started,400,400,1.56
c_845,m_196,0,app_141,started,800,800,3.13
c_845,m_196,283807,app_141,started,800,800,3.13
c_845,m_196,347381,app_141,started,800,800,3.13
c_846,m_1051,0,app_9374,started,400,480,1.56
c_846,m_1051,35052,app_9374,started,400,480,1.56
c_846,m_1051,282677,app_9374,started,400,480,1.56
c_847,m_2107,580450,app_3665,started,400,400,1.56
c_847,m_2107,588688,app_3665,started,400,400,1.56
c_847,m_2107,594626,app_3665,started,400,400,1.56
c_847,m_2107,664867,app_3665,started,400,400,1.56
c_848,m_1819,0,app_4456,started,400,400,1.56
c_848,m_1819,13600,app_4456,started,400,400,1.56
c_848,m_1819,108111,app_4456,started,400,400,1.56
c_848,m_1819,176805,app_4456,started,400,400,1.56
c_848,m_1819,210421,app_4456,started,400,400,1.56
c_848,m_1819,261510,app_4456,started,400,400,1.56
c_848,m_1819,352083,app_4456,started,400,400,1.56
c_848,m_1819,445369,app_4456,started,400,400,1.56
c_848,m_1819,554036,app_4456,started,400,400,1.56
c_849,m_3355,53203,app_7604,started,400,400,1.56
c_849,m_3355,271285,app_7604,started,400,400,1.56
c_849,m_3355,365431,app_7604,started,400,400,1.56
c_850,m_3238,0,app_3048,started,400,400,1.56
c_850,m_3238,290316,app_3048,started,400,400,1.56
c_850,m_3238,385919,app_3048,started,400,400,1.56
c_851,m_1243,0,app_71,started,400,400,3.13
c_851,m_1243,32588,app_71,started,400,400,3.13
c_851,m_1243,127919,app_71,started,400,400,3.13
c_851,m_1243,281589,app_71,started,400,400,3.13
c_851,m_1243,337526,app_71,started,400,400,3.13
c_852,m_3699,0,app_559,started,400,400,1.56
c_852,m_3699,286724,app_559,started,400,400,1.56
c_852,m_3699,384871,app_559,started,400,400,1.56
c_853,m_3608,0,app_5631,started,400,400,1.56
c_853,m_3608,35202,app_5631,started,400,400,1.56
c_853,m_3608,105608,app_5631,started,400,400,1.56
c_853,m_3608,282835,app_5631,started,400,400,1.56
c_853,m_3608,449082,app_5631,started,400,400,1.56
c_854,m_500,0,app_7441,started,400,400,1.56
c_854,m_500,285194,app_7441,started,400,400,1.56
c_854,m_500,451603,app_7441,started,400,400,1.56
c_855,m_4030,0,app_4006,started,400,480,1.56
c_855,m_4030,19907,app_4006,started,400,480,1.56
c_855,m_4030,115567,app_4006,started,400,480,1.56
c_855,m_4030,234113,app_4006,started,400,480,1.56
c_855,m_4030,267115,app_4006,started,400,480,1.56
c_856,m_3250,0,app_5328,started,400,400,1.56
c_856,m_3250,25617,app_5328,started,400,400,1.56
c_856,m_3250,120521,app_5328,started,400,400,1.56
c_856,m_3250,273977,app_5328,started,400,400,1.56
c_856,m_3250,368503,app_5328,started,400,400,1.56
c_857,m_3543,0,app_1133,started,400,400,1.56
c_857,m_3543,13460,app_1133,started,400,400,1.56
c_857,m_3543,108780,app_1133,started,400,400,1.56
c_857,m_3543,260592,app_1133,started,400,400,1.56
c_857,m_3543,384400,app_1133,started,400,400,1.56
c_858,m_1216,0,app_5219,started,400,400,1.56
c_859,m_357,0,app_5294,started,800,800,1.56
c_859,m_357,11690,app_5294,started,800,800,1.56
c_859,m_357,106941,app_5294,started,800,800,1.56
c_859,m_357,125917,app_5294,started,800,800,1.56
c_859,m_357,129513,app_5294,started,800,800,1.56
c_859,m_357,130199,app_5294,started,800,800,1.56
c_859,m_357,176243,app_5294,started,800,800,1.56
c_859,m_357,209406,app_5294,started,800,800,1.56
c_859,m_357,258713,app_5294,started,800,800,1.56
c_859,m_357,330692,app_5294,started,800,800,1.56
c_859,m_357,641361,app_5294,started,800,800,1.56
c_860,m_1668,581115,app_263,started,800,800,3.13
c_860,m_1668,588753,app_263,started,800,800,3.13
c_860,m_1668,594688,app_263,started,800,800,3.13
c_860,m_1668,664878,app_263,started,800,800,3.13
c_861,m_1237,322262,app_1420,started,400,400,1.56
c_862,m_3585,0,app_3514,started,400,400,1.56
c_862,m_3585,16356,app_3514,started,400,400,1.56
c_862,m_3585,110874,app_3514,started,400,400,1.56
c_862,m_3585,264215,app_3514,started,400,400,1.56
c_862,m_3585,355672,app_3514,started,400,400,1.56
c_862,m_3585,385409,app_3514,started,400,400,1.56
c_863,m_368,0,app_9331,started,400,400,1.56
c_863,m_368,219549,app_9331,started,400,400,1.56
c_863,m_368,287224,app_9331,started,400,400,1.56
c_863,m_368,382540,app_9331,started,400,400,1.56
c_864,m_1053,0,app_498,started,400,400,1.56
c_864,m_1053,289143,app_498,started,400,400,1.56
c_864,m_1053,384663,app_498,started,400,400,1.56
c_864,m_1053,411147,app_498,started,400,400,1.56
c_864,m_1053,482265,app_498,started,400,400,1.56
c_865,m_2027,0,app_9540,started,400,480,1.56
c_865,m_2027,31843,app_9540,started,400,480,1.56
c_865,m_2027,128363,app_9540,started,400,480,1.56
c_865,m_2027,279331,app_9540,started,400,480,1.56
c_866,m_3238,0,app_9618,started,400,400,3.13
c_866,m_3238,290316,app_9618,started,400,400,3.13
c_866,m_3238,385919,app_9618,started,400,400,3.13
c_867,m_103,0,app_460,started,400,400,1.56
c_867,m_103,34159,app_460,started,400,400,1.56
c_867,m_103,230132,app_460,started,400,400,1.56
c_867,m_103,281724,app_460,started,400,400,1.56
c_867,m_103,447673,app_460,started,400,400,1.56
c_868,m_3202,0,app_5318,started,800,800,3.13
c_868,m_3202,27827,app_5318,started,800,800,3.13
c_868,m_3202,122857,app_5318,started,800,800,3.13
c_868,m_3202,276281,app_5318,started,800,800,3.13
c_868,m_3202,371074,app_5318,started,800,800,3.13
c_869,m_3774,0,app_7014,started,400,400,1.56
c_869,m_3774,285239,app_7014,started,400,400,1.56
c_869,m_3774,451695,app_7014,started,400,400,1.56
c_870,m_1342,123502,app_2667,started,400,400,1.56
c_871,m_167,0,app_3632,started,400,400,1.56
c_871,m_167,285545,app_3632,started,400,400,1.56
c_871,m_167,341071,app_3632,started,400,400,1.56
c_872,m_1767,0,app_4502,started,400,400,1.56
c_872,m_1767,23154,app_4502,started,400,400,1.56
c_872,m_1767,117975,app_4502,started,400,400,1.56
c_872,m_1767,271394,app_4502,started,400,400,1.56
c_872,m_1767,365536,app_4502,started,400,400,1.56
c_873,m_3433,0,app_2791,started,400,400,1.56
c_873,m_3433,284240,app_2791,started,400,400,1.56
c_873,m_3433,320897,app_2791,started,400,400,1.56
c_874,m_3015,0,app_461,started,400,480,1.56
c_874,m_3015,7734,app_461,started,400,480,1.56
c_874,m_3015,102726,app_461,started,400,480,1.56
c_874,m_3015,172142,app_461,started,400,480,1.56
c_874,m_3015,205300,app_461,started,400,480,1.56
c_874,m_3015,254666,app_461,started,400,480,1.56
c_875,m_809,0,app_7471,started,400,400,1.56
c_875,m_809,11119,app_7471,started,400,400,1.56
c_875,m_809,105591,app_7471,started,400,400,1.56
c_875,m_809,158059,app_7471,started,400,400,1.56
c_875,m_809,174488,app_7471,started,400,400,1.56
c_875,m_809,208028,app_7471,started,400,400,1.56
c_875,m_809,258945,app_7471,started,400,400,1.56
c_875,m_809,322576,app_7471,started,400,400,1.56
c_876,m_1167,0,app_3294,started,400,400,1.56
c_876,m_1167,22651,app_3294,started,400,400,1.56
c_876,m_1167,117463,app_3294,started,400,400,1.56
c_876,m_1167,270864,app_3294,started,400,400,1.56
c_876,m_1167,364955,app_3294,started,400,400,1.56
c_877,m_631,0,app_8417,started,2400,2400,9.38
c_877,m_631,19720,app_8417,started,2400,2400,9.38
c_877,m_631,115377,app_8417,started,2400,2400,9.38
c_877,m_631,266935,app_8417,started,2400,2400,9.38
c_877,m_631,428918,app_8417,started,2400,2400,9.38
c_878,m_2152,0,app_3632,started,400,400,1.56
c_878,m_2152,10195,app_3632,started,400,400,1.56
c_878,m_2152,105358,app_3632,started,400,400,1.56
c_878,m_2152,174723,app_3632,started,400,400,1.56
c_878,m_2152,207849,app_3632,started,400,400,1.56
c_878,m_2152,257208,app_3632,started,400,400,1.56
c_878,m_2152,379541,app_3632,started,400,400,1.56
c_879,m_1931,0,app_7191,started,400,400,1.56
c_879,m_1931,8522,app_7191,started,400,400,1.56
c_879,m_1931,103569,app_7191,started,400,400,1.56
c_879,m_1931,127017,app_7191,started,400,400,1.56
c_879,m_1931,172984,app_7191,started,400,400,1.56
c_879,m_1931,206122,app_7191,started,400,400,1.56
c_879,m_1931,255468,app_7191,started,400,400,1.56
c_879,m_1931,323299,app_7191,started,400,400,1.56
c_880,m_3853,0,app_1839,started,400,480,1.56
c_880,m_3853,14629,app_1839,started,400,480,1.56
c_880,m_3853,109988,app_1839,started,400,480,1.56
c_880,m_3853,261769,app_1839,started,400,480,1.56
c_881,m_491,0,app_4624,started,400,400,1.56
c_881,m_491,12055,app_4624,started,400,400,1.56
c_881,m_491,107323,app_4624,started,400,400,1.56
c_881,m_491,125884,app_4624,started,400,400,1.56
c_881,m_491,129532,app_4624,started,400,400,1.56
c_881,m_491,130214,app_4624,started,400,400,1.56
c_881,m_491,176619,app_4624,started,400,400,1.56
c_881,m_491,209779,app_4624,started,400,400,1.56
c_881,m_491,259082,app_4624,started,400,400,1.56
c_881,m_491,308714,app_4624,started,400,400,1.56
c_881,m_491,330690,app_4624,started,400,400,1.56
c_881,m_491,641846,app_4624,started,400,400,1.56
c_882,m_651,0,app_682,started,800,800,3.13
c_882,m_651,244133,app_682,started,800,800,3.13
c_882,m_651,245197,app_682,started,800,800,3.13
c_882,m_651,411916,app_682,started,800,800,3.13
c_883,m_822,0,app_5159,started,400,400,1.56
c_883,m_822,49346,app_5159,started,400,400,1.56
c_883,m_822,284818,app_5159,started,400,400,1.56
c_883,m_822,412223,app_5159,started,400,400,1.56
c_884,m_3631,0,app_6207,started,800,800,3.13
c_884,m_3631,26249,app_6207,started,800,800,3.13
c_884,m_3631,121173,app_6207,started,800,800,3.13
c_884,m_3631,257768,app_6207,started,800,800,3.13
c_884,m_3631,369283,app_6207,started,800,800,3.13
c_885,m_2195,0,app_7289,started,400,480,1.56
c_885,m_2195,34347,app_7289,started,400,480,1.56
c_885,m_2195,129757,app_7289,started,400,480,1.56
c_885,m_2195,283444,app_7289,started,400,480,1.56
c_886,m_1619,0,app_4730,started,400,400,1.56
c_886,m_1619,9286,app_4730,started,400,400,1.56
c_886,m_1619,103669,app_4730,started,400,400,1.56
c_886,m_1619,172633,app_4730,started,400,400,1.56
c_886,m_1619,206205,app_4730,started,400,400,1.56
c_886,m_1619,256997,app_4730,started,400,400,1.56
c_886,m_1619,335165,app_4730,started,400,400,1.56
c_887,m_1328,0,app_6010,started,400,400,1.56
c_887,m_1328,12671,app_6010,started,400,400,1.56
c_887,m_1328,107961,app_6010,started,400,400,1.56
c_887,m_1328,177246,app_6010,started,400,400,1.56
c_887,m_1328,210411,app_6010,started,400,400,1.56
c_887,m_1328,259783,app_6010,started,400,400,1.56
c_887,m_1328,383001,app_6010,started,400,400,1.56
c_888,m_1678,0,app_1552,started,400,400,1.56
c_888,m_1678,8895,app_1552,started,400,400,1.56
c_888,m_1678,103964,app_1552,started,400,400,1.56
c_888,m_1678,173378,app_1552,started,400,400,1.56
c_888,m_1678,206507,app_1552,started,400,400,1.56
c_888,m_1678,255879,app_1552,started,400,400,1.56
c_888,m_1678,415504,app_1552,started,400,400,1.56
c_888,m_1678,637434,app_1552,started,400,400,1.56
c_889,m_584,0,app_6070,started,400,480,1.56
c_889,m_584,284451,app_6070,started,400,480,1.56
c_890,m_1092,0,app_647,started,400,400,1.95
c_890,m_1092,14935,app_647,started,400,400,1.95
c_890,m_1092,109439,app_647,started,400,400,1.95
c_890,m_1092,178064,app_647,started,400,400,1.95
c_890,m_1092,262800,app_647,started,400,400,1.95
c_890,m_1092,353785,app_647,started,400,400,1.95
c_890,m_1092,446903,app_647,started,400,400,1.95
c_890,m_1092,552764,app_647,started,400,400,1.95
c_891,m_1514,0,app_706,started,400,400,1.56
c_891,m_1514,14972,app_706,started,400,400,1.56
c_891,m_1514,44440,app_706,started,400,400,1.56
c_891,m_1514,109476,app_706,started,400,400,1.56
c_891,m_1514,262839,app_706,started,400,400,1.56
c_891,m_1514,353859,app_706,started,400,400,1.56
c_891,m_1514,446931,app_706,started,400,400,1.56
c_891,m_1514,555867,app_706,started,400,400,1.56
c_892,m_2363,0,app_4058,started,400,400,1.56
c_892,m_2363,34921,app_4058,started,400,400,1.56
c_892,m_2363,284060,app_4058,started,400,400,1.56
c_892,m_2363,379179,app_4058,started,400,400,1.56
c_893,m_2763,0,app_3037,started,800,800,6.25
c_893,m_2763,14913,app_3037,started,800,800,6.25
c_893,m_2763,109419,app_3037,started,800,800,6.25
c_893,m_2763,178045,app_3037,started,800,800,6.25
c_893,m_2763,262780,app_3037,started,800,800,6.25
c_893,m_2763,353747,app_3037,started,800,800,6.25
c_893,m_2763,446889,app_3037,started,800,800,6.25
c_893,m_2763,555790,app_3037,started,800,800,6.25
c_894,m_1432,0,app_8529,started,400,400,1.56
c_894,m_1432,25161,app_8529,started,400,400,1.56
c_894,m_1432,121155,app_8529,started,400,400,1.56
c_894,m_1432,272384,app_8529,started,400,400,1.56
c_894,m_1432,432596,app_8529,started,400,400,1.56
c_895,m_548,0,app_8172,started,400,400,1.56
c_895,m_548,27051,app_8172,started,400,400,1.56
c_895,m_548,122030,app_8172,started,400,400,1.56
c_895,m_548,275472,app_8172,started,400,400,1.56
c_895,m_548,336144,app_8172,started,400,400,1.56
c_896,m_2547,0,app_3529,started,400,400,1.56
c_896,m_2547,35470,app_3529,started,400,400,1.56
c_896,m_2547,44441,app_3529,started,400,400,1.56
c_896,m_2547,284651,app_3529,started,400,400,1.56
c_896,m_2547,379812,app_3529,started,400,400,1.56
c_897,m_230,0,app_1449,started,800,800,3.13
c_897,m_230,290879,app_1449,started,800,800,3.13
c_897,m_230,386486,app_1449,started,800,800,3.13
c_898,m_3857,0,app_2754,started,400,400,1.56
c_898,m_3857,286308,app_2754,started,400,400,1.56
c_898,m_3857,381588,app_2754,started,400,400,1.56
c_899,m_76,0,app_2788,started,400,400,1.56
c_899,m_76,9368,app_2788,started,400,400,1.56
c_899,m_76,104444,app_2788,started,400,400,1.56
c_899,m_76,173854,app_2788,started,400,400,1.56
c_899,m_76,206982,app_2788,started,400,400,1.56
c_899,m_76,256340,app_2788,started,400,400,1.56
c_899,m_76,416246,app_2788,started,400,400,1.56
c_900,m_711,0,app_9683,started,400,480,1.56
c_900,m_711,284562,app_9683,started,400,480,1.56
c_901,m_2665,0,app_263,started,800,800,3.13
c_901,m_2665,11246,app_263,started,800,800,3.13
c_901,m_2665,106469,app_263,started,800,800,3.13
c_901,m_2665,175779,app_263,started,800,800,3.13
c_901,m_2665,208959,app_263,started,800,800,3.13
c_901,m_2665,258264,app_263,started,800,800,3.13
c_901,m_2665,342020,app_263,started,800,800,3.13
c_901,m_2665,640728,app_263,started,800,800,3.13
c_902,m_1804,0,app_8926,started,400,400,1.56
c_902,m_1804,20604,app_8926,started,400,400,1.56
c_902,m_1804,116013,app_8926,started,400,400,1.56
c_902,m_1804,269406,app_8926,started,400,400,1.56
c_902,m_1804,363407,app_8926,started,400,400,1.56
c_903,m_2722,0,app_6075,started,400,400,1.56
c_903,m_2722,15955,app_6075,started,400,400,1.56
c_903,m_2722,110462,app_6075,started,400,400,1.56
c_903,m_2722,263831,app_6075,started,400,400,1.56
c_903,m_2722,355309,app_6075,started,400,400,1.56
c_904,m_295,312506,app_2435,started,100,100,0.38
c_905,m_139,0,app_808,started,800,800,6.25
c_905,m_139,34892,app_808,started,800,800,6.25
c_905,m_139,282497,app_808,started,800,800,6.25
c_906,m_2070,0,app_71,started,400,400,3.13
c_906,m_2070,32333,app_71,started,400,400,3.13
c_906,m_2070,127646,app_71,started,400,400,3.13
c_906,m_2070,281320,app_71,started,400,400,3.13
c_906,m_2070,337557,app_71,started,400,400,3.13
c_906,m_2070,377849,app_71,started,400,400,3.13
c_907,m_2919,0,app_6140,started,400,400,1.56
c_907,m_2919,30069,app_6140,started,400,400,1.56
c_907,m_2919,126463,app_6140,started,400,400,1.56
c_907,m_2919,277542,app_6140,started,400,400,1.56
c_907,m_2919,376828,app_6140,started,400,400,1.56
c_907,m_2919,384244,app_6140,started,400,400,1.56
c_908,m_3252,0,app_3158,started,400,400,1.56
c_908,m_3252,34089,app_3158,started,400,400,1.56
c_908,m_3252,129487,app_3158,started,400,400,1.56
c_908,m_3252,283186,app_3158,started,400,400,1.56
c_908,m_3252,378302,app_3158,started,400,400,1.56
c_909,m_3809,0,app_1596,started,400,400,1.56
c_909,m_3809,34739,app_1596,started,400,400,1.56
c_909,m_3809,283858,app_1596,started,400,400,1.56
c_909,m_3809,378987,app_1596,started,400,400,1.56
c_910,m_2544,0,app_5322,started,400,400,1.56
c_910,m_2544,31030,app_5322,started,400,400,1.56
c_910,m_2544,127511,app_5322,started,400,400,1.56
c_910,m_2544,278534,app_5322,started,400,400,1.56
c_910,m_2544,442516,app_5322,started,400,400,1.56
c_911,m_3927,0,app_9352,started,400,400,1.56
c_911,m_3927,9246,app_9352,started,400,400,1.56
c_911,m_3927,104321,app_9352,started,400,400,1.56
c_911,m_3927,173734,app_9352,started,400,400,1.56
c_911,m_3927,206861,app_9352,started,400,400,1.56
c_911,m_3927,256222,app_9352,started,400,400,1.56
c_911,m_3927,324080,app_9352,started,400,400,1.56
c_912,m_2069,0,app_4038,started,800,800,2.34
c_912,m_2069,35237,app_4038,started,800,800,2.34
c_912,m_2069,284383,app_4038,started,800,800,2.34
c_912,m_2069,379521,app_4038,started,800,800,2.34
c_913,m_2811,0,app_9741,started,400,400,1.56
c_913,m_2811,11265,app_9741,started,400,400,1.56
c_913,m_2811,105744,app_9741,started,400,400,1.56
c_913,m_2811,174632,app_9741,started,400,400,1.56
c_913,m_2811,208173,app_9741,started,400,400,1.56
c_913,m_2811,259096,app_9741,started,400,400,1.56
c_913,m_2811,349421,app_9741,started,400,400,1.56
c_913,m_2811,589105,app_9741,started,400,400,1.56
c_913,m_2811,637521,app_9741,started,400,400,1.56
c_914,m_1132,0,app_9733,started,800,800,3.13
c_914,m_1132,11710,app_9733,started,800,800,3.13
c_914,m_1132,106190,app_9733,started,800,800,3.13
c_914,m_1132,175052,app_9733,started,800,800,3.13
c_914,m_1132,208647,app_9733,started,800,800,3.13
c_914,m_1132,259636,app_9733,started,800,800,3.13
c_914,m_1132,342021,app_9733,started,800,800,3.13
c_915,m_3902,0,app_8832,started,400,400,1.56
c_915,m_3902,12342,app_8832,started,400,400,1.56
c_915,m_3902,106815,app_8832,started,400,400,1.56
c_915,m_3902,158060,app_8832,started,400,400,1.56
c_915,m_3902,175623,app_8832,started,400,400,1.56
c_915,m_3902,209233,app_8832,started,400,400,1.56
c_915,m_3902,260252,app_8832,started,400,400,1.56
c_915,m_3902,322886,app_8832,started,400,400,1.56
c_916,m_320,0,app_9529,started,400,400,2.34
c_916,m_320,28371,app_9529,started,400,400,2.34
c_916,m_320,124625,app_9529,started,400,400,2.34
c_916,m_320,275707,app_9529,started,400,400,2.34
c_916,m_320,403352,app_9529,started,400,400,2.34
c_917,m_1076,0,app_166,started,400,400,1.56
c_917,m_1076,23329,app_166,started,400,400,1.56
c_917,m_1076,118154,app_166,started,400,400,1.56
c_917,m_1076,271573,app_166,started,400,400,1.56
c_917,m_1076,365764,app_166,started,400,400,1.56
c_918,m_3539,0,app_7519,started,800,800,6.25
c_918,m_3539,85571,app_7519,started,800,800,6.25
c_918,m_3539,87822,app_7519,started,800,800,6.25
c_918,m_3539,120316,app_7519,started,800,800,6.25
c_918,m_3539,246255,app_7519,started,800,800,6.25
c_918,m_3539,379963,app_7519,started,800,800,6.25
c_918,m_3539,678036,app_7519,started,800,800,6.25
c_919,m_1917,0,app_2531,started,400,400,1.56
c_919,m_1917,26785,app_2531,started,400,400,1.56
c_919,m_1917,122917,app_2531,started,400,400,1.56
c_919,m_1917,274092,app_2531,started,400,400,1.56
c_919,m_1917,401337,app_2531,started,400,400,1.56
c_919,m_1917,592866,app_2531,started,400,400,1.56
c_919,m_1917,639290,app_2531,started,400,400,1.56
c_920,m_3790,0,app_9504,started,400,400,1.56
c_920,m_3790,30901,app_9504,started,400,400,1.56
c_920,m_3790,126141,app_9504,started,400,400,1.56
c_920,m_3790,279550,app_9504,started,400,400,1.56
c_920,m_3790,374763,app_9504,started,400,400,1.56
c_921,m_939,0,app_3183,started,800,800,3.13
c_921,m_939,290477,app_3183,started,800,800,3.13
c_921,m_939,338297,app_3183,started,800,800,3.13
c_922,m_2048,0,app_5975,started,400,400,1.56
c_922,m_2048,287381,app_5975,started,400,400,1.56
c_922,m_2048,324083,app_5975,started,400,400,1.56
c_922,m_2048,678052,app_5975,started,400,400,1.56
c_923,m_264,0,app_2014,started,400,400,1.56
c_923,m_264,287292,app_2014,started,400,400,1.56
c_923,m_264,382614,app_2014,started,400,400,1.56
c_924,m_3660,0,app_552,started,800,800,3.13
c_924,m_3660,12422,app_552,started,800,800,3.13
c_924,m_3660,106895,app_552,started,800,800,3.13
c_924,m_3660,175697,app_552,started,800,800,3.13
c_924,m_3660,209310,app_552,started,800,800,3.13
c_924,m_3660,260333,app_552,started,800,800,3.13
c_924,m_3660,350719,app_552,started,800,800,3.13
c_924,m_3660,639689,app_552,started,800,800,3.13
c_925,m_677,0,app_3269,started,400,400,1.56
c_925,m_677,29484,app_3269,started,400,400,1.56
c_925,m_677,125819,app_3269,started,400,400,1.56
c_925,m_677,164157,app_3269,started,400,400,1.56
c_925,m_677,276896,app_3269,started,400,400,1.56
c_925,m_677,439912,app_3269,started,400,400,1.56
c_926,m_550,0,app_3665,started,400,400,1.56
c_926,m_550,243916,app_3665,started,400,400,1.56
c_927,m_2520,0,app_7867,started,400,400,1.56
c_927,m_2520,26312,app_7867,started,400,400,1.56
c_927,m_2520,122396,app_7867,started,400,400,1.56
c_927,m_2520,273568,app_7867,started,400,400,1.56
c_927,m_2520,434865,app_7867,started,400,400,1.56
c_927,m_2520,591027,app_7867,started,400,400,1.56
c_928,m_2846,0,app_7475,started,400,400,1.56
c_928,m_2846,15330,app_7475,started,400,400,1.56
c_928,m_2846,109829,app_7475,started,400,400,1.56
c_928,m_2846,263197,app_7475,started,400,400,1.56
c_928,m_2846,347399,app_7475,started,400,400,1.56
c_928,m_2846,643471,app_7475,started,400,400,1.56
c_929,m_1887,0,app_8393,started,400,400,1.56
c_929,m_1887,20221,app_8393,started,400,400,1.56
c_929,m_1887,115913,app_8393,started,400,400,1.56
c_929,m_1887,267854,app_8393,started,400,400,1.56
c_929,m_1887,429464,app_8393,started,400,400,1.56
c_930,m_859,0,app_1596,started,400,400,1.56
c_930,m_859,13465,app_1596,started,400,400,1.56
c_930,m_859,108785,app_1596,started,400,400,1.56
c_930,m_859,260596,app_1596,started,400,400,1.56
c_930,m_859,384404,app_1596,started,400,400,1.56
c_931,m_2812,0,app_22,started,400,480,1.56
c_931,m_2812,22575,app_22,started,400,480,1.56
c_931,m_2812,117739,app_22,started,400,480,1.56
c_931,m_2812,269782,app_22,started,400,480,1.56
c_932,m_159,0,app_8496,started,400,400,1.56
c_932,m_159,33412,app_8496,started,400,400,1.56
c_932,m_159,130057,app_8496,started,400,400,1.56
c_932,m_159,244343,app_8496,started,400,400,1.56
c_932,m_159,446391,app_8496,started,400,400,1.56
c_933,m_3618,0,app_827,started,400,400,1.56
c_933,m_3618,284893,app_827,started,400,400,1.56
c_933,m_3618,451336,app_827,started,400,400,1.56
c_934,m_2132,0,app_442,started,800,800,3.13
c_934,m_2132,14343,app_442,started,800,800,3.13
c_934,m_2132,71495,app_442,started,800,800,3.13
c_934,m_2132,74162,app_442,started,800,800,3.13
c_934,m_2132,81295,app_442,started,800,800,3.13
c_934,m_2132,92165,app_442,started,800,800,3.13
c_934,m_2132,109702,app_442,started,800,800,3.13
c_934,m_2132,125910,app_442,started,800,800,3.13
c_934,m_2132,130119,app_442,started,800,800,3.13
c_934,m_2132,162774,app_442,started,800,800,3.13
c_934,m_2132,261479,app_442,started,800,800,3.13
c_934,m_2132,337860,app_442,started,800,800,3.13
c_935,m_2780,0,app_2296,started,400,400,1.56
c_935,m_2780,15140,app_2296,started,400,400,1.56
c_935,m_2780,110501,app_2296,started,400,400,1.56
c_935,m_2780,262252,app_2296,started,400,400,1.56
c_935,m_2780,386023,app_2296,started,400,400,1.56
c_936,m_3421,0,app_8646,started,400,400,1.56
c_936,m_3421,27031,app_8646,started,400,400,1.56
c_936,m_3421,123178,app_8646,started,400,400,1.56
c_936,m_3421,274354,app_8646,started,400,400,1.56
c_936,m_3421,336125,app_8646,started,400,400,1.56
c_937,m_1879,0,app_9529,started,400,400,2.34
c_937,m_1879,30188,app_9529,started,400,400,2.34
c_937,m_1879,125374,app_9529,started,400,400,2.34
c_937,m_1879,278814,app_9529,started,400,400,2.34
c_937,m_1879,373967,app_9529,started,400,400,2.34
c_938,m_2668,0,app_561,started,400,480,1.56
c_938,m_2668,19862,app_561,started,400,480,1.56
c_938,m_2668,115519,app_561,started,400,480,1.56
c_938,m_2668,267070,app_561,started,400,480,1.56
c_939,m_2517,0,app_8612,started,400,400,1.56
c_939,m_2517,25345,app_8612,started,400,400,1.56
c_939,m_2517,121360,app_8612,started,400,400,1.56
c_939,m_2517,272588,app_8612,started,400,400,1.56
c_939,m_2517,432835,app_8612,started,400,400,1.56
c_940,m_2147,0,app_4267,started,400,480,1.56
c_940,m_2147,33981,app_4267,started,400,480,1.56
c_940,m_2147,129376,app_4267,started,400,480,1.56
c_940,m_2147,283072,app_4267,started,400,480,1.56
c_941,m_2505,0,app_9306,started,400,400,1.56
c_941,m_2505,18143,app_9306,started,400,400,1.56
c_941,m_2505,113700,app_9306,started,400,400,1.56
c_941,m_2505,265276,app_9306,started,400,400,1.56
c_941,m_2505,426703,app_9306,started,400,400,1.56
c_942,m_3880,0,app_7073,started,400,400,1.56
c_942,m_3880,285396,app_7073,started,400,400,1.56
c_942,m_3880,413052,app_7073,started,400,400,1.56
c_943,m_1411,0,app_6918,started,400,4800,1.56
c_943,m_1411,9375,app_6918,started,400,4800,1.56
c_943,m_1411,103764,app_6918,started,400,4800,1.56
c_943,m_1411,172720,app_6918,started,400,4800,1.56
c_943,m_1411,206300,app_6918,started,400,4800,1.56
c_943,m_1411,257096,app_6918,started,400,4800,1.56
c_943,m_1411,347374,app_6918,started,400,4800,1.56
c_944,m_3982,0,app_4597,started,400,480,1.56
c_944,m_3982,284099,app_4597,started,400,480,1.56
c_945,m_1207,0,app_6429,started,400,400,1.56
c_945,m_1207,288234,app_6429,started,400,400,1.56
c_945,m_1207,383646,app_6429,started,400,400,1.56
c_946,m_2950,0,app_1499,started,800,800,3.13
c_946,m_2950,287627,app_1499,started,800,800,3.13
c_946,m_2950,340507,app_1499,started,800,800,3.13
c_947,m_1645,0,app_3238,started,400,400,1.56
c_947,m_1645,12677,app_3238,started,400,400,1.56
c_947,m_1645,107967,app_3238,started,400,400,1.56
c_947,m_1645,177251,app_3238,started,400,400,1.56
c_947,m_1645,210417,app_3238,started,400,400,1.56
c_947,m_1645,259789,app_3238,started,400,400,1.56
c_947,m_1645,383013,app_3238,started,400,400,1.56
c_948,m_1456,0,app_2562,started,800,800,3.13
c_948,m_1456,32587,app_2562,started,800,800,3.13
c_948,m_1456,129178,app_2562,started,800,800,3.13
c_948,m_1456,280103,app_2562,started,800,800,3.13
c_948,m_1456,406760,app_2562,started,800,800,3.13
c_949,m_1446,0,app_5048,started,400,400,1.56
c_949,m_1446,290258,app_5048,started,400,400,1.56
c_949,m_1446,385844,app_5048,started,400,400,1.56
c_950,m_3943,0,app_4027,started,400,480,3.13
c_951,m_1579,0,app_8704,started,400,400,1.56
c_951,m_1579,13283,app_8704,started,400,400,1.56
c_951,m_1579,39621,app_8704,started,400,400,1.56
c_951,m_1579,108593,app_8704,started,400,400,1.56
c_951,m_1579,177878,app_8704,started,400,400,1.56
c_951,m_1579,260407,app_8704,started,400,400,1.56
c_951,m_1579,384087,app_8704,started,400,400,1.56
c_952,m_2428,0,app_2587,started,400,400,1.56
c_952,m_2428,12723,app_2587,started,400,400,1.56
c_952,m_2428,108015,app_2587,started,400,400,1.56
c_952,m_2428,177296,app_2587,started,400,400,1.56
c_952,m_2428,210461,app_2587,started,400,400,1.56
c_952,m_2428,259838,app_2587,started,400,400,1.56
c_952,m_2428,383093,app_2587,started,400,400,1.56
c_953,m_291,0,app_1300,started,400,400,1.56
c_953,m_291,24824,app_1300,started,400,400,1.56
c_953,m_291,39048,app_1300,started,400,400,1.56
c_953,m_291,119700,app_1300,started,400,400,1.56
c_953,m_291,273098,app_1300,started,400,400,1.56
c_953,m_291,367630,app_1300,started,400,400,1.56
c_954,m_683,0,app_9752,started,800,800,3.13
c_954,m_683,25166,app_9752,started,800,800,3.13
c_954,m_683,54865,app_9752,started,800,800,3.13
c_954,m_683,121161,app_9752,started,800,800,3.13
c_954,m_683,272390,app_9752,started,800,800,3.13
c_954,m_683,432602,app_9752,started,800,800,3.13
c_955,m_3645,310760,app_1672,started,400,400,1.56
c_955,m_3645,431911,app_1672,started,400,400,1.56
c_956,m_2252,0,app_3665,started,400,400,1.56
c_956,m_2252,32679,app_3665,started,400,400,1.56
c_956,m_2252,129284,app_3665,started,400,400,1.56
c_956,m_2252,280208,app_3665,started,400,400,1.56
c_956,m_2252,445449,app_3665,started,400,400,1.56
c_957,m_3500,0,app_3979,started,800,800,3.13
c_957,m_3500,14044,app_3979,started,800,800,3.13
c_957,m_3500,108586,app_3979,started,800,800,3.13
c_957,m_3500,177253,app_3979,started,800,800,3.13
c_957,m_3500,210858,app_3979,started,800,800,3.13
c_957,m_3500,261978,app_3979,started,800,800,3.13
c_958,m_2696,0,app_8107,started,400,480,1.56
c_958,m_2696,34862,app_8107,started,400,480,1.56
c_958,m_2696,140249,app_8107,started,400,480,1.56
c_958,m_2696,282468,app_8107,started,400,480,1.56
c_958,m_2696,317223,app_8107,started,400,480,1.56
c_959,m_382,0,app_3978,started,400,400,1.56
c_959,m_382,23065,app_3978,started,400,400,1.56
c_959,m_382,33062,app_3978,started,400,400,1.56
c_959,m_382,117882,app_3978,started,400,400,1.56
c_959,m_382,148899,app_3978,started,400,400,1.56
c_959,m_382,212393,app_3978,started,400,400,1.56
c_959,m_382,259520,app_3978,started,400,400,1.56
c_959,m_382,365433,app_3978,started,400,400,1.56
c_960,m_1541,0,app_8197,started,400,400,1.56
c_960,m_1541,290956,app_8197,started,400,400,1.56
c_960,m_1541,386564,app_8197,started,400,400,1.56
c_961,m_2928,0,app_5805,started,800,800,6.25
c_961,m_2928,14754,app_5805,started,800,800,6.25
c_961,m_2928,109264,app_5805,started,800,800,6.25
c_961,m_2928,177893,app_5805,started,800,800,6.25
c_961,m_2928,262632,app_5805,started,800,800,6.25
c_961,m_2928,340544,app_5805,started,800,800,6.25
c_962,m_167,0,app_7471,started,400,400,1.56
c_962,m_167,285545,app_7471,started,400,400,1.56
c_962,m_167,341071,app_7471,started,400,400,1.56
c_963,m_2476,0,app_1152,started,400,480,1.56
c_963,m_2476,30864,app_1152,started,400,480,1.56
c_963,m_2476,82807,app_1152,started,400,480,1.56
c_963,m_2476,83376,app_1152,started,400,480,1.56
c_963,m_2476,127335,app_1152,started,400,480,1.56
c_963,m_2476,278345,app_1152,started,400,480,1.56
c_964,m_2776,0,app_5598,started,400,400,1.56
c_964,m_2776,16371,app_5598,started,400,400,1.56
c_964,m_2776,110889,app_5598,started,400,400,1.56
c_964,m_2776,264236,app_5598,started,400,400,1.56
c_964,m_2776,355681,app_5598,started,400,400,1.56
c_964,m_2776,385439,app_5598,started,400,400,1.56
c_965,m_265,0,app_8611,started,400,400,1.56
c_965,m_265,25066,app_8611,started,400,400,1.56
c_965,m_265,121055,app_8611,started,400,400,1.56
c_965,m_265,272287,app_8611,started,400,400,1.56
c_965,m_265,399586,app_8611,started,400,400,1.56
c_966,m_729,0,app_9198,started,400,400,1.56
c_966,m_729,284748,app_9198,started,400,400,1.56
c_966,m_729,379912,app_9198,started,400,400,1.56
c_967,m_240,0,app_8208,started,400,400,1.56
c_967,m_240,23320,app_8208,started,400,400,1.56
c_967,m_240,118145,app_8208,started,400,400,1.56
c_967,m_240,230127,app_8208,started,400,400,1.56
c_967,m_240,365754,app_8208,started,400,400,1.56
c_968,m_420,0,app_71,started,400,400,3.13
c_968,m_420,19953,app_71,started,400,400,3.13
c_968,m_420,115617,app_71,started,400,400,3.13
c_968,m_420,267165,app_71,started,400,400,3.13
c_968,m_420,429180,app_71,started,400,400,3.13
c_969,m_126,0,app_6208,started,400,400,1.56
c_969,m_126,18911,app_6208,started,400,400,1.56
c_969,m_126,114521,app_6208,started,400,400,1.56
c_969,m_126,266056,app_6208,started,400,400,1.56
c_970,m_1855,0,app_1666,started,800,960,3.13
c_970,m_1855,284089,app_1666,started,800,960,3.13
c_971,m_1309,0,app_5558,started,400,400,1.56
c_971,m_1309,11807,app_5558,started,400,400,1.56
c_971,m_1309,106293,app_5558,started,400,400,1.56
c_971,m_1309,175147,app_5558,started,400,400,1.56
c_971,m_1309,208748,app_5558,started,400,400,1.56
c_971,m_1309,259742,app_5558,started,400,400,1.56
c_971,m_1309,350049,app_5558,started,400,400,1.56
c_972,m_3465,0,app_2683,started,400,400,1.56
c_972,m_3465,10825,app_2683,started,400,400,1.56
c_972,m_3465,105291,app_2683,started,400,400,1.56
c_972,m_3465,174199,app_2683,started,400,400,1.56
c_972,m_3465,207740,app_2683,started,400,400,1.56
c_972,m_3465,258627,app_2683,started,400,400,1.56
c_972,m_3465,324081,app_2683,started,400,400,1.56
c_973,m_2147,0,app_8667,started,400,480,1.56
c_973,m_2147,33981,app_8667,started,400,480,1.56
c_973,m_2147,129376,app_8667,started,400,480,1.56
c_973,m_2147,283072,app_8667,started,400,480,1.56
c_974,m_270,230723,app_2360,started,400,400,1.56
c_974,m_270,270703,app_2360,started,400,400,1.56
c_974,m_270,364797,app_2360,started,400,400,1.56
c_974,m_270,498072,app_2360,started,400,400,1.56
c_975,m_3849,0,app_4176,started,800,800,3.13
c_975,m_3849,11178,app_4176,started,800,800,3.13
c_976,m_3622,341783,app_6763,started,400,400,1.56
c_976,m_3622,344362,app_6763,started,400,400,1.56
c_977,m_3597,0,app_585,started,400,400,1.56
c_977,m_3597,213042,app_585,started,400,400,1.56
c_977,m_3597,249912,app_585,started,400,400,1.56
c_978,m_3367,0,app_3158,started,400,400,1.56
c_978,m_3367,30901,app_3158,started,400,400,1.56
c_978,m_3367,127374,app_3158,started,400,400,1.56
c_978,m_3367,278398,app_3158,started,400,400,1.56
c_978,m_3367,442300,app_3158,started,400,400,1.56
c_979,m_3353,0,app_9220,started,400,480,1.56
c_979,m_3353,8105,app_9220,started,400,480,1.56
c_979,m_3353,103128,app_9220,started,400,480,1.56
c_979,m_3353,172520,app_9220,started,400,480,1.56
c_979,m_3353,205690,app_9220,started,400,480,1.56
c_979,m_3353,255051,app_9220,started,400,480,1.56
c_979,m_3353,635950,app_9220,started,400,480,1.56
c_980,m_406,0,app_888,started,800,800,3.13
c_980,m_406,26850,app_888,started,800,800,3.13
c_980,m_406,81146,app_888,started,800,800,3.13
c_980,m_406,92106,app_888,started,800,800,3.13
c_980,m_406,122986,app_888,started,800,800,3.13
c_980,m_406,274172,app_888,started,800,800,3.13
c_980,m_406,345693,app_888,started,800,800,3.13
c_981,m_3171,0,app_5219,started,400,400,1.56
c_982,m_949,0,app_5219,started,400,400,1.56
c_983,m_1127,0,app_5237,started,400,400,1.56
c_983,m_1127,286554,app_5237,started,400,400,1.56
c_983,m_1127,381850,app_5237,started,400,400,1.56
c_984,m_3102,0,app_345,started,400,4800,1.56
c_984,m_3102,19341,app_345,started,400,4800,1.56
c_984,m_3102,114334,app_345,started,400,4800,1.56
c_984,m_3102,267301,app_345,started,400,4800,1.56
c_984,m_3102,360845,app_345,started,400,4800,1.56
c_985,m_541,0,app_7722,started,400,400,1.56
c_985,m_541,12984,app_7722,started,400,400,1.56
c_985,m_541,108285,app_7722,started,400,400,1.56
c_985,m_541,177564,app_7722,started,400,400,1.56
c_985,m_541,210732,app_7722,started,400,400,1.56
c_985,m_541,260108,app_7722,started,400,400,1.56
c_985,m_541,383619,app_7722,started,400,400,1.56
c_985,m_541,643093,app_7722,started,400,400,1.56
c_986,m_418,0,app_4606,started,400,400,1.56
c_986,m_418,34505,app_4606,started,400,400,1.56
c_986,m_418,282100,app_4606,started,400,400,1.56
c_986,m_418,448326,app_4606,started,400,400,1.56
c_987,m_239,0,app_6140,started,400,400,1.56
c_987,m_239,13389,app_6140,started,400,400,1.56
c_987,m_239,107891,app_6140,started,400,400,1.56
c_987,m_239,176608,app_6140,started,400,400,1.56
c_987,m_239,210223,app_6140,started,400,400,1.56
c_987,m_239,261306,app_6140,started,400,400,1.56
c_987,m_239,351855,app_6140,started,400,400,1.56
c_987,m_239,384872,app_6140,started,400,400,1.56
c_987,m_239,641032,app_6140,started,400,400,1.56
c_988,m_664,0,app_6306,started,400,400,1.56
c_988,m_664,18239,app_6306,started,400,400,1.56
c_988,m_664,113800,app_6306,started,400,400,1.56
c_988,m_664,265370,app_6306,started,400,400,1.56
c_988,m_664,426815,app_6306,started,400,400,1.56
c_989,m_3205,0,app_8719,started,400,400,1.56
c_989,m_3205,286028,app_8719,started,400,400,1.56
c_989,m_3205,381308,app_8719,started,400,400,1.56
c_990,m_3295,0,app_1603,started,400,400,1.56
c_990,m_3295,29360,app_1603,started,400,400,1.56
c_990,m_3295,125686,app_1603,started,400,400,1.56
c_990,m_3295,232385,app_1603,started,400,400,1.56
c_990,m_3295,404552,app_1603,started,400,400,1.56
c_991,m_3891,0,app_565,started,400,400,1.56
c_991,m_3891,12963,app_565,started,400,400,1.56
c_991,m_3891,108263,app_565,started,400,400,1.56
c_991,m_3891,177543,app_565,started,400,400,1.56
c_991,m_3891,210713,app_565,started,400,400,1.56
c_991,m_3891,260086,app_565,started,400,400,1.56
c_991,m_3891,383553,app_565,started,400,400,1.56
c_991,m_3891,643064,app_565,started,400,400,1.56
c_992,m_2055,0,app_83,started,400,4800,1.56
c_992,m_2055,22538,app_83,started,400,4800,1.56
c_992,m_2055,117700,app_83,started,400,4800,1.56
c_992,m_2055,269737,app_83,started,400,4800,1.56
c_992,m_2055,394525,app_83,started,400,4800,1.56
c_993,m_2684,0,app_2747,started,400,400,1.56
c_993,m_2684,29354,app_2747,started,400,400,1.56
c_993,m_2684,125678,app_2747,started,400,400,1.56
c_993,m_2684,276754,app_2747,started,400,400,1.56
c_993,m_2684,404546,app_2747,started,400,400,1.56
c_994,m_3952,0,app_1797,started,800,800,3.13
c_994,m_3952,10535,app_1797,started,800,800,3.13
c_994,m_3952,104990,app_1797,started,800,800,3.13
c_994,m_3952,173917,app_1797,started,800,800,3.13
c_994,m_3952,207451,app_1797,started,800,800,3.13
c_994,m_3952,258328,app_1797,started,800,800,3.13
c_994,m_3952,348631,app_1797,started,800,800,3.13
c_995,m_3384,0,app_141,started,800,800,3.13
c_995,m_3384,9060,app_141,started,800,800,3.13
c_995,m_3384,104133,app_141,started,800,800,3.13
c_995,m_3384,173547,app_141,started,800,800,3.13
c_995,m_3384,206676,app_141,started,800,800,3.13
c_995,m_3384,256039,app_141,started,800,800,3.13
c_995,m_3384,415832,app_141,started,800,800,3.13
c_995,m_3384,637693,app_141,started,800,800,3.13
c_996,m_3460,0,app_2226,started,400,480,1.56
c_996,m_3460,51502,app_2226,started,400,480,1.56
c_996,m_3460,290896,app_2226,started,400,480,1.56
c_997,m_3494,0,app_9501,started,400,400,1.56
c_997,m_3494,21029,app_9501,started,400,400,1.56
c_997,m_3494,116227,app_9501,started,400,400,1.56
c_997,m_3494,269621,app_9501,started,400,400,1.56
c_997,m_3494,363634,app_9501,started,400,400,1.56
c_998,m_176,0,app_141,started,800,800,3.13
c_998,m_176,13574,app_141,started,800,800,3.13
c_998,m_176,108902,app_141,started,800,800,3.13
c_998,m_176,260716,app_141,started,800,800,3.13
c_998,m_176,384605,app_141,started,800,800,3.13
c_999,m_490,0,app_7505,started,800,800,3.13
c_999,m_490,13779,app_7505,started,800,800,3.13
c_999,m_490,109122,app_7505,started,800,800,3.13
c_999,m_490,260921,app_7505,started,800,800,3.13
c_999,m_490,384926,app_7505,started,800,800,3.13
c_1000,m_2311,554994,app_4265,started,400,400,1.56
c_1001,m_2946,0,app_5535,started,400,400,1.56
c_1001,m_2946,34794,app_5535,started,400,400,1.56
c_1001,m_2946,282401,app_5535,started,400,400,1.56
c_1001,m_2946,409183,app_5535,started,400,400,1.56
c_1002,m_2652,0,app_6034,started,400,400,1.56
c_1002,m_2652,11784,app_6034,started,400,400,1.56
c_1002,m_2652,106268,app_6034,started,400,400,1.56
c_1002,m_2652,175122,app_6034,started,400,400,1.56
c_1002,m_2652,208724,app_6034,started,400,400,1.56
c_1002,m_2652,259718,app_6034,started,400,400,1.56
c_1002,m_2652,350025,app_6034,started,400,400,1.56
c_1003,m_2746,337349,app_7048,started,400,400,1.56
c_1003,m_2746,408016,app_7048,started,400,400,1.56
c_1004,m_1519,0,app_1476,started,400,400,1.56
c_1004,m_1519,11205,app_1476,started,400,400,1.56
c_1004,m_1519,106425,app_1476,started,400,400,1.56
c_1004,m_1519,175739,app_1476,started,400,400,1.56
c_1004,m_1519,208913,app_1476,started,400,400,1.56
c_1004,m_1519,258224,app_1476,started,400,400,1.56
c_1004,m_1519,340417,app_1476,started,400,400,1.56
c_1005,m_811,0,app_8595,started,400,400,1.56
c_1005,m_811,27171,app_8595,started,400,400,1.56
c_1005,m_811,122159,app_8595,started,400,400,1.56
c_1005,m_811,275597,app_8595,started,400,400,1.56
c_1005,m_811,339087,app_8595,started,400,400,1.56
c_1006,m_1197,0,app_9440,started,400,400,1.56
c_1006,m_1197,28118,app_9440,started,400,400,1.56
c_1006,m_1197,121761,app_9440,started,400,400,1.56
c_1006,m_1197,123167,app_9440,started,400,400,1.56
c_1006,m_1197,244120,app_9440,started,400,400,1.56
c_1006,m_1197,371397,app_9440,started,400,400,1.56
c_1007,m_2165,0,app_6958,started,400,400,1.56
c_1007,m_2165,64741,app_6958,started,400,400,1.56
c_1007,m_2165,125884,app_6958,started,400,400,1.56
c_1007,m_2165,129516,app_6958,started,400,400,1.56
c_1007,m_2165,130204,app_6958,started,400,400,1.56
c_1007,m_2165,162814,app_6958,started,400,400,1.56
c_1007,m_2165,286546,app_6958,started,400,400,1.56
c_1007,m_2165,381841,app_6958,started,400,400,1.56
c_1008,m_3382,0,app_493,started,400,400,1.56
c_1008,m_3382,9155,app_493,started,400,400,1.56
c_1008,m_3382,104225,app_493,started,400,400,1.56
c_1008,m_3382,173636,app_493,started,400,400,1.56
c_1008,m_3382,206769,app_493,started,400,400,1.56
c_1008,m_3382,256128,app_493,started,400,400,1.56
c_1008,m_3382,415949,app_493,started,400,400,1.56
c_1009,m_1051,0,app_8950,started,400,4800,1.56
c_1009,m_1051,35052,app_8950,started,400,4800,1.56
c_1009,m_1051,282677,app_8950,started,400,4800,1.56
c_1009,m_1051,448810,app_8950,started,400,4800,1.56
c_1010,m_1364,0,app_2943,started,400,480,1.56
c_1010,m_1364,19599,app_2943,started,400,480,1.56
c_1010,m_1364,115246,app_2943,started,400,480,1.56
c_1010,m_1364,266813,app_2943,started,400,480,1.56
c_1011,m_2324,0,app_9678,started,800,800,3.13
c_1011,m_2324,284831,app_9678,started,800,800,3.13
c_1011,m_2324,337532,app_9678,started,800,800,3.13
c_1012,m_1141,0,app_3447,started,400,400,1.56
c_1012,m_1141,22525,app_3447,started,400,400,1.56
c_1012,m_1141,117330,app_3447,started,400,400,1.56
c_1012,m_1141,212413,app_3447,started,400,400,1.56
c_1012,m_1141,259535,app_3447,started,400,400,1.56
c_1012,m_1141,364825,app_3447,started,400,400,1.56
c_1013,m_858,0,app_3453,started,400,400,1.56
c_1013,m_858,287468,app_3453,started,400,400,1.56
c_1013,m_858,382806,app_3453,started,400,400,1.56
c_1014,m_3654,0,app_3961,started,400,400,1.56
c_1014,m_3654,289740,app_3961,started,400,400,1.56
c_1014,m_3654,385298,app_3961,started,400,400,1.56
c_1015,m_1554,0,app_2965,started,400,400,1.56
c_1015,m_1554,13704,app_2965,started,400,400,1.56
c_1015,m_1554,49299,app_2965,started,400,400,1.56
c_1015,m_1554,109043,app_2965,started,400,400,1.56
c_1015,m_1554,260844,app_2965,started,400,400,1.56
c_1015,m_1554,384823,app_2965,started,400,400,1.56
c_1016,m_3395,0,app_7471,started,400,400,1.56
c_1016,m_3395,11032,app_7471,started,400,400,1.56
c_1016,m_3395,106240,app_7471,started,400,400,1.56
c_1016,m_3395,175559,app_7471,started,400,400,1.56
c_1016,m_3395,208736,app_7471,started,400,400,1.56
c_1016,m_3395,258047,app_7471,started,400,400,1.56
c_1016,m_3395,380955,app_7471,started,400,400,1.56
c_1017,m_312,0,app_5823,started,400,400,1.56
c_1017,m_312,284839,app_5823,started,400,400,1.56
c_1017,m_312,380024,app_5823,started,400,400,1.56
c_1018,m_347,0,app_17,started,400,400,1.56
c_1018,m_347,11313,app_17,started,400,400,1.56
c_1018,m_347,106540,app_17,started,400,400,1.56
c_1018,m_347,175857,app_17,started,400,400,1.56
c_1018,m_347,209026,app_17,started,400,400,1.56
c_1018,m_347,258331,app_17,started,400,400,1.56
c_1018,m_347,345693,app_17,started,400,400,1.56
c_1018,m_347,640824,app_17,started,400,400,1.56
c_1019,m_3685,0,app_5219,started,400,400,1.56
c_1020,m_601,236060,app_1141,started,400,400,3.13
c_1020,m_601,261793,app_1141,started,400,400,3.13
c_1020,m_601,352357,app_1141,started,400,400,3.13
c_1021,m_2740,0,app_1086,started,400,480,1.56
c_1021,m_2740,22565,app_1086,started,400,480,1.56
c_1021,m_2740,117729,app_1086,started,400,480,1.56
c_1021,m_2740,269772,app_1086,started,400,480,1.56
c_1022,m_3988,0,app_4799,started,800,800,3.13
c_1022,m_3988,9443,app_4799,started,800,800,3.13
c_1022,m_3988,104534,app_4799,started,800,800,3.13
c_1022,m_3988,173930,app_4799,started,800,800,3.13
c_1022,m_3988,207059,app_4799,started,800,800,3.13
c_1022,m_3988,256415,app_4799,started,800,800,3.13
c_1022,m_3988,416326,app_4799,started,800,800,3.13
c_1022,m_3988,638182,app_4799,started,800,800,3.13
c_1023,m_3880,0,app_3048,started,400,400,1.56
c_1023,m_3880,285396,app_3048,started,400,400,1.56
c_1023,m_3880,413052,app_3048,started,400,400,1.56
c_1024,m_581,0,app_1797,started,800,800,3.13
c_1024,m_581,232323,app_1797,started,800,800,3.13
c_1025,m_1899,0,app_712,started,400,400,1.56
c_1025,m_1899,27502,app_712,started,400,400,1.56
c_1025,m_1899,123682,app_712,started,400,400,1.56
c_1025,m_1899,274840,app_712,started,400,400,1.56
c_1025,m_1899,436642,app_712,started,400,400,1.56
c_1026,m_2248,0,app_3415,started,800,800,1.56
c_1026,m_2248,31714,app_3415,started,800,800,1.56
c_1026,m_2248,128236,app_3415,started,800,800,1.56
c_1026,m_2248,279209,app_3415,started,800,800,1.56
c_1026,m_2248,443686,app_3415,started,800,800,1.56
c_1027,m_250,0,app_3206,started,400,400,1.56
c_1027,m_250,34485,app_3206,started,400,400,1.56
c_1027,m_250,283598,app_3206,started,400,400,1.56
c_1027,m_250,378707,app_3206,started,400,400,1.56
c_1028,m_2399,0,app_94,started,400,400,1.56
c_1028,m_2399,16819,app_94,started,400,400,1.56
c_1028,m_2399,112275,app_94,started,400,400,1.56
c_1028,m_2399,158058,app_94,started,400,400,1.56
c_1028,m_2399,263913,app_94,started,400,400,1.56
c_1028,m_2399,425384,app_94,started,400,400,1.56
c_1029,m_1954,0,app_7298,started,400,400,1.56
c_1029,m_1954,244714,app_7298,started,400,400,1.56
c_1029,m_1954,285252,app_7298,started,400,400,1.56
c_1029,m_1954,400449,app_7298,started,400,400,1.56
c_1030,m_2110,0,app_3362,started,400,480,1.56
c_1030,m_2110,15225,app_3362,started,400,480,1.56
c_1030,m_2110,109724,app_3362,started,400,480,1.56
c_1030,m_2110,263099,app_3362,started,400,480,1.56
c_1030,m_2110,447115,app_3362,started,400,480,1.56
c_1030,m_2110,556206,app_3362,started,400,480,1.56
c_1031,m_3445,0,app_9529,started,400,400,2.34
c_1031,m_3445,35396,app_9529,started,400,400,2.34
c_1031,m_3445,252973,app_9529,started,400,400,2.34
c_1031,m_3445,309737,app_9529,started,400,400,2.34
c_1031,m_3445,379733,app_9529,started,400,400,2.34
c_1032,m_221,0,app_7890,started,800,800,3.13
c_1032,m_221,27196,app_7890,started,800,800,3.13
c_1032,m_221,122185,app_7890,started,800,800,3.13
c_1032,m_221,275623,app_7890,started,800,800,3.13
c_1033,m_3133,0,app_7050,started,400,400,1.56
c_1033,m_3133,33420,app_7050,started,400,400,1.56
c_1033,m_3133,130066,app_7050,started,400,400,1.56
c_1033,m_3133,280971,app_7050,started,400,400,1.56
c_1033,m_3133,446399,app_7050,started,400,400,1.56
c_1034,m_3112,0,app_2695,started,800,800,3.13
c_1034,m_3112,11929,app_2695,started,800,800,3.13
c_1034,m_3112,106397,app_2695,started,800,800,3.13
c_1034,m_3112,175240,app_2695,started,800,800,3.13
c_1034,m_3112,208842,app_2695,started,800,800,3.13
c_1034,m_3112,243765,app_2695,started,800,800,3.13
c_1034,m_3112,259847,app_2695,started,800,800,3.13
c_1035,m_1656,0,app_5607,started,400,400,1.56
c_1035,m_1656,32016,app_5607,started,400,400,1.56
c_1035,m_1656,128560,app_5607,started,400,400,1.56
c_1035,m_1656,245189,app_5607,started,400,400,1.56
c_1035,m_1656,406468,app_5607,started,400,400,1.56
c_1036,m_1354,0,app_1026,started,800,960,3.13
c_1036,m_1354,19606,app_1026,started,800,960,3.13
c_1036,m_1354,115253,app_1026,started,800,960,3.13
c_1036,m_1354,234627,app_1026,started,800,960,3.13
c_1037,m_1597,0,app_9193,started,400,400,1.56
c_1037,m_1597,19437,app_9193,started,400,400,1.56
c_1037,m_1597,69155,app_9193,started,400,400,1.56
c_1037,m_1597,115074,app_9193,started,400,400,1.56
c_1037,m_1597,266628,app_9193,started,400,400,1.56
c_1037,m_1597,428432,app_9193,started,400,400,1.56
c_1037,m_1597,681091,app_9193,started,400,400,1.56
c_1038,m_439,0,app_565,started,400,400,1.56
c_1038,m_439,10938,app_565,started,400,400,1.56
c_1038,m_439,105409,app_565,started,400,400,1.56
c_1038,m_439,174314,app_565,started,400,400,1.56
c_1038,m_439,207849,app_565,started,400,400,1.56
c_1038,m_439,258747,app_565,started,400,400,1.56
c_1038,m_439,342184,app_565,started,400,400,1.56
c_1038,m_439,637112,app_565,started,400,400,1.56
c_1039,m_165,0,app_360,started,400,480,1.56
c_1039,m_165,17166,app_360,started,400,480,1.56
c_1039,m_165,111696,app_360,started,400,480,1.56
c_1039,m_165,253528,app_360,started,400,480,1.56
c_1040,m_998,0,app_1707,started,400,400,1.56
c_1040,m_998,9066,app_1707,started,400,400,1.56
c_1040,m_998,53481,app_1707,started,400,400,1.56
c_1040,m_998,103446,app_1707,started,400,400,1.56
c_1040,m_998,172415,app_1707,started,400,400,1.56
c_1040,m_998,205980,app_1707,started,400,400,1.56
c_1040,m_998,256759,app_1707,started,400,400,1.56
c_1040,m_998,347022,app_1707,started,400,400,1.56
c_1041,m_2340,0,app_8690,started,400,400,1.95
c_1041,m_2340,30091,app_8690,started,400,400,1.95
c_1041,m_2340,125276,app_8690,started,400,400,1.95
c_1041,m_2340,278714,app_8690,started,400,400,1.95
c_1041,m_2340,373851,app_8690,started,400,400,1.95
c_1042,m_3574,0,app_2912,started,800,800,3.13
c_1042,m_3574,31136,app_2912,started,800,800,3.13
c_1042,m_3574,125910,app_2912,started,800,800,3.13
c_1042,m_3574,126393,app_2912,started,800,800,3.13
c_1042,m_3574,130186,app_2912,started,800,800,3.13
c_1042,m_3574,279826,app_2912,started,800,800,3.13
c_1042,m_3574,330704,app_2912,started,800,800,3.13
c_1043,m_264,0,app_4038,started,800,800,2.34
c_1043,m_264,287292,app_4038,started,800,800,2.34
c_1043,m_264,382613,app_4038,started,800,800,2.34
c_1044,m_2190,0,app_8140,started,400,400,1.56
c_1044,m_2190,27946,app_8140,started,400,400,1.56
c_1044,m_2190,122977,app_8140,started,400,400,1.56
c_1044,m_2190,276402,app_8140,started,400,400,1.56
c_1044,m_2190,371201,app_8140,started,400,400,1.56
c_1045,m_2110,0,app_9273,started,400,480,1.56
c_1045,m_2110,15225,app_9273,started,400,480,1.56
c_1045,m_2110,109724,app_9273,started,400,480,1.56
c_1045,m_2110,263099,app_9273,started,400,480,1.56
c_1045,m_2110,447114,app_9273,started,400,480,1.56
c_1045,m_2110,556206,app_9273,started,400,480,1.56
c_1046,m_3493,0,app_8205,started,400,400,1.56
c_1046,m_3493,13182,app_8205,started,400,400,1.56
c_1046,m_3493,108490,app_8205,started,400,400,1.56
c_1046,m_3493,177774,app_8205,started,400,400,1.56
c_1046,m_3493,260305,app_8205,started,400,400,1.56
c_1046,m_3493,347371,app_8205,started,400,400,1.56
c_1047,m_471,0,app_7564,started,400,400,1.56
c_1047,m_471,286870,app_7564,started,400,400,1.56
c_1047,m_471,382160,app_7564,started,400,400,1.56
c_1048,m_1001,0,app_66,started,400,400,1.56
c_1048,m_1001,10934,app_66,started,400,400,1.56
c_1048,m_1001,106141,app_66,started,400,400,1.56
c_1048,m_1001,175464,app_66,started,400,400,1.56
c_1048,m_1001,208633,app_66,started,400,400,1.56
c_1048,m_1001,257952,app_66,started,400,400,1.56
c_1048,m_1001,380806,app_66,started,400,400,1.56
c_1049,m_429,0,app_9070,started,400,480,1.56
c_1049,m_429,290975,app_9070,started,400,480,1.56
c_1050,m_2360,0,app_6014,started,2400,2400,9.38
c_1050,m_2360,10974,app_6014,started,2400,2400,9.38
c_1050,m_2360,105446,app_6014,started,2400,2400,9.38
c_1050,m_2360,174349,app_6014,started,2400,2400,9.38
c_1050,m_2360,207890,app_6014,started,2400,2400,9.38
c_1050,m_2360,258799,app_6014,started,2400,2400,9.38
c_1050,m_2360,337550,app_6014,started,2400,2400,9.38
c_1051,m_2132,341788,app_5226,started,400,400,1.56
c_1052,m_3529,161059,app_8508,started,400,400,1.56
c_1052,m_3529,286950,app_8508,started,400,400,1.56
c_1052,m_3529,382238,app_8508,started,400,400,1.56
c_1053,m_1191,0,app_2506,started,400,400,1.56
c_1053,m_1191,35044,app_2506,started,400,400,1.56
c_1053,m_1191,239963,app_2506,started,400,400,1.56
c_1053,m_1191,379310,app_2506,started,400,400,1.56
c_1054,m_2596,0,app_5753,started,400,400,1.56
c_1054,m_2596,35134,app_5753,started,400,400,1.56
c_1054,m_2596,282761,app_5753,started,400,400,1.56
c_1054,m_2596,448955,app_5753,started,400,400,1.56
c_1055,m_1151,0,app_5895,started,400,400,1.56
c_1055,m_1151,10806,app_5895,started,400,400,1.56
c_1055,m_1151,105270,app_5895,started,400,400,1.56
c_1055,m_1151,158056,app_5895,started,400,400,1.56
c_1055,m_1151,174181,app_5895,started,400,400,1.56
c_1055,m_1151,207722,app_5895,started,400,400,1.56
c_1055,m_1151,258608,app_5895,started,400,400,1.56
c_1055,m_1151,336913,app_5895,started,400,400,1.56
c_1056,m_68,0,app_7011,started,400,480,1.56
c_1056,m_68,22336,app_7011,started,400,480,1.56
c_1056,m_68,117493,app_7011,started,400,480,1.56
c_1056,m_68,269533,app_7011,started,400,480,1.56
c_1057,m_2708,0,app_713,started,400,400,1.56
c_1057,m_2708,14115,app_713,started,400,400,1.56
c_1057,m_2708,108661,app_713,started,400,400,1.56
c_1057,m_2708,177323,app_713,started,400,400,1.56
c_1057,m_2708,210928,app_713,started,400,400,1.56
c_1057,m_2708,262049,app_713,started,400,400,1.56
c_1057,m_2708,352666,app_713,started,400,400,1.56
c_1057,m_2708,418709,app_713,started,400,400,1.56
c_1058,m_545,2063,app_8178,started,400,400,1.56
c_1058,m_545,33012,app_8178,started,400,400,1.56
c_1058,m_545,39621,app_8178,started,400,400,1.56
c_1058,m_545,129640,app_8178,started,400,400,1.56
c_1058,m_545,280535,app_8178,started,400,400,1.56
c_1058,m_545,445814,app_8178,started,400,400,1.56
c_1059,m_1291,0,app_5079,started,400,400,1.56
c_1059,m_1291,29043,app_5079,started,400,400,1.56
c_1059,m_1291,125325,app_5079,started,400,400,1.56
c_1059,m_1291,240353,app_5079,started,400,400,1.56
c_1059,m_1291,276394,app_5079,started,400,400,1.56
c_1059,m_1291,439255,app_5079,started,400,400,1.56
c_1060,m_2786,0,app_7203,started,800,800,3.13
c_1060,m_2786,27451,app_7203,started,800,800,3.13
c_1060,m_2786,123631,app_7203,started,800,800,3.13
c_1060,m_2786,274787,app_7203,started,800,800,3.13
c_1060,m_2786,402091,app_7203,started,800,800,3.13
c_1061,m_1988,0,app_1825,started,800,800,6.25
c_1061,m_1988,15419,app_1825,started,800,800,6.25
c_1061,m_1988,109918,app_1825,started,800,800,6.25
c_1061,m_1988,263281,app_1825,started,800,800,6.25
c_1061,m_1988,354753,app_1825,started,800,800,6.25
c_1061,m_1988,643579,app_1825,started,800,800,6.25
c_1062,m_3440,332562,app_7387,started,800,800,3.13
c_1063,m_3433,0,app_4338,started,400,400,1.56
c_1063,m_3433,284240,app_4338,started,400,400,1.56
c_1063,m_3433,320897,app_4338,started,400,400,1.56
c_1064,m_952,0,app_4784,started,400,400,1.56
c_1064,m_952,34291,app_4784,started,400,400,1.56
c_1064,m_952,129696,app_4784,started,400,400,1.56
c_1064,m_952,283385,app_4784,started,400,400,1.56
c_1064,m_952,378502,app_4784,started,400,400,1.56
c_1065,m_1069,0,app_704,started,400,400,1.56
c_1065,m_1069,13652,app_704,started,400,400,1.56
c_1065,m_1069,108165,app_704,started,400,400,1.56
c_1065,m_1069,176856,app_704,started,400,400,1.56
c_1065,m_1069,210472,app_704,started,400,400,1.56
c_1065,m_1069,261563,app_704,started,400,400,1.56
c_1065,m_1069,352137,app_704,started,400,400,1.56
c_1066,m_3459,0,app_612,started,400,400,1.56
c_1066,m_3459,29965,app_612,started,400,400,1.56
c_1066,m_3459,125152,app_612,started,400,400,1.56
c_1066,m_3459,136447,app_612,started,400,400,1.56
c_1066,m_3459,137603,app_612,started,400,400,1.56
c_1066,m_3459,278586,app_612,started,400,400,1.56
c_1066,m_3459,373694,app_612,started,400,400,1.56
c_1067,m_3320,0,app_2264,started,400,400,1.56
c_1067,m_3320,13498,app_2264,started,400,400,1.56
c_1067,m_3320,108003,app_2264,started,400,400,1.56
c_1067,m_3320,125917,app_2264,started,400,400,1.56
c_1067,m_3320,130112,app_2264,started,400,400,1.56
c_1067,m_3320,176707,app_2264,started,400,400,1.56
c_1067,m_3320,210325,app_2264,started,400,400,1.56
c_1067,m_3320,261410,app_2264,started,400,400,1.56
c_1067,m_3320,330711,app_2264,started,400,400,1.56
c_1068,m_1559,0,app_8047,started,400,400,1.56
c_1068,m_1559,290460,app_8047,started,400,400,1.56
c_1068,m_1559,386072,app_8047,started,400,400,1.56
c_1069,m_908,581831,app_7876,started,800,800,3.13
c_1069,m_908,589212,app_7876,started,800,800,3.13
c_1069,m_908,594696,app_7876,started,800,800,3.13
c_1070,m_1751,0,app_7135,started,400,400,1.56
c_1070,m_1751,13934,app_7135,started,400,400,1.56
c_1070,m_1751,109275,app_7135,started,400,400,1.56
c_1070,m_1751,261069,app_7135,started,400,400,1.56
c_1070,m_1751,347401,app_7135,started,400,400,1.56
c_1071,m_1064,0,app_3180,started,400,400,1.56
c_1071,m_1064,13356,app_3180,started,400,400,1.56
c_1071,m_1064,108670,app_3180,started,400,400,1.56
c_1071,m_1064,260480,app_3180,started,400,400,1.56
c_1071,m_1064,318713,app_3180,started,400,400,1.56
c_1072,m_1698,0,app_4832,started,400,400,1.56
c_1072,m_1698,35028,app_4832,started,400,400,1.56
c_1072,m_1698,212400,app_4832,started,400,400,1.56
c_1072,m_1698,246084,app_4832,started,400,400,1.56
c_1072,m_1698,379292,app_4832,started,400,400,1.56
c_1073,m_3401,0,app_2131,started,400,400,1.56
c_1073,m_3401,29502,app_2131,started,400,400,1.56
c_1073,m_3401,125839,app_2131,started,400,400,1.56
c_1073,m_3401,276915,app_2131,started,400,400,1.56
c_1073,m_3401,439949,app_2131,started,400,400,1.56
c_1074,m_544,0,app_5383,started,400,400,1.56
c_1074,m_544,15697,app_5383,started,400,400,1.56
c_1074,m_544,89544,app_5383,started,400,400,1.56
c_1074,m_544,110199,app_5383,started,400,400,1.56
c_1074,m_544,158230,app_5383,started,400,400,1.56
c_1074,m_544,263576,app_5383,started,400,400,1.56
c_1074,m_544,337556,app_5383,started,400,400,1.56
c_1075,m_2607,0,app_5936,started,400,400,1.56
c_1075,m_2607,11802,app_5936,started,400,400,1.56
c_1075,m_2607,107057,app_5936,started,400,400,1.56
c_1075,m_2607,176364,app_5936,started,400,400,1.56
c_1075,m_2607,209523,app_5936,started,400,400,1.56
c_1075,m_2607,258827,app_5936,started,400,400,1.56
c_1075,m_2607,418165,app_5936,started,400,400,1.56
c_1075,m_2607,641517,app_5936,started,400,400,1.56
c_1076,m_2817,0,app_913,started,400,400,1.56
c_1076,m_2817,31821,app_913,started,400,400,1.56
c_1076,m_2817,127099,app_913,started,400,400,1.56
c_1076,m_2817,280802,app_913,started,400,400,1.56
c_1076,m_2817,375790,app_913,started,400,400,1.56
c_1077,m_4018,0,app_7558,started,2400,2400,9.38
c_1077,m_4018,11639,app_7558,started,2400,2400,9.38
c_1077,m_4018,106885,app_7558,started,2400,2400,9.38
c_1077,m_4018,176189,app_7558,started,2400,2400,9.38
c_1077,m_4018,209352,app_7558,started,2400,2400,9.38
c_1077,m_4018,258658,app_7558,started,2400,2400,9.38
c_1077,m_4018,382276,app_7558,started,2400,2400,9.38
c_1078,m_2334,0,app_310,started,400,400,1.56
c_1078,m_2334,10869,app_310,started,400,400,1.56
c_1078,m_2334,106075,app_310,started,400,400,1.56
c_1078,m_2334,175401,app_310,started,400,400,1.56
c_1078,m_2334,208560,app_310,started,400,400,1.56
c_1078,m_2334,257886,app_310,started,400,400,1.56
c_1078,m_2334,380739,app_310,started,400,400,1.56
c_1079,m_748,0,app_1029,started,400,400,1.56
c_1079,m_748,15751,app_1029,started,400,400,1.56
c_1079,m_748,110254,app_1029,started,400,400,1.56
c_1079,m_748,263630,app_1029,started,400,400,1.56
c_1079,m_748,355100,app_1029,started,400,400,1.56
c_1080,m_1483,0,app_1244,started,800,800,3.13
c_1080,m_1483,25084,app_1244,started,800,800,3.13
c_1080,m_1483,58029,app_1244,started,800,800,3.13
c_1080,m_1483,119971,app_1244,started,800,800,3.13
c_1080,m_1483,223180,app_1244,started,800,800,3.13
c_1080,m_1483,225229,app_1244,started,800,800,3.13
c_1080,m_1483,246230,app_1244,started,800,800,3.13
c_1080,m_1483,367926,app_1244,started,800,800,3.13
c_1080,m_1483,664003,app_1244,started,800,800,3.13
c_1080,m_1483,666129,app_1244,started,800,800,3.13
c_1080,m_1483,678018,app_1244,started,800,800,3.13
c_1081,m_2423,0,app_69,started,400,400,3.13
c_1081,m_2423,13702,app_69,started,400,400,3.13
c_1081,m_2423,71974,app_69,started,400,400,3.13
c_1081,m_2423,72214,app_69,started,400,400,3.13
c_1081,m_2423,108216,app_69,started,400,400,3.13
c_1081,m_2423,129602,app_69,started,400,400,3.13
c_1081,m_2423,131179,app_69,started,400,400,3.13
c_1081,m_2423,176903,app_69,started,400,400,3.13
c_1081,m_2423,210519,app_69,started,400,400,3.13
c_1081,m_2423,261615,app_69,started,400,400,3.13
c_1081,m_2423,352191,app_69,started,400,400,3.13
c_1082,m_799,0,app_2241,started,400,400,1.56
c_1082,m_799,32711,app_2241,started,400,400,1.56
c_1082,m_799,128048,app_2241,started,400,400,1.56
c_1082,m_799,281724,app_2241,started,400,400,1.56
c_1082,m_799,376768,app_2241,started,400,400,1.56
c_1082,m_799,678039,app_2241,started,400,400,1.56
c_1083,m_1163,0,app_1254,started,800,800,3.13
c_1083,m_1163,20978,app_1254,started,800,800,3.13
c_1083,m_1163,116205,app_1254,started,800,800,3.13
c_1083,m_1163,269599,app_1254,started,800,800,3.13
c_1083,m_1163,363612,app_1254,started,800,800,3.13
c_1084,m_2370,0,app_5729,started,400,400,1.56
c_1084,m_2370,15183,app_5729,started,400,400,1.56
c_1084,m_2370,110547,app_5729,started,400,400,1.56
c_1084,m_2370,262293,app_5729,started,400,400,1.56
c_1084,m_2370,386049,app_5729,started,400,400,1.56
c_1085,m_3449,0,app_144,started,400,400,1.56
c_1085,m_3449,34341,app_144,started,400,400,1.56
c_1085,m_3449,281919,app_144,started,400,400,1.56
c_1085,m_3449,447989,app_144,started,400,400,1.56
c_1086,m_3438,0,app_5255,started,400,400,1.56
c_1086,m_3438,10953,app_5255,started,400,400,1.56
c_1086,m_3438,44437,app_5255,started,400,400,1.56
c_1086,m_3438,106155,app_5255,started,400,400,1.56
c_1086,m_3438,175478,app_5255,started,400,400,1.56
c_1086,m_3438,208648,app_5255,started,400,400,1.56
c_1086,m_3438,257966,app_5255,started,400,400,1.56
c_1086,m_3438,380824,app_5255,started,400,400,1.56
c_1087,m_3051,0,app_6597,started,800,800,3.13
c_1087,m_3051,13637,app_6597,started,800,800,3.13
c_1087,m_3051,108149,app_6597,started,800,800,3.13
c_1087,m_3051,176841,app_6597,started,800,800,3.13
c_1087,m_3051,210457,app_6597,started,800,800,3.13
c_1087,m_3051,261548,app_6597,started,800,800,3.13
c_1087,m_3051,352122,app_6597,started,800,800,3.13
c_1088,m_1004,0,app_7876,started,800,800,3.13
c_1088,m_1004,28500,app_7876,started,800,800,3.13
c_1088,m_1004,124761,app_7876,started,800,800,3.13
c_1088,m_1004,275837,app_7876,started,800,800,3.13
c_1088,m_1004,340506,app_7876,started,800,800,3.13
c_1089,m_507,0,app_233,started,400,400,1.56
c_1089,m_507,243008,app_233,started,400,400,1.56
c_1089,m_507,451622,app_233,started,400,400,1.56
c_1090,m_2356,0,app_4345,started,400,400,1.56
c_1090,m_2356,32369,app_4345,started,400,400,1.56
c_1090,m_2356,128939,app_4345,started,400,400,1.56
c_1090,m_2356,158048,app_4345,started,400,400,1.56
c_1090,m_2356,279876,app_4345,started,400,400,1.56
c_1090,m_2356,334240,app_4345,started,400,400,1.56
c_1091,m_3838,0,app_4122,started,400,400,1.56
c_1091,m_3838,8768,app_4122,started,400,400,1.56
c_1091,m_3838,103146,app_4122,started,400,400,1.56
c_1091,m_3838,172127,app_4122,started,400,400,1.56
c_1091,m_3838,205660,app_4122,started,400,400,1.56
c_1091,m_3838,256442,app_4122,started,400,400,1.56
c_1091,m_3838,346687,app_4122,started,400,400,1.56
c_1091,m_3838,634241,app_4122,started,400,400,1.56
c_1092,m_484,0,app_6648,started,1600,1600,6.25
c_1092,m_484,287274,app_6648,started,1600,1600,6.25
c_1092,m_484,382596,app_6648,started,1600,1600,6.25
c_1093,m_231,162854,app_5805,started,800,800,6.25
c_1093,m_231,248601,app_5805,started,800,800,6.25
c_1093,m_231,373628,app_5805,started,800,800,6.25
c_1094,m_1579,0,app_5732,started,800,800,3.13
c_1094,m_1579,13283,app_5732,started,800,800,3.13
c_1094,m_1579,39621,app_5732,started,800,800,3.13
c_1094,m_1579,108593,app_5732,started,800,800,3.13
c_1094,m_1579,177878,app_5732,started,800,800,3.13
c_1094,m_1579,260407,app_5732,started,800,800,3.13
c_1094,m_1579,384087,app_5732,started,800,800,3.13
c_1095,m_2640,0,app_5805,started,800,800,6.25
c_1095,m_2640,32705,app_5805,started,800,800,6.25
c_1095,m_2640,128042,app_5805,started,800,800,6.25
c_1095,m_2640,281717,app_5805,started,800,800,6.25
c_1095,m_2640,376762,app_5805,started,800,800,6.25
c_1096,m_19,0,app_9185,started,400,400,1.56
c_1096,m_19,28029,app_9185,started,400,400,1.56
c_1096,m_19,123077,app_9185,started,400,400,1.56
c_1096,m_19,276494,app_9185,started,400,400,1.56
c_1096,m_19,371300,app_9185,started,400,400,1.56
c_1097,m_3307,0,app_5652,started,400,400,1.56
c_1097,m_3307,290493,app_5652,started,400,400,1.56
c_1097,m_3307,337564,app_5652,started,400,400,1.56
c_1098,m_3166,0,app_6445,stopped,400,400,1.56
c_1098,m_3166,30540,app_6445,stopped,400,400,1.56
c_1098,m_3166,126976,app_6445,stopped,400,400,1.56
c_1098,m_3166,278014,app_6445,stopped,400,400,1.56
c_1098,m_3166,336941,app_6445,stopped,400,400,1.56
c_1099,m_3685,0,app_5942,started,400,400,1.56
c_1099,m_3685,287067,app_5942,started,400,400,1.56
c_1099,m_3685,382350,app_5942,started,400,400,1.56
c_1100,m_1360,0,app_7620,started,400,400,1.56
c_1100,m_1360,30496,app_7620,started,400,400,1.56
c_1100,m_1360,126917,app_7620,started,400,400,1.56
c_1100,m_1360,234497,app_7620,started,400,400,1.56
c_1100,m_1360,441588,app_7620,started,400,400,1.56
c_1101,m_2319,0,app_498,started,400,400,1.56
c_1101,m_2319,290145,app_498,started,400,400,1.56
c_1101,m_2319,385728,app_498,started,400,400,1.56
c_1101,m_2319,412331,app_498,started,400,400,1.56
c_1101,m_2319,483612,app_498,started,400,400,1.56
c_1102,m_2561,0,app_943,started,400,400,1.56
c_1102,m_2561,285359,app_943,started,400,400,1.56
c_1102,m_2561,380574,app_943,started,400,400,1.56
c_1103,m_2354,0,app_302,started,800,800,3.13
c_1103,m_2354,32689,app_302,started,800,800,3.13
c_1103,m_2354,53477,app_302,started,800,800,3.13
c_1103,m_2354,128027,app_302,started,800,800,3.13
c_1103,m_2354,281699,app_302,started,800,800,3.13
c_1103,m_2354,376747,app_302,started,800,800,3.13
c_1104,m_2084,0,app_1720,started,400,400,1.56
c_1104,m_2084,7308,app_1720,started,400,400,1.56
c_1104,m_2084,75107,app_1720,started,400,400,1.56
c_1104,m_2084,102281,app_1720,started,400,400,1.56
c_1104,m_2084,171707,app_1720,started,400,400,1.56
c_1104,m_2084,204831,app_1720,started,400,400,1.56
c_1104,m_2084,254208,app_1720,started,400,400,1.56
c_1104,m_2084,317224,app_1720,started,400,400,1.56
c_1105,m_3860,0,app_1669,started,400,400,1.56
c_1105,m_3860,34374,app_1669,started,400,400,1.56
c_1105,m_3860,77003,app_1669,started,400,400,1.56
c_1105,m_3860,80128,app_1669,started,400,400,1.56
c_1105,m_3860,161057,app_1669,started,400,400,1.56
c_1105,m_3860,281954,app_1669,started,400,400,1.56
c_1105,m_3860,408671,app_1669,started,400,400,1.56
c_1106,m_3903,0,app_9746,started,400,400,1.56
c_1106,m_3903,27235,app_9746,started,400,400,1.56
c_1106,m_3903,123399,app_9746,started,400,400,1.56
c_1106,m_3903,274567,app_9746,started,400,400,1.56
c_1106,m_3903,436402,app_9746,started,400,400,1.56
c_1107,m_570,0,app_9228,started,400,400,1.56
c_1107,m_570,34545,app_9228,started,400,400,1.56
c_1107,m_570,220528,app_9228,started,400,400,1.56
c_1107,m_570,283659,app_9228,started,400,400,1.56
c_1107,m_570,378775,app_9228,started,400,400,1.56
c_1108,m_2600,0,app_2931,started,400,400,1.56
c_1108,m_2600,23853,app_2931,started,400,400,1.56
c_1108,m_2600,119122,app_2931,started,400,400,1.56
c_1108,m_2600,271082,app_2931,started,400,400,1.56
c_1108,m_2600,431879,app_2931,started,400,400,1.56
c_1109,m_1430,0,app_6509,started,400,400,1.56
c_1109,m_1430,29210,app_6509,started,400,400,1.56
c_1109,m_1430,125520,app_6509,started,400,400,1.56
c_1109,m_1430,276596,app_6509,started,400,400,1.56
c_1109,m_1430,439536,app_6509,started,400,400,1.56
c_1110,m_2360,0,app_2413,started,400,400,1.56
c_1110,m_2360,10974,app_2413,started,400,400,1.56
c_1110,m_2360,105446,app_2413,started,400,400,1.56
c_1110,m_2360,174349,app_2413,started,400,400,1.56
c_1110,m_2360,207890,app_2413,started,400,400,1.56
c_1110,m_2360,258799,app_2413,started,400,400,1.56
c_1110,m_2360,337550,app_2413,started,400,400,1.56
c_1110,m_2360,550080,app_2413,started,400,400,1.56
c_1111,m_2069,0,app_9030,started,400,400,1.56
c_1111,m_2069,35237,app_9030,started,400,400,1.56
c_1111,m_2069,284383,app_9030,started,400,400,1.56
c_1111,m_2069,379521,app_9030,started,400,400,1.56
c_1112,m_2445,0,app_3632,started,400,400,1.56
c_1112,m_2445,12715,app_3632,started,400,400,1.56
c_1112,m_2445,107193,app_3632,started,400,400,1.56
c_1112,m_2445,175978,app_3632,started,400,400,1.56
c_1112,m_2445,209592,app_3632,started,400,400,1.56
c_1112,m_2445,260632,app_3632,started,400,400,1.56
c_1112,m_2445,351032,app_3632,started,400,400,1.56
c_1113,m_2825,0,app_6658,started,800,800,3.13
c_1113,m_2825,125867,app_6658,started,800,800,3.13
c_1113,m_2825,129523,app_6658,started,800,800,3.13
c_1113,m_2825,130211,app_6658,started,800,800,3.13
c_1113,m_2825,162899,app_6658,started,800,800,3.13
c_1113,m_2825,287193,app_6658,started,800,800,3.13
c_1113,m_2825,339092,app_6658,started,800,800,3.13
c_1114,m_1057,0,app_3665,started,400,400,1.56
c_1114,m_1057,15919,app_3665,started,400,400,1.56
c_1114,m_1057,110423,app_3665,started,400,400,1.56
c_1114,m_1057,263795,app_3665,started,400,400,1.56
c_1114,m_1057,385022,app_3665,started,400,400,1.56
c_1115,m_3656,0,app_9741,started,400,400,1.56
c_1115,m_3656,10920,app_9741,started,400,400,1.56
c_1115,m_3656,106127,app_9741,started,400,400,1.56
c_1115,m_3656,175451,app_9741,started,400,400,1.56
c_1115,m_3656,208618,app_9741,started,400,400,1.56
c_1115,m_3656,257937,app_9741,started,400,400,1.56
c_1115,m_3656,380790,app_9741,started,400,400,1.56
c_1115,m_3656,640275,app_9741,started,400,400,1.56
c_1116,m_2934,0,app_4733,started,400,400,1.56
c_1116,m_2934,30583,app_4733,started,400,400,1.56
c_1116,m_2934,75150,app_4733,started,400,400,1.56
c_1116,m_2934,125785,app_4733,started,400,400,1.56
c_1116,m_2934,279225,app_4733,started,400,400,1.56
c_1116,m_2934,374375,app_4733,started,400,400,1.56
c_1117,m_1087,0,app_1172,started,400,400,1.56
c_1117,m_1087,284061,app_1172,started,400,400,1.56
c_1117,m_1087,450178,app_1172,started,400,400,1.56
c_1118,m_2405,0,app_1714,started,400,400,1.56
c_1118,m_2405,76969,app_1714,started,400,400,1.56
c_1118,m_2405,80073,app_1714,started,400,400,1.56
c_1118,m_2405,161031,app_1714,started,400,400,1.56
c_1118,m_2405,287668,app_1714,started,400,400,1.56
c_1118,m_2405,383016,app_1714,started,400,400,1.56
c_1119,m_2180,0,app_1070,started,400,400,1.56
c_1119,m_2180,27341,app_1070,started,400,400,1.56
c_1119,m_2180,122339,app_1070,started,400,400,1.56
c_1119,m_2180,275776,app_1070,started,400,400,1.56
c_1119,m_2180,370518,app_1070,started,400,400,1.56
c_1120,m_2508,0,app_2563,started,400,480,1.56
c_1120,m_2508,285108,app_2563,started,400,480,1.56
c_1121,m_2968,0,app_7235,started,400,400,1.56
c_1121,m_2968,29365,app_7235,started,400,400,1.56
c_1121,m_2968,125692,app_7235,started,400,400,1.56
c_1121,m_2968,276768,app_7235,started,400,400,1.56
c_1121,m_2968,404562,app_7235,started,400,400,1.56
c_1122,m_3869,0,app_4142,started,800,800,6.25
c_1122,m_3869,29762,app_4142,started,800,800,6.25
c_1122,m_3869,124940,app_4142,started,800,800,6.25
c_1122,m_3869,278365,app_4142,started,800,800,6.25
c_1122,m_3869,373470,app_4142,started,800,800,6.25
c_1123,m_2627,0,app_3208,started,800,800,3.13
c_1123,m_2627,31600,app_3208,started,800,800,3.13
c_1123,m_2627,126872,app_3208,started,800,800,3.13
c_1123,m_2627,210009,app_3208,started,800,800,3.13
c_1123,m_2627,280581,app_3208,started,800,800,3.13
c_1123,m_2627,375555,app_3208,started,800,800,3.13
c_1123,m_2627,639983,app_3208,started,800,800,3.13
c_1124,m_2782,0,app_900,started,400,400,1.56
c_1124,m_2782,18292,app_900,started,400,400,1.56
c_1124,m_2782,113854,app_900,started,400,400,1.56
c_1124,m_2782,265420,app_900,started,400,400,1.56
c_1124,m_2782,389233,app_900,started,400,400,1.56
c_1124,m_2782,645674,app_900,started,400,400,1.56
c_1125,m_935,0,app_2916,started,800,960,3.13
c_1125,m_935,20367,app_2916,started,800,960,3.13
c_1125,m_935,116033,app_2916,started,800,960,3.13
c_1125,m_935,268169,app_2916,started,800,960,3.13
c_1126,m_1534,0,app_7389,started,400,480,1.56
c_1126,m_1534,26830,app_7389,started,400,480,1.56
c_1126,m_1534,121781,app_7389,started,400,480,1.56
c_1126,m_1534,275244,app_7389,started,400,480,1.56
c_1127,m_64,0,app_1393,started,400,400,3.13
c_1127,m_64,22460,app_1393,started,400,400,3.13
c_1127,m_64,117621,app_1393,started,400,400,3.13
c_1127,m_64,269662,app_1393,started,400,400,3.13
c_1127,m_64,430802,app_1393,started,400,400,3.13
c_1128,m_2072,0,app_9245,started,400,400,1.56
c_1128,m_2072,13168,app_9245,started,400,400,1.56
c_1128,m_2072,108476,app_9245,started,400,400,1.56
c_1128,m_2072,177760,app_9245,started,400,400,1.56
c_1128,m_2072,260292,app_9245,started,400,400,1.56
c_1128,m_2072,383893,app_9245,started,400,400,1.56
c_1129,m_342,581707,app_9775,started,400,400,1.56
c_1129,m_342,588822,app_9775,started,400,400,1.56
c_1129,m_342,594525,app_9775,started,400,400,1.56
c_1129,m_342,664722,app_9775,started,400,400,1.56
c_1129,m_342,683099,app_9775,stopped,400,400,1.56
c_1129,m_342,693993,app_9775,stopped,400,400,1.56
c_1130,m_3673,0,app_2666,started,400,400,1.56
c_1130,m_3673,286586,app_2666,started,400,400,1.56
c_1130,m_3673,381881,app_2666,started,400,400,1.56
c_1131,m_353,0,app_3978,started,400,400,1.56
c_1131,m_353,25328,app_3978,started,400,400,1.56
c_1131,m_353,120220,app_3978,started,400,400,1.56
c_1131,m_353,273614,app_3978,started,400,400,1.56
c_1131,m_353,315708,app_3978,started,400,400,1.56
c_1132,m_2556,0,app_2734,started,800,800,3.13
c_1132,m_2556,287942,app_2734,started,800,800,3.13
c_1132,m_2556,338909,app_2734,started,800,800,3.13
c_1133,m_3755,0,app_4220,started,800,800,3.13
c_1133,m_3755,11426,app_4220,started,800,800,3.13
c_1133,m_3755,106661,app_4220,started,800,800,3.13
c_1133,m_3755,175975,app_4220,started,800,800,3.13
c_1133,m_3755,209142,app_4220,started,800,800,3.13
c_1133,m_3755,258447,app_4220,started,800,800,3.13
c_1133,m_3755,381816,app_4220,started,800,800,3.13
c_1133,m_3755,552755,app_4220,started,800,800,3.13
c_1134,m_2082,0,app_8980,started,400,400,1.56
c_1134,m_2082,24452,app_8980,started,400,400,1.56
c_1134,m_2082,120391,app_8980,started,400,400,1.56
c_1134,m_2082,271676,app_8980,started,400,400,1.56
c_1134,m_2082,340701,app_8980,started,400,400,1.56
c_1135,m_148,676162,app_1362,started,400,400,1.56
c_1136,m_3112,0,app_1063,started,800,800,3.13
c_1136,m_3112,11929,app_1063,started,800,800,3.13
c_1136,m_3112,106397,app_1063,started,800,800,3.13
c_1136,m_3112,175240,app_1063,started,800,800,3.13
c_1136,m_3112,208842,app_1063,started,800,800,3.13
c_1136,m_3112,243765,app_1063,started,800,800,3.13
c_1136,m_3112,259847,app_1063,started,800,800,3.13
c_1137,m_2196,0,app_96,started,400,400,1.56
c_1137,m_2196,33044,app_96,started,400,400,1.56
c_1137,m_2196,129672,app_96,started,400,400,1.56
c_1137,m_2196,280566,app_96,started,400,400,1.56
c_1137,m_2196,445876,app_96,started,400,400,1.56
c_1138,m_3383,0,app_5219,started,400,400,1.56
c_1138,m_3383,10718,app_5219,started,400,400,1.56
c_1138,m_3383,105920,app_5219,started,400,400,1.56
c_1138,m_3383,125927,app_5219,started,400,400,1.56
c_1138,m_3383,130188,app_5219,started,400,400,1.56
c_1138,m_3383,162840,app_5219,started,400,400,1.56
c_1138,m_3383,175255,app_5219,started,400,400,1.56
c_1138,m_3383,208399,app_5219,started,400,400,1.56
c_1138,m_3383,257743,app_5219,started,400,400,1.56
c_1138,m_3383,333205,app_5219,started,400,400,1.56
c_1138,m_3383,639999,app_5219,started,400,400,1.56
c_1139,m_3602,0,app_2198,started,400,400,1.56
c_1139,m_3602,16796,app_2198,started,400,400,1.56
c_1139,m_3602,111331,app_2198,started,400,400,1.56
c_1139,m_3602,264660,app_2198,started,400,400,1.56
c_1139,m_3602,337545,app_2198,started,400,400,1.56
c_1140,m_23,0,app_8614,started,1600,1600,6.25
c_1140,m_23,7460,app_8614,started,1600,1600,6.25
c_1140,m_23,102444,app_8614,started,1600,1600,6.25
c_1140,m_23,171865,app_8614,started,1600,1600,6.25
c_1140,m_23,204999,app_8614,started,1600,1600,6.25
c_1140,m_23,254369,app_8614,started,1600,1600,6.25
c_1140,m_23,376346,app_8614,started,1600,1600,6.25
c_1141,m_1891,0,app_2856,started,800,800,3.13
c_1141,m_1891,22915,app_2856,started,800,800,3.13
c_1141,m_1891,117732,app_2856,started,800,800,3.13
c_1141,m_1891,271136,app_2856,started,800,800,3.13
c_1141,m_1891,365259,app_2856,started,800,800,3.13
c_1141,m_1891,552200,app_2856,started,800,800,3.13
c_1142,m_2579,0,app_5629,started,400,400,1.56
c_1142,m_2579,13297,app_5629,started,400,400,1.56
c_1142,m_2579,108610,app_5629,started,400,400,1.56
c_1142,m_2579,177893,app_5629,started,400,400,1.56
c_1142,m_2579,260422,app_5629,started,400,400,1.56
c_1142,m_2579,384139,app_5629,started,400,400,1.56
c_1143,m_899,0,app_2647,started,400,400,1.56
c_1143,m_899,27481,app_2647,started,400,400,1.56
c_1143,m_899,123660,app_2647,started,400,400,1.56
c_1143,m_899,229542,app_2647,started,400,400,1.56
c_1143,m_899,436582,app_2647,started,400,400,1.56
c_1144,m_1767,0,app_6026,started,400,400,1.56
c_1144,m_1767,23155,app_6026,started,400,400,1.56
c_1144,m_1767,117975,app_6026,started,400,400,1.56
c_1144,m_1767,271394,app_6026,started,400,400,1.56
c_1144,m_1767,365535,app_6026,started,400,400,1.56
c_1144,m_1767,567972,app_6026,started,400,400,1.56
c_1145,m_460,0,app_6993,started,400,400,1.56
c_1145,m_460,9469,app_6993,started,400,400,1.56
c_1145,m_460,104562,app_6993,started,400,400,1.56
c_1145,m_460,173957,app_6993,started,400,400,1.56
c_1145,m_460,207087,app_6993,started,400,400,1.56
c_1145,m_460,256441,app_6993,started,400,400,1.56
c_1145,m_460,416363,app_6993,started,400,400,1.56
c_1146,m_557,0,app_56,started,400,400,1.56
c_1146,m_557,25497,app_56,started,400,400,1.56
c_1146,m_557,120396,app_56,started,400,400,1.56
c_1146,m_557,273840,app_56,started,400,400,1.56
c_1146,m_557,368364,app_56,started,400,400,1.56
c_1147,m_1672,0,app_66,started,400,400,1.56
c_1147,m_1672,12499,app_66,started,400,400,1.56
c_1147,m_1672,106973,app_66,started,400,400,1.56
c_1147,m_1672,175771,app_66,started,400,400,1.56
c_1147,m_1672,209385,app_66,started,400,400,1.56
c_1147,m_1672,260415,app_66,started,400,400,1.56
c_1147,m_1672,350798,app_66,started,400,400,1.56
c_1147,m_1672,400352,app_66,started,400,400,1.56
c_1147,m_1672,559761,app_66,started,400,400,1.56
c_1148,m_3940,0,app_1599,started,400,400,1.56
c_1148,m_3940,22583,app_1599,started,400,400,1.56
c_1148,m_3940,117747,app_1599,started,400,400,1.56
c_1148,m_3940,269790,app_1599,started,400,400,1.56
c_1148,m_3940,394547,app_1599,started,400,400,1.56
c_1149,m_1385,0,app_5097,started,800,800,3.13
c_1149,m_1385,284894,app_5097,started,800,800,3.13
c_1149,m_1385,380080,app_5097,started,800,800,3.13
c_1150,m_1288,0,app_6805,started,400,400,3.13
c_1150,m_1288,22511,app_6805,started,400,400,3.13
c_1150,m_1288,117317,app_6805,started,400,400,3.13
c_1150,m_1288,237392,app_6805,started,400,400,3.13
c_1150,m_1288,364810,app_6805,started,400,400,3.13
c_1151,m_1741,0,app_1820,started,400,400,1.56
c_1151,m_1741,20775,app_1820,started,400,400,1.56
c_1151,m_1741,116123,app_1820,started,400,400,1.56
c_1151,m_1741,212395,app_1820,started,400,400,1.56
c_1151,m_1741,259510,app_1820,started,400,400,1.56
c_1151,m_1741,363526,app_1820,started,400,400,1.56
c_1152,m_3605,0,app_1795,started,400,400,1.56
c_1152,m_3605,35051,app_1795,started,400,400,1.56
c_1152,m_3605,50429,app_1795,started,400,400,1.56
c_1152,m_3605,53490,app_1795,started,400,400,1.56
c_1152,m_3605,284189,app_1795,started,400,400,1.56
c_1152,m_3605,379316,app_1795,started,400,400,1.56
c_1153,m_2212,0,app_7029,started,800,800,6.25
c_1153,m_2212,286884,app_7029,started,800,800,6.25
c_1153,m_2212,382175,app_7029,started,800,800,6.25
c_1153,m_2212,480264,app_7029,started,800,800,6.25
c_1154,m_2921,0,app_8742,started,800,800,3.13
c_1154,m_2921,11379,app_8742,started,800,800,3.13
c_1154,m_2921,105861,app_8742,started,800,800,3.13
c_1154,m_2921,174741,app_8742,started,800,800,3.13
c_1154,m_2921,208289,app_8742,started,800,800,3.13
c_1154,m_2921,259218,app_8742,started,800,800,3.13
c_1154,m_2921,347378,app_8742,started,800,800,3.13
c_1155,m_2513,0,app_8616,started,400,480,1.56
c_1155,m_2513,284631,app_8616,started,400,480,1.56
c_1156,m_1921,0,app_4398,started,800,800,3.13
c_1156,m_1921,284794,app_4398,started,800,800,3.13
c_1156,m_1921,412150,app_4398,started,800,800,3.13
c_1157,m_2356,0,app_5416,started,400,400,1.56
c_1157,m_2356,32369,app_5416,started,400,400,1.56
c_1157,m_2356,128939,app_5416,started,400,400,1.56
c_1157,m_2356,158048,app_5416,started,400,400,1.56
c_1157,m_2356,279876,app_5416,started,400,400,1.56
c_1157,m_2356,334240,app_5416,started,400,400,1.56
c_1158,m_469,0,app_7475,started,400,400,1.56
c_1158,m_469,10048,app_7475,started,400,400,1.56
c_1158,m_469,105196,app_7475,started,400,400,1.56
c_1158,m_469,174567,app_7475,started,400,400,1.56
c_1158,m_469,207702,app_7475,started,400,400,1.56
c_1158,m_469,257060,app_7475,started,400,400,1.56
c_1158,m_469,379293,app_7475,started,400,400,1.56
c_1158,m_469,639045,app_7475,started,400,400,1.56
c_1159,m_2868,0,app_7924,started,400,400,1.56
c_1159,m_2868,34171,app_7924,started,400,400,1.56
c_1159,m_2868,72027,app_7924,started,400,400,1.56
c_1159,m_2868,72965,app_7924,started,400,400,1.56
c_1159,m_2868,212335,app_7924,started,400,400,1.56
c_1159,m_2868,212518,app_7924,started,400,400,1.56
c_1159,m_2868,259451,app_7924,started,400,400,1.56
c_1159,m_2868,447706,app_7924,started,400,400,1.56
c_1160,m_155,0,app_4248,started,400,480,1.56
c_1160,m_155,22499,app_4248,started,400,480,1.56
c_1160,m_155,117661,app_4248,started,400,480,1.56
c_1160,m_155,269699,app_4248,started,400,480,1.56
c_1161,m_181,0,app_3755,started,400,400,1.56
c_1161,m_181,14171,app_3755,started,400,400,1.56
c_1161,m_181,109522,app_3755,started,400,400,1.56
c_1161,m_181,261309,app_3755,started,400,400,1.56
c_1161,m_181,385258,app_3755,started,400,400,1.56
c_1162,m_1076,0,app_5925,started,400,400,1.56
c_1162,m_1076,23329,app_5925,started,400,400,1.56
c_1162,m_1076,118154,app_5925,started,400,400,1.56
c_1162,m_1076,271573,app_5925,started,400,400,1.56
c_1162,m_1076,365764,app_5925,started,400,400,1.56
c_1163,m_158,0,app_5629,started,400,400,1.56
c_1163,m_158,32826,app_5629,started,400,400,1.56
c_1163,m_158,129441,app_5629,started,400,400,1.56
c_1163,m_158,280352,app_5629,started,400,400,1.56
c_1163,m_158,445614,app_5629,started,400,400,1.56
c_1164,m_2304,0,app_547,started,400,400,3.13
c_1164,m_2304,31462,app_547,started,400,400,3.13
c_1164,m_2304,126729,app_547,started,400,400,3.13
c_1164,m_2304,280438,app_547,started,400,400,3.13
c_1164,m_2304,375420,app_547,started,400,400,3.13
c_1165,m_3791,0,app_5334,started,400,400,1.56
c_1165,m_3791,29926,app_5334,started,400,400,1.56
c_1165,m_3791,125112,app_5334,started,400,400,1.56
c_1165,m_3791,162894,app_5334,started,400,400,1.56
c_1165,m_3791,245212,app_5334,started,400,400,1.56
c_1165,m_3791,344059,app_5334,started,400,400,1.56
c_1166,m_2455,0,app_3632,started,400,400,1.56
c_1166,m_2455,11131,app_3632,started,400,400,1.56
c_1166,m_2455,105607,app_3632,started,400,400,1.56
c_1166,m_2455,174500,app_3632,started,400,400,1.56
c_1166,m_2455,208041,app_3632,started,400,400,1.56
c_1166,m_2455,258959,app_3632,started,400,400,1.56
c_1166,m_2455,349286,app_3632,started,400,400,1.56
c_1167,m_665,0,app_512,started,400,400,1.56
c_1167,m_665,11716,app_512,started,400,400,1.56
c_1167,m_665,106196,app_512,started,400,400,1.56
c_1167,m_665,175058,app_512,started,400,400,1.56
c_1167,m_665,208654,app_512,started,400,400,1.56
c_1167,m_665,259642,app_512,started,400,400,1.56
c_1167,m_665,349936,app_512,started,400,400,1.56
c_1167,m_665,638156,app_512,started,400,400,1.56
c_1168,m_426,0,app_2965,started,400,400,1.56
c_1168,m_426,32579,app_2965,started,400,400,1.56
c_1168,m_426,127903,app_2965,started,400,400,1.56
c_1168,m_426,281579,app_2965,started,400,400,1.56
c_1168,m_426,376613,app_2965,started,400,400,1.56
c_1169,m_1863,0,app_8527,started,400,400,3.13
c_1169,m_1863,10324,app_8527,started,400,400,3.13
c_1169,m_1863,104775,app_8527,started,400,400,3.13
c_1169,m_1863,173708,app_8527,started,400,400,3.13
c_1169,m_1863,207232,app_8527,started,400,400,3.13
c_1169,m_1863,258091,app_8527,started,400,400,3.13
c_1169,m_1863,342205,app_8527,started,400,400,3.13
c_1170,m_3597,0,app_1244,started,800,800,3.13
c_1170,m_3597,213042,app_1244,started,800,800,3.13
c_1170,m_3597,250452,app_1244,started,800,800,3.13
c_1171,m_2427,0,app_6763,started,400,400,1.56
c_1171,m_2427,15031,app_6763,started,400,400,1.56
c_1171,m_2427,109536,app_6763,started,400,400,1.56
c_1171,m_2427,262890,app_6763,started,400,400,1.56
c_1171,m_2427,353965,app_6763,started,400,400,1.56
c_1171,m_2427,446970,app_6763,started,400,400,1.56
c_1171,m_2427,555936,app_6763,started,400,400,1.56
c_1171,m_2427,643090,app_6763,started,400,400,1.56
c_1172,m_2495,0,app_4038,started,800,800,2.34
c_1172,m_2495,27006,app_4038,started,800,800,2.34
c_1172,m_2495,123153,app_4038,started,800,800,2.34
c_1172,m_2495,274328,app_4038,started,800,800,2.34
c_1172,m_2495,347352,app_4038,started,800,800,2.34
c_1173,m_1651,158238,app_9733,started,800,800,3.13
c_1173,m_1651,160863,app_9733,started,800,800,3.13
c_1173,m_1651,163073,app_9733,started,800,800,3.13
c_1173,m_1651,276461,app_9733,started,800,800,3.13
c_1173,m_1651,404053,app_9733,started,800,800,3.13
c_1174,m_3918,0,app_2754,started,400,400,1.56
c_1174,m_3918,12871,app_2754,started,400,400,1.56
c_1174,m_3918,108168,app_2754,started,400,400,1.56
c_1174,m_3918,158048,app_2754,started,400,400,1.56
c_1174,m_3918,177449,app_2754,started,400,400,1.56
c_1174,m_3918,210619,app_2754,started,400,400,1.56
c_1174,m_3918,259992,app_2754,started,400,400,1.56
c_1174,m_3918,323192,app_2754,started,400,400,1.56
c_1175,m_3056,0,app_1424,started,400,400,1.56
c_1175,m_3056,17895,app_1424,started,400,400,1.56
c_1175,m_3056,112492,app_1424,started,400,400,1.56
c_1175,m_3056,237392,app_1424,started,400,400,1.56
c_1175,m_3056,359049,app_1424,started,400,400,1.56
c_1176,m_179,0,app_552,started,800,800,3.13
c_1176,m_179,35534,app_552,started,800,800,3.13
c_1176,m_179,284718,app_552,started,800,800,3.13
c_1176,m_179,379880,app_552,started,800,800,3.13
c_1177,m_81,0,app_6031,started,400,400,1.56
c_1177,m_81,290470,app_6031,started,400,400,1.56
c_1177,m_81,386082,app_6031,started,400,400,1.56
c_1178,m_1134,0,app_4779,started,800,800,3.13
c_1178,m_1134,16348,app_4779,started,800,800,3.13
c_1178,m_1134,110867,app_4779,started,800,800,3.13
c_1178,m_1134,245315,app_4779,started,800,800,3.13
c_1178,m_1134,355668,app_4779,started,800,800,3.13
c_1178,m_1134,385398,app_4779,started,800,800,3.13
c_1179,m_1775,0,app_1880,started,400,400,1.56
c_1179,m_1775,16139,app_1880,started,400,400,1.56
c_1179,m_1775,111556,app_1880,started,400,400,1.56
c_1179,m_1775,263240,app_1880,started,400,400,1.56
c_1179,m_1775,386508,app_1880,started,400,400,1.56
c_1180,m_3768,0,app_1522,started,400,400,1.56
c_1180,m_3768,11789,app_1522,started,400,400,1.56
c_1180,m_3768,106273,app_1522,started,400,400,1.56
c_1180,m_3768,175127,app_1522,started,400,400,1.56
c_1180,m_3768,208729,app_1522,started,400,400,1.56
c_1180,m_3768,259723,app_1522,started,400,400,1.56
c_1180,m_3768,350029,app_1522,started,400,400,1.56
c_1180,m_3768,638538,app_1522,started,400,400,1.56
c_1181,m_2858,0,app_8775,started,400,400,1.56
c_1181,m_2858,12335,app_8775,started,400,400,1.56
c_1181,m_2858,106808,app_8775,started,400,400,1.56
c_1181,m_2858,175616,app_8775,started,400,400,1.56
c_1181,m_2858,209226,app_8775,started,400,400,1.56
c_1181,m_2858,260246,app_8775,started,400,400,1.56
c_1181,m_2858,350630,app_8775,started,400,400,1.56
c_1182,m_3619,0,app_5729,started,400,400,1.56
c_1182,m_3619,25303,app_5729,started,400,400,1.56
c_1182,m_3619,121313,app_5729,started,400,400,1.56
c_1182,m_3619,272545,app_5729,started,400,400,1.56
c_1182,m_3619,432759,app_5729,started,400,400,1.56
c_1183,m_4013,0,app_7097,started,800,960,3.13
c_1184,m_1576,0,app_2347,started,800,800,3.13
c_1184,m_1576,26735,app_2347,started,800,800,3.13
c_1184,m_1576,122864,app_2347,started,800,800,3.13
c_1184,m_1576,274042,app_2347,started,800,800,3.13
c_1184,m_1576,320201,app_2347,started,800,800,3.13
c_1185,m_406,0,app_7681,started,400,400,1.56
c_1185,m_406,26850,app_7681,started,400,400,1.56
c_1185,m_406,81146,app_7681,started,400,400,1.56
c_1185,m_406,92106,app_7681,started,400,400,1.56
c_1185,m_406,122986,app_7681,started,400,400,1.56
c_1185,m_406,274172,app_7681,started,400,400,1.56
c_1185,m_406,345693,app_7681,started,400,400,1.56
c_1186,m_798,0,app_821,started,800,800,3.13
c_1186,m_798,11680,app_821,started,800,800,3.13
c_1186,m_798,106159,app_821,started,800,800,3.13
c_1186,m_798,175023,app_821,started,800,800,3.13
c_1186,m_798,208617,app_821,started,800,800,3.13
c_1186,m_798,259605,app_821,started,800,800,3.13
c_1186,m_798,340707,app_821,started,800,800,3.13
c_1186,m_798,638105,app_821,started,800,800,3.13
c_1187,m_1917,0,app_2900,stopped,400,400,1.56
c_1187,m_1917,26785,app_2900,stopped,400,400,1.56
c_1187,m_1917,122917,app_2900,stopped,400,400,1.56
c_1187,m_1917,274092,app_2900,stopped,400,400,1.56
c_1187,m_1917,401337,app_2900,stopped,400,400,1.56
c_1187,m_1917,592866,app_2900,stopped,400,400,1.56
c_1187,m_1917,639298,app_2900,stopped,400,400,1.56
c_1188,m_3423,0,app_6140,started,400,400,1.56
c_1188,m_3423,32907,app_6140,started,400,400,1.56
c_1188,m_3423,129528,app_6140,started,400,400,1.56
c_1188,m_3423,280431,app_6140,started,400,400,1.56
c_1188,m_3423,384863,app_6140,started,400,400,1.56
c_1189,m_2132,91750,app_8523,started,400,400,1.56
c_1189,m_2132,261479,app_8523,started,400,400,1.56
c_1189,m_2132,337860,app_8523,started,400,400,1.56
c_1190,m_361,0,app_9409,started,400,480,1.56
c_1190,m_361,9749,app_9409,started,400,480,1.56
c_1190,m_361,104158,app_9409,started,400,480,1.56
c_1190,m_361,173139,app_9409,started,400,480,1.56
c_1190,m_361,206659,app_9409,started,400,480,1.56
c_1190,m_361,257483,app_9409,started,400,480,1.56
c_1191,m_3060,0,app_7475,started,400,400,1.56
c_1191,m_3060,16563,app_7475,started,400,400,1.56
c_1191,m_3060,111085,app_7475,started,400,400,1.56
c_1191,m_3060,264420,app_7475,started,400,400,1.56
c_1191,m_3060,355904,app_7475,started,400,400,1.56
c_1191,m_3060,596254,app_7475,started,400,400,1.56
c_1192,m_1988,0,app_4474,started,800,800,3.13
c_1192,m_1988,15419,app_4474,started,800,800,3.13
c_1192,m_1988,109918,app_4474,started,800,800,3.13
c_1192,m_1988,263281,app_4474,started,800,800,3.13
c_1192,m_1988,354753,app_4474,started,800,800,3.13
c_1193,m_2718,0,app_2413,started,400,400,1.56
c_1193,m_2718,13381,app_2413,started,400,400,1.56
c_1193,m_2718,108696,app_2413,started,400,400,1.56
c_1193,m_2718,260506,app_2413,started,400,400,1.56
c_1193,m_2718,384310,app_2413,started,400,400,1.56
c_1194,m_2392,0,app_233,started,400,480,1.56
c_1194,m_2392,24063,app_233,started,400,480,1.56
c_1194,m_2392,118935,app_233,started,400,480,1.56
c_1194,m_2392,272330,app_233,started,400,480,1.56
c_1195,m_2390,0,app_4817,started,400,400,1.56
c_1195,m_2390,286978,app_4817,started,400,400,1.56
c_1195,m_2390,335787,app_4817,started,400,400,1.56
c_1195,m_2390,382263,app_4817,started,400,400,1.56
c_1196,m_242,0,app_1424,started,400,400,1.56
c_1196,m_242,68315,app_1424,started,400,400,1.56
c_1196,m_242,287756,app_1424,started,400,400,1.56
c_1196,m_242,383110,app_1424,started,400,400,1.56
c_1197,m_1021,0,app_2142,started,800,800,3.13
c_1197,m_1021,260578,app_2142,started,800,800,3.13
c_1197,m_1021,350971,app_2142,started,800,800,3.13
c_1198,m_1691,0,app_1797,started,800,800,3.13
c_1198,m_1691,31067,app_1797,started,800,800,3.13
c_1198,m_1691,126319,app_1797,started,800,800,3.13
c_1198,m_1691,279753,app_1797,started,800,800,3.13
c_1198,m_1691,374957,app_1797,started,800,800,3.13
c_1199,m_592,571799,app_3050,started,400,400,1.56
c_1200,m_3402,0,app_4779,started,800,800,3.13
c_1200,m_3402,9269,app_4779,started,800,800,3.13
c_1200,m_3402,104341,app_4779,started,800,800,3.13
c_1200,m_3402,173755,app_4779,started,800,800,3.13
c_1200,m_3402,206881,app_4779,started,800,800,3.13
c_1200,m_3402,256243,app_4779,started,800,800,3.13
c_1200,m_3402,402336,app_4779,started,800,800,3.13
c_1201,m_1175,0,app_2557,started,400,400,1.56
c_1201,m_1175,19778,app_2557,started,400,400,1.56
c_1201,m_1175,115436,app_2557,started,400,400,1.56
c_1201,m_1175,266993,app_2557,started,400,400,1.56
c_1201,m_1175,429024,app_2557,started,400,400,1.56
c_1202,m_2253,0,app_4619,started,800,800,3.13
c_1202,m_2253,24372,app_4619,started,800,800,3.13
c_1202,m_2253,120307,app_4619,started,800,800,3.13
c_1202,m_2253,125867,app_4619,started,800,800,3.13
c_1202,m_2253,129534,app_4619,started,800,800,3.13
c_1202,m_2253,130211,app_4619,started,800,800,3.13
c_1202,m_2253,162899,app_4619,started,800,800,3.13
c_1202,m_2253,225051,app_4619,started,800,800,3.13
c_1202,m_2253,271599,app_4619,started,800,800,3.13
c_1203,m_2285,0,app_4077,started,400,400,1.56
c_1203,m_2285,19416,app_4077,started,400,400,1.56
c_1203,m_2285,115051,app_4077,started,400,400,1.56
c_1203,m_2285,266607,app_4077,started,400,400,1.56
c_1203,m_2285,428370,app_4077,started,400,400,1.56
c_1204,m_2694,0,app_8205,started,400,400,1.56
c_1204,m_2694,10651,app_8205,started,400,400,1.56
c_1204,m_2694,105117,app_8205,started,400,400,1.56
c_1204,m_2694,158039,app_8205,started,400,400,1.56
c_1204,m_2694,174034,app_8205,started,400,400,1.56
c_1204,m_2694,207565,app_8205,started,400,400,1.56
c_1204,m_2694,258449,app_8205,started,400,400,1.56
c_1204,m_2694,330716,app_8205,started,400,400,1.56
c_1205,m_646,0,app_4369,started,400,400,1.56
c_1205,m_646,285405,app_4369,started,400,400,1.56
c_1205,m_646,380620,app_4369,started,400,400,1.56
c_1206,m_303,0,app_10,started,800,800,3.13
c_1206,m_303,19952,app_10,started,800,800,3.13
c_1206,m_303,115328,app_10,started,800,800,3.13
c_1206,m_303,267948,app_10,started,800,800,3.13
c_1206,m_303,362693,app_10,started,800,800,3.13
c_1206,m_303,670443,app_10,started,800,800,3.13
c_1207,m_512,163103,app_4142,started,800,800,6.25
c_1207,m_512,212413,app_4142,started,800,800,6.25
c_1207,m_512,215953,app_4142,started,800,800,6.25
c_1207,m_512,216160,app_4142,started,800,800,6.25
c_1207,m_512,221700,app_4142,started,800,800,6.25
c_1207,m_512,226704,app_4142,started,800,800,6.25
c_1207,m_512,281696,app_4142,started,800,800,6.25
c_1207,m_512,376744,app_4142,started,800,800,6.25
c_1208,m_3052,0,app_7802,started,400,4800,1.56
c_1208,m_3052,19854,app_7802,started,400,4800,1.56
c_1208,m_3052,115511,app_7802,started,400,4800,1.56
c_1208,m_3052,267061,app_7802,started,400,4800,1.56
c_1208,m_3052,429102,app_7802,started,400,4800,1.56
c_1209,m_98,0,app_6671,started,2400,2400,9.38
c_1209,m_98,12755,app_6671,started,2400,2400,9.38
c_1209,m_98,108049,app_6671,started,2400,2400,9.38
c_1209,m_98,177331,app_6671,started,2400,2400,9.38
c_1209,m_98,210494,app_6671,started,2400,2400,9.38
c_1209,m_98,259870,app_6671,started,2400,2400,9.38
c_1209,m_98,341070,app_6671,started,2400,2400,9.38
c_1210,m_2532,0,app_2625,started,400,400,1.56
c_1210,m_2532,14288,app_2625,started,400,400,1.56
c_1210,m_2532,109646,app_2625,started,400,400,1.56
c_1210,m_2532,261425,app_2625,started,400,400,1.56
c_1210,m_2532,385388,app_2625,started,400,400,1.56
c_1211,m_2574,0,app_927,started,400,400,1.56
c_1211,m_2574,284642,app_927,started,400,400,1.56
c_1211,m_2574,451208,app_927,started,400,400,1.56
c_1212,m_3186,0,app_6461,started,400,400,1.56
c_1212,m_3186,16771,app_6461,started,400,400,1.56
c_1212,m_3186,111307,app_6461,started,400,400,1.56
c_1212,m_3186,264636,app_6461,started,400,400,1.56
c_1212,m_3186,356156,app_6461,started,400,400,1.56
c_1213,m_1459,650222,app_2637,started,400,400,1.56
c_1213,m_1459,653480,app_2637,started,400,400,1.56
c_1214,m_2661,0,app_9678,started,800,800,3.13
c_1214,m_2661,158059,app_9678,started,800,800,3.13
c_1214,m_2661,162882,app_9678,started,800,800,3.13
c_1214,m_2661,287265,app_9678,started,800,800,3.13
c_1214,m_2661,337557,app_9678,started,800,800,3.13
c_1215,m_3161,0,app_8940,started,400,480,1.56
c_1215,m_3161,23839,app_8940,started,400,480,1.56
c_1215,m_3161,70350,app_8940,started,400,480,1.56
c_1215,m_3161,118699,app_8940,started,400,480,1.56
c_1215,m_3161,272103,app_8940,started,400,480,1.56
c_1216,m_703,0,app_9610,started,400,400,1.56
c_1216,m_703,14383,app_9610,started,400,400,1.56
c_1216,m_703,109745,app_9610,started,400,400,1.56
c_1216,m_703,261542,app_9610,started,400,400,1.56
c_1216,m_703,385533,app_9610,started,400,400,1.56
c_1217,m_1441,583900,app_2763,started,400,400,1.56
c_1218,m_660,0,app_940,started,800,800,3.13
c_1218,m_660,285387,app_940,started,800,800,3.13
c_1218,m_660,347378,app_940,started,800,800,3.13
c_1219,m_772,0,app_910,started,400,400,1.56
c_1219,m_772,18050,app_910,started,400,400,1.56
c_1219,m_772,113606,app_910,started,400,400,1.56
c_1219,m_772,167054,app_910,started,400,400,1.56
c_1219,m_772,249322,app_910,started,400,400,1.56
c_1219,m_772,426597,app_910,started,400,400,1.56
c_1220,m_1952,0,app_7936,started,400,400,1.56
c_1220,m_1952,34682,app_7936,started,400,400,1.56
c_1220,m_1952,125880,app_7936,started,400,400,1.56
c_1220,m_1952,130183,app_7936,started,400,400,1.56
c_1220,m_1952,162827,app_7936,started,400,400,1.56
c_1220,m_1952,282285,app_7936,started,400,400,1.56
c_1220,m_1952,408993,app_7936,started,400,400,1.56
c_1221,m_2944,0,app_6829,started,400,400,1.56
c_1221,m_2944,27800,app_6829,started,400,400,1.56
c_1221,m_2944,73462,app_6829,started,400,400,1.56
c_1221,m_2944,122828,app_6829,started,400,400,1.56
c_1221,m_2944,249269,app_6829,started,400,400,1.56
c_1221,m_2944,371047,app_6829,started,400,400,1.56
c_1222,m_1326,0,app_7545,started,400,400,1.56
c_1222,m_1326,26813,app_7545,started,400,400,1.56
c_1222,m_1326,125903,app_7545,started,400,400,1.56
c_1222,m_1326,129529,app_7545,started,400,400,1.56
c_1222,m_1326,129990,app_7545,started,400,400,1.56
c_1222,m_1326,162855,app_7545,started,400,400,1.56
c_1222,m_1326,274128,app_7545,started,400,400,1.56
c_1222,m_1326,435697,app_7545,started,400,400,1.56
c_1223,m_3005,0,app_9733,started,800,800,3.13
c_1223,m_3005,13688,app_9733,started,800,800,3.13
c_1223,m_3005,109022,app_9733,started,800,800,3.13
c_1223,m_3005,260827,app_9733,started,800,800,3.13
c_1223,m_3005,340544,app_9733,started,800,800,3.13
c_1224,m_43,0,app_6740,started,400,400,1.56
c_1224,m_43,24981,app_6740,started,400,400,1.56
c_1224,m_43,76976,app_6740,started,400,400,1.56
c_1224,m_43,80136,app_6740,started,400,400,1.56
c_1224,m_43,120957,app_6740,started,400,400,1.56
c_1224,m_43,212356,app_6740,started,400,400,1.56
c_1224,m_43,212539,app_6740,started,400,400,1.56
c_1224,m_43,259437,app_6740,started,400,400,1.56
c_1224,m_43,399441,app_6740,started,400,400,1.56
c_1225,m_807,0,app_141,started,800,800,3.13
c_1225,m_807,15929,app_141,started,800,800,3.13
c_1225,m_807,110433,app_141,started,800,800,3.13
c_1225,m_807,263805,app_141,started,800,800,3.13
c_1225,m_807,347373,app_141,started,800,800,3.13
c_1226,m_1700,0,app_7223,started,400,400,1.56
c_1226,m_1700,126684,app_7223,started,400,400,1.56
c_1226,m_1700,287830,app_7223,started,400,400,1.56
c_1226,m_1700,383190,app_7223,started,400,400,1.56
c_1227,m_2971,0,app_7475,started,400,400,1.56
c_1227,m_2971,285373,app_7475,started,400,400,1.56
c_1227,m_2971,380587,app_7475,started,400,400,1.56
c_1228,m_1778,0,app_9393,started,400,400,1.56
c_1228,m_1778,29422,app_9393,started,400,400,1.56
c_1228,m_1778,124580,app_9393,started,400,400,1.56
c_1228,m_1778,278008,app_9393,started,400,400,1.56
c_1228,m_1778,373048,app_9393,started,400,400,1.56
c_1229,m_2765,0,app_9306,started,400,400,1.56
c_1229,m_2765,22634,app_9306,started,400,400,1.56
c_1229,m_2765,117799,app_9306,started,400,400,1.56
c_1229,m_2765,269840,app_9306,started,400,400,1.56
c_1229,m_2765,431067,app_9306,started,400,400,1.56
c_1230,m_645,0,app_2128,started,400,400,1.56
c_1230,m_645,28961,app_2128,started,400,400,1.56
c_1230,m_645,125243,app_2128,started,400,400,1.56
c_1230,m_645,212400,app_2128,started,400,400,1.56
c_1230,m_645,259516,app_2128,started,400,400,1.56
c_1230,m_645,439157,app_2128,started,400,400,1.56
c_1231,m_2492,0,app_3703,started,400,400,1.56
c_1231,m_2492,10234,app_3703,started,400,400,1.56
c_1231,m_2492,49300,app_3703,started,400,400,1.56
c_1231,m_2492,105395,app_3703,started,400,400,1.56
c_1231,m_2492,174758,app_3703,started,400,400,1.56
c_1231,m_2492,207892,app_3703,started,400,400,1.56
c_1231,m_2492,224374,app_3703,started,400,400,1.56
c_1231,m_2492,257246,app_3703,started,400,400,1.56
c_1231,m_2492,323183,app_3703,started,400,400,1.56
c_1232,m_3200,0,app_19,started,400,400,1.56
c_1232,m_3200,7427,app_19,started,400,400,1.56
c_1232,m_3200,102409,app_19,started,400,400,1.56
c_1232,m_3200,171831,app_19,started,400,400,1.56
c_1232,m_3200,204964,app_19,started,400,400,1.56
c_1232,m_3200,254334,app_19,started,400,400,1.56
c_1232,m_3200,334705,app_19,started,400,400,1.56
c_1233,m_442,0,app_3644,started,400,400,1.56
c_1233,m_442,35267,app_3644,started,400,400,1.56
c_1233,m_442,282902,app_3644,started,400,400,1.56
c_1233,m_442,449211,app_3644,started,400,400,1.56
c_1234,m_2354,0,app_1795,started,400,400,1.56
c_1234,m_2354,32688,app_1795,started,400,400,1.56
c_1234,m_2354,53477,app_1795,started,400,400,1.56
c_1234,m_2354,128027,app_1795,started,400,400,1.56
c_1234,m_2354,281699,app_1795,started,400,400,1.56
c_1234,m_2354,376747,app_1795,started,400,400,1.56
c_1235,m_1214,0,app_3665,started,400,400,1.56
c_1235,m_1214,13016,app_3665,started,400,400,1.56
c_1235,m_1214,108321,app_3665,started,400,400,1.56
c_1235,m_1214,177596,app_3665,started,400,400,1.56
c_1235,m_1214,260141,app_3665,started,400,400,1.56
c_1235,m_1214,341793,app_3665,started,400,400,1.56
c_1236,m_2280,0,app_1276,started,400,400,1.56
c_1236,m_2280,22111,app_1276,started,400,400,1.56
c_1236,m_2280,116898,app_1276,started,400,400,1.56
c_1236,m_2280,270298,app_1276,started,400,400,1.56
c_1236,m_2280,364364,app_1276,started,400,400,1.56
c_1237,m_3166,0,app_1928,stopped,400,400,1.56
c_1237,m_3166,30540,app_1928,stopped,400,400,1.56
c_1237,m_3166,126976,app_1928,stopped,400,400,1.56
c_1237,m_3166,278014,app_1928,stopped,400,400,1.56
c_1237,m_3166,336941,app_1928,stopped,400,400,1.56
c_1238,m_2224,0,app_3658,started,400,400,1.56
c_1238,m_2224,24065,app_3658,started,400,400,1.56
c_1238,m_2224,119747,app_3658,started,400,400,1.56
c_1238,m_2224,271294,app_3658,started,400,400,1.56
c_1238,m_2224,432036,app_3658,started,400,400,1.56
c_1239,m_2320,0,app_56,started,400,400,1.56
c_1239,m_2320,16648,app_56,started,400,400,1.56
c_1239,m_2320,111179,app_56,started,400,400,1.56
c_1239,m_2320,244121,app_56,started,400,400,1.56
c_1239,m_2320,264502,app_56,started,400,400,1.56
c_1239,m_2320,356002,app_56,started,400,400,1.56
c_1240,m_3090,0,app_6339,started,400,400,1.56
c_1240,m_3090,14332,app_6339,started,400,400,1.56
c_1240,m_3090,109691,app_6339,started,400,400,1.56
c_1240,m_3090,261468,app_6339,started,400,400,1.56
c_1240,m_3090,385460,app_6339,started,400,400,1.56
c_1241,m_1401,0,app_7333,started,800,800,3.13
c_1241,m_1401,34014,app_7333,started,800,800,3.13
c_1241,m_1401,59372,app_7333,started,800,800,3.13
c_1241,m_1401,281572,app_7333,started,800,800,3.13
c_1241,m_1401,447371,app_7333,started,800,800,3.13
c_1241,m_1401,686786,app_7333,started,800,800,3.13
c_1242,m_3348,0,app_2413,started,400,400,1.56
c_1242,m_3348,13292,app_2413,started,400,400,1.56
c_1242,m_3348,107789,app_2413,started,400,400,1.56
c_1242,m_3348,158036,app_2413,started,400,400,1.56
c_1242,m_3348,176517,app_2413,started,400,400,1.56
c_1242,m_3348,210127,app_2413,started,400,400,1.56
c_1242,m_3348,261208,app_2413,started,400,400,1.56
c_1242,m_3348,337309,app_2413,started,400,400,1.56
c_1242,m_3348,553564,app_2413,started,400,400,1.56
c_1243,m_563,239380,app_5331,started,400,400,1.56
c_1243,m_563,276876,app_5331,started,400,400,1.56
c_1243,m_563,439879,app_5331,started,400,400,1.56
c_1244,m_795,0,app_552,started,800,800,3.13
c_1244,m_795,31342,app_552,started,800,800,3.13
c_1244,m_795,126604,app_552,started,800,800,3.13
c_1244,m_795,280310,app_552,started,800,800,3.13
c_1244,m_795,375287,app_552,started,800,800,3.13
c_1245,m_540,0,app_392,started,400,400,1.56
c_1245,m_540,12956,app_392,started,400,400,1.56
c_1245,m_540,79041,app_392,started,400,400,1.56
c_1245,m_540,107440,app_392,started,400,400,1.56
c_1245,m_540,176211,app_392,started,400,400,1.56
c_1245,m_540,209821,app_392,started,400,400,1.56
c_1245,m_540,260878,app_392,started,400,400,1.56
c_1245,m_540,345703,app_392,started,400,400,1.56
c_1246,m_2664,0,app_5159,started,400,400,1.56
c_1246,m_2664,11003,app_5159,started,400,400,1.56
c_1246,m_2664,38803,app_5159,started,400,400,1.56
c_1246,m_2664,105476,app_5159,started,400,400,1.56
c_1246,m_2664,129526,app_5159,started,400,400,1.56
c_1246,m_2664,129978,app_5159,started,400,400,1.56
c_1246,m_2664,174380,app_5159,started,400,400,1.56
c_1246,m_2664,207920,app_5159,started,400,400,1.56
c_1246,m_2664,258829,app_5159,started,400,400,1.56
c_1246,m_2664,323285,app_5159,started,400,400,1.56
c_1247,m_2467,0,app_1552,started,400,400,1.56
c_1247,m_2467,29141,app_1552,started,400,400,1.56
c_1247,m_2467,125433,app_1552,started,400,400,1.56
c_1247,m_2467,276505,app_1552,started,400,400,1.56
c_1247,m_2467,439465,app_1552,started,400,400,1.56
c_1248,m_2364,0,app_8493,started,400,400,1.56
c_1248,m_2364,15127,app_8493,started,400,400,1.56
c_1248,m_2364,109629,app_8493,started,400,400,1.56
c_1248,m_2364,262997,app_8493,started,400,400,1.56
c_1248,m_2364,354137,app_8493,started,400,400,1.56
c_1248,m_2364,447037,app_8493,started,400,400,1.56
c_1248,m_2364,556064,app_8493,started,400,400,1.56
c_1249,m_2320,0,app_5744,started,400,400,1.56
c_1249,m_2320,16647,app_5744,started,400,400,1.56
c_1249,m_2320,111179,app_5744,started,400,400,1.56
c_1249,m_2320,244121,app_5744,started,400,400,1.56
c_1249,m_2320,356002,app_5744,started,400,400,1.56
c_1250,m_23,0,app_874,started,400,400,1.56
c_1250,m_23,7460,app_874,started,400,400,1.56
c_1250,m_23,102444,app_874,started,400,400,1.56
c_1250,m_23,171865,app_874,started,400,400,1.56
c_1250,m_23,204999,app_874,started,400,400,1.56
c_1250,m_23,254369,app_874,started,400,400,1.56
c_1250,m_23,376346,app_874,started,400,400,1.56
c_1251,m_3949,0,app_3632,started,400,400,1.56
c_1251,m_3949,13458,app_3632,started,400,400,1.56
c_1251,m_3949,107960,app_3632,started,400,400,1.56
c_1251,m_3949,176666,app_3632,started,400,400,1.56
c_1251,m_3949,210283,app_3632,started,400,400,1.56
c_1251,m_3949,261369,app_3632,started,400,400,1.56
c_1251,m_3949,351938,app_3632,started,400,400,1.56
c_1252,m_3031,0,app_5584,started,400,400,1.56
c_1252,m_3031,269373,app_5584,started,400,400,1.56
c_1252,m_3031,363375,app_5584,started,400,400,1.56
c_1253,m_3231,0,app_6566,started,800,800,1.56
c_1253,m_3231,28187,app_6566,started,800,800,1.56
c_1253,m_3231,123239,app_6566,started,800,800,1.56
c_1253,m_3231,276681,app_6566,started,800,800,1.56
c_1253,m_3231,371480,app_6566,started,800,800,1.56
c_1254,m_2850,0,app_5895,started,400,400,1.56
c_1254,m_2850,11322,app_5895,started,400,400,1.56
c_1254,m_2850,106550,app_5895,started,400,400,1.56
c_1254,m_2850,175869,app_5895,started,400,400,1.56
c_1254,m_2850,209035,app_5895,started,400,400,1.56
c_1254,m_2850,258340,app_5895,started,400,400,1.56
c_1254,m_2850,381695,app_5895,started,400,400,1.56
c_1255,m_3412,0,app_5535,started,400,400,1.56
c_1255,m_3412,10546,app_5535,started,400,400,1.56
c_1255,m_3412,105733,app_5535,started,400,400,1.56
c_1255,m_3412,175074,app_5535,started,400,400,1.56
c_1255,m_3412,208205,app_5535,started,400,400,1.56
c_1255,m_3412,257561,app_5535,started,400,400,1.56
c_1255,m_3412,380210,app_5535,started,400,400,1.56
c_1256,m_2064,0,app_6375,started,400,480,1.56
c_1256,m_2064,289426,app_6375,started,400,480,1.56
c_1257,m_747,0,app_5995,started,400,400,1.56
c_1257,m_747,31017,app_5995,started,400,400,1.56
c_1257,m_747,127496,app_5995,started,400,400,1.56
c_1257,m_747,278520,app_5995,started,400,400,1.56
c_1257,m_747,403450,app_5995,started,400,400,1.56
c_1258,m_2293,0,app_2635,started,400,400,1.56
c_1258,m_2293,125864,app_2635,started,400,400,1.56
c_1258,m_2293,129529,app_2635,started,400,400,1.56
c_1258,m_2293,130214,app_2635,started,400,400,1.56
c_1258,m_2293,162827,app_2635,started,400,400,1.56
c_1258,m_2293,289209,app_2635,started,400,400,1.56
c_1258,m_2293,384726,app_2635,started,400,400,1.56
c_1259,m_1243,338310,app_2310,started,400,400,1.56
c_1260,m_3987,0,app_2567,started,400,400,1.56
c_1260,m_3987,288181,app_2567,started,400,400,1.56
c_1260,m_3987,383590,app_2567,started,400,400,1.56
c_1261,m_2342,0,app_732,started,800,800,3.13
c_1261,m_2342,26775,app_732,started,800,800,3.13
c_1261,m_2342,121720,app_732,started,800,800,3.13
c_1261,m_2342,236067,app_732,started,800,800,3.13
c_1261,m_2342,369860,app_732,started,800,800,3.13
c_1262,m_1036,0,app_2614,started,400,400,1.56
c_1262,m_1036,285354,app_2614,started,400,400,1.56
c_1262,m_1036,380568,app_2614,started,400,400,1.56
c_1263,m_1925,0,app_5000,started,400,400,1.56
c_1263,m_1925,22594,app_5000,started,400,400,1.56
c_1263,m_1925,117758,app_5000,started,400,400,1.56
c_1263,m_1925,269801,app_5000,started,400,400,1.56
c_1263,m_1925,431012,app_5000,started,400,400,1.56
c_1264,m_3293,0,app_1992,started,400,480,1.56
c_1264,m_3293,289632,app_1992,started,400,480,1.56
c_1265,m_1411,0,app_3565,started,400,480,1.56
c_1265,m_1411,9375,app_3565,started,400,480,1.56
c_1265,m_1411,103764,app_3565,started,400,480,1.56
c_1265,m_1411,172720,app_3565,started,400,480,1.56
c_1265,m_1411,206300,app_3565,started,400,480,1.56
c_1265,m_1411,257096,app_3565,started,400,480,1.56
c_1266,m_175,0,app_9218,started,400,400,1.56
c_1266,m_175,285429,app_9218,started,400,400,1.56
c_1266,m_175,451973,app_9218,started,400,400,1.56
c_1267,m_1740,0,app_5304,started,400,400,1.56
c_1267,m_1740,15017,app_5304,started,400,400,1.56
c_1267,m_1740,110374,app_5304,started,400,400,1.56
c_1267,m_1740,262139,app_5304,started,400,400,1.56
c_1267,m_1740,385971,app_5304,started,400,400,1.56
c_1268,m_53,0,app_3499,started,1600,1600,6.25
c_1268,m_53,287834,app_3499,started,1600,1600,6.25
c_1268,m_53,383194,app_3499,started,1600,1600,6.25
c_1269,m_2749,0,app_8786,started,400,400,1.56
c_1269,m_2749,12857,app_8786,started,400,400,1.56
c_1269,m_2749,107337,app_8786,started,400,400,1.56
c_1269,m_2749,176118,app_8786,started,400,400,1.56
c_1269,m_2749,209730,app_8786,started,400,400,1.56
c_1269,m_2749,260785,app_8786,started,400,400,1.56
c_1269,m_2749,351187,app_8786,started,400,400,1.56
c_1270,m_3949,0,app_9678,started,800,800,3.13
c_1270,m_3949,13458,app_9678,started,800,800,3.13
c_1270,m_3949,107960,app_9678,started,800,800,3.13
c_1270,m_3949,176666,app_9678,started,800,800,3.13
c_1270,m_3949,210283,app_9678,started,800,800,3.13
c_1270,m_3949,261369,app_9678,started,800,800,3.13
c_1270,m_3949,351938,app_9678,started,800,800,3.13
c_1271,m_1410,0,app_6140,started,400,400,1.56
c_1271,m_1410,255560,app_6140,started,400,400,1.56
c_1271,m_1410,385091,app_6140,started,400,400,1.56
c_1272,m_4014,0,app_4085,started,400,400,1.56
c_1272,m_4014,14695,app_4085,started,400,400,1.56
c_1272,m_4014,109205,app_4085,started,400,400,1.56
c_1272,m_4014,145463,app_4085,started,400,400,1.56
c_1272,m_4014,162632,app_4085,started,400,400,1.56
c_1272,m_4014,177838,app_4085,started,400,400,1.56
c_1272,m_4014,262574,app_4085,started,400,400,1.56
c_1272,m_4014,353280,app_4085,started,400,400,1.56
c_1272,m_4014,642698,app_4085,started,400,400,1.56
c_1273,m_1753,0,app_6887,started,400,400,1.56
c_1273,m_1753,34098,app_6887,started,400,400,1.56
c_1273,m_1753,129496,app_6887,started,400,400,1.56
c_1273,m_1753,283195,app_6887,started,400,400,1.56
c_1273,m_1753,378313,app_6887,started,400,400,1.56
c_1274,m_154,0,app_7073,started,400,400,1.56
c_1274,m_154,283830,app_7073,started,400,400,1.56
c_1274,m_154,411071,app_7073,started,400,400,1.56
c_1275,m_926,0,app_6320,started,400,400,1.56
c_1275,m_926,18300,app_6320,started,400,400,1.56
c_1275,m_926,113864,app_6320,started,400,400,1.56
c_1275,m_926,265436,app_6320,started,400,400,1.56
c_1275,m_926,339690,app_6320,started,400,400,1.56
c_1276,m_3499,578727,app_5102,started,800,800,3.13
c_1276,m_3499,589108,app_5102,started,800,800,3.13
c_1276,m_3499,594752,app_5102,started,800,800,3.13
c_1277,m_3531,0,app_9306,started,400,400,1.56
c_1277,m_3531,11373,app_9306,started,400,400,1.56
c_1277,m_3531,105854,app_9306,started,400,400,1.56
c_1277,m_3531,174736,app_9306,started,400,400,1.56
c_1277,m_3531,208283,app_9306,started,400,400,1.56
c_1277,m_3531,259212,app_9306,started,400,400,1.56
c_1277,m_3531,317241,app_9306,started,400,400,1.56
c_1277,m_3531,637667,app_9306,started,400,400,1.56
c_1278,m_2985,0,app_2205,started,3200,3200,18.75
c_1278,m_2985,246077,app_2205,started,3200,3200,18.75
c_1278,m_2985,379273,app_2205,started,3200,3200,18.75
c_1279,m_3479,0,app_9247,started,400,480,1.56
c_1279,m_3479,22830,app_9247,started,400,480,1.56
c_1279,m_3479,118001,app_9247,started,400,480,1.56
c_1279,m_3479,136507,app_9247,started,400,480,1.56
c_1279,m_3479,136955,app_9247,started,400,480,1.56
c_1279,m_3479,270034,app_9247,started,400,480,1.56
c_1280,m_2524,0,app_7835,started,400,400,1.56
c_1280,m_2524,9201,app_7835,started,400,400,1.56
c_1280,m_2524,104272,app_7835,started,400,400,1.56
c_1280,m_2524,125839,app_7835,started,400,400,1.56
c_1280,m_2524,129525,app_7835,started,400,400,1.56
c_1280,m_2524,130195,app_7835,started,400,400,1.56
c_1280,m_2524,162802,app_7835,started,400,400,1.56
c_1280,m_2524,173682,app_7835,started,400,400,1.56
c_1280,m_2524,206816,app_7835,started,400,400,1.56
c_1280,m_2524,256176,app_7835,started,400,400,1.56
c_1280,m_2524,378127,app_7835,started,400,400,1.56
c_1281,m_3591,234045,app_5875,started,400,400,1.56
c_1281,m_3591,234152,app_5875,started,400,400,1.56
c_1281,m_3591,269471,app_5875,started,400,400,1.56
c_1281,m_3591,430480,app_5875,started,400,400,1.56
c_1282,m_2956,0,app_6986,started,400,400,1.56
c_1282,m_2956,11850,app_6986,started,400,400,1.56
c_1282,m_2956,82507,app_6986,started,400,400,1.56
c_1282,m_2956,107110,app_6986,started,400,400,1.56
c_1282,m_2956,125904,app_6986,started,400,400,1.56
c_1282,m_2956,130164,app_6986,started,400,400,1.56
c_1282,m_2956,176416,app_6986,started,400,400,1.56
c_1282,m_2956,209572,app_6986,started,400,400,1.56
c_1282,m_2956,258876,app_6986,started,400,400,1.56
c_1282,m_2956,330692,app_6986,started,400,400,1.56
c_1282,m_2956,589083,app_6986,started,400,400,1.56
c_1283,m_24,0,app_7375,started,400,400,1.56
c_1283,m_24,9464,app_7375,started,400,400,1.56
c_1283,m_24,103860,app_7375,started,400,400,1.56
c_1283,m_24,172807,app_7375,started,400,400,1.56
c_1283,m_24,206387,app_7375,started,400,400,1.56
c_1283,m_24,257188,app_7375,started,400,400,1.56
c_1283,m_24,347479,app_7375,started,400,400,1.56
c_1284,m_468,0,app_5403,started,400,480,1.56
c_1284,m_468,22742,app_5403,started,400,480,1.56
c_1284,m_468,117912,app_5403,started,400,480,1.56
c_1284,m_468,225053,app_5403,started,400,480,1.56
c_1284,m_468,269947,app_5403,started,400,480,1.56
c_1285,m_2031,0,app_5451,started,400,400,1.56
c_1285,m_2031,23352,app_5451,started,400,400,1.56
c_1285,m_2031,118578,app_5451,started,400,400,1.56
c_1285,m_2031,270554,app_5451,started,400,400,1.56
c_1285,m_2031,431516,app_5451,started,400,400,1.56
c_1286,m_3436,0,app_4287,started,400,400,1.56
c_1286,m_3436,35110,app_4287,started,400,400,1.56
c_1286,m_3436,282735,app_4287,started,400,400,1.56
c_1286,m_3436,448902,app_4287,started,400,400,1.56
c_1287,m_3971,0,app_6056,started,400,400,1.56
c_1287,m_3971,290387,app_6056,started,400,400,1.56
c_1287,m_3971,385998,app_6056,started,400,400,1.56
c_1288,m_2868,72383,app_518,started,400,400,1.56
c_1288,m_2868,259450,app_518,started,400,400,1.56
c_1288,m_2868,281738,app_518,started,400,400,1.56
c_1288,m_2868,447706,app_518,started,400,400,1.56
c_1288,m_2868,667570,app_518,started,400,400,1.56
c_1289,m_1050,0,app_5936,started,400,400,1.56
c_1289,m_1050,283950,app_5936,started,400,400,1.56
c_1289,m_1050,411248,app_5936,started,400,400,1.56
c_1290,m_2722,0,app_2117,started,400,400,1.56
c_1290,m_2722,15955,app_2117,started,400,400,1.56
c_1290,m_2722,110462,app_2117,started,400,400,1.56
c_1290,m_2722,263831,app_2117,started,400,400,1.56
c_1290,m_2722,355309,app_2117,started,400,400,1.56
c_1291,m_3187,0,app_6696,started,400,480,1.56
c_1291,m_3187,17174,app_6696,started,400,480,1.56
c_1291,m_3187,58015,app_6696,started,400,480,1.56
c_1291,m_3187,111705,app_6696,started,400,480,1.56
c_1291,m_3187,265019,app_6696,started,400,480,1.56
c_1292,m_3509,0,app_51,started,400,480,1.56
c_1292,m_3509,34184,app_51,started,400,480,1.56
c_1292,m_3509,129588,app_51,started,400,480,1.56
c_1292,m_3509,283285,app_51,started,400,480,1.56
c_1293,m_1048,0,app_5420,started,400,400,1.56
c_1293,m_1048,20016,app_5420,started,400,400,1.56
c_1293,m_1048,115683,app_5420,started,400,400,1.56
c_1293,m_1048,267229,app_5420,started,400,400,1.56
c_1293,m_1048,429288,app_5420,started,400,400,1.56
c_1293,m_1048,659069,app_5420,started,400,400,1.56
c_1294,m_3859,0,app_28,started,400,400,1.56
c_1294,m_3859,16191,app_28,started,400,400,1.56
c_1294,m_3859,110701,app_28,started,400,400,1.56
c_1295,m_3050,0,app_704,started,400,400,1.56
c_1295,m_3050,34346,app_704,started,400,400,1.56
c_1295,m_3050,281924,app_704,started,400,400,1.56
c_1295,m_3050,408657,app_704,started,400,400,1.56
c_1296,m_945,0,app_5159,started,400,400,1.56
c_1296,m_945,22962,app_5159,started,400,400,1.56
c_1296,m_945,117777,app_5159,started,400,400,1.56
c_1296,m_945,271180,app_5159,started,400,400,1.56
c_1296,m_945,365314,app_5159,started,400,400,1.56
c_1297,m_271,0,app_7298,started,400,400,1.56
c_1297,m_271,34499,app_7298,started,400,400,1.56
c_1297,m_271,283612,app_7298,started,400,400,1.56
c_1297,m_271,378721,app_7298,started,400,400,1.56
c_1298,m_3455,0,app_9238,started,400,400,1.56
c_1298,m_3455,34063,app_9238,started,400,400,1.56
c_1298,m_3455,281619,app_9238,started,400,400,1.56
c_1298,m_3455,447450,app_9238,started,400,400,1.56
c_1299,m_1878,0,app_2366,started,400,480,1.56
c_1299,m_1878,27671,app_2366,started,400,480,1.56
c_1299,m_1878,122684,app_2366,started,400,480,1.56
c_1299,m_1878,276117,app_2366,started,400,480,1.56
c_1300,m_2980,0,app_5219,started,400,400,1.56
c_1301,m_3652,0,app_4401,started,400,400,1.56
c_1301,m_3652,30476,app_4401,started,400,400,1.56
c_1301,m_3652,126894,app_4401,started,400,400,1.56
c_1301,m_3652,277950,app_4401,started,400,400,1.56
c_1301,m_3652,441553,app_4401,started,400,400,1.56
c_1302,m_619,0,app_1701,started,400,400,1.56
c_1302,m_619,290500,app_1701,started,400,400,1.56
c_1302,m_619,386115,app_1701,started,400,400,1.56
c_1303,m_625,0,app_1133,started,400,400,1.56
c_1303,m_625,33120,app_1133,started,400,400,1.56
c_1303,m_625,129754,app_1133,started,400,400,1.56
c_1303,m_625,280641,app_1133,started,400,400,1.56
c_1303,m_625,407475,app_1133,started,400,400,1.56
c_1304,m_2567,0,app_5464,started,400,480,1.56
c_1304,m_2567,22557,app_5464,started,400,480,1.56
c_1304,m_2567,117721,app_5464,started,400,480,1.56
c_1304,m_2567,205213,app_5464,started,400,480,1.56
c_1304,m_2567,205605,app_5464,started,400,480,1.56
c_1304,m_2567,269764,app_5464,started,400,480,1.56
c_1304,m_2567,430967,app_5464,started,400,480,1.56
c_1305,m_149,0,app_484,started,400,400,1.56
c_1305,m_149,9838,app_484,started,400,400,1.56
c_1305,m_149,104251,app_484,started,400,400,1.56
c_1305,m_149,173228,app_484,started,400,400,1.56
c_1305,m_149,206752,app_484,started,400,400,1.56
c_1305,m_149,257580,app_484,started,400,400,1.56
c_1305,m_149,347889,app_484,started,400,400,1.56
c_1306,m_3509,0,app_2042,started,400,480,1.56
c_1306,m_3509,34184,app_2042,started,400,480,1.56
c_1306,m_3509,129588,app_2042,started,400,480,1.56
c_1306,m_3509,283285,app_2042,started,400,480,1.56
c_1307,m_1255,0,app_647,started,400,400,1.95
c_1307,m_1255,13623,app_647,started,400,400,1.95
c_1307,m_1255,108954,app_647,started,400,400,1.95
c_1307,m_1255,260764,app_647,started,400,400,1.95
c_1307,m_1255,384689,app_647,started,400,400,1.95
c_1308,m_2940,0,app_7890,started,800,800,3.13
c_1308,m_2940,11826,app_7890,started,800,800,3.13
c_1308,m_2940,107085,app_7890,started,800,800,3.13
c_1308,m_2940,176390,app_7890,started,800,800,3.13
c_1308,m_2940,209549,app_7890,started,800,800,3.13
c_1308,m_2940,232326,app_7890,started,800,800,3.13
c_1309,m_1925,0,app_3493,started,400,400,1.56
c_1309,m_1925,22594,app_3493,started,400,400,1.56
c_1309,m_1925,117758,app_3493,started,400,400,1.56
c_1309,m_1925,269801,app_3493,started,400,400,1.56
c_1309,m_1925,431012,app_3493,started,400,400,1.56
c_1310,m_983,0,app_5895,started,400,400,1.56
c_1310,m_983,158039,app_5895,started,400,400,1.56
c_1310,m_983,284768,app_5895,started,400,400,1.56
c_1310,m_983,323181,app_5895,started,400,400,1.56
c_1311,m_2532,0,app_7321,started,400,400,1.56
c_1311,m_2532,14288,app_7321,started,400,400,1.56
c_1311,m_2532,109646,app_7321,started,400,400,1.56
c_1311,m_2532,261425,app_7321,started,400,400,1.56
c_1311,m_2532,385388,app_7321,started,400,400,1.56
c_1312,m_1842,0,app_7387,started,800,800,3.13
c_1312,m_1842,12569,app_7387,started,800,800,3.13
c_1312,m_1842,107043,app_7387,started,800,800,3.13
c_1312,m_1842,175837,app_7387,started,800,800,3.13
c_1312,m_1842,209452,app_7387,started,800,800,3.13
c_1312,m_1842,260482,app_7387,started,800,800,3.13
c_1312,m_1842,350868,app_7387,started,800,800,3.13
c_1313,m_2308,0,app_5733,started,400,400,1.56
c_1313,m_2308,21954,app_5733,started,400,400,1.56
c_1313,m_2308,116731,app_5733,started,400,400,1.56
c_1313,m_2308,270131,app_5733,started,400,400,1.56
c_1313,m_2308,364183,app_5733,started,400,400,1.56
c_1313,m_2308,680479,app_5733,started,400,400,1.56
c_1314,m_1868,0,app_3189,started,400,480,1.56
c_1314,m_1868,7780,app_3189,started,400,480,1.56
c_1314,m_1868,102776,app_3189,started,400,480,1.56
c_1314,m_1868,125848,app_3189,started,400,480,1.56
c_1314,m_1868,126534,app_3189,started,400,480,1.56
c_1314,m_1868,172188,app_3189,started,400,480,1.56
c_1314,m_1868,205350,app_3189,started,400,480,1.56
c_1314,m_1868,254715,app_3189,started,400,480,1.56
c_1315,m_209,0,app_2965,started,400,400,1.56
c_1315,m_209,29490,app_2965,started,400,400,1.56
c_1315,m_209,125924,app_2965,started,400,400,1.56
c_1315,m_209,130156,app_2965,started,400,400,1.56
c_1315,m_209,162882,app_2965,started,400,400,1.56
c_1315,m_209,276903,app_2965,started,400,400,1.56
c_1315,m_209,334234,app_2965,started,400,400,1.56
c_1316,m_1452,0,app_4123,started,400,400,1.56
c_1316,m_1452,33577,app_4123,started,400,400,1.56
c_1316,m_1452,130230,app_4123,started,400,400,1.56
c_1316,m_1452,281126,app_4123,started,400,400,1.56
c_1316,m_1452,407914,app_4123,started,400,400,1.56
c_1317,m_3185,0,app_9529,started,400,400,2.34
c_1317,m_3185,9502,app_9529,started,400,400,2.34
c_1317,m_3185,104599,app_9529,started,400,400,2.34
c_1317,m_3185,173991,app_9529,started,400,400,2.34
c_1317,m_3185,207124,app_9529,started,400,400,2.34
c_1317,m_3185,256476,app_9529,started,400,400,2.34
c_1317,m_3185,416444,app_9529,started,400,400,2.34
c_1317,m_3185,638259,app_9529,started,400,400,2.34
c_1318,m_545,2063,app_9723,started,400,400,1.56
c_1318,m_545,33012,app_9723,started,400,400,1.56
c_1318,m_545,39621,app_9723,started,400,400,1.56
c_1318,m_545,129640,app_9723,started,400,400,1.56
c_1318,m_545,280535,app_9723,started,400,400,1.56
c_1318,m_545,445814,app_9723,started,400,400,1.56
c_1319,m_653,0,app_9608,started,400,400,1.56
c_1319,m_653,20330,app_9608,started,400,400,1.56
c_1319,m_653,116019,app_9608,started,400,400,1.56
c_1319,m_653,268154,app_9608,started,400,400,1.56
c_1319,m_653,429515,app_9608,started,400,400,1.56
c_1320,m_3157,340127,app_8360,started,800,800,3.13
c_1321,m_2248,0,app_1945,started,400,400,1.56
c_1321,m_2248,31714,app_1945,started,400,400,1.56
c_1321,m_2248,128236,app_1945,started,400,400,1.56
c_1321,m_2248,279209,app_1945,started,400,400,1.56
c_1321,m_2248,443686,app_1945,started,400,400,1.56
c_1322,m_3914,0,app_5244,started,400,480,1.56
c_1322,m_3914,289062,app_5244,started,400,480,1.56
c_1323,m_2509,0,app_4038,started,800,800,2.34
c_1323,m_2509,288877,app_4038,started,800,800,2.34
c_1323,m_2509,338286,app_4038,started,800,800,2.34
c_1324,m_2331,0,app_5745,started,400,400,1.56
c_1324,m_2331,13197,app_5745,started,400,400,1.56
c_1324,m_2331,108506,app_5745,started,400,400,1.56
c_1324,m_2331,177791,app_5745,started,400,400,1.56
c_1324,m_2331,260321,app_5745,started,400,400,1.56
c_1324,m_2331,383928,app_5745,started,400,400,1.56
c_1325,m_1216,0,app_5219,started,400,400,1.56
c_1326,m_2872,0,app_4056,started,800,800,3.13
c_1326,m_2872,13553,app_4056,started,800,800,3.13
c_1326,m_2872,108879,app_4056,started,800,800,3.13
c_1326,m_2872,260692,app_4056,started,800,800,3.13
c_1326,m_2872,345709,app_4056,started,800,800,3.13
c_1327,m_2863,0,app_7073,started,400,400,1.56
c_1327,m_2863,11013,app_7073,started,400,400,1.56
c_1327,m_2863,105486,app_7073,started,400,400,1.56
c_1327,m_2863,174389,app_7073,started,400,400,1.56
c_1327,m_2863,207930,app_7073,started,400,400,1.56
c_1327,m_2863,258839,app_7073,started,400,400,1.56
c_1327,m_2863,349160,app_7073,started,400,400,1.56
c_1327,m_2863,637210,app_7073,started,400,400,1.56
c_1328,m_268,226406,app_7356,started,400,400,1.56
c_1328,m_268,278169,app_7356,started,400,400,1.56
c_1328,m_268,373248,app_7356,started,400,400,1.56
c_1329,m_782,237489,app_3269,started,400,400,1.56
c_1329,m_782,270500,app_3269,started,400,400,1.56
c_1329,m_782,431432,app_3269,started,400,400,1.56
c_1330,m_3373,125519,app_3120,started,400,400,1.56
c_1331,m_2240,0,app_7807,started,800,960,3.13
c_1331,m_2240,251428,app_7807,started,800,960,3.13
c_1331,m_2240,337007,app_7807,started,800,960,3.13
c_1332,m_3759,0,app_3912,started,400,400,1.56
c_1332,m_3759,10171,app_3912,started,400,400,1.56
c_1332,m_3759,105330,app_3912,started,400,400,1.56
c_1332,m_3759,174696,app_3912,started,400,400,1.56
c_1332,m_3759,207821,app_3912,started,400,400,1.56
c_1332,m_3759,257180,app_3912,started,400,400,1.56
c_1332,m_3759,379509,app_3912,started,400,400,1.56
c_1332,m_3759,639230,app_3912,started,400,400,1.56
c_1333,m_800,0,app_2177,started,400,400,1.56
c_1333,m_800,290138,app_2177,started,400,400,1.56
c_1333,m_800,385722,app_2177,started,400,400,1.56
c_1333,m_800,464296,app_2177,started,400,400,1.56
c_1334,m_1520,0,app_8659,started,400,400,1.56
c_1334,m_1520,20490,app_8659,started,400,400,1.56
c_1334,m_1520,115887,app_8659,started,400,400,1.56
c_1334,m_1520,269290,app_8659,started,400,400,1.56
c_1334,m_1520,363290,app_8659,started,400,400,1.56
c_1335,m_1785,0,app_7300,started,400,400,1.56
c_1335,m_1785,15961,app_7300,started,400,400,1.56
c_1335,m_1785,111364,app_7300,started,400,400,1.56
c_1335,m_1785,263060,app_7300,started,400,400,1.56
c_1335,m_1785,423599,app_7300,started,400,400,1.56
c_1336,m_3507,0,app_1866,started,400,400,1.56
c_1336,m_3507,27436,app_1866,started,400,400,1.56
c_1336,m_3507,123614,app_1866,started,400,400,1.56
c_1336,m_3507,274771,app_1866,started,400,400,1.56
c_1336,m_3507,402045,app_1866,started,400,400,1.56
c_1337,m_1871,0,app_1531,started,400,400,1.56
c_1337,m_1871,33995,app_1531,started,400,400,1.56
c_1337,m_1871,62033,app_1531,started,400,400,1.56
c_1337,m_1871,129390,app_1531,started,400,400,1.56
c_1337,m_1871,283087,app_1531,started,400,400,1.56
c_1337,m_1871,378203,app_1531,started,400,400,1.56
c_1338,m_1613,0,app_8134,started,400,480,1.56
c_1338,m_1613,22795,app_8134,started,400,480,1.56
c_1338,m_1613,117612,app_8134,started,400,480,1.56
c_1338,m_1613,271015,app_8134,started,400,480,1.56
c_1339,m_3628,0,app_971,started,400,480,1.56
c_1339,m_3628,21276,app_971,started,400,480,1.56
c_1339,m_3628,116351,app_971,started,400,480,1.56
c_1339,m_3628,254429,app_971,started,400,480,1.56
c_1340,m_3454,0,app_8761,started,400,400,1.56
c_1340,m_3454,283789,app_8761,started,400,400,1.56
c_1340,m_3454,318749,app_8761,started,400,400,1.56
c_1341,m_311,0,app_2635,started,400,400,1.56
c_1341,m_311,32973,app_2635,started,400,400,1.56
c_1341,m_311,125894,app_2635,started,400,400,1.56
c_1341,m_311,129531,app_2635,started,400,400,1.56
c_1341,m_311,130208,app_2635,started,400,400,1.56
c_1341,m_311,164920,app_2635,started,400,400,1.56
c_1341,m_311,282008,app_2635,started,400,400,1.56
c_1341,m_311,377072,app_2635,started,400,400,1.56
c_1342,m_527,0,app_507,started,400,400,1.56
c_1342,m_527,29419,app_507,started,400,400,1.56
c_1342,m_527,125750,app_507,started,400,400,1.56
c_1343,m_1896,0,app_3514,started,400,400,1.56
c_1343,m_1896,12406,app_3514,started,400,400,1.56
c_1343,m_1896,106879,app_3514,started,400,400,1.56
c_1343,m_1896,175681,app_3514,started,400,400,1.56
c_1343,m_1896,209294,app_3514,started,400,400,1.56
c_1343,m_1896,260315,app_3514,started,400,400,1.56
c_1343,m_1896,337526,app_3514,started,400,400,1.56
c_1343,m_1896,639668,app_3514,started,400,400,1.56
c_1344,m_1491,0,app_9492,started,400,400,1.56
c_1344,m_1491,34556,app_9492,started,400,400,1.56
c_1344,m_1491,283671,app_9492,started,400,400,1.56
c_1344,m_1491,378787,app_9492,started,400,400,1.56
c_1345,m_1710,0,app_1024,started,400,400,1.56
c_1345,m_1710,13899,app_1024,started,400,400,1.56
c_1345,m_1710,109240,app_1024,started,400,400,1.56
c_1345,m_1710,261034,app_1024,started,400,400,1.56
c_1345,m_1710,385016,app_1024,started,400,400,1.56
c_1346,m_802,0,app_3979,started,800,800,3.13
c_1346,m_802,32847,app_3979,started,800,800,3.13
c_1346,m_802,129461,app_3979,started,800,800,3.13
c_1346,m_802,250874,app_3979,started,800,800,3.13
c_1347,m_3177,0,app_3988,started,400,400,1.56
c_1347,m_3177,24097,app_3988,started,400,400,1.56
c_1347,m_3177,53483,app_3988,started,400,400,1.56
c_1347,m_3177,119839,app_3988,started,400,400,1.56
c_1347,m_3177,271326,app_3988,started,400,400,1.56
c_1347,m_3177,432045,app_3988,started,400,400,1.56
c_1348,m_3635,0,app_5654,started,400,400,1.56
c_1348,m_3635,27795,app_5654,started,400,400,1.56
c_1348,m_3635,122822,app_5654,started,400,400,1.56
c_1348,m_3635,158232,app_5654,started,400,400,1.56
c_1348,m_3635,276248,app_5654,started,400,400,1.56
c_1348,m_3635,371042,app_5654,started,400,400,1.56
c_1348,m_3635,465813,app_5654,started,400,400,1.56
c_1349,m_1473,0,app_1552,started,400,400,1.56
c_1349,m_1473,34068,app_1552,started,400,400,1.56
c_1349,m_1473,281624,app_1552,started,400,400,1.56
c_1349,m_1473,447456,app_1552,started,400,400,1.56
c_1350,m_3149,0,app_3300,started,400,400,1.56
c_1350,m_3149,29041,app_3300,started,400,400,1.56
c_1350,m_3149,125324,app_3300,started,400,400,1.56
c_1350,m_3149,276392,app_3300,started,400,400,1.56
c_1350,m_3149,439253,app_3300,started,400,400,1.56
c_1351,m_949,337531,app_1737,started,400,400,1.56
c_1352,m_1992,0,app_7364,started,400,400,1.56
c_1352,m_1992,26970,app_7364,started,400,400,1.56
c_1352,m_1992,121938,app_7364,started,400,400,1.56
c_1352,m_1992,275392,app_7364,started,400,400,1.56
c_1352,m_1992,370078,app_7364,started,400,400,1.56
c_1353,m_1231,130,app_2562,started,800,800,3.13
c_1353,m_1231,259251,app_2562,started,800,800,3.13
c_1353,m_1231,419007,app_2562,started,800,800,3.13
c_1354,m_2427,0,app_1211,started,400,400,1.56
c_1354,m_2427,15031,app_1211,started,400,400,1.56
c_1354,m_2427,109536,app_1211,started,400,400,1.56
c_1354,m_2427,262890,app_1211,started,400,400,1.56
c_1354,m_2427,353965,app_1211,started,400,400,1.56
c_1354,m_2427,446970,app_1211,started,400,400,1.56
c_1354,m_2427,555936,app_1211,started,400,400,1.56
c_1355,m_3514,0,app_2368,started,400,400,1.56
c_1355,m_3514,285445,app_2368,started,400,400,1.56
c_1355,m_3514,452001,app_2368,started,400,400,1.56
c_1356,m_2813,0,app_3456,started,800,800,6.25
c_1356,m_2813,24592,app_3456,started,800,800,6.25
c_1356,m_2813,120544,app_3456,started,800,800,6.25
c_1356,m_2813,271815,app_3456,started,800,800,6.25
c_1356,m_2813,347356,app_3456,started,800,800,6.25
c_1357,m_1389,0,app_4038,started,800,800,2.34
c_1357,m_1389,283905,app_4038,started,800,800,2.34
c_1357,m_1389,411155,app_4038,started,800,800,2.34
c_1358,m_685,0,app_2241,started,400,400,1.56
c_1358,m_685,287144,app_2241,started,400,400,1.56
c_1358,m_685,382429,app_2241,started,400,400,1.56
c_1359,m_2343,0,app_7279,started,400,400,1.56
c_1359,m_2343,289377,app_7279,started,400,400,1.56
c_1359,m_2343,320722,app_7279,started,400,400,1.56
c_1360,m_3968,0,app_6321,started,800,800,3.13
c_1360,m_3968,29900,app_6321,started,800,800,3.13
c_1360,m_3968,125082,app_6321,started,800,800,3.13
c_1360,m_3968,278517,app_6321,started,800,800,3.13
c_1360,m_3968,328218,app_6321,started,800,800,3.13
c_1361,m_3097,0,app_8468,started,400,480,1.56
c_1361,m_3097,18393,app_8468,started,400,480,1.56
c_1361,m_3097,113000,app_8468,started,400,480,1.56
c_1361,m_3097,266322,app_8468,started,400,480,1.56
c_1362,m_977,0,app_5219,started,400,400,1.56
c_1363,m_152,0,app_5810,started,400,400,1.56
c_1363,m_152,284299,app_5810,started,400,400,1.56
c_1363,m_152,450707,app_5810,started,400,400,1.56
c_1363,m_152,579885,app_5810,started,400,400,1.56
c_1364,m_2021,0,app_6935,started,800,800,1.56
c_1364,m_2021,28106,app_6935,started,800,800,1.56
c_1364,m_2021,125899,app_6935,started,800,800,1.56
c_1364,m_2021,129526,app_6935,started,800,800,1.56
c_1364,m_2021,129977,app_6935,started,800,800,1.56
c_1364,m_2021,163120,app_6935,started,800,800,1.56
c_1364,m_2021,275443,app_6935,started,800,800,1.56
c_1364,m_2021,402798,app_6935,started,800,800,1.56
c_1365,m_1417,0,app_200,started,400,400,1.56
c_1365,m_1417,14723,app_200,started,400,400,1.56
c_1365,m_1417,110069,app_200,started,400,400,1.56
c_1365,m_1417,261845,app_200,started,400,400,1.56
c_1365,m_1417,385789,app_200,started,400,400,1.56
c_1366,m_1734,0,app_7419,started,400,400,1.56
c_1366,m_1734,250267,app_7419,started,400,400,1.56
c_1366,m_1734,386247,app_7419,started,400,400,1.56
c_1367,m_3295,0,app_3453,started,400,400,1.56
c_1367,m_3295,29360,app_3453,started,400,400,1.56
c_1367,m_3295,125686,app_3453,started,400,400,1.56
c_1367,m_3295,232385,app_3453,started,400,400,1.56
c_1367,m_3295,404552,app_3453,started,400,400,1.56
c_1368,m_442,0,app_9101,started,800,800,1.56
c_1368,m_442,35267,app_9101,started,800,800,1.56
c_1368,m_442,282902,app_9101,started,800,800,1.56
c_1368,m_442,449211,app_9101,started,800,800,1.56
c_1369,m_371,0,app_943,started,400,400,1.56
c_1369,m_371,28308,app_943,started,400,400,1.56
c_1369,m_371,124555,app_943,started,400,400,1.56
c_1369,m_371,275640,app_943,started,400,400,1.56
c_1369,m_371,403239,app_943,started,400,400,1.56
c_1370,m_1750,0,app_9391,started,400,400,1.56
c_1370,m_1750,125945,app_9391,started,400,400,1.56
c_1370,m_1750,130176,app_9391,started,400,400,1.56
c_1370,m_1750,253638,app_9391,started,400,400,1.56
c_1370,m_1750,323193,app_9391,started,400,400,1.56
c_1371,m_3289,0,app_9069,started,400,480,1.56
c_1371,m_3289,7393,app_9069,started,400,480,1.56
c_1371,m_3289,102373,app_9069,started,400,480,1.56
c_1371,m_3289,171796,app_9069,started,400,480,1.56
c_1371,m_3289,204927,app_9069,started,400,480,1.56
c_1371,m_3289,254300,app_9069,started,400,480,1.56
c_1372,m_382,32643,app_582,started,400,400,1.56
c_1372,m_382,259520,app_582,started,400,400,1.56
c_1372,m_382,365433,app_582,started,400,400,1.56
c_1373,m_539,0,app_9035,started,400,400,1.56
c_1373,m_539,125430,app_9035,started,400,400,1.56
c_1373,m_539,285281,app_9035,started,400,400,1.56
c_1373,m_539,451773,app_9035,started,400,400,1.56
c_1373,m_539,678057,app_9035,started,400,400,1.56
c_1374,m_1819,0,app_5262,started,400,400,1.56
c_1374,m_1819,13600,app_5262,started,400,400,1.56
c_1374,m_1819,108110,app_5262,started,400,400,1.56
c_1374,m_1819,176805,app_5262,started,400,400,1.56
c_1374,m_1819,210421,app_5262,started,400,400,1.56
c_1374,m_1819,261510,app_5262,started,400,400,1.56
c_1374,m_1819,352084,app_5262,started,400,400,1.56
c_1375,m_411,0,app_6681,started,800,800,3.13
c_1375,m_411,12564,app_6681,started,800,800,3.13
c_1375,m_411,107038,app_6681,started,800,800,3.13
c_1375,m_411,175832,app_6681,started,800,800,3.13
c_1375,m_411,209447,app_6681,started,800,800,3.13
c_1375,m_411,260477,app_6681,started,800,800,3.13
c_1375,m_411,350862,app_6681,started,800,800,3.13
c_1376,m_3069,0,app_9001,started,400,400,1.56
c_1376,m_3069,285052,app_9001,started,400,400,1.56
c_1376,m_3069,380260,app_9001,started,400,400,1.56
c_1377,m_2030,0,app_582,started,400,400,1.56
c_1377,m_2030,35295,app_582,started,400,400,1.56
c_1377,m_2030,282932,app_582,started,400,400,1.56
c_1377,m_2030,449282,app_582,started,400,400,1.56
c_1378,m_3218,0,app_2488,started,400,400,1.56
c_1378,m_3218,27239,app_2488,started,400,400,1.56
c_1378,m_3218,123403,app_2488,started,400,400,1.56
c_1378,m_3218,274571,app_2488,started,400,400,1.56
c_1378,m_3218,338915,app_2488,started,400,400,1.56
c_1379,m_749,0,app_4051,started,400,400,1.56
c_1379,m_749,31761,app_4051,started,400,400,1.56
c_1379,m_749,128284,app_4051,started,400,400,1.56
c_1379,m_749,279253,app_4051,started,400,400,1.56
c_1379,m_749,443797,app_4051,started,400,400,1.56
c_1380,m_2897,0,app_5890,started,400,400,1.56
c_1380,m_2897,22875,app_5890,started,400,400,1.56
c_1380,m_2897,117690,app_5890,started,400,400,1.56
c_1380,m_2897,221384,app_5890,started,400,400,1.56
c_1380,m_2897,271092,app_5890,started,400,400,1.56
c_1380,m_2897,365210,app_5890,started,400,400,1.56
c_1381,m_1959,0,app_141,started,800,800,3.13
c_1381,m_1959,13646,app_141,started,800,800,3.13
c_1381,m_1959,108159,app_141,started,800,800,3.13
c_1381,m_1959,176850,app_141,started,800,800,3.13
c_1381,m_1959,210466,app_141,started,800,800,3.13
c_1381,m_1959,243726,app_141,started,800,800,3.13
c_1381,m_1959,261557,app_141,started,800,800,3.13
c_1381,m_1959,347383,app_141,started,800,800,3.13
c_1381,m_1959,641366,app_141,started,800,800,3.13
c_1382,m_1536,0,app_7767,started,800,800,3.13
c_1382,m_1536,22448,app_7767,started,800,800,3.13
c_1382,m_1536,117608,app_7767,started,800,800,3.13
c_1382,m_1536,269649,app_7767,started,800,800,3.13
c_1382,m_1536,430778,app_7767,started,800,800,3.13
c_1383,m_3393,0,app_9618,started,400,400,3.13
c_1383,m_3393,24182,app_9618,started,400,400,3.13
c_1383,m_3393,119058,app_9618,started,400,400,3.13
c_1383,m_3393,251347,app_9618,started,400,400,3.13
c_1383,m_3393,366843,app_9618,started,400,400,3.13
c_1384,m_1721,0,app_6943,started,400,400,1.56
c_1384,m_1721,22431,app_6943,started,400,400,1.56
c_1384,m_1721,117589,app_6943,started,400,400,1.56
c_1384,m_1721,269633,app_6943,started,400,400,1.56
c_1384,m_1721,430768,app_6943,started,400,400,1.56
c_1385,m_3363,0,app_8140,started,400,400,1.56
c_1385,m_3363,34196,app_8140,started,400,400,1.56
c_1385,m_3363,129602,app_8140,started,400,400,1.56
c_1385,m_3363,283297,app_8140,started,400,400,1.56
c_1385,m_3363,378412,app_8140,started,400,400,1.56
c_1386,m_352,0,app_4113,started,400,400,3.13
c_1386,m_352,22381,app_4113,started,400,400,3.13
c_1386,m_352,117539,app_4113,started,400,400,3.13
c_1386,m_352,269579,app_4113,started,400,400,3.13
c_1386,m_352,430636,app_4113,started,400,400,3.13
c_1387,m_48,0,app_2355,started,400,400,1.56
c_1387,m_48,13847,app_2355,started,400,400,1.56
c_1387,m_48,108381,app_2355,started,400,400,1.56
c_1387,m_48,125903,app_2355,started,400,400,1.56
c_1387,m_48,129529,app_2355,started,400,400,1.56
c_1387,m_48,130199,app_2355,started,400,400,1.56
c_1387,m_48,162848,app_2355,started,400,400,1.56
c_1387,m_48,177052,app_2355,started,400,400,1.56
c_1387,m_48,210667,app_2355,started,400,400,1.56
c_1387,m_48,261777,app_2355,started,400,400,1.56
c_1387,m_48,352342,app_2355,started,400,400,1.56
c_1387,m_48,641624,app_2355,started,400,400,1.56
c_1388,m_3475,0,app_4674,started,400,400,1.56
c_1388,m_3475,285035,app_4674,started,400,400,1.56
c_1388,m_3475,412666,app_4674,started,400,400,1.56
c_1389,m_2535,0,app_4038,started,800,800,2.34
c_1389,m_2535,11331,app_4038,started,800,800,2.34
c_1389,m_2535,105811,app_4038,started,800,800,2.34
c_1389,m_2535,174695,app_4038,started,800,800,2.34
c_1389,m_2535,208242,app_4038,started,800,800,2.34
c_1389,m_2535,259164,app_4038,started,800,800,2.34
c_1389,m_2535,336125,app_4038,started,800,800,2.34
c_1390,m_3683,0,app_512,started,400,400,1.56
c_1390,m_3683,31878,app_512,started,400,400,1.56
c_1390,m_3683,128399,app_512,started,400,400,1.56
c_1390,m_3683,158042,app_512,started,400,400,1.56
c_1390,m_3683,279367,app_512,started,400,400,1.56
c_1390,m_3683,330716,app_512,started,400,400,1.56
c_1391,m_2658,161055,app_8508,started,400,400,1.56
c_1391,m_2658,268661,app_8508,started,400,400,1.56
c_1391,m_2658,429701,app_8508,started,400,400,1.56
c_1392,m_690,238565,app_6622,started,400,400,1.56
c_1392,m_690,281781,app_6622,started,400,400,1.56
c_1392,m_690,447748,app_6622,started,400,400,1.56
c_1393,m_3702,0,app_7581,started,400,400,1.56
c_1393,m_3702,25478,app_7581,started,400,400,1.56
c_1393,m_3702,120377,app_7581,started,400,400,1.56
c_1393,m_3702,273798,app_7581,started,400,400,1.56
c_1393,m_3702,368344,app_7581,started,400,400,1.56
c_1394,m_1707,0,app_3601,started,400,400,1.56
c_1394,m_1707,34577,app_3601,started,400,400,1.56
c_1394,m_1707,252976,app_3601,started,400,400,1.56
c_1394,m_1707,323188,app_3601,started,400,400,1.56
c_1395,m_3995,0,app_8414,started,400,400,1.56
c_1395,m_3995,284019,app_8414,started,400,400,1.56
c_1395,m_3995,450068,app_8414,started,400,400,1.56
c_1396,m_2111,0,app_1797,started,800,800,3.13
c_1396,m_2111,29806,app_1797,started,800,800,3.13
c_1396,m_2111,124985,app_1797,started,800,800,3.13
c_1396,m_2111,278414,app_1797,started,800,800,3.13
c_1396,m_2111,347395,app_1797,started,800,800,3.13
c_1397,m_3959,0,app_2562,started,800,800,3.13
c_1397,m_3959,34197,app_2562,started,800,800,3.13
c_1397,m_3959,281765,app_2562,started,800,800,3.13
c_1397,m_3959,408571,app_2562,started,800,800,3.13
c_1398,m_2940,0,app_1826,started,800,800,3.13
c_1398,m_2940,11826,app_1826,started,800,800,3.13
c_1398,m_2940,107084,app_1826,started,800,800,3.13
c_1398,m_2940,176390,app_1826,started,800,800,3.13
c_1398,m_2940,209549,app_1826,started,800,800,3.13
c_1398,m_2940,232326,app_1826,started,800,800,3.13
c_1398,m_2940,418198,app_1826,started,800,800,3.13
c_1399,m_3360,0,app_2873,started,400,400,1.56
c_1399,m_3360,21218,app_2873,started,400,400,1.56
c_1399,m_3360,116297,app_2873,started,400,400,1.56
c_1399,m_3360,269688,app_2873,started,400,400,1.56
c_1399,m_3360,363709,app_2873,started,400,400,1.56
c_1400,m_1746,0,app_8508,started,400,400,1.56
c_1400,m_1746,11069,app_8508,started,400,400,1.56
c_1400,m_1746,106279,app_8508,started,400,400,1.56
c_1400,m_1746,175597,app_8508,started,400,400,1.56
c_1400,m_1746,208773,app_8508,started,400,400,1.56
c_1400,m_1746,258084,app_8508,started,400,400,1.56
c_1400,m_1746,381102,app_8508,started,400,400,1.56
c_1401,m_1335,0,app_4265,started,400,400,1.56
c_1401,m_1335,8428,app_4265,started,400,400,1.56
c_1401,m_1335,103471,app_4265,started,400,400,1.56
c_1401,m_1335,172860,app_4265,started,400,400,1.56
c_1401,m_1335,206027,app_4265,started,400,400,1.56
c_1401,m_1335,255379,app_4265,started,400,400,1.56
c_1401,m_1335,377477,app_4265,started,400,400,1.56
c_1402,m_1141,459499,app_2051,started,400,400,1.56
c_1403,m_958,0,app_3422,started,400,400,1.56
c_1403,m_958,28732,app_3422,started,400,400,1.56
c_1403,m_958,53488,app_3422,started,400,400,1.56
c_1403,m_958,125003,app_3422,started,400,400,1.56
c_1403,m_958,276072,app_3422,started,400,400,1.56
c_1403,m_958,403779,app_3422,started,400,400,1.56
c_1404,m_3372,0,app_3472,started,400,400,1.56
c_1404,m_3372,11813,app_3472,started,400,400,1.56
c_1404,m_3372,107070,app_3472,started,400,400,1.56
c_1404,m_3372,176377,app_3472,started,400,400,1.56
c_1404,m_3372,209536,app_3472,started,400,400,1.56
c_1404,m_3372,258840,app_3472,started,400,400,1.56
c_1404,m_3372,338305,app_3472,started,400,400,1.56
c_1405,m_3055,0,app_3136,started,400,400,1.56
c_1405,m_3055,32246,app_3136,started,400,400,1.56
c_1405,m_3055,128809,app_3136,started,400,400,1.56
c_1405,m_3055,279754,app_3136,started,400,400,1.56
c_1405,m_3055,444613,app_3136,started,400,400,1.56
c_1406,m_2233,0,app_4812,started,400,400,1.56
c_1406,m_2233,27030,app_4812,started,400,400,1.56
c_1406,m_2233,122008,app_4812,started,400,400,1.56
c_1406,m_2233,252972,app_4812,started,400,400,1.56
c_1406,m_2233,323297,app_4812,started,400,400,1.56
c_1407,m_2349,0,app_7140,started,400,400,1.56
c_1407,m_2349,13052,app_7140,started,400,400,1.56
c_1407,m_2349,108356,app_7140,started,400,400,1.56
c_1407,m_2349,177635,app_7140,started,400,400,1.56
c_1407,m_2349,260178,app_7140,started,400,400,1.56
c_1407,m_2349,339449,app_7140,started,400,400,1.56
c_1408,m_2446,0,app_9058,started,400,400,1.56
c_1408,m_2446,289539,app_9058,started,400,400,1.56
c_1408,m_2446,326131,app_9058,started,400,400,1.56
c_1409,m_3658,0,app_602,started,400,400,1.56
c_1409,m_3658,29961,app_602,started,400,400,1.56
c_1409,m_3658,125147,app_602,started,400,400,1.56
c_1409,m_3658,278582,app_602,started,400,400,1.56
c_1409,m_3658,373689,app_602,started,400,400,1.56
c_1410,m_1577,0,app_4786,started,400,400,1.56
c_1410,m_1577,15702,app_4786,started,400,400,1.56
c_1410,m_1577,110205,app_4786,started,400,400,1.56
c_1410,m_1577,263581,app_4786,started,400,400,1.56
c_1410,m_1577,355051,app_4786,started,400,400,1.56
c_1411,m_1821,0,app_1644,started,800,800,3.13
c_1411,m_1821,285334,app_1644,started,800,800,3.13
c_1411,m_1821,324219,app_1644,started,800,800,3.13
c_1412,m_1986,0,app_6831,started,400,400,1.56
c_1412,m_1986,29133,app_6831,started,400,400,1.56
c_1412,m_1986,53489,app_6831,started,400,400,1.56
c_1412,m_1986,125425,app_6831,started,400,400,1.56
c_1412,m_1986,222722,app_6831,started,400,400,1.56
c_1412,m_1986,224026,app_6831,started,400,400,1.56
c_1412,m_1986,276497,app_6831,started,400,400,1.56
c_1412,m_1986,439454,app_6831,started,400,400,1.56
c_1413,m_1446,0,app_8197,started,400,400,1.56
c_1413,m_1446,290258,app_8197,started,400,400,1.56
c_1413,m_1446,385844,app_8197,started,400,400,1.56
c_1414,m_3256,0,app_8299,started,800,800,3.13
c_1414,m_3256,24144,app_8299,started,800,800,3.13
c_1414,m_3256,119020,app_8299,started,800,800,3.13
c_1414,m_3256,272409,app_8299,started,800,800,3.13
c_1414,m_3256,366795,app_8299,started,800,800,3.13
c_1415,m_3892,0,app_3632,started,400,400,1.56
c_1415,m_3892,13887,app_3632,started,400,400,1.56
c_1415,m_3892,109228,app_3632,started,400,400,1.56
c_1415,m_3892,252977,app_3632,started,400,400,1.56
c_1415,m_3892,384984,app_3632,started,400,400,1.56
c_1416,m_1523,0,app_1400,started,400,400,1.56
c_1416,m_1523,23698,app_1400,started,400,400,1.56
c_1416,m_1523,118559,app_1400,started,400,400,1.56
c_1416,m_1523,271964,app_1400,started,400,400,1.56
c_1416,m_1523,366230,app_1400,started,400,400,1.56
c_1417,m_2152,0,app_9204,started,400,400,1.56
c_1417,m_2152,10195,app_9204,started,400,400,1.56
c_1417,m_2152,105358,app_9204,started,400,400,1.56
c_1417,m_2152,174723,app_9204,started,400,400,1.56
c_1417,m_2152,207849,app_9204,started,400,400,1.56
c_1417,m_2152,257208,app_9204,started,400,400,1.56
c_1417,m_2152,379541,app_9204,started,400,400,1.56
c_1418,m_2930,0,app_56,started,400,400,1.56
c_1418,m_2930,23030,app_56,started,400,400,1.56
c_1418,m_2930,117846,app_56,started,400,400,1.56
c_1418,m_2930,250508,app_56,started,400,400,1.56
c_1418,m_2930,365388,app_56,started,400,400,1.56
c_1419,m_2130,0,app_4227,started,400,400,1.56
c_1419,m_2130,22667,app_4227,started,400,400,1.56
c_1419,m_2130,53482,app_4227,started,400,400,1.56
c_1419,m_2130,117834,app_4227,started,400,400,1.56
c_1419,m_2130,269874,app_4227,started,400,400,1.56
c_1419,m_2130,431131,app_4227,started,400,400,1.56
c_1420,m_1594,0,app_3026,started,400,400,1.56
c_1420,m_1594,12177,app_3026,started,400,400,1.56
c_1420,m_1594,107447,app_3026,started,400,400,1.56
c_1420,m_1594,176741,app_3026,started,400,400,1.56
c_1420,m_1594,209898,app_3026,started,400,400,1.56
c_1420,m_1594,259209,app_3026,started,400,400,1.56
c_1420,m_1594,418917,app_3026,started,400,400,1.56
c_1421,m_1287,0,app_5788,started,400,400,1.56
c_1421,m_1287,12659,app_5788,started,400,400,1.56
c_1421,m_1287,107948,app_5788,started,400,400,1.56
c_1421,m_1287,177233,app_5788,started,400,400,1.56
c_1421,m_1287,210399,app_5788,started,400,400,1.56
c_1421,m_1287,259771,app_5788,started,400,400,1.56
c_1421,m_1287,382987,app_5788,started,400,400,1.56
c_1422,m_1475,0,app_2364,started,400,400,1.56
c_1422,m_1475,30457,app_2364,started,400,400,1.56
c_1422,m_1475,125655,app_2364,started,400,400,1.56
c_1422,m_1475,279086,app_2364,started,400,400,1.56
c_1422,m_1475,374239,app_2364,started,400,400,1.56
c_1423,m_133,0,app_2819,started,800,800,3.13
c_1423,m_133,283811,app_2819,started,800,800,3.13
c_1423,m_133,411049,app_2819,started,800,800,3.13
c_1424,m_437,0,app_3071,started,400,400,1.56
c_1424,m_437,290067,app_3071,started,400,400,1.56
c_1424,m_437,385644,app_3071,started,400,400,1.56
c_1425,m_2387,230365,app_6089,started,400,400,1.56
c_1425,m_2387,266565,app_6089,started,400,400,1.56
c_1425,m_2387,428312,app_6089,started,400,400,1.56
c_1426,m_2729,0,app_6912,started,400,400,1.56
c_1426,m_2729,79270,app_6912,started,400,400,1.56
c_1426,m_2729,79588,app_6912,started,400,400,1.56
c_1426,m_2729,283433,app_6912,started,400,400,1.56
c_1426,m_2729,410340,app_6912,started,400,400,1.56
c_1426,m_2729,681315,app_6912,started,400,400,1.56
c_1427,m_1902,0,app_5219,started,400,400,1.56
c_1428,m_1399,0,app_93,started,400,400,1.56
c_1428,m_1399,285826,app_93,started,400,400,1.56
c_1428,m_1399,338920,app_93,started,400,400,1.56
c_1429,m_1949,0,app_4450,started,400,400,1.56
c_1429,m_1949,284885,app_4450,started,400,400,1.56
c_1429,m_1949,451319,app_4450,started,400,400,1.56
c_1430,m_3595,0,app_2215,started,400,400,1.56
c_1430,m_3595,53488,app_2215,started,400,400,1.56
c_1430,m_3595,287209,app_2215,started,400,400,1.56
c_1430,m_3595,382524,app_2215,started,400,400,1.56
c_1431,m_1132,0,app_3073,started,400,400,1.56
c_1431,m_1132,11710,app_3073,started,400,400,1.56
c_1431,m_1132,106190,app_3073,started,400,400,1.56
c_1431,m_1132,175052,app_3073,started,400,400,1.56
c_1431,m_1132,208647,app_3073,started,400,400,1.56
c_1431,m_1132,259636,app_3073,started,400,400,1.56
c_1431,m_1132,342021,app_3073,started,400,400,1.56
c_1431,m_1132,638149,app_3073,started,400,400,1.56
c_1432,m_3180,0,app_9541,started,800,800,3.13
c_1432,m_3180,15080,app_9541,started,800,800,3.13
c_1432,m_3180,109585,app_9541,started,800,800,3.13
c_1432,m_3180,262953,app_9541,started,800,800,3.13
c_1432,m_3180,342028,app_9541,started,800,800,3.13
c_1432,m_3180,447004,app_9541,started,800,800,3.13
c_1432,m_3180,556004,app_9541,started,800,800,3.13
c_1432,m_3180,643153,app_9541,started,800,800,3.13
c_1433,m_798,0,app_392,started,400,400,1.56
c_1433,m_798,11680,app_392,started,400,400,1.56
c_1433,m_798,106159,app_392,started,400,400,1.56
c_1433,m_798,175023,app_392,started,400,400,1.56
c_1433,m_798,208617,app_392,started,400,400,1.56
c_1433,m_798,259605,app_392,started,400,400,1.56
c_1433,m_798,340707,app_392,started,400,400,1.56
c_1434,m_3635,0,app_721,started,400,400,1.56
c_1434,m_3635,27795,app_721,started,400,400,1.56
c_1434,m_3635,122822,app_721,started,400,400,1.56
c_1434,m_3635,158232,app_721,started,400,400,1.56
c_1434,m_3635,276248,app_721,started,400,400,1.56
c_1434,m_3635,371042,app_721,started,400,400,1.56
c_1435,m_439,0,app_1276,started,400,400,1.56
c_1435,m_439,10938,app_1276,started,400,400,1.56
c_1435,m_439,105409,app_1276,started,400,400,1.56
c_1435,m_439,174314,app_1276,started,400,400,1.56
c_1435,m_439,207849,app_1276,started,400,400,1.56
c_1435,m_439,258747,app_1276,started,400,400,1.56
c_1435,m_439,342184,app_1276,started,400,400,1.56
c_1436,m_360,0,app_5835,started,400,480,1.56
c_1436,m_360,26259,app_5835,started,400,480,1.56
c_1436,m_360,121184,app_5835,started,400,480,1.56
c_1436,m_360,274642,app_5835,started,400,480,1.56
c_1437,m_1164,0,app_2662,started,400,480,1.56
c_1437,m_1164,25134,app_2662,started,400,480,1.56
c_1437,m_1164,120022,app_2662,started,400,480,1.56
c_1437,m_1164,273411,app_2662,started,400,480,1.56
c_1438,m_129,0,app_4668,started,400,400,1.56
c_1438,m_129,27291,app_4668,started,400,400,1.56
c_1438,m_129,123459,app_4668,started,400,400,1.56
c_1438,m_129,274625,app_4668,started,400,400,1.56
c_1438,m_129,401793,app_4668,started,400,400,1.56
c_1439,m_1814,0,app_5178,started,400,480,1.56
c_1439,m_1814,28238,app_5178,started,400,480,1.56
c_1439,m_1814,124479,app_5178,started,400,480,1.56
c_1439,m_1814,275570,app_5178,started,400,480,1.56
c_1440,m_78,0,app_6427,started,400,480,1.56
c_1440,m_78,23146,app_6427,started,400,480,1.56
c_1440,m_78,117966,app_6427,started,400,480,1.56
c_1440,m_78,271370,app_6427,started,400,480,1.56
c_1441,m_3379,594928,app_8274,started,800,800,3.13
c_1442,m_1660,0,app_9678,started,800,800,3.13
c_1442,m_1660,13591,app_9678,started,800,800,3.13
c_1442,m_1660,108921,app_9678,started,800,800,3.13
c_1442,m_1660,158045,app_9678,started,800,800,3.13
c_1442,m_1660,260732,app_9678,started,800,800,3.13
c_1442,m_1660,323188,app_9678,started,800,800,3.13
c_1443,m_2880,0,app_4027,started,400,400,1.56
c_1443,m_2880,19590,app_4027,started,400,400,1.56
c_1443,m_2880,240035,app_4027,started,400,400,1.56
c_1443,m_2880,390647,app_4027,started,400,400,1.56
c_1444,m_4033,0,app_2346,started,400,400,1.56
c_1444,m_4033,13366,app_2346,started,400,400,1.56
c_1444,m_4033,108680,app_2346,started,400,400,1.56
c_1444,m_4033,260490,app_2346,started,400,400,1.56
c_1444,m_4033,337283,app_2346,started,400,400,1.56
c_1445,m_3302,0,app_8254,started,400,400,1.56
c_1445,m_3302,8062,app_8254,started,400,400,1.56
c_1445,m_3302,103078,app_8254,started,400,400,1.56
c_1445,m_3302,172477,app_8254,started,400,400,1.56
c_1445,m_3302,205647,app_8254,started,400,400,1.56
c_1445,m_3302,255006,app_8254,started,400,400,1.56
c_1445,m_3302,377154,app_8254,started,400,400,1.56
c_1446,m_2271,0,app_8056,started,800,800,3.13
c_1446,m_2271,32394,app_8056,started,800,800,3.13
c_1446,m_2271,128965,app_8056,started,800,800,3.13
c_1446,m_2271,279900,app_8056,started,800,800,3.13
c_1446,m_2271,340544,app_8056,started,800,800,3.13
c_1447,m_2388,0,app_9564,started,400,400,1.56
c_1447,m_2388,290746,app_9564,started,400,400,1.56
c_1447,m_2388,386349,app_9564,started,400,400,1.56
c_1448,m_3687,0,app_4304,started,400,400,1.56
c_1448,m_3687,33327,app_4304,started,400,400,1.56
c_1448,m_3687,129966,app_4304,started,400,400,1.56
c_1448,m_3687,280844,app_4304,started,400,400,1.56
c_1448,m_3687,446190,app_4304,started,400,400,1.56
c_1449,m_62,0,app_8129,started,400,400,1.56
c_1449,m_62,24975,app_8129,started,400,400,1.56
c_1449,m_62,120951,app_8129,started,400,400,1.56
c_1449,m_62,272197,app_8129,started,400,400,1.56
c_1449,m_62,399436,app_8129,started,400,400,1.56
c_1450,m_2064,0,app_3989,started,800,960,3.13
c_1450,m_2064,289426,app_3989,started,800,960,3.13
c_1451,m_1040,0,app_4169,started,400,480,1.56
c_1451,m_1040,19630,app_4169,started,400,480,1.56
c_1451,m_1040,58003,app_4169,started,400,480,1.56
c_1451,m_1040,115279,app_4169,started,400,480,1.56
c_1451,m_1040,225817,app_4169,started,400,480,1.56
c_1451,m_1040,246227,app_4169,started,400,480,1.56
c_1451,m_1040,663978,app_4169,started,400,480,1.56
c_1451,m_1040,666105,app_4169,started,400,480,1.56
c_1451,m_1040,678161,app_4169,started,400,480,1.56
c_1452,m_932,49045,app_1215,started,400,400,1.56
c_1452,m_932,104591,app_1215,started,400,400,1.56
c_1452,m_932,173983,app_1215,started,400,400,1.56
c_1452,m_932,207116,app_1215,started,400,400,1.56
c_1452,m_932,256468,app_1215,started,400,400,1.56
c_1452,m_932,416424,app_1215,started,400,400,1.56
c_1453,m_3835,0,app_9150,started,800,800,3.13
c_1453,m_3835,9265,app_9150,started,800,800,3.13
c_1453,m_3835,104337,app_9150,started,800,800,3.13
c_1453,m_3835,173750,app_9150,started,800,800,3.13
c_1453,m_3835,206877,app_9150,started,800,800,3.13
c_1453,m_3835,256238,app_9150,started,800,800,3.13
c_1453,m_3835,416082,app_9150,started,800,800,3.13
c_1453,m_3835,637952,app_9150,started,800,800,3.13
c_1454,m_982,0,app_4880,started,400,400,1.56
c_1454,m_982,20243,app_4880,started,400,400,1.56
c_1454,m_982,115936,app_4880,started,400,400,1.56
c_1454,m_982,267941,app_4880,started,400,400,1.56
c_1454,m_982,429472,app_4880,started,400,400,1.56
c_1454,m_982,664023,app_4880,started,400,400,1.56
c_1454,m_982,666152,app_4880,started,400,400,1.56
c_1455,m_2400,0,app_9532,started,400,480,1.56
c_1455,m_2400,35289,app_9532,started,400,480,1.56
c_1455,m_2400,282926,app_9532,started,400,480,1.56
c_1456,m_11,0,app_732,started,800,800,3.13
c_1456,m_11,24095,app_732,started,800,800,3.13
c_1456,m_11,54644,app_732,started,800,800,3.13
c_1456,m_11,119832,app_732,started,800,800,3.13
c_1456,m_11,271324,app_732,started,800,800,3.13
c_1456,m_11,432043,app_732,started,800,800,3.13
c_1457,m_3894,0,app_6309,started,800,800,3.13
c_1457,m_3894,34395,app_6309,started,800,800,3.13
c_1457,m_3894,125913,app_6309,started,800,800,3.13
c_1457,m_3894,130156,app_6309,started,800,800,3.13
c_1457,m_3894,164157,app_6309,started,800,800,3.13
c_1457,m_3894,281979,app_6309,started,800,800,3.13
c_1457,m_3894,448104,app_6309,started,800,800,3.13
c_1458,m_3914,0,app_6391,started,400,480,1.56
c_1458,m_3914,289062,app_6391,started,400,480,1.56
c_1459,m_3578,0,app_80,started,800,800,3.13
c_1459,m_3578,9626,app_80,started,800,800,3.13
c_1459,m_3578,104735,app_80,started,800,800,3.13
c_1459,m_3578,174124,app_80,started,800,800,3.13
c_1459,m_3578,207248,app_80,started,800,800,3.13
c_1459,m_3578,256599,app_80,started,800,800,3.13
c_1459,m_3578,342007,app_80,started,800,800,3.13
c_1460,m_3862,0,app_4074,started,400,400,1.56
c_1460,m_3862,23860,app_4074,started,400,400,1.56
c_1460,m_3862,118721,app_4074,started,400,400,1.56
c_1460,m_3862,272126,app_4074,started,400,400,1.56
c_1460,m_3862,338900,app_4074,started,400,400,1.56
c_1461,m_837,0,app_8669,started,400,400,1.56
c_1461,m_837,18626,app_8669,started,400,400,1.56
c_1461,m_837,114207,app_8669,started,400,400,1.56
c_1461,m_837,265765,app_8669,started,400,400,1.56
c_1461,m_837,427094,app_8669,started,400,400,1.56
c_1462,m_1935,125864,app_3120,started,400,400,1.56
c_1462,m_1935,126151,app_3120,started,400,400,1.56
c_1463,m_141,0,app_4456,started,400,400,1.56
c_1463,m_141,285305,app_4456,started,400,400,1.56
c_1463,m_141,412977,app_4456,started,400,400,1.56
c_1464,m_3779,0,app_5705,started,400,400,1.56
c_1464,m_3779,9343,app_5705,started,400,400,1.56
c_1464,m_3779,70858,app_5705,started,400,400,1.56
c_1464,m_3779,104416,app_5705,started,400,400,1.56
c_1464,m_3779,173827,app_5705,started,400,400,1.56
c_1464,m_3779,206957,app_5705,started,400,400,1.56
c_1464,m_3779,256315,app_5705,started,400,400,1.56
c_1464,m_3779,416186,app_5705,started,400,400,1.56
c_1465,m_635,0,app_617,started,800,800,3.13
c_1465,m_635,11357,app_617,started,800,800,3.13
c_1465,m_635,105837,app_617,started,800,800,3.13
c_1465,m_635,174720,app_617,started,800,800,3.13
c_1465,m_635,208267,app_617,started,800,800,3.13
c_1465,m_635,259192,app_617,started,800,800,3.13
c_1465,m_635,349517,app_617,started,800,800,3.13
c_1466,m_2204,0,app_8505,started,400,400,1.56
c_1466,m_2204,24114,app_8505,started,400,400,1.56
c_1466,m_2204,118989,app_8505,started,400,400,1.56
c_1466,m_2204,272378,app_8505,started,400,400,1.56
c_1466,m_2204,366762,app_8505,started,400,400,1.56
c_1467,m_3713,0,app_2562,started,800,800,3.13
c_1467,m_3713,27328,app_2562,started,800,800,3.13
c_1467,m_3713,122323,app_2562,started,800,800,3.13
c_1467,m_3713,275764,app_2562,started,800,800,3.13
c_1467,m_3713,370504,app_2562,started,800,800,3.13
c_1468,m_3939,0,app_133,started,800,800,3.13
c_1468,m_3939,13834,app_133,started,800,800,3.13
c_1468,m_3939,108368,app_133,started,800,800,3.13
c_1468,m_3939,125903,app_133,started,800,800,3.13
c_1468,m_3939,130162,app_133,started,800,800,3.13
c_1468,m_3939,163123,app_133,started,800,800,3.13
c_1468,m_3939,177039,app_133,started,800,800,3.13
c_1468,m_3939,210654,app_133,started,800,800,3.13
c_1468,m_3939,261763,app_133,started,800,800,3.13
c_1468,m_3939,352327,app_133,started,800,800,3.13
c_1468,m_3939,641606,app_133,started,800,800,3.13
c_1469,m_3166,0,app_506,started,400,400,1.56
c_1469,m_3166,30540,app_506,started,400,400,1.56
c_1469,m_3166,126976,app_506,started,400,400,1.56
c_1469,m_3166,278014,app_506,started,400,400,1.56
c_1469,m_3166,336941,app_506,started,400,400,1.56
c_1470,m_1729,0,app_4474,started,800,800,3.13
c_1470,m_1729,31551,app_4474,started,800,800,3.13
c_1470,m_1729,128060,app_4474,started,800,800,3.13
c_1470,m_1729,279052,app_4474,started,800,800,3.13
c_1470,m_1729,443377,app_4474,started,800,800,3.13
c_1471,m_3851,0,app_3044,started,400,480,1.56
c_1471,m_3851,125881,app_3044,started,400,480,1.56
c_1471,m_3851,130182,app_3044,started,400,480,1.56
c_1471,m_3851,163098,app_3044,started,400,480,1.56
c_1471,m_3851,285363,app_3044,started,400,480,1.56
c_1471,m_3851,339595,app_3044,started,400,480,1.56
c_1472,m_2093,0,app_9340,started,800,800,3.13
c_1472,m_2093,13563,app_9340,started,800,800,3.13
c_1472,m_2093,108072,app_9340,started,800,800,3.13
c_1472,m_2093,176768,app_9340,started,800,800,3.13
c_1472,m_2093,210386,app_9340,started,800,800,3.13
c_1472,m_2093,261473,app_9340,started,800,800,3.13
c_1472,m_2093,352045,app_9340,started,800,800,3.13
c_1472,m_2093,641261,app_9340,started,800,800,3.13
c_1473,m_1897,0,app_7876,started,800,800,3.13
c_1473,m_1897,12609,app_7876,started,800,800,3.13
c_1473,m_1897,37494,app_7876,started,800,800,3.13
c_1473,m_1897,68378,app_7876,started,800,800,3.13
c_1473,m_1897,71495,app_7876,started,800,800,3.13
c_1473,m_1897,107084,app_7876,started,800,800,3.13
c_1473,m_1897,125920,app_7876,started,800,800,3.13
c_1473,m_1897,130169,app_7876,started,800,800,3.13
c_1473,m_1897,162842,app_7876,started,800,800,3.13
c_1473,m_1897,175876,app_7876,started,800,800,3.13
c_1473,m_1897,209491,app_7876,started,800,800,3.13
c_1473,m_1897,260522,app_7876,started,800,800,3.13
c_1473,m_1897,350909,app_7876,started,800,800,3.13
c_1473,m_1897,639925,app_7876,started,800,800,3.13
c_1474,m_1193,0,app_5884,started,400,400,1.56
c_1474,m_1193,10031,app_5884,started,400,400,1.56
c_1474,m_1193,105177,app_5884,started,400,400,1.56
c_1474,m_1193,174549,app_5884,started,400,400,1.56
c_1474,m_1193,207680,app_5884,started,400,400,1.56
c_1474,m_1193,257040,app_5884,started,400,400,1.56
c_1474,m_1193,379278,app_5884,started,400,400,1.56
c_1475,m_1961,236961,app_3383,started,400,400,1.56
c_1475,m_1961,276296,app_3383,started,400,400,1.56
c_1475,m_1961,320740,app_3383,started,400,400,1.56
c_1476,m_677,0,app_5219,started,400,400,1.56
c_1476,m_677,29484,app_5219,started,400,400,1.56
c_1476,m_677,125819,app_5219,started,400,400,1.56
c_1476,m_677,164157,app_5219,started,400,400,1.56
c_1476,m_677,276896,app_5219,started,400,400,1.56
c_1476,m_677,439911,app_5219,started,400,400,1.56
c_1477,m_4028,0,app_3073,started,400,400,1.56
c_1477,m_4028,14832,app_3073,started,400,400,1.56
c_1477,m_4028,109338,app_3073,started,400,400,1.56
c_1477,m_4028,177967,app_3073,started,400,400,1.56
c_1477,m_4028,262704,app_3073,started,400,400,1.56
c_1477,m_4028,342016,app_3073,started,400,400,1.56
c_1477,m_4028,642857,app_3073,started,400,400,1.56
c_1478,m_3510,0,app_2347,started,800,800,3.13
c_1478,m_3510,8789,app_2347,started,800,800,3.13
c_1478,m_3510,103849,app_2347,started,800,800,3.13
c_1478,m_3510,125906,app_2347,started,800,800,3.13
c_1478,m_3510,129532,app_2347,started,800,800,3.13
c_1478,m_3510,130204,app_2347,started,800,800,3.13
c_1478,m_3510,162894,app_2347,started,800,800,3.13
c_1478,m_3510,173270,app_2347,started,800,800,3.13
c_1478,m_3510,206400,app_2347,started,800,800,3.13
c_1478,m_3510,255745,app_2347,started,800,800,3.13
c_1478,m_3510,377913,app_2347,started,800,800,3.13
c_1479,m_1650,0,app_6264,started,400,400,1.56
c_1479,m_1650,13903,app_6264,started,400,400,1.56
c_1479,m_1650,109245,app_6264,started,400,400,1.56
c_1479,m_1650,241887,app_6264,started,400,400,1.56
c_1479,m_1650,323193,app_6264,started,400,400,1.56
c_1480,m_3562,0,app_1211,started,400,400,1.56
c_1480,m_3562,15063,app_1211,started,400,400,1.56
c_1480,m_3562,109569,app_1211,started,400,400,1.56
c_1480,m_3562,262938,app_1211,started,400,400,1.56
c_1480,m_3562,354045,app_1211,started,400,400,1.56
c_1480,m_3562,446994,app_1211,started,400,400,1.56
c_1480,m_3562,555983,app_1211,started,400,400,1.56
c_1481,m_1310,0,app_3073,started,400,400,1.56
c_1481,m_1310,10450,app_3073,started,400,400,1.56
c_1481,m_1310,104905,app_3073,started,400,400,1.56
c_1481,m_1310,173834,app_3073,started,400,400,1.56
c_1481,m_1310,207360,app_3073,started,400,400,1.56
c_1481,m_1310,258239,app_3073,started,400,400,1.56
c_1481,m_1310,347357,app_3073,started,400,400,1.56
c_1481,m_1310,636503,app_3073,started,400,400,1.56
c_1482,m_981,0,app_4371,started,400,400,1.56
c_1482,m_981,12518,app_4371,started,400,400,1.56
c_1482,m_981,106993,app_4371,started,400,400,1.56
c_1482,m_981,175788,app_4371,started,400,400,1.56
c_1482,m_981,209404,app_4371,started,400,400,1.56
c_1482,m_981,260433,app_4371,started,400,400,1.56
c_1482,m_981,350817,app_4371,started,400,400,1.56
c_1482,m_981,552346,app_4371,started,400,400,1.56
c_1483,m_1832,0,app_2695,started,800,800,3.13
c_1483,m_1832,12698,app_2695,started,800,800,3.13
c_1483,m_1832,107988,app_2695,started,800,800,3.13
c_1483,m_1832,177273,app_2695,started,800,800,3.13
c_1483,m_1832,210437,app_2695,started,800,800,3.13
c_1483,m_1832,259812,app_2695,started,800,800,3.13
c_1483,m_1832,383050,app_2695,started,800,800,3.13
c_1484,m_3977,0,app_3979,started,800,800,3.13
c_1484,m_3977,27120,app_3979,started,800,800,3.13
c_1484,m_3977,123272,app_3979,started,800,800,3.13
c_1484,m_3977,274446,app_3979,started,800,800,3.13
c_1485,m_3172,0,app_864,stopped,400,400,1.56
c_1485,m_3172,33963,app_864,stopped,400,400,1.56
c_1486,m_1058,0,app_2216,started,400,480,1.56
c_1486,m_1058,26301,app_2216,started,400,480,1.56
c_1486,m_1058,121228,app_2216,started,400,480,1.56
c_1486,m_1058,274686,app_2216,started,400,480,1.56
c_1486,m_1058,369345,app_2216,started,400,480,1.56
c_1487,m_683,0,app_6512,started,400,400,1.56
c_1487,m_683,25166,app_6512,started,400,400,1.56
c_1487,m_683,54865,app_6512,started,400,400,1.56
c_1487,m_683,121161,app_6512,started,400,400,1.56
c_1487,m_683,272390,app_6512,started,400,400,1.56
c_1487,m_683,432602,app_6512,started,400,400,1.56
c_1488,m_3197,0,app_3715,started,400,400,1.56
c_1488,m_3197,28057,app_3715,started,400,400,1.56
c_1488,m_3197,124280,app_3715,started,400,400,1.56
c_1488,m_3197,275394,app_3715,started,400,400,1.56
c_1488,m_3197,402672,app_3715,started,400,400,1.56
c_1489,m_3568,0,app_5813,started,400,400,1.56
c_1489,m_3568,34245,app_5813,started,400,400,1.56
c_1489,m_3568,129650,app_5813,started,400,400,1.56
c_1489,m_3568,244344,app_5813,started,400,400,1.56
c_1489,m_3568,378453,app_5813,started,400,400,1.56
c_1490,m_3939,0,app_17,started,400,400,1.56
c_1490,m_3939,13834,app_17,started,400,400,1.56
c_1490,m_3939,108368,app_17,started,400,400,1.56
c_1490,m_3939,125903,app_17,started,400,400,1.56
c_1490,m_3939,130163,app_17,started,400,400,1.56
c_1490,m_3939,163123,app_17,started,400,400,1.56
c_1490,m_3939,177039,app_17,started,400,400,1.56
c_1490,m_3939,210654,app_17,started,400,400,1.56
c_1490,m_3939,261763,app_17,started,400,400,1.56
c_1490,m_3939,352328,app_17,started,400,400,1.56
c_1490,m_3939,641606,app_17,started,400,400,1.56
c_1491,m_804,0,app_8481,started,400,400,1.56
c_1491,m_804,32141,app_8481,started,400,400,1.56
c_1491,m_804,128699,app_8481,started,400,400,1.56
c_1491,m_804,251376,app_8481,started,400,400,1.56
c_1491,m_804,323193,app_8481,started,400,400,1.56
c_1492,m_795,0,app_3116,started,400,400,1.56
c_1492,m_795,31342,app_3116,started,400,400,1.56
c_1492,m_795,126604,app_3116,started,400,400,1.56
c_1492,m_795,280310,app_3116,started,400,400,1.56
c_1492,m_795,375287,app_3116,started,400,400,1.56
c_1493,m_844,0,app_1216,started,400,400,1.56
c_1493,m_844,11277,app_1216,started,400,400,1.56
c_1493,m_844,105756,app_1216,started,400,400,1.56
c_1493,m_844,174644,app_1216,started,400,400,1.56
c_1493,m_844,208184,app_1216,started,400,400,1.56
c_1493,m_844,259108,app_1216,started,400,400,1.56
c_1493,m_844,349435,app_1216,started,400,400,1.56
c_1494,m_3413,0,app_9741,started,400,400,1.56
c_1494,m_3413,10585,app_9741,started,400,400,1.56
c_1494,m_3413,50427,app_9741,started,400,400,1.56
c_1494,m_3413,61233,app_9741,started,400,400,1.56
c_1494,m_3413,61557,app_9741,started,400,400,1.56
c_1494,m_3413,105775,app_9741,started,400,400,1.56
c_1494,m_3413,145907,app_9741,started,400,400,1.56
c_1494,m_3413,175117,app_9741,started,400,400,1.56
c_1494,m_3413,208247,app_9741,started,400,400,1.56
c_1494,m_3413,257603,app_9741,started,400,400,1.56
c_1494,m_3413,323190,app_9741,started,400,400,1.56
c_1494,m_3413,593659,app_9741,started,400,400,1.56
c_1495,m_1611,0,app_6581,started,400,400,1.56
c_1495,m_1611,30475,app_6581,started,400,400,1.56
c_1495,m_1611,125672,app_6581,started,400,400,1.56
c_1495,m_1611,279103,app_6581,started,400,400,1.56
c_1495,m_1611,333499,app_6581,started,400,400,1.56
c_1496,m_1963,0,app_6803,started,400,400,1.56
c_1496,m_1963,11232,app_6803,started,400,400,1.56
c_1496,m_1963,105710,app_6803,started,400,400,1.56
c_1496,m_1963,174599,app_6803,started,400,400,1.56
c_1496,m_1963,208143,app_6803,started,400,400,1.56
c_1496,m_1963,259063,app_6803,started,400,400,1.56
c_1496,m_1963,349389,app_6803,started,400,400,1.56
c_1496,m_1963,637480,app_6803,started,400,400,1.56
c_1497,m_784,594940,app_8274,started,800,800,3.13
c_1497,m_784,664727,app_8274,started,800,800,3.13
c_1498,m_894,0,app_7543,started,400,400,1.56
c_1498,m_894,9205,app_7543,started,400,400,1.56
c_1498,m_894,104276,app_7543,started,400,400,1.56
c_1498,m_894,173687,app_7543,started,400,400,1.56
c_1498,m_894,206820,app_7543,started,400,400,1.56
c_1498,m_894,256180,app_7543,started,400,400,1.56
c_1498,m_894,378138,app_7543,started,400,400,1.56
c_1499,m_1317,0,app_3978,started,400,400,1.56
c_1499,m_1317,14997,app_3978,started,400,400,1.56
c_1499,m_1317,110356,app_3978,started,400,400,1.56
c_1499,m_1317,262121,app_3978,started,400,400,1.56
c_1499,m_1317,385942,app_3978,started,400,400,1.56
c_1500,m_1295,0,app_3349,started,800,800,3.13
c_1500,m_1295,32022,app_3349,started,800,800,3.13
c_1500,m_1295,128568,app_3349,started,800,800,3.13
c_1500,m_1295,279510,app_3349,started,800,800,3.13
c_1500,m_1295,406476,app_3349,started,800,800,3.13
c_1500,m_1295,587650,app_3349,started,800,800,3.13
c_1501,m_544,0,app_2623,started,400,400,1.56
c_1501,m_544,15696,app_2623,started,400,400,1.56
c_1501,m_544,89544,app_2623,started,400,400,1.56
c_1501,m_544,110199,app_2623,started,400,400,1.56
c_1501,m_544,158230,app_2623,started,400,400,1.56
c_1501,m_544,263576,app_2623,started,400,400,1.56
c_1501,m_544,337556,app_2623,started,400,400,1.56
c_1502,m_971,0,app_3665,started,400,400,1.56
c_1502,m_971,34320,app_3665,started,400,400,1.56
c_1502,m_971,125924,app_3665,started,400,400,1.56
c_1502,m_971,130156,app_3665,started,400,400,1.56
c_1502,m_971,162862,app_3665,started,400,400,1.56
c_1502,m_971,245272,app_3665,started,400,400,1.56
c_1502,m_971,345175,app_3665,started,400,400,1.56
c_1503,m_769,0,app_4812,started,400,400,1.56
c_1503,m_769,14410,app_4812,started,400,400,1.56
c_1503,m_769,109770,app_4812,started,400,400,1.56
c_1503,m_769,261566,app_4812,started,400,400,1.56
c_1503,m_769,385562,app_4812,started,400,400,1.56
c_1503,m_769,611529,app_4812,started,400,400,1.56
c_1504,m_2863,0,app_6911,started,400,400,1.56
c_1504,m_2863,11013,app_6911,started,400,400,1.56
c_1504,m_2863,105486,app_6911,started,400,400,1.56
c_1504,m_2863,174389,app_6911,started,400,400,1.56
c_1504,m_2863,207930,app_6911,started,400,400,1.56
c_1504,m_2863,258839,app_6911,started,400,400,1.56
c_1504,m_2863,349160,app_6911,started,400,400,1.56
c_1504,m_2863,637210,app_6911,started,400,400,1.56
c_1505,m_2821,0,app_5219,started,400,400,1.56
c_1505,m_2821,13732,app_5219,started,400,400,1.56
c_1505,m_2821,109073,app_5219,started,400,400,1.56
c_1505,m_2821,125930,app_5219,started,400,400,1.56
c_1505,m_2821,130191,app_5219,started,400,400,1.56
c_1505,m_2821,162840,app_5219,started,400,400,1.56
c_1505,m_2821,260874,app_5219,started,400,400,1.56
c_1505,m_2821,330701,app_5219,started,400,400,1.56
c_1505,m_2821,384858,app_5219,started,400,400,1.56
c_1506,m_1361,0,app_874,started,400,400,1.56
c_1506,m_1361,27936,app_874,started,400,400,1.56
c_1506,m_1361,122967,app_874,started,400,400,1.56
c_1506,m_1361,276391,app_874,started,400,400,1.56
c_1506,m_1361,371190,app_874,started,400,400,1.56
c_1507,m_2930,0,app_8667,started,400,400,1.56
c_1507,m_2930,23030,app_8667,started,400,400,1.56
c_1507,m_2930,117846,app_8667,started,400,400,1.56
c_1507,m_2930,250507,app_8667,started,400,400,1.56
c_1507,m_2930,365388,app_8667,started,400,400,1.56
c_1508,m_163,0,app_1172,started,400,400,1.56
c_1508,m_163,19932,app_1172,started,400,400,1.56
c_1508,m_163,115595,app_1172,started,400,400,1.56
c_1508,m_163,267145,app_1172,started,400,400,1.56
c_1508,m_163,429151,app_1172,started,400,400,1.56
c_1509,m_1955,0,app_8524,started,400,480,1.56
c_1509,m_1955,23865,app_8524,started,400,480,1.56
c_1509,m_1955,118726,app_8524,started,400,480,1.56
c_1509,m_1955,245184,app_8524,started,400,480,1.56
c_1510,m_3348,0,app_2754,started,400,400,1.56
c_1510,m_3348,13292,app_2754,started,400,400,1.56
c_1510,m_3348,107789,app_2754,started,400,400,1.56
c_1510,m_3348,158036,app_2754,started,400,400,1.56
c_1510,m_3348,176517,app_2754,started,400,400,1.56
c_1510,m_3348,210127,app_2754,started,400,400,1.56
c_1510,m_3348,261208,app_2754,started,400,400,1.56
c_1510,m_3348,337309,app_2754,started,400,400,1.56
c_1511,m_23,0,app_2104,started,400,400,1.56
c_1511,m_23,7460,app_2104,started,400,400,1.56
c_1511,m_23,102444,app_2104,started,400,400,1.56
c_1511,m_23,171865,app_2104,started,400,400,1.56
c_1511,m_23,204999,app_2104,started,400,400,1.56
c_1511,m_23,254369,app_2104,started,400,400,1.56
c_1511,m_23,376346,app_2104,started,400,400,1.56
c_1512,m_1314,0,app_5729,started,400,400,1.56
c_1512,m_1314,290516,app_5729,started,400,400,1.56
c_1512,m_1314,386132,app_5729,started,400,400,1.56
c_1513,m_944,0,app_1980,started,400,400,1.56
c_1513,m_944,16636,app_1980,started,400,400,1.56
c_1513,m_944,111167,app_1980,started,400,400,1.56
c_1513,m_944,264491,app_1980,started,400,400,1.56
c_1513,m_944,317923,app_1980,started,400,400,1.56
c_1514,m_1506,0,app_8134,started,400,400,1.56
c_1514,m_1506,228578,app_8134,started,400,400,1.56
c_1515,m_2348,0,app_3632,started,400,400,1.56
c_1515,m_2348,14767,app_3632,started,400,400,1.56
c_1515,m_2348,110116,app_3632,started,400,400,1.56
c_1515,m_2348,261894,app_3632,started,400,400,1.56
c_1515,m_2348,385858,app_3632,started,400,400,1.56
c_1516,m_2216,0,app_8508,started,400,400,1.56
c_1516,m_2216,35456,app_8508,started,400,400,1.56
c_1516,m_2216,283101,app_8508,started,400,400,1.56
c_1516,m_2216,409781,app_8508,started,400,400,1.56
c_1517,m_3693,0,app_6661,started,400,400,1.56
c_1517,m_3693,285165,app_6661,started,400,400,1.56
c_1517,m_3693,412814,app_6661,started,400,400,1.56
c_1518,m_2449,0,app_2589,started,400,400,1.56
c_1518,m_2449,35162,app_2589,started,400,400,1.56
c_1518,m_2449,282791,app_2589,started,400,400,1.56
c_1518,m_2449,448988,app_2589,started,400,400,1.56
c_1519,m_3816,0,app_3682,started,400,400,1.56
c_1519,m_3816,22655,app_3682,started,400,400,1.56
c_1519,m_3816,117820,app_3682,started,400,400,1.56
c_1519,m_3816,269861,app_3682,started,400,400,1.56
c_1519,m_3816,431093,app_3682,started,400,400,1.56
c_1520,m_1882,76747,app_1274,started,400,400,1.56
c_1521,m_1574,0,app_4738,started,400,400,1.56
c_1521,m_1574,16595,app_4738,started,400,400,1.56
c_1521,m_1574,111118,app_4738,started,400,400,1.56
c_1521,m_1574,264452,app_4738,started,400,400,1.56
c_1521,m_1574,355942,app_4738,started,400,400,1.56
c_1522,m_3863,0,app_3680,started,400,400,1.56
c_1522,m_3863,284756,app_3680,started,400,400,1.56
c_1522,m_3863,379919,app_3680,started,400,400,1.56
c_1523,m_701,0,app_5035,started,800,800,3.13
c_1523,m_701,11766,app_5035,started,800,800,3.13
c_1523,m_701,107020,app_5035,started,800,800,3.13
c_1523,m_701,176327,app_5035,started,800,800,3.13
c_1523,m_701,209484,app_5035,started,800,800,3.13
c_1523,m_701,258790,app_5035,started,800,800,3.13
c_1523,m_701,418068,app_5035,started,800,800,3.13
c_1523,m_701,641467,app_5035,started,800,800,3.13
c_1524,m_1544,0,app_6034,started,400,400,1.56
c_1524,m_1544,9307,app_6034,started,400,400,1.56
c_1524,m_1544,104375,app_6034,started,400,400,1.56
c_1524,m_1544,173792,app_6034,started,400,400,1.56
c_1524,m_1544,206917,app_6034,started,400,400,1.56
c_1524,m_1544,256276,app_6034,started,400,400,1.56
c_1524,m_1544,378183,app_6034,started,400,400,1.56
c_1525,m_2735,0,app_3032,started,800,800,3.13
c_1525,m_2735,285526,app_3032,started,800,800,3.13
c_1526,m_3157,0,app_4176,started,800,800,3.13
c_1526,m_3157,11137,app_4176,started,800,800,3.13
c_1526,m_3157,105612,app_4176,started,800,800,3.13
c_1526,m_3157,174505,app_4176,started,800,800,3.13
c_1526,m_3157,208046,app_4176,started,800,800,3.13
c_1526,m_3157,258964,app_4176,started,800,800,3.13
c_1526,m_3157,338548,app_4176,started,800,800,3.13
c_1526,m_3157,637361,app_4176,started,800,800,3.13
c_1527,m_1551,0,app_1103,started,400,400,1.56
c_1527,m_1551,289758,app_1103,started,400,400,1.56
c_1527,m_1551,385317,app_1103,started,400,400,1.56
c_1528,m_1563,0,app_7700,started,800,800,3.13
c_1528,m_1563,28115,app_7700,started,800,800,3.13
c_1528,m_1563,124343,app_7700,started,800,800,3.13
c_1528,m_1563,275452,app_7700,started,800,800,3.13
c_1528,m_1563,339087,app_7700,started,800,800,3.13
c_1529,m_3671,0,app_759,started,400,400,1.56
c_1529,m_3671,31376,app_759,started,400,400,1.56
c_1529,m_3671,127875,app_759,started,400,400,1.56
c_1529,m_3671,278874,app_759,started,400,400,1.56
c_1529,m_3671,317256,app_759,started,400,400,1.56
c_1529,m_3671,678024,app_759,started,400,400,1.56
c_1530,m_2282,0,app_7505,started,800,800,3.13
c_1530,m_2282,27447,app_7505,started,800,800,3.13
c_1530,m_2282,122452,app_7505,started,800,800,3.13
c_1530,m_2282,250570,app_7505,started,800,800,3.13
c_1530,m_2282,323421,app_7505,started,800,800,3.13
c_1531,m_3227,0,app_6320,started,400,400,1.56
c_1531,m_3227,31699,app_6320,started,400,400,1.56
c_1531,m_3227,126983,app_6320,started,400,400,1.56
c_1531,m_3227,280682,app_6320,started,400,400,1.56
c_1531,m_3227,338909,app_6320,started,400,400,1.56
c_1532,m_3183,0,app_3728,started,400,480,1.56
c_1532,m_3183,35018,app_3728,started,400,480,1.56
c_1532,m_3183,284157,app_3728,started,400,480,1.56
c_1533,m_1925,0,app_4432,started,400,400,1.56
c_1533,m_1925,22594,app_4432,started,400,400,1.56
c_1533,m_1925,117758,app_4432,started,400,400,1.56
c_1533,m_1925,269801,app_4432,started,400,400,1.56
c_1533,m_1925,431012,app_4432,started,400,400,1.56
c_1534,m_249,0,app_9204,started,400,400,1.56
c_1534,m_249,285218,app_9204,started,400,400,1.56
c_1534,m_249,380419,app_9204,started,400,400,1.56
c_1535,m_2055,0,app_1289,started,400,480,1.56
c_1535,m_2055,22538,app_1289,started,400,480,1.56
c_1535,m_2055,117700,app_1289,started,400,480,1.56
c_1535,m_2055,269737,app_1289,started,400,480,1.56
c_1536,m_3574,331242,app_1274,started,400,400,1.56
c_1537,m_2382,0,app_4492,started,400,400,1.56
c_1537,m_2382,11762,app_4492,started,400,400,1.56
c_1537,m_2382,106245,app_4492,started,400,400,1.56
c_1537,m_2382,175101,app_4492,started,400,400,1.56
c_1537,m_2382,208701,app_4492,started,400,400,1.56
c_1537,m_2382,245242,app_4492,started,400,400,1.56
c_1537,m_2382,349997,app_4492,started,400,400,1.56
c_1538,m_2555,0,app_1225,started,400,480,1.56
c_1538,m_2555,22769,app_1225,started,400,480,1.56
c_1538,m_2555,117583,app_1225,started,400,480,1.56
c_1538,m_2555,153319,app_1225,started,400,480,1.56
c_1538,m_2555,270989,app_1225,started,400,480,1.56
c_1539,m_220,0,app_943,started,400,400,1.56
c_1539,m_220,14712,app_943,started,400,400,1.56
c_1539,m_220,109220,app_943,started,400,400,1.56
c_1539,m_220,177852,app_943,started,400,400,1.56
c_1539,m_220,262589,app_943,started,400,400,1.56
c_1539,m_220,347400,app_943,started,400,400,1.56
c_1540,m_618,580453,app_3665,started,400,400,1.56
c_1540,m_618,589099,app_3665,started,400,400,1.56
c_1540,m_618,594761,app_3665,started,400,400,1.56
c_1540,m_618,678046,app_3665,started,400,400,1.56
c_1540,m_618,684864,app_3665,started,400,400,1.56
c_1541,m_565,680863,app_8645,started,400,400,1.56
c_1542,m_3800,0,app_7475,started,400,400,1.56
c_1542,m_3800,286846,app_7475,started,400,400,1.56
c_1542,m_3800,382134,app_7475,started,400,400,1.56
c_1543,m_1459,650222,app_2967,started,400,400,1.56
c_1543,m_1459,653462,app_2967,started,400,400,1.56
c_1544,m_1088,0,app_6231,started,400,480,1.56
c_1544,m_1088,23260,app_6231,started,400,480,1.56
c_1544,m_1088,118476,app_6231,started,400,480,1.56
c_1544,m_1088,249311,app_6231,started,400,480,1.56
c_1545,m_2130,0,app_98,started,400,400,1.56
c_1545,m_2130,22667,app_98,started,400,400,1.56
c_1545,m_2130,53482,app_98,started,400,400,1.56
c_1545,m_2130,117834,app_98,started,400,400,1.56
c_1545,m_2130,269874,app_98,started,400,400,1.56
c_1545,m_2130,431131,app_98,started,400,400,1.56
c_1546,m_3963,0,app_1398,started,400,400,1.56
c_1546,m_3963,25062,app_1398,started,400,400,1.56
c_1546,m_3963,119949,app_1398,started,400,400,1.56
c_1546,m_3963,212333,app_1398,started,400,400,1.56
c_1546,m_3963,212536,app_1398,started,400,400,1.56
c_1546,m_3963,259425,app_1398,started,400,400,1.56
c_1546,m_3963,367900,app_1398,started,400,400,1.56
c_1546,m_3963,680725,app_1398,started,400,400,1.56
c_1547,m_2949,0,app_3946,started,400,400,1.56
c_1547,m_2949,34007,app_3946,started,400,400,1.56
c_1547,m_2949,129403,app_3946,started,400,400,1.56
c_1547,m_2949,283100,app_3946,started,400,400,1.56
c_1547,m_2949,378217,app_3946,started,400,400,1.56
c_1548,m_845,0,app_1220,started,400,400,1.56
c_1548,m_845,21547,app_1220,started,400,400,1.56
c_1548,m_845,116430,app_1220,started,400,400,1.56
c_1548,m_845,269832,app_1220,started,400,400,1.56
c_1548,m_845,363872,app_1220,started,400,400,1.56
c_1549,m_1086,668040,app_7876,started,800,800,3.13
c_1550,m_881,0,app_2403,started,400,400,1.56
c_1550,m_881,12313,app_2403,started,400,400,1.56
c_1550,m_881,106784,app_2403,started,400,400,1.56
c_1550,m_881,175595,app_2403,started,400,400,1.56
c_1550,m_881,209205,app_2403,started,400,400,1.56
c_1550,m_881,260223,app_2403,started,400,400,1.56
c_1550,m_881,350608,app_2403,started,400,400,1.56
c_1550,m_881,477204,app_2403,stopped,400,400,1.56
c_1551,m_100,0,app_5416,started,400,400,1.56
c_1551,m_100,34422,app_5416,started,400,400,1.56
c_1551,m_100,282009,app_5416,started,400,400,1.56
c_1551,m_100,448148,app_5416,started,400,400,1.56
c_1552,m_2290,0,app_7277,started,400,400,1.56
c_1552,m_2290,26313,app_7277,started,400,400,1.56
c_1552,m_2290,121241,app_7277,started,400,400,1.56
c_1552,m_2290,274699,app_7277,started,400,400,1.56
c_1552,m_2290,369360,app_7277,started,400,400,1.56
c_1553,m_2867,0,app_6491,started,400,400,1.56
c_1553,m_2867,35026,app_6491,started,400,400,1.56
c_1553,m_2867,284165,app_6491,started,400,400,1.56
c_1553,m_2867,379290,app_6491,started,400,400,1.56
c_1554,m_1999,125920,app_3120,started,400,400,1.56
c_1555,m_843,0,app_7745,started,400,400,1.56
c_1555,m_843,16395,app_7745,started,400,400,1.56
c_1555,m_843,76978,app_7745,started,400,400,1.56
c_1555,m_843,80129,app_7745,started,400,400,1.56
c_1555,m_843,110913,app_7745,started,400,400,1.56
c_1555,m_843,221569,app_7745,started,400,400,1.56
c_1555,m_843,264261,app_7745,started,400,400,1.56
c_1555,m_843,322261,app_7745,started,400,400,1.56
c_1555,m_843,355699,app_7745,started,400,400,1.56
c_1555,m_843,385479,app_7745,started,400,400,1.56
c_1556,m_3224,0,app_4265,started,400,400,1.56
c_1556,m_3224,13179,app_4265,started,400,400,1.56
c_1556,m_3224,108486,app_4265,started,400,400,1.56
c_1556,m_3224,177771,app_4265,started,400,400,1.56
c_1556,m_3224,260302,app_4265,started,400,400,1.56
c_1556,m_3224,383908,app_4265,started,400,400,1.56
c_1557,m_1502,0,app_6320,started,400,400,1.56
c_1557,m_1502,22510,app_6320,started,400,400,1.56
c_1557,m_1502,117671,app_6320,started,400,400,1.56
c_1557,m_1502,269711,app_6320,started,400,400,1.56
c_1557,m_1502,430887,app_6320,started,400,400,1.56
c_1558,m_3886,230254,app_7887,started,400,400,1.56
c_1558,m_3886,266649,app_7887,started,400,400,1.56
c_1558,m_3886,428452,app_7887,started,400,400,1.56
c_1559,m_3268,0,app_6776,started,400,400,1.56
c_1559,m_3268,25144,app_6776,started,400,400,1.56
c_1559,m_3268,57997,app_6776,started,400,400,1.56
c_1559,m_3268,78971,app_6776,started,400,400,1.56
c_1559,m_3268,120032,app_6776,started,400,400,1.56
c_1559,m_3268,225436,app_6776,started,400,400,1.56
c_1559,m_3268,273419,app_6776,started,400,400,1.56
c_1559,m_3268,367983,app_6776,started,400,400,1.56
c_1559,m_3268,554160,app_6776,started,400,400,1.56
c_1559,m_3268,558750,app_6776,started,400,400,1.56
c_1559,m_3268,568775,app_6776,started,400,400,1.56
c_1559,m_3268,660849,app_6776,started,400,400,1.56
c_1559,m_3268,678018,app_6776,started,400,400,1.56
c_1560,m_374,0,app_4038,stopped,800,800,2.34
c_1560,m_374,58027,app_4038,stopped,800,800,2.34
c_1560,m_374,221936,app_4038,stopped,800,800,2.34
c_1560,m_374,226251,app_4038,stopped,800,800,2.34
c_1560,m_374,246206,app_4038,stopped,800,800,2.34
c_1560,m_374,325210,app_4038,stopped,800,800,2.34
c_1560,m_374,666050,app_4038,stopped,800,800,2.34
c_1560,m_374,678012,app_4038,stopped,800,800,2.34
c_1561,m_3717,0,app_3066,started,400,480,1.56
c_1561,m_3717,27510,app_3066,started,400,480,1.56
c_1561,m_3717,123690,app_3066,started,400,480,1.56
c_1561,m_3717,274848,app_3066,started,400,480,1.56
c_1562,m_624,0,app_6114,started,400,400,1.56
c_1562,m_624,35540,app_6114,started,400,400,1.56
c_1562,m_624,284724,app_6114,started,400,400,1.56
c_1562,m_624,379887,app_6114,started,400,400,1.56
c_1563,m_2246,0,app_5420,started,400,400,1.56
c_1563,m_2246,14621,app_5420,started,400,400,1.56
c_1563,m_2246,109979,app_5420,started,400,400,1.56
c_1563,m_2246,261761,app_5420,started,400,400,1.56
c_1563,m_2246,385707,app_5420,started,400,400,1.56
c_1564,m_1960,0,app_147,started,800,800,3.13
c_1564,m_1960,11254,app_147,started,800,800,3.13
c_1564,m_1960,105733,app_147,started,800,800,3.13
c_1564,m_1960,174621,app_147,started,800,800,3.13
c_1564,m_1960,208163,app_147,started,800,800,3.13
c_1564,m_1960,259084,app_147,started,800,800,3.13
c_1564,m_1960,339716,app_147,started,800,800,3.13
c_1564,m_1960,637507,app_147,started,800,800,3.13
c_1565,m_1380,0,app_5245,started,400,400,1.56
c_1565,m_1380,76969,app_5245,started,400,400,1.56
c_1565,m_1380,80126,app_5245,started,400,400,1.56
c_1565,m_1380,126836,app_5245,started,400,400,1.56
c_1565,m_1380,131413,app_5245,started,400,400,1.56
c_1565,m_1380,170942,app_5245,started,400,400,1.56
c_1565,m_1380,289244,app_5245,started,400,400,1.56
c_1565,m_1380,321073,app_5245,started,400,400,1.56
c_1566,m_3052,0,app_2374,started,400,480,1.56
c_1566,m_3052,19854,app_2374,started,400,480,1.56
c_1566,m_3052,115511,app_2374,started,400,480,1.56
c_1566,m_3052,267061,app_2374,started,400,480,1.56
c_1567,m_403,0,app_5481,started,400,400,1.56
c_1567,m_403,30886,app_5481,started,400,400,1.56
c_1567,m_403,127358,app_5481,started,400,400,1.56
c_1567,m_403,278368,app_5481,started,400,400,1.56
c_1567,m_403,320196,app_5481,started,400,400,1.56
c_1568,m_1315,0,app_4455,started,400,400,1.56
c_1568,m_1315,9458,app_4455,started,400,400,1.56
c_1568,m_1315,104551,app_4455,started,400,400,1.56
c_1568,m_1315,173946,app_4455,started,400,400,1.56
c_1568,m_1315,207074,app_4455,started,400,400,1.56
c_1568,m_1315,256431,app_4455,started,400,400,1.56
c_1568,m_1315,416345,app_4455,started,400,400,1.56
c_1569,m_868,0,app_4371,started,400,400,1.56
c_1569,m_868,29146,app_4371,started,400,400,1.56
c_1569,m_868,125438,app_4371,started,400,400,1.56
c_1569,m_868,276510,app_4371,started,400,400,1.56
c_1569,m_868,439471,app_4371,started,400,400,1.56
c_1570,m_181,0,app_2413,started,400,400,1.56
c_1570,m_181,14171,app_2413,started,400,400,1.56
c_1570,m_181,109522,app_2413,started,400,400,1.56
c_1570,m_181,261309,app_2413,started,400,400,1.56
c_1570,m_181,385258,app_2413,started,400,400,1.56
c_1571,m_1888,0,app_7337,started,400,400,1.56
c_1571,m_1888,32207,app_7337,started,400,400,1.56
c_1571,m_1888,38367,app_7337,started,400,400,1.56
c_1571,m_1888,127513,app_7337,started,400,400,1.56
c_1571,m_1888,281195,app_7337,started,400,400,1.56
c_1571,m_1888,376178,app_7337,started,400,400,1.56
c_1572,m_1878,0,app_3102,started,400,480,1.56
c_1572,m_1878,27671,app_3102,started,400,480,1.56
c_1572,m_1878,122684,app_3102,started,400,480,1.56
c_1572,m_1878,276117,app_3102,started,400,480,1.56
c_1573,m_2560,0,app_8875,started,400,400,1.56
c_1573,m_2560,7600,app_8875,started,400,400,1.56
c_1573,m_2560,102586,app_8875,started,400,400,1.56
c_1573,m_2560,172012,app_8875,started,400,400,1.56
c_1573,m_2560,205162,app_8875,started,400,400,1.56
c_1573,m_2560,211039,app_8875,started,400,400,1.56
c_1573,m_2560,254520,app_8875,started,400,400,1.56
c_1573,m_2560,376559,app_8875,started,400,400,1.56
c_1574,m_418,0,app_8492,started,400,400,1.56
c_1574,m_418,34505,app_8492,started,400,400,1.56
c_1574,m_418,282100,app_8492,started,400,400,1.56
c_1574,m_418,448326,app_8492,started,400,400,1.56
c_1575,m_3851,163098,app_2324,started,800,800,6.25
c_1575,m_3851,285363,app_2324,started,800,800,6.25
c_1575,m_3851,338890,app_2324,started,800,800,6.25
c_1576,m_4012,0,app_2812,started,400,400,1.56
c_1576,m_4012,237743,app_2812,started,400,400,1.56
c_1576,m_4012,318746,app_2812,started,400,400,1.56
c_1577,m_2162,0,app_3641,started,400,400,1.56
c_1577,m_2162,12395,app_3641,started,400,400,1.56
c_1577,m_2162,106867,app_3641,started,400,400,1.56
c_1577,m_2162,158056,app_3641,started,400,400,1.56
c_1577,m_2162,175671,app_3641,started,400,400,1.56
c_1577,m_2162,209283,app_3641,started,400,400,1.56
c_1577,m_2162,248601,app_3641,started,400,400,1.56
c_1577,m_2162,334226,app_3641,started,400,400,1.56
c_1578,m_1992,0,app_4510,started,400,400,1.56
c_1578,m_1992,26970,app_4510,started,400,400,1.56
c_1578,m_1992,121938,app_4510,started,400,400,1.56
c_1578,m_1992,275392,app_4510,started,400,400,1.56
c_1578,m_1992,370079,app_4510,started,400,400,1.56
c_1579,m_2947,0,app_2241,started,400,400,1.56
c_1579,m_2947,11953,app_2241,started,400,400,1.56
c_1579,m_2947,44440,app_2241,started,400,400,1.56
c_1579,m_2947,106421,app_2241,started,400,400,1.56
c_1579,m_2947,175262,app_2241,started,400,400,1.56
c_1579,m_2947,208864,app_2241,started,400,400,1.56
c_1579,m_2947,259870,app_2241,started,400,400,1.56
c_1579,m_2947,350190,app_2241,started,400,400,1.56
c_1580,m_3381,0,app_1675,started,800,800,3.13
c_1580,m_3381,12866,app_1675,started,800,800,3.13
c_1580,m_3381,108163,app_1675,started,800,800,3.13
c_1580,m_3381,177445,app_1675,started,800,800,3.13
c_1580,m_3381,210610,app_1675,started,800,800,3.13
c_1580,m_3381,259988,app_1675,started,800,800,3.13
c_1580,m_3381,336761,app_1675,started,800,800,3.13
c_1581,m_2614,0,app_6904,started,400,480,1.56
c_1581,m_2614,284499,app_6904,started,400,480,1.56
c_1582,m_3821,0,app_2413,started,400,400,1.56
c_1582,m_3821,13526,app_2413,started,400,400,1.56
c_1582,m_3821,108032,app_2413,started,400,400,1.56
c_1583,m_384,0,app_6671,started,2400,2400,9.38
c_1583,m_384,284927,app_6671,started,2400,2400,9.38
c_1583,m_384,380132,app_6671,started,2400,2400,9.38
c_1584,m_3273,0,app_3979,started,800,800,3.13
c_1584,m_3273,288881,app_3979,started,800,800,3.13
c_1585,m_2988,0,app_3155,started,800,800,3.13
c_1585,m_2988,283825,app_3155,started,800,800,3.13
c_1585,m_2988,411067,app_3155,started,800,800,3.13
c_1586,m_1870,0,app_8334,started,800,800,6.25
c_1586,m_1870,12883,app_8334,started,800,800,6.25
c_1586,m_1870,107364,app_8334,started,800,800,6.25
c_1586,m_1870,176144,app_8334,started,800,800,6.25
c_1586,m_1870,209755,app_8334,started,800,800,6.25
c_1586,m_1870,260811,app_8334,started,800,800,6.25
c_1586,m_1870,351214,app_8334,started,800,800,6.25
c_1587,m_1755,0,app_1390,started,800,800,6.25
c_1587,m_1755,10617,app_1390,started,800,800,6.25
c_1587,m_1755,105078,app_1390,started,800,800,6.25
c_1587,m_1755,173999,app_1390,started,800,800,6.25
c_1587,m_1755,207530,app_1390,started,800,800,6.25
c_1587,m_1755,258413,app_1390,started,800,800,6.25
c_1587,m_1755,348725,app_1390,started,800,800,6.25
c_1588,m_330,0,app_3988,started,400,400,1.56
c_1588,m_330,16953,app_3988,started,400,400,1.56
c_1588,m_330,112413,app_3988,started,400,400,1.56
c_1588,m_330,212207,app_3988,started,400,400,1.56
c_1588,m_330,264040,app_3988,started,400,400,1.56
c_1588,m_330,425489,app_3988,started,400,400,1.56
c_1589,m_775,0,app_5823,started,400,400,1.56
c_1589,m_775,285388,app_5823,started,400,400,1.56
c_1589,m_775,380603,app_5823,started,400,400,1.56
c_1590,m_1232,0,app_7339,started,400,480,1.56
c_1590,m_1232,25058,app_7339,started,400,480,1.56
c_1590,m_1232,119944,app_7339,started,400,480,1.56
c_1590,m_1232,273337,app_7339,started,400,480,1.56
c_1591,m_1403,0,app_425,started,400,480,1.56
c_1591,m_1403,16497,app_425,started,400,480,1.56
c_1591,m_1403,111023,app_425,started,400,480,1.56
c_1591,m_1403,264363,app_425,started,400,480,1.56
c_1592,m_2227,0,app_2497,started,400,400,1.56
c_1592,m_2227,125928,app_2497,started,400,400,1.56
c_1592,m_2227,130177,app_2497,started,400,400,1.56
c_1592,m_2227,285019,app_2497,started,400,400,1.56
c_1592,m_2227,330724,app_2497,started,400,400,1.56
c_1593,m_3862,0,app_7391,started,800,800,3.13
c_1593,m_3862,23860,app_7391,started,800,800,3.13
c_1593,m_3862,118721,app_7391,started,800,800,3.13
c_1593,m_3862,272126,app_7391,started,800,800,3.13
c_1593,m_3862,338900,app_7391,started,800,800,3.13
c_1594,m_3019,0,app_7073,started,400,400,1.56
c_1594,m_3019,8531,app_7073,started,400,400,1.56
c_1594,m_3019,103578,app_7073,started,400,400,1.56
c_1594,m_3019,172993,app_7073,started,400,400,1.56
c_1594,m_3019,206131,app_7073,started,400,400,1.56
c_1594,m_3019,255477,app_7073,started,400,400,1.56
c_1594,m_3019,338916,app_7073,started,400,400,1.56
c_1594,m_3019,552200,app_7073,started,400,400,1.56
c_1594,m_3019,636502,app_7073,started,400,400,1.56
c_1595,m_254,0,app_571,started,400,400,1.56
c_1595,m_254,285408,app_571,started,400,400,1.56
c_1595,m_254,413063,app_571,started,400,400,1.56
c_1596,m_1425,0,app_7766,started,400,400,1.56
c_1596,m_1425,27321,app_7766,started,400,400,1.56
c_1596,m_1425,122316,app_7766,started,400,400,1.56
c_1596,m_1425,275756,app_7766,started,400,400,1.56
c_1596,m_1425,370495,app_7766,started,400,400,1.56
c_1597,m_2935,0,app_2087,started,400,400,3.13
c_1597,m_2935,290550,app_2087,started,400,400,3.13
c_1597,m_2935,386167,app_2087,started,400,400,3.13
c_1598,m_388,0,app_602,started,400,400,1.56
c_1598,m_388,31177,app_602,started,400,400,1.56
c_1598,m_388,127662,app_602,started,400,400,1.56
c_1598,m_388,278680,app_602,started,400,400,1.56
c_1598,m_388,442802,app_602,started,400,400,1.56
c_1599,m_2124,0,app_2965,started,400,400,1.56
c_1599,m_2124,9312,app_2965,started,400,400,1.56
c_1599,m_2124,49251,app_2965,started,400,400,1.56
c_1599,m_2124,104381,app_2965,started,400,400,1.56
c_1599,m_2124,173797,app_2965,started,400,400,1.56
c_1599,m_2124,206922,app_2965,started,400,400,1.56
c_1599,m_2124,256281,app_2965,started,400,400,1.56
c_1599,m_2124,416128,app_2965,started,400,400,1.56
c_1600,m_3727,0,app_6034,started,400,400,1.56
c_1600,m_3727,10639,app_6034,started,400,400,1.56
c_1600,m_3727,105833,app_6034,started,400,400,1.56
c_1600,m_3727,175174,app_6034,started,400,400,1.56
c_1600,m_3727,208309,app_6034,started,400,400,1.56
c_1600,m_3727,257659,app_6034,started,400,400,1.56
c_1600,m_3727,380368,app_6034,started,400,400,1.56
c_1601,m_2324,0,app_7048,started,400,400,1.56
c_1601,m_2324,284831,app_7048,started,400,400,1.56
c_1601,m_2324,337532,app_7048,started,400,400,1.56
c_1602,m_3098,0,app_3924,started,400,400,1.56
c_1602,m_3098,14774,app_3924,started,400,400,1.56
c_1602,m_3098,109284,app_3924,started,400,400,1.56
c_1602,m_3098,177912,app_3924,started,400,400,1.56
c_1602,m_3098,262651,app_3924,started,400,400,1.56
c_1602,m_3098,353377,app_3924,started,400,400,1.56
c_1603,m_1125,0,app_8061,started,400,400,1.56
c_1603,m_1125,9608,app_8061,started,400,400,1.56
c_1603,m_1125,64739,app_8061,started,400,400,1.56
c_1603,m_1125,71893,app_8061,started,400,400,1.56
c_1603,m_1125,72341,app_8061,started,400,400,1.56
c_1603,m_1125,104716,app_8061,started,400,400,1.56
c_1603,m_1125,174105,app_8061,started,400,400,1.56
c_1603,m_1125,207230,app_8061,started,400,400,1.56
c_1603,m_1125,256581,app_8061,started,400,400,1.56
c_1603,m_1125,378436,app_8061,started,400,400,1.56
c_1604,m_2358,0,app_521,started,400,400,1.56
c_1604,m_2358,285124,app_521,started,400,400,1.56
c_1604,m_2358,412786,app_521,started,400,400,1.56
c_1605,m_2752,0,app_364,started,400,400,1.56
c_1605,m_2752,212356,app_364,started,400,400,1.56
c_1605,m_2752,212550,app_364,started,400,400,1.56
c_1605,m_2752,259425,app_364,started,400,400,1.56
c_1605,m_2752,450615,app_364,started,400,400,1.56
c_1606,m_3930,0,app_2357,started,400,400,1.56
c_1606,m_3930,29797,app_2357,started,400,400,1.56
c_1606,m_3930,124975,app_2357,started,400,400,1.56
c_1606,m_3930,278401,app_2357,started,400,400,1.56
c_1606,m_3930,373508,app_2357,started,400,400,1.56
c_1607,m_2501,0,app_811,started,400,480,1.56
c_1607,m_2501,284247,app_811,started,400,480,1.56
c_1608,m_908,572257,app_6671,started,2400,2400,9.38
c_1608,m_908,573526,app_6671,started,2400,2400,9.38
c_1608,m_908,578275,app_6671,started,2400,2400,9.38
c_1608,m_908,589212,app_6671,started,2400,2400,9.38
c_1608,m_908,594696,app_6671,started,2400,2400,9.38
c_1609,m_2197,0,app_484,started,400,400,1.56
c_1609,m_2197,17725,app_484,started,400,400,1.56
c_1609,m_2197,113233,app_484,started,400,400,1.56
c_1609,m_2197,264841,app_484,started,400,400,1.56
c_1609,m_2197,317234,app_484,started,400,400,1.56
c_1610,m_1369,331252,app_1274,started,400,400,1.56
c_1611,m_3726,0,app_1810,started,400,400,1.56
c_1611,m_3726,10708,app_1810,started,400,400,1.56
c_1611,m_3726,105172,app_1810,started,400,400,1.56
c_1611,m_3726,174088,app_1810,started,400,400,1.56
c_1611,m_3726,207622,app_1810,started,400,400,1.56
c_1611,m_3726,258508,app_1810,started,400,400,1.56
c_1611,m_3726,324081,app_1810,started,400,400,1.56
c_1612,m_369,0,app_4879,started,400,480,1.56
c_1612,m_369,16414,app_4879,started,400,480,1.56
c_1612,m_369,110935,app_4879,started,400,480,1.56
c_1612,m_369,231318,app_4879,started,400,480,1.56
c_1613,m_3342,0,app_9198,started,400,400,1.56
c_1613,m_3342,33074,app_9198,started,400,400,1.56
c_1613,m_3342,128429,app_9198,started,400,400,1.56
c_1613,m_3342,282114,app_9198,started,400,400,1.56
c_1613,m_3342,377181,app_9198,started,400,400,1.56
c_1614,m_3638,0,app_2413,started,400,400,1.56
c_1614,m_3638,12706,app_2413,started,400,400,1.56
c_1614,m_3638,107185,app_2413,started,400,400,1.56
c_1614,m_3638,158042,app_2413,started,400,400,1.56
c_1614,m_3638,175970,app_2413,started,400,400,1.56
c_1614,m_3638,209585,app_2413,started,400,400,1.56
c_1614,m_3638,260624,app_2413,started,400,400,1.56
c_1614,m_3638,337274,app_2413,started,400,400,1.56
c_1614,m_3638,552621,app_2413,started,400,400,1.56
c_1615,m_3366,0,app_5692,started,400,480,1.56
c_1615,m_3366,25427,app_5692,started,400,480,1.56
c_1615,m_3366,120323,app_5692,started,400,480,1.56
c_1615,m_3366,273717,app_5692,started,400,480,1.56
c_1616,m_3659,0,app_1812,started,400,400,1.56
c_1616,m_3659,11973,app_1812,started,400,400,1.56
c_1616,m_3659,44490,app_1812,started,400,400,1.56
c_1616,m_3659,107241,app_1812,started,400,400,1.56
c_1616,m_3659,176540,app_1812,started,400,400,1.56
c_1616,m_3659,209699,app_1812,started,400,400,1.56
c_1616,m_3659,259002,app_1812,started,400,400,1.56
c_1616,m_3659,418478,app_1812,started,400,400,1.56
c_1617,m_2253,0,app_2013,stopped,800,800,3.13
c_1617,m_2253,24372,app_2013,stopped,800,800,3.13
c_1617,m_2253,120307,app_2013,stopped,800,800,3.13
c_1617,m_2253,125867,app_2013,stopped,800,800,3.13
c_1617,m_2253,129534,app_2013,stopped,800,800,3.13
c_1617,m_2253,130211,app_2013,stopped,800,800,3.13
c_1617,m_2253,162899,app_2013,stopped,800,800,3.13
c_1617,m_2253,225051,app_2013,started,800,800,3.13
c_1617,m_2253,271599,app_2013,started,800,800,3.13
c_1617,m_2253,339272,app_2013,started,800,800,3.13
c_1618,m_1245,0,app_2856,started,800,800,3.13
c_1618,m_1245,15832,app_2856,started,800,800,3.13
c_1618,m_1245,110333,app_2856,started,800,800,3.13
c_1618,m_1245,263712,app_2856,started,800,800,3.13
c_1618,m_1245,342022,app_2856,started,800,800,3.13
c_1618,m_1245,552222,app_2856,started,800,800,3.13
c_1619,m_3000,0,app_5779,started,400,400,1.56
c_1619,m_3000,18424,app_5779,started,400,400,1.56
c_1619,m_3000,113998,app_5779,started,400,400,1.56
c_1619,m_3000,265566,app_5779,started,400,400,1.56
c_1619,m_3000,333499,app_5779,started,400,400,1.56
c_1620,m_2906,0,app_1003,started,400,400,1.56
c_1620,m_2906,285212,app_1003,started,400,400,1.56
c_1620,m_2906,451642,app_1003,started,400,400,1.56
c_1621,m_1747,0,app_4085,started,400,400,1.56
c_1621,m_1747,14737,app_4085,started,400,400,1.56
c_1621,m_1747,109245,app_4085,started,400,400,1.56
c_1621,m_1747,177877,app_4085,started,400,400,1.56
c_1621,m_1747,262615,app_4085,started,400,400,1.56
c_1621,m_1747,353323,app_4085,started,400,400,1.56
c_1621,m_1747,642750,app_4085,started,400,400,1.56
c_1622,m_310,0,app_5732,started,800,800,3.13
c_1622,m_310,13913,app_5732,started,800,800,3.13
c_1622,m_310,109254,app_5732,started,800,800,3.13
c_1622,m_310,158066,app_5732,started,800,800,3.13
c_1622,m_310,261047,app_5732,started,800,800,3.13
c_1622,m_310,322889,app_5732,started,800,800,3.13
c_1623,m_1483,0,app_3224,started,400,400,1.56
c_1623,m_1483,25084,app_3224,started,400,400,1.56
c_1623,m_1483,58030,app_3224,started,400,400,1.56
c_1623,m_1483,119972,app_3224,started,400,400,1.56
c_1623,m_1483,223182,app_3224,started,400,400,1.56
c_1623,m_1483,225229,app_3224,started,400,400,1.56
c_1623,m_1483,246230,app_3224,started,400,400,1.56
c_1623,m_1483,367923,app_3224,started,400,400,1.56
c_1623,m_1483,664003,app_3224,started,400,400,1.56
c_1623,m_1483,666129,app_3224,started,400,400,1.56
c_1623,m_1483,678018,app_3224,started,400,400,1.56
c_1624,m_410,0,app_8823,started,400,400,1.56
c_1624,m_410,12553,app_8823,started,400,400,1.56
c_1624,m_410,107026,app_8823,started,400,400,1.56
c_1624,m_410,175821,app_8823,started,400,400,1.56
c_1624,m_410,209436,app_8823,started,400,400,1.56
c_1624,m_410,260466,app_8823,started,400,400,1.56
c_1624,m_410,350850,app_8823,started,400,400,1.56
c_1625,m_3968,0,app_141,started,800,800,3.13
c_1625,m_3968,29900,app_141,started,800,800,3.13
c_1625,m_3968,125082,app_141,started,800,800,3.13
c_1625,m_3968,278517,app_141,started,800,800,3.13
c_1625,m_3968,328218,app_141,started,800,800,3.13
c_1626,m_1142,584114,app_5524,started,800,800,1.56
c_1626,m_1142,589115,app_5524,started,800,800,1.56
c_1626,m_1142,594785,app_5524,started,800,800,1.56
c_1627,m_2683,0,app_8374,started,400,400,1.56
c_1627,m_2683,25570,app_8374,started,400,400,1.56
c_1627,m_2683,120472,app_8374,started,400,400,1.56
c_1627,m_2683,273930,app_8374,started,400,400,1.56
c_1627,m_2683,368447,app_8374,started,400,400,1.56
c_1628,m_1167,0,app_2076,started,400,400,1.56
c_1628,m_1167,22651,app_2076,started,400,400,1.56
c_1628,m_1167,117463,app_2076,started,400,400,1.56
c_1628,m_1167,270864,app_2076,started,400,400,1.56
c_1628,m_1167,364955,app_2076,started,400,400,1.56
c_1629,m_3944,0,app_2903,started,400,400,1.56
c_1629,m_3944,32856,app_2903,started,400,400,1.56
c_1629,m_3944,49303,app_2903,started,400,400,1.56
c_1629,m_3944,129472,app_2903,started,400,400,1.56
c_1629,m_3944,280381,app_2903,started,400,400,1.56
c_1629,m_3944,445660,app_2903,started,400,400,1.56
c_1630,m_711,0,app_8535,started,400,480,1.56
c_1630,m_711,284562,app_8535,started,400,480,1.56
c_1631,m_2603,0,app_1596,started,400,400,1.56
c_1631,m_2603,11445,app_1596,started,400,400,1.56
c_1631,m_2603,106681,app_1596,started,400,400,1.56
c_1631,m_2603,175994,app_1596,started,400,400,1.56
c_1631,m_2603,209160,app_1596,started,400,400,1.56
c_1631,m_2603,258464,app_1596,started,400,400,1.56
c_1631,m_2603,342015,app_1596,started,400,400,1.56
c_1632,m_2441,0,app_3875,started,400,400,1.56
c_1632,m_2441,13626,app_3875,started,400,400,1.56
c_1632,m_2441,108138,app_3875,started,400,400,1.56
c_1632,m_2441,176831,app_3875,started,400,400,1.56
c_1632,m_2441,210446,app_3875,started,400,400,1.56
c_1632,m_2441,261537,app_3875,started,400,400,1.56
c_1632,m_2441,352111,app_3875,started,400,400,1.56
c_1633,m_834,0,app_4584,started,800,800,1.56
c_1633,m_834,31117,app_4584,started,800,800,1.56
c_1633,m_834,126374,app_4584,started,800,800,1.56
c_1633,m_834,279807,app_4584,started,800,800,1.56
c_1633,m_834,375035,app_4584,started,800,800,1.56
c_1634,m_1010,0,app_6014,started,2400,2400,9.38
c_1634,m_1010,14420,app_6014,started,2400,2400,9.38
c_1634,m_1010,109779,app_6014,started,2400,2400,9.38
c_1634,m_1010,261575,app_6014,started,2400,2400,9.38
c_1634,m_1010,385594,app_6014,started,2400,2400,9.38
c_1635,m_282,0,app_2965,started,400,400,1.56
c_1635,m_282,14849,app_2965,started,400,400,1.56
c_1635,m_282,95406,app_2965,started,400,400,1.56
c_1635,m_282,109356,app_2965,started,400,400,1.56
c_1635,m_282,177984,app_2965,started,400,400,1.56
c_1635,m_282,262720,app_2965,started,400,400,1.56
c_1635,m_282,353636,app_2965,started,400,400,1.56
c_1635,m_282,446849,app_2965,started,400,400,1.56
c_1635,m_282,555708,app_2965,started,400,400,1.56
c_1636,m_2789,0,app_4038,started,800,800,2.34
c_1636,m_2789,10995,app_4038,started,800,800,2.34
c_1636,m_2789,105468,app_4038,started,800,800,2.34
c_1636,m_2789,174372,app_4038,started,800,800,2.34
c_1636,m_2789,207913,app_4038,started,800,800,2.34
c_1636,m_2789,258821,app_4038,started,800,800,2.34
c_1636,m_2789,349141,app_4038,started,800,800,2.34
c_1637,m_1317,0,app_8549,started,400,400,1.56
c_1637,m_1317,14997,app_8549,started,400,400,1.56
c_1637,m_1317,110357,app_8549,started,400,400,1.56
c_1637,m_1317,262121,app_8549,started,400,400,1.56
c_1637,m_1317,385942,app_8549,started,400,400,1.56
c_1638,m_2158,0,app_8775,started,400,400,1.56
c_1638,m_2158,232829,app_8775,started,400,400,1.56
c_1638,m_2158,382318,app_8775,started,400,400,1.56
c_1639,m_941,0,app_1810,started,400,400,1.56
c_1639,m_941,10729,app_1810,started,400,400,1.56
c_1639,m_941,105194,app_1810,started,400,400,1.56
c_1639,m_941,174109,app_1810,started,400,400,1.56
c_1639,m_941,207643,app_1810,started,400,400,1.56
c_1639,m_941,258531,app_1810,started,400,400,1.56
c_1639,m_941,324075,app_1810,started,400,400,1.56
c_1640,m_1276,0,app_4456,started,400,400,1.56
c_1640,m_1276,287101,app_4456,started,400,400,1.56
c_1640,m_1276,337557,app_4456,started,400,400,1.56
c_1640,m_1276,382389,app_4456,started,400,400,1.56
c_1640,m_1276,447963,app_4456,started,400,400,1.56
c_1640,m_1276,478689,app_4456,started,400,400,1.56
c_1641,m_243,0,app_3183,started,800,800,3.13
c_1641,m_243,26775,app_3183,started,800,800,3.13
c_1641,m_243,122908,app_3183,started,800,800,3.13
c_1641,m_243,274083,app_3183,started,800,800,3.13
c_1641,m_243,435650,app_3183,started,800,800,3.13
c_1642,m_3186,0,app_5039,started,400,400,1.56
c_1642,m_3186,16771,app_5039,started,400,400,1.56
c_1642,m_3186,111307,app_5039,started,400,400,1.56
c_1642,m_3186,264636,app_5039,started,400,400,1.56
c_1642,m_3186,356156,app_5039,started,400,400,1.56
c_1643,m_1629,0,app_6566,started,800,800,1.56
c_1643,m_1629,16752,app_6566,started,800,800,1.56
c_1643,m_1629,111286,app_6566,started,800,800,1.56
c_1643,m_1629,264617,app_6566,started,800,800,1.56
c_1643,m_1629,356135,app_6566,started,800,800,1.56
c_1644,m_1717,0,app_3883,started,400,400,1.56
c_1644,m_1717,121823,app_3883,started,400,400,1.56
c_1644,m_1717,290757,app_3883,started,400,400,1.56
c_1644,m_1717,318684,app_3883,started,400,400,1.56
c_1645,m_2114,0,app_8625,started,400,400,1.56
c_1645,m_2114,287491,app_8625,started,400,400,1.56
c_1645,m_2114,382830,app_8625,started,400,400,1.56
c_1646,m_316,0,app_3810,started,400,400,1.56
c_1646,m_316,8877,app_3810,started,400,400,1.56
c_1646,m_316,103945,app_3810,started,400,400,1.56
c_1646,m_316,125913,app_3810,started,400,400,1.56
c_1646,m_316,130176,app_3810,started,400,400,1.56
c_1646,m_316,164864,app_3810,started,400,400,1.56
c_1646,m_316,173360,app_3810,started,400,400,1.56
c_1646,m_316,206489,app_3810,started,400,400,1.56
c_1646,m_316,255861,app_3810,started,400,400,1.56
c_1646,m_316,415459,app_3810,started,400,400,1.56
c_1646,m_316,637384,app_3810,started,400,400,1.56
c_1647,m_3505,0,app_7889,started,400,400,1.56
c_1647,m_3505,24134,app_7889,started,400,400,1.56
c_1647,m_3505,119010,app_7889,started,400,400,1.56
c_1647,m_3505,272399,app_7889,started,400,400,1.56
c_1647,m_3505,366784,app_7889,started,400,400,1.56
c_1648,m_2171,0,app_6791,started,800,800,3.13
c_1648,m_2171,13947,app_6791,started,800,800,3.13
c_1648,m_2171,64739,app_6791,started,800,800,3.13
c_1648,m_2171,108483,app_6791,started,800,800,3.13
c_1648,m_2171,125864,app_6791,started,800,800,3.13
c_1648,m_2171,129529,app_6791,started,800,800,3.13
c_1648,m_2171,130199,app_6791,started,800,800,3.13
c_1648,m_2171,162886,app_6791,started,800,800,3.13
c_1648,m_2171,177159,app_6791,started,800,800,3.13
c_1648,m_2171,210765,app_6791,started,800,800,3.13
c_1648,m_2171,261877,app_6791,started,800,800,3.13
c_1648,m_2171,352462,app_6791,started,800,800,3.13
c_1648,m_2171,656391,app_6791,started,800,800,3.13
c_1648,m_2171,668642,app_6791,started,800,800,3.13
c_1649,m_435,0,app_5657,started,400,400,1.56
c_1649,m_435,10656,app_5657,started,400,400,1.56
c_1649,m_435,105851,app_5657,started,400,400,1.56
c_1649,m_435,175191,app_5657,started,400,400,1.56
c_1649,m_435,208335,app_5657,started,400,400,1.56
c_1649,m_435,257677,app_5657,started,400,400,1.56
c_1649,m_435,380395,app_5657,started,400,400,1.56
c_1650,m_1011,0,app_7766,started,400,400,1.56
c_1650,m_1011,11548,app_7766,started,400,400,1.56
c_1650,m_1011,106787,app_7766,started,400,400,1.56
c_1650,m_1011,176094,app_7766,started,400,400,1.56
c_1650,m_1011,209259,app_7766,started,400,400,1.56
c_1650,m_1011,258566,app_7766,started,400,400,1.56
c_1650,m_1011,382104,app_7766,started,400,400,1.56
c_1651,m_2556,0,app_3172,started,400,400,3.13
c_1651,m_2556,287942,app_3172,started,400,400,3.13
c_1651,m_2556,338909,app_3172,started,400,400,3.13
c_1652,m_545,2063,app_9678,started,800,800,3.13
c_1652,m_545,33012,app_9678,started,800,800,3.13
c_1652,m_545,39622,app_9678,started,800,800,3.13
c_1652,m_545,129640,app_9678,started,800,800,3.13
c_1652,m_545,280535,app_9678,started,800,800,3.13
c_1652,m_545,445814,app_9678,started,800,800,3.13
c_1653,m_377,0,app_2413,started,400,400,1.56
c_1653,m_377,29850,app_2413,started,400,400,1.56
c_1653,m_377,125029,app_2413,started,400,400,1.56
c_1653,m_377,278461,app_2413,started,400,400,1.56
c_1653,m_377,373568,app_2413,started,400,400,1.56
c_1654,m_1325,445386,app_2260,started,400,400,1.56
c_1655,m_1107,0,app_7003,started,400,400,1.56
c_1655,m_1107,19946,app_7003,started,400,400,1.56
c_1655,m_1107,115609,app_7003,started,400,400,1.56
c_1655,m_1107,267158,app_7003,started,400,400,1.56
c_1655,m_1107,317257,app_7003,started,400,400,1.56
c_1656,m_2506,0,app_1916,started,400,400,1.56
c_1656,m_2506,19874,app_1916,started,400,400,1.56
c_1656,m_2506,115245,app_1916,started,400,400,1.56
c_1656,m_2506,212333,app_1916,started,400,400,1.56
c_1656,m_2506,212537,app_1916,started,400,400,1.56
c_1656,m_2506,234798,app_1916,started,400,400,1.56
c_1656,m_2506,362614,app_1916,started,400,400,1.56
c_1656,m_2506,667565,app_1916,started,400,400,1.56
c_1657,m_1993,0,app_7621,started,400,400,1.56
c_1657,m_1993,31075,app_7621,started,400,400,1.56
c_1657,m_1993,127559,app_7621,started,400,400,1.56
c_1657,m_1993,221816,app_7621,started,400,400,1.56
c_1657,m_1993,278579,app_7621,started,400,400,1.56
c_1657,m_1993,442612,app_7621,started,400,400,1.56
c_1658,m_2726,0,app_907,started,400,400,1.56
c_1658,m_2726,13642,app_907,started,400,400,1.56
c_1658,m_2726,108974,app_907,started,400,400,1.56
c_1658,m_2726,260782,app_907,started,400,400,1.56
c_1658,m_2726,384729,app_907,started,400,400,1.56
c_1659,m_1326,0,app_1596,started,400,400,1.56
c_1659,m_1326,26813,app_1596,started,400,400,1.56
c_1659,m_1326,125903,app_1596,started,400,400,1.56
c_1659,m_1326,129529,app_1596,started,400,400,1.56
c_1659,m_1326,129990,app_1596,started,400,400,1.56
c_1659,m_1326,162854,app_1596,started,400,400,1.56
c_1659,m_1326,274128,app_1596,started,400,400,1.56
c_1659,m_1326,435697,app_1596,started,400,400,1.56
c_1660,m_2247,0,app_6026,started,400,400,1.56
c_1660,m_2247,22892,app_6026,started,400,400,1.56
c_1660,m_2247,117707,app_6026,started,400,400,1.56
c_1660,m_2247,271109,app_6026,started,400,400,1.56
c_1660,m_2247,365228,app_6026,started,400,400,1.56
c_1660,m_2247,567565,app_6026,started,400,400,1.56
c_1661,m_3466,0,app_732,started,800,800,3.13
c_1661,m_3466,15794,app_732,started,800,800,3.13
c_1661,m_3466,111186,app_732,started,800,800,3.13
c_1661,m_3466,235271,app_732,started,800,800,3.13
c_1661,m_3466,386390,app_732,started,800,800,3.13
c_1662,m_3661,673097,app_491,started,400,400,1.56
c_1662,m_3661,673280,app_491,started,400,400,1.56
c_1662,m_3661,678012,app_491,started,400,400,1.56
c_1663,m_952,0,app_7472,stopped,400,400,1.56
c_1663,m_952,34291,app_7472,stopped,400,400,1.56
c_1663,m_952,129696,app_7472,stopped,400,400,1.56
c_1663,m_952,283385,app_7472,stopped,400,400,1.56
c_1663,m_952,378502,app_7472,stopped,400,400,1.56
c_1664,m_2567,0,app_5632,started,400,480,1.56
c_1664,m_2567,22557,app_5632,started,400,480,1.56
c_1664,m_2567,117721,app_5632,started,400,480,1.56
c_1664,m_2567,205212,app_5632,started,400,480,1.56
c_1664,m_2567,205606,app_5632,started,400,480,1.56
c_1664,m_2567,269764,app_5632,started,400,480,1.56
c_1665,m_394,0,app_1230,started,800,800,3.13
c_1665,m_394,10373,app_1230,started,800,800,3.13
c_1665,m_394,104826,app_1230,started,800,800,3.13
c_1665,m_394,173757,app_1230,started,800,800,3.13
c_1665,m_394,207281,app_1230,started,800,800,3.13
c_1665,m_394,258154,app_1230,started,800,800,3.13
c_1665,m_394,348457,app_1230,started,800,800,3.13
c_1666,m_1504,0,app_6839,started,400,400,1.56
c_1666,m_1504,33878,app_6839,started,400,400,1.56
c_1666,m_1504,129272,app_6839,started,400,400,1.56
c_1666,m_1504,282970,app_6839,started,400,400,1.56
c_1666,m_1504,378078,app_6839,started,400,400,1.56
c_1667,m_3507,0,app_2039,started,400,400,1.56
c_1667,m_3507,27436,app_2039,started,400,400,1.56
c_1667,m_3507,123614,app_2039,started,400,400,1.56
c_1667,m_3507,274771,app_2039,started,400,400,1.56
c_1667,m_3507,402045,app_2039,started,400,400,1.56
c_1668,m_2555,0,app_7414,started,800,800,3.13
c_1668,m_2555,22769,app_7414,started,800,800,3.13
c_1668,m_2555,117583,app_7414,started,800,800,3.13
c_1668,m_2555,153319,app_7414,started,800,800,3.13
c_1668,m_2555,270989,app_7414,started,800,800,3.13
c_1669,m_1778,0,app_958,started,400,400,1.56
c_1669,m_1778,29422,app_958,started,400,400,1.56
c_1669,m_1778,124580,app_958,started,400,400,1.56
c_1669,m_1778,278008,app_958,started,400,400,1.56
c_1669,m_1778,373049,app_958,started,400,400,1.56
c_1670,m_2519,0,app_6217,started,400,400,1.56
c_1670,m_2519,290537,app_6217,started,400,400,1.56
c_1670,m_2519,386152,app_6217,started,400,400,1.56
c_1670,m_2519,570711,app_6217,started,400,400,1.56
c_1671,m_2548,0,app_9419,started,400,400,1.56
c_1671,m_2548,148593,app_9419,started,400,400,1.56
c_1671,m_2548,285663,app_9419,started,400,400,1.56
c_1671,m_2548,323193,app_9419,started,400,400,1.56
c_1671,m_2548,656493,app_9419,started,400,400,1.56
c_1671,m_2548,668740,app_9419,started,400,400,1.56
c_1672,m_3752,0,app_6471,started,400,480,1.56
c_1672,m_3752,15798,app_6471,started,400,480,1.56
c_1672,m_3752,111191,app_6471,started,400,480,1.56
c_1672,m_3752,262896,app_6471,started,400,480,1.56
c_1673,m_357,0,app_7235,started,400,400,1.56
c_1673,m_357,11690,app_7235,started,400,400,1.56
c_1673,m_357,106941,app_7235,started,400,400,1.56
c_1673,m_357,125917,app_7235,started,400,400,1.56
c_1673,m_357,129513,app_7235,started,400,400,1.56
c_1673,m_357,130199,app_7235,started,400,400,1.56
c_1673,m_357,176243,app_7235,started,400,400,1.56
c_1673,m_357,209406,app_7235,started,400,400,1.56
c_1673,m_357,258713,app_7235,started,400,400,1.56
c_1673,m_357,330692,app_7235,started,400,400,1.56
c_1674,m_1022,0,app_6140,started,400,400,1.56
c_1674,m_1022,32176,app_6140,started,400,400,1.56
c_1674,m_1022,127480,app_6140,started,400,400,1.56
c_1674,m_1022,158087,app_6140,started,400,400,1.56
c_1674,m_1022,162863,app_6140,started,400,400,1.56
c_1674,m_1022,281164,app_6140,started,400,400,1.56
c_1674,m_1022,376147,app_6140,started,400,400,1.56
c_1674,m_1022,384878,app_6140,started,400,400,1.56
c_1674,m_1022,611893,app_6140,started,400,400,1.56
c_1675,m_3562,0,app_7475,started,400,400,1.56
c_1675,m_3562,15063,app_7475,started,400,400,1.56
c_1675,m_3562,109569,app_7475,started,400,400,1.56
c_1675,m_3562,262938,app_7475,started,400,400,1.56
c_1675,m_3562,354044,app_7475,started,400,400,1.56
c_1675,m_3562,446994,app_7475,started,400,400,1.56
c_1675,m_3562,555983,app_7475,started,400,400,1.56
c_1675,m_3562,643133,app_7475,started,400,400,1.56
c_1676,m_3853,0,app_5002,started,400,480,1.56
c_1676,m_3853,14629,app_5002,started,400,480,1.56
c_1676,m_3853,109988,app_5002,started,400,480,1.56
c_1676,m_3853,261769,app_5002,started,400,480,1.56
c_1677,m_2165,0,app_4474,started,800,800,3.13
c_1677,m_2165,64741,app_4474,started,800,800,3.13
c_1677,m_2165,125884,app_4474,started,800,800,3.13
c_1677,m_2165,129516,app_4474,started,800,800,3.13
c_1677,m_2165,130204,app_4474,started,800,800,3.13
c_1677,m_2165,162813,app_4474,started,800,800,3.13
c_1677,m_2165,286546,app_4474,started,800,800,3.13
c_1677,m_2165,381841,app_4474,started,800,800,3.13
c_1678,m_2964,578608,app_1826,started,800,800,3.13
c_1678,m_2964,588780,app_1826,started,800,800,3.13
c_1678,m_2964,594579,app_1826,started,800,800,3.13
c_1678,m_2964,664778,app_1826,started,800,800,3.13
c_1679,m_3237,0,app_3887,started,800,800,3.13
c_1679,m_3237,289182,app_3887,started,800,800,3.13
c_1679,m_3237,342187,app_3887,started,800,800,3.13
c_1680,m_2364,0,app_2346,started,400,400,1.56
c_1680,m_2364,15127,app_2346,started,400,400,1.56
c_1680,m_2364,109629,app_2346,started,400,400,1.56
c_1680,m_2364,262997,app_2346,started,400,400,1.56
c_1680,m_2364,354137,app_2346,started,400,400,1.56
c_1680,m_2364,447037,app_2346,started,400,400,1.56
c_1680,m_2364,556064,app_2346,started,400,400,1.56
c_1681,m_2895,0,app_3422,started,400,400,1.56
c_1681,m_2895,19392,app_3422,started,400,400,1.56
c_1681,m_2895,115027,app_3422,started,400,400,1.56
c_1681,m_2895,214423,app_3422,started,400,400,1.56
c_1681,m_2895,266581,app_3422,started,400,400,1.56
c_1681,m_2895,428342,app_3422,started,400,400,1.56
c_1682,m_2837,0,app_411,started,400,400,1.56
c_1682,m_2837,22951,app_411,started,400,400,1.56
c_1682,m_2837,117766,app_411,started,400,400,1.56
c_1682,m_2837,271170,app_411,started,400,400,1.56
c_1682,m_2837,365300,app_411,started,400,400,1.56
c_1683,m_266,0,app_6984,started,400,400,1.56
c_1683,m_266,289217,app_6984,started,400,400,1.56
c_1683,m_266,384735,app_6984,started,400,400,1.56
c_1684,m_1297,0,app_66,started,400,400,1.56
c_1684,m_1297,10630,app_66,started,400,400,1.56
c_1684,m_1297,105823,app_66,started,400,400,1.56
c_1684,m_1297,175164,app_66,started,400,400,1.56
c_1684,m_1297,208293,app_66,started,400,400,1.56
c_1684,m_1297,257650,app_66,started,400,400,1.56
c_1684,m_1297,380358,app_66,started,400,400,1.56
c_1685,m_1437,0,app_8417,started,2400,2400,9.38
c_1685,m_1437,22478,app_8417,started,2400,2400,9.38
c_1685,m_1437,117639,app_8417,started,2400,2400,9.38
c_1685,m_1437,269680,app_8417,started,2400,2400,9.38
c_1685,m_1437,394515,app_8417,started,2400,2400,9.38
c_1686,m_1553,591849,app_1844,started,800,800,3.13
c_1687,m_715,0,app_141,started,800,800,3.13
c_1687,m_715,33985,app_141,started,800,800,3.13
c_1687,m_715,281527,app_141,started,800,800,3.13
c_1687,m_715,347351,app_141,started,800,800,3.13
c_1688,m_923,0,app_5048,started,400,400,1.56
c_1688,m_923,19133,app_5048,started,400,400,1.56
c_1688,m_923,114752,app_5048,started,400,400,1.56
c_1688,m_923,266308,app_5048,started,400,400,1.56
c_1688,m_923,390331,app_5048,started,400,400,1.56
c_1689,m_3310,0,app_7052,started,400,400,1.56
c_1689,m_3310,7636,app_7052,started,400,400,1.56
c_1689,m_3310,102625,app_7052,started,400,400,1.56
c_1689,m_3310,172046,app_7052,started,400,400,1.56
c_1689,m_3310,205199,app_7052,started,400,400,1.56
c_1689,m_3310,254555,app_7052,started,400,400,1.56
c_1689,m_3310,376583,app_7052,started,400,400,1.56
c_1690,m_1349,0,app_2235,started,400,480,1.56
c_1690,m_1349,18229,app_2235,started,400,480,1.56
c_1690,m_1349,113789,app_2235,started,400,480,1.56
c_1690,m_1349,265360,app_2235,started,400,480,1.56
c_1691,m_964,0,app_7732,started,400,400,1.56
c_1691,m_964,285446,app_7732,started,400,400,1.56
c_1691,m_964,380662,app_7732,started,400,400,1.56
c_1692,m_2177,0,app_7097,started,800,800,3.13
c_1693,m_1851,692757,app_5884,started,400,400,1.56
c_1694,m_662,0,app_9410,started,400,400,1.56
c_1694,m_662,10570,app_9410,started,400,400,1.56
c_1694,m_662,105759,app_9410,started,400,400,1.56
c_1694,m_662,175101,app_9410,started,400,400,1.56
c_1694,m_662,208232,app_9410,started,400,400,1.56
c_1694,m_662,257588,app_9410,started,400,400,1.56
c_1694,m_662,318755,app_9410,started,400,400,1.56
c_1694,m_662,639801,app_9410,started,400,400,1.56
c_1695,m_638,0,app_1596,started,400,480,1.56
c_1695,m_638,15372,app_1596,started,400,480,1.56
c_1695,m_638,109870,app_1596,started,400,480,1.56
c_1695,m_638,245307,app_1596,started,400,480,1.56
c_1696,m_3784,0,app_2951,started,400,400,1.56
c_1696,m_3784,13753,app_2951,started,400,400,1.56
c_1696,m_3784,109094,app_2951,started,400,400,1.56
c_1696,m_3784,253042,app_2951,started,400,400,1.56
c_1696,m_3784,317617,app_2951,started,400,400,1.56
c_1697,m_89,0,app_5611,started,400,400,1.56
c_1697,m_89,13163,app_5611,started,400,400,1.56
c_1697,m_89,108470,app_5611,started,400,400,1.56
c_1697,m_89,177754,app_5611,started,400,400,1.56
c_1697,m_89,260286,app_5611,started,400,400,1.56
c_1697,m_89,339693,app_5611,started,400,400,1.56
c_1698,m_423,0,app_442,started,800,800,3.13
c_1698,m_423,32193,app_442,started,800,800,3.13
c_1698,m_423,128753,app_442,started,800,800,3.13
c_1698,m_423,158038,app_442,started,800,800,3.13
c_1698,m_423,164920,app_442,started,800,800,3.13
c_1698,m_423,279690,app_442,started,800,800,3.13
c_1698,m_423,324074,app_442,started,800,800,3.13
c_1699,m_765,0,app_5042,started,400,400,1.56
c_1699,m_765,250268,app_5042,started,400,400,1.56
c_1699,m_765,386476,app_5042,started,400,400,1.56
c_1700,m_2003,0,app_5727,started,400,400,1.56
c_1700,m_2003,29831,app_5727,started,400,400,1.56
c_1700,m_2003,125010,app_5727,started,400,400,1.56
c_1700,m_2003,278442,app_5727,started,400,400,1.56
c_1700,m_2003,373549,app_5727,started,400,400,1.56
c_1701,m_3505,0,app_8021,started,400,400,1.56
c_1701,m_3505,24134,app_8021,started,400,400,1.56
c_1701,m_3505,119010,app_8021,started,400,400,1.56
c_1701,m_3505,272399,app_8021,started,400,400,1.56
c_1701,m_3505,366783,app_8021,started,400,400,1.56
c_1702,m_2190,0,app_9759,started,400,400,1.56
c_1702,m_2190,27947,app_9759,started,400,400,1.56
c_1702,m_2190,122977,app_9759,started,400,400,1.56
c_1702,m_2190,276402,app_9759,started,400,400,1.56
c_1702,m_2190,371201,app_9759,started,400,400,1.56
c_1703,m_2847,0,app_2701,started,400,400,1.56
c_1703,m_2847,285260,app_2701,started,400,400,1.56
c_1703,m_2847,451733,app_2701,started,400,400,1.56
c_1704,m_2955,0,app_565,started,400,400,1.56
c_1704,m_2955,26962,app_565,started,400,400,1.56
c_1704,m_2955,121929,app_565,started,400,400,1.56
c_1704,m_2955,275384,app_565,started,400,400,1.56
c_1704,m_2955,347356,app_565,started,400,400,1.56
c_1705,m_2953,0,app_4095,started,400,400,1.56
c_1705,m_2953,35490,app_4095,started,400,400,1.56
c_1705,m_2953,284671,app_4095,started,400,400,1.56
c_1705,m_2953,379834,app_4095,started,400,400,1.56
c_1706,m_3095,0,app_5568,started,800,800,3.13
c_1706,m_3095,165516,app_5568,started,800,800,3.13
c_1706,m_3095,284142,app_5568,started,800,800,3.13
c_1706,m_3095,317225,app_5568,started,800,800,3.13
c_1707,m_1120,0,app_2965,started,400,400,1.56
c_1707,m_1120,9362,app_2965,started,400,400,1.56
c_1707,m_1120,103751,app_2965,started,400,400,1.56
c_1707,m_1120,172708,app_2965,started,400,400,1.56
c_1707,m_1120,206287,app_2965,started,400,400,1.56
c_1707,m_1120,257083,app_2965,started,400,400,1.56
c_1707,m_1120,347361,app_2965,started,400,400,1.56
c_1707,m_1120,663948,app_2965,started,400,400,1.56
c_1707,m_1120,666075,app_2965,started,400,400,1.56
c_1708,m_1626,0,app_6730,started,400,480,1.56
c_1708,m_1626,35278,app_6730,started,400,480,1.56
c_1708,m_1626,282915,app_6730,started,400,480,1.56
c_1709,m_1738,0,app_3824,started,400,400,1.56
c_1709,m_1738,286862,app_3824,started,400,400,1.56
c_1709,m_1738,382152,app_3824,started,400,400,1.56
c_1710,m_2927,0,app_2332,started,400,400,1.56
c_1710,m_2927,15393,app_2332,started,400,400,1.56
c_1710,m_2927,109892,app_2332,started,400,400,1.56
c_1710,m_2927,263257,app_2332,started,400,400,1.56
c_1710,m_2927,354713,app_2332,started,400,400,1.56
c_1711,m_2368,0,app_3037,started,800,800,6.25
c_1711,m_2368,286932,app_3037,started,800,800,6.25
c_1711,m_2368,382221,app_3037,started,800,800,6.25
c_1712,m_856,0,app_3303,started,800,800,3.13
c_1712,m_856,28462,app_3303,started,800,800,3.13
c_1712,m_856,124723,app_3303,started,800,800,3.13
c_1712,m_856,275798,app_3303,started,800,800,3.13
c_1712,m_856,438441,app_3303,started,800,800,3.13
c_1713,m_609,0,app_7026,started,400,400,1.56
c_1713,m_609,9433,app_7026,started,400,400,1.56
c_1713,m_609,104524,app_7026,started,400,400,1.56
c_1713,m_609,173921,app_7026,started,400,400,1.56
c_1713,m_609,207050,app_7026,started,400,400,1.56
c_1713,m_609,256406,app_7026,started,400,400,1.56
c_1713,m_609,416321,app_7026,started,400,400,1.56
c_1714,m_1657,0,app_7671,started,400,400,1.56
c_1714,m_1657,35281,app_7671,started,400,400,1.56
c_1714,m_1657,221937,app_7671,started,400,400,1.56
c_1714,m_1657,282919,app_7671,started,400,400,1.56
c_1714,m_1657,449249,app_7671,started,400,400,1.56
c_1715,m_1167,0,app_2368,started,400,400,1.56
c_1715,m_1167,22651,app_2368,started,400,400,1.56
c_1715,m_1167,117463,app_2368,started,400,400,1.56
c_1715,m_1167,270864,app_2368,started,400,400,1.56
c_1715,m_1167,364955,app_2368,started,400,400,1.56
c_1716,m_1561,0,app_5805,started,800,800,6.25
c_1716,m_1561,290112,app_5805,started,800,800,6.25
c_1717,m_2404,0,app_8973,started,400,400,1.56
c_1717,m_2404,7574,app_8973,started,400,400,1.56
c_1717,m_2404,102559,app_8973,started,400,400,1.56
c_1717,m_2404,171986,app_8973,started,400,400,1.56
c_1717,m_2404,205136,app_8973,started,400,400,1.56
c_1717,m_2404,254494,app_8973,started,400,400,1.56
c_1717,m_2404,376513,app_8973,started,400,400,1.56
c_1718,m_1069,0,app_3703,started,400,400,1.56
c_1718,m_1069,13652,app_3703,started,400,400,1.56
c_1718,m_1069,108165,app_3703,started,400,400,1.56
c_1718,m_1069,176855,app_3703,started,400,400,1.56
c_1718,m_1069,210472,app_3703,started,400,400,1.56
c_1718,m_1069,261563,app_3703,started,400,400,1.56
c_1718,m_1069,352137,app_3703,started,400,400,1.56
c_1719,m_3774,0,app_4644,started,400,400,1.56
c_1719,m_3774,285239,app_4644,started,400,400,1.56
c_1719,m_3774,451694,app_4644,started,400,400,1.56
c_1720,m_223,0,app_6212,started,400,400,1.56
c_1720,m_223,26953,app_6212,started,400,400,1.56
c_1720,m_223,123099,app_6212,started,400,400,1.56
c_1720,m_223,274278,app_6212,started,400,400,1.56
c_1720,m_223,435951,app_6212,started,400,400,1.56
c_1721,m_2728,0,app_4296,started,400,400,1.56
c_1721,m_2728,8536,app_4296,started,400,400,1.56
c_1721,m_2728,103583,app_4296,started,400,400,1.56
c_1721,m_2728,173008,app_4296,started,400,400,1.56
c_1721,m_2728,206135,app_4296,started,400,400,1.56
c_1721,m_2728,255482,app_4296,started,400,400,1.56
c_1721,m_2728,377519,app_4296,started,400,400,1.56
c_1722,m_1644,0,app_3632,started,400,400,1.56
c_1722,m_1644,10843,app_3632,started,400,400,1.56
c_1722,m_1644,106048,app_3632,started,400,400,1.56
c_1722,m_1644,175375,app_3632,started,400,400,1.56
c_1722,m_1644,208532,app_3632,started,400,400,1.56
c_1722,m_1644,257860,app_3632,started,400,400,1.56
c_1722,m_1644,338489,app_3632,started,400,400,1.56
c_1723,m_1237,340128,app_8360,started,800,800,3.13
c_1724,m_3476,0,app_7896,started,800,800,3.13
c_1724,m_3476,22920,app_7896,started,800,800,3.13
c_1724,m_3476,117736,app_7896,started,800,800,3.13
c_1724,m_3476,271141,app_7896,started,800,800,3.13
c_1724,m_3476,365264,app_7896,started,800,800,3.13
c_1725,m_3342,0,app_1216,started,400,400,1.56
c_1725,m_3342,33074,app_1216,started,400,400,1.56
c_1725,m_3342,128429,app_1216,started,400,400,1.56
c_1725,m_3342,282114,app_1216,started,400,400,1.56
c_1725,m_3342,377181,app_1216,started,400,400,1.56
c_1726,m_3505,0,app_2997,started,400,400,1.56
c_1726,m_3505,24134,app_2997,started,400,400,1.56
c_1726,m_3505,119010,app_2997,started,400,400,1.56
c_1726,m_3505,272399,app_2997,started,400,400,1.56
c_1726,m_3505,366784,app_2997,started,400,400,1.56
c_1727,m_3987,0,app_6774,started,800,800,3.13
c_1727,m_3987,288181,app_6774,started,800,800,3.13
c_1727,m_3987,383589,app_6774,started,800,800,3.13
c_1728,m_3332,0,app_4635,started,400,400,1.56
c_1728,m_3332,285378,app_4635,started,400,400,1.56
c_1728,m_3332,380592,app_4635,started,400,400,1.56
c_1729,m_3189,0,app_3979,started,800,800,3.13
c_1729,m_3189,162874,app_3979,started,800,800,3.13
c_1729,m_3189,248777,app_3979,started,800,800,3.13
c_1730,m_1514,0,app_4779,started,800,800,3.13
c_1730,m_1514,14972,app_4779,started,800,800,3.13
c_1730,m_1514,44441,app_4779,started,800,800,3.13
c_1730,m_1514,109476,app_4779,started,800,800,3.13
c_1730,m_1514,262839,app_4779,started,800,800,3.13
c_1730,m_1514,353859,app_4779,started,800,800,3.13
c_1730,m_1514,446931,app_4779,started,800,800,3.13
c_1730,m_1514,555867,app_4779,started,800,800,3.13
c_1731,m_591,0,app_9648,started,800,800,3.13
c_1731,m_591,225436,app_9648,started,800,800,3.13
c_1731,m_591,288159,app_9648,started,800,800,3.13
c_1731,m_591,383566,app_9648,started,800,800,3.13
c_1732,m_3696,581122,app_263,started,800,800,3.13
c_1732,m_3696,589170,app_263,started,800,800,3.13
c_1732,m_3696,594733,app_263,started,800,800,3.13
c_1733,m_754,0,app_5607,started,400,400,1.56
c_1733,m_754,11474,app_5607,started,400,400,1.56
c_1733,m_754,106711,app_5607,started,400,400,1.56
c_1733,m_754,176023,app_5607,started,400,400,1.56
c_1733,m_754,209188,app_5607,started,400,400,1.56
c_1733,m_754,258493,app_5607,started,400,400,1.56
c_1733,m_754,381962,app_5607,started,400,400,1.56
c_1734,m_781,0,app_2660,started,800,800,3.13
c_1734,m_781,289257,app_2660,started,800,800,3.13
c_1734,m_781,340684,app_2660,started,800,800,3.13
c_1735,m_2636,0,app_9298,started,400,400,1.56
c_1735,m_2636,34493,app_9298,started,400,400,1.56
c_1735,m_2636,151228,app_9298,started,400,400,1.56
c_1735,m_2636,166753,app_9298,started,400,400,1.56
c_1735,m_2636,283606,app_9298,started,400,400,1.56
c_1735,m_2636,378715,app_9298,started,400,400,1.56
c_1736,m_2982,0,app_223,started,400,400,1.56
c_1736,m_2982,125864,app_223,started,400,400,1.56
c_1736,m_2982,129516,app_223,started,400,400,1.56
c_1736,m_2982,130203,app_223,started,400,400,1.56
c_1736,m_2982,162832,app_223,started,400,400,1.56
c_1736,m_2982,284942,app_223,started,400,400,1.56
c_1736,m_2982,451367,app_223,started,400,400,1.56
c_1737,m_1651,160454,app_1292,started,400,400,1.56
c_1737,m_1651,276461,app_1292,started,400,400,1.56
c_1737,m_1651,404053,app_1292,started,400,400,1.56
c_1738,m_1956,0,app_1439,started,2400,2400,9.38
c_1738,m_1956,12484,app_1439,started,2400,2400,9.38
c_1738,m_1956,106958,app_1439,started,2400,2400,9.38
c_1738,m_1956,125919,app_1439,started,2400,2400,9.38
c_1738,m_1956,130169,app_1439,started,2400,2400,9.38
c_1738,m_1956,175756,app_1439,started,2400,2400,9.38
c_1738,m_1956,209370,app_1439,started,2400,2400,9.38
c_1738,m_1956,260397,app_1439,started,2400,2400,9.38
c_1738,m_1956,330714,app_1439,started,2400,2400,9.38
c_1739,m_2809,0,app_4038,started,800,800,2.34
c_1739,m_2809,15761,app_4038,started,800,800,2.34
c_1739,m_2809,110263,app_4038,started,800,800,2.34
c_1739,m_2809,263640,app_4038,started,800,800,2.34
c_1739,m_2809,336761,app_4038,started,800,800,2.34
c_1740,m_2782,0,app_9363,started,800,800,3.13
c_1740,m_2782,18291,app_9363,started,800,800,3.13
c_1740,m_2782,113854,app_9363,started,800,800,3.13
c_1740,m_2782,265420,app_9363,started,800,800,3.13
c_1740,m_2782,389233,app_9363,started,800,800,3.13
c_1741,m_3884,0,app_7791,started,800,800,3.13
c_1741,m_3884,32565,app_7791,started,800,800,3.13
c_1741,m_3884,127889,app_7791,started,800,800,3.13
c_1741,m_3884,281566,app_7791,started,800,800,3.13
c_1742,m_967,0,app_5887,started,400,400,1.56
c_1742,m_967,35084,app_5887,started,400,400,1.56
c_1742,m_967,284222,app_5887,started,400,400,1.56
c_1742,m_967,337522,app_5887,started,400,400,1.56
c_1743,m_1055,0,app_8719,started,400,400,1.56
c_1743,m_1055,34251,app_8719,started,400,400,1.56
c_1743,m_1055,129657,app_8719,started,400,400,1.56
c_1743,m_1055,283344,app_8719,started,400,400,1.56
c_1743,m_1055,378460,app_8719,started,400,400,1.56
c_1744,m_701,0,app_2660,started,800,800,3.13
c_1744,m_701,11766,app_2660,started,800,800,3.13
c_1744,m_701,107020,app_2660,started,800,800,3.13
c_1744,m_701,176327,app_2660,started,800,800,3.13
c_1744,m_701,209484,app_2660,started,800,800,3.13
c_1744,m_701,258790,app_2660,started,800,800,3.13
c_1744,m_701,418069,app_2660,started,800,800,3.13
c_1745,m_2574,0,app_3294,started,400,400,1.56
c_1745,m_2574,284641,app_3294,started,400,400,1.56
c_1745,m_2574,451208,app_3294,started,400,400,1.56
c_1746,m_2527,0,app_1825,started,800,800,6.25
c_1746,m_2527,14748,app_1825,started,800,800,6.25
c_1746,m_2527,109257,app_1825,started,800,800,6.25
c_1746,m_2527,177887,app_1825,started,800,800,6.25
c_1746,m_2527,262626,app_1825,started,800,800,6.25
c_1746,m_2527,345714,app_1825,started,800,800,6.25
c_1746,m_2527,642764,app_1825,started,800,800,6.25
c_1747,m_1052,0,app_5,started,400,400,1.56
c_1747,m_1052,9542,app_5,started,400,400,1.56
c_1747,m_1052,104642,app_5,started,400,400,1.56
c_1747,m_1052,174039,app_5,started,400,400,1.56
c_1747,m_1052,207165,app_5,started,400,400,1.56
c_1747,m_1052,256516,app_5,started,400,400,1.56
c_1747,m_1052,416500,app_5,started,400,400,1.56
c_1748,m_3557,0,app_547,started,400,400,3.13
c_1748,m_3557,287775,app_547,started,400,400,3.13
c_1748,m_3557,320485,app_547,started,400,400,3.13
c_1749,m_3266,0,app_3248,started,400,400,1.56
c_1749,m_3266,34339,app_3248,started,400,400,1.56
c_1749,m_3266,129749,app_3248,started,400,400,1.56
c_1749,m_3266,168460,app_3248,started,400,400,1.56
c_1749,m_3266,283435,app_3248,started,400,400,1.56
c_1749,m_3266,378552,app_3248,started,400,400,1.56
c_1750,m_849,0,app_3602,started,400,400,1.56
c_1750,m_849,10570,app_3602,started,400,400,1.56
c_1750,m_849,105031,app_3602,started,400,400,1.56
c_1750,m_849,173955,app_3602,started,400,400,1.56
c_1750,m_849,207487,app_3602,started,400,400,1.56
c_1750,m_849,258365,app_3602,started,400,400,1.56
c_1750,m_849,348667,app_3602,started,400,400,1.56
c_1750,m_849,636650,app_3602,started,400,400,1.56
c_1751,m_2574,0,app_7419,started,400,400,1.56
c_1751,m_2574,284641,app_7419,started,400,400,1.56
c_1751,m_2574,451208,app_7419,started,400,400,1.56
c_1752,m_2388,0,app_887,started,400,400,1.56
c_1752,m_2388,290746,app_887,started,400,400,1.56
c_1752,m_2388,386350,app_887,started,400,400,1.56
c_1753,m_3766,0,app_3074,stopped,400,400,1.56
c_1753,m_3766,27146,app_3074,stopped,400,400,1.56
c_1753,m_3766,123300,app_3074,stopped,400,400,1.56
c_1753,m_3766,274472,app_3074,stopped,400,400,1.56
c_1753,m_3766,436312,app_3074,stopped,400,400,1.56
c_1753,m_3766,678070,app_3074,stopped,400,400,1.56
c_1754,m_2123,76718,app_1274,started,400,400,1.56
c_1755,m_3895,0,app_7097,started,800,800,3.13
c_1756,m_2922,0,app_8573,started,400,400,1.56
c_1756,m_2922,7494,app_8573,started,400,400,1.56
c_1756,m_2922,102480,app_8573,started,400,400,1.56
c_1756,m_2922,123890,app_8573,started,400,400,1.56
c_1756,m_2922,171900,app_8573,started,400,400,1.56
c_1756,m_2922,205038,app_8573,started,400,400,1.56
c_1756,m_2922,254405,app_8573,started,400,400,1.56
c_1756,m_2922,376397,app_8573,started,400,400,1.56
c_1756,m_2922,635087,app_8573,started,400,400,1.56
c_1757,m_2476,0,app_9195,started,1600,1920,6.25
c_1757,m_2476,30863,app_9195,started,1600,1920,6.25
c_1757,m_2476,82807,app_9195,started,1600,1920,6.25
c_1757,m_2476,83375,app_9195,started,1600,1920,6.25
c_1757,m_2476,127335,app_9195,started,1600,1920,6.25
c_1757,m_2476,278345,app_9195,started,1600,1920,6.25
c_1758,m_2916,0,app_1974,stopped,800,800,3.13
c_1758,m_2916,34771,app_1974,stopped,800,800,3.13
c_1758,m_2916,282377,app_1974,stopped,800,800,3.13
c_1758,m_2916,339250,app_1974,stopped,800,800,3.13
c_1759,m_2443,0,app_7996,started,400,400,1.56
c_1759,m_2443,26685,app_7996,started,400,400,1.56
c_1759,m_2443,122805,app_7996,started,400,400,1.56
c_1759,m_2443,273993,app_7996,started,400,400,1.56
c_1759,m_2443,435578,app_7996,started,400,400,1.56
c_1760,m_2045,0,app_747,started,400,400,3.13
c_1760,m_2045,16386,app_747,started,400,400,3.13
c_1760,m_2045,110904,app_747,started,400,400,3.13
c_1760,m_2045,264252,app_747,started,400,400,3.13
c_1760,m_2045,355692,app_747,started,400,400,3.13
c_1760,m_2045,385467,app_747,started,400,400,3.13
c_1761,m_1779,0,app_2118,started,400,480,1.56
c_1761,m_1779,17575,app_2118,started,400,480,1.56
c_1761,m_1779,113074,app_2118,started,400,480,1.56
c_1761,m_1779,264684,app_2118,started,400,480,1.56
c_1762,m_616,0,app_3732,started,400,400,1.56
c_1762,m_616,32643,app_3732,started,400,400,1.56
c_1762,m_616,129237,app_3732,started,400,400,1.56
c_1762,m_616,280161,app_3732,started,400,400,1.56
c_1762,m_616,445383,app_3732,started,400,400,1.56
c_1763,m_3547,0,app_4730,started,400,400,1.56
c_1763,m_3547,34517,app_4730,started,400,400,1.56
c_1763,m_3547,76982,app_4730,started,400,400,1.56
c_1763,m_3547,80132,app_4730,started,400,400,1.56
c_1763,m_3547,212336,app_4730,started,400,400,1.56
c_1763,m_3547,212543,app_4730,started,400,400,1.56
c_1763,m_3547,259441,app_4730,started,400,400,1.56
c_1763,m_3547,448349,app_4730,started,400,400,1.56
c_1764,m_956,0,app_4817,started,400,400,1.56
c_1764,m_956,24361,app_4817,started,400,400,1.56
c_1764,m_956,120295,app_4817,started,400,400,1.56
c_1764,m_956,271587,app_4817,started,400,400,1.56
c_1764,m_956,398218,app_4817,started,400,400,1.56
c_1765,m_3399,0,app_56,started,400,400,1.56
c_1765,m_3399,7577,app_56,started,400,400,1.56
c_1765,m_3399,57621,app_56,started,400,400,1.56
c_1765,m_3399,58470,app_56,started,400,400,1.56
c_1765,m_3399,102562,app_56,started,400,400,1.56
c_1765,m_3399,171990,app_56,started,400,400,1.56
c_1765,m_3399,205139,app_56,started,400,400,1.56
c_1765,m_3399,254498,app_56,started,400,400,1.56
c_1765,m_3399,376529,app_56,started,400,400,1.56
c_1766,m_3483,0,app_6475,started,400,400,1.56
c_1766,m_3483,8112,app_6475,started,400,400,1.56
c_1766,m_3483,103135,app_6475,started,400,400,1.56
c_1766,m_3483,172526,app_6475,started,400,400,1.56
c_1766,m_3483,205697,app_6475,started,400,400,1.56
c_1766,m_3483,255057,app_6475,started,400,400,1.56
c_1766,m_3483,377259,app_6475,started,400,400,1.56
c_1767,m_1484,0,app_2635,started,400,400,1.56
c_1767,m_1484,13678,app_2635,started,400,400,1.56
c_1767,m_1484,108191,app_2635,started,400,400,1.56
c_1767,m_1484,176880,app_2635,started,400,400,1.56
c_1767,m_1484,210496,app_2635,started,400,400,1.56
c_1767,m_1484,261589,app_2635,started,400,400,1.56
c_1767,m_1484,352166,app_2635,started,400,400,1.56
c_1768,m_1928,0,app_7475,started,400,400,1.56
c_1768,m_1928,13240,app_7475,started,400,400,1.56
c_1768,m_1928,49299,app_7475,started,400,400,1.56
c_1768,m_1928,108548,app_7475,started,400,400,1.56
c_1768,m_1928,177832,app_7475,started,400,400,1.56
c_1768,m_1928,260363,app_7475,started,400,400,1.56
c_1768,m_1928,383990,app_7475,started,400,400,1.56
c_1768,m_1928,643432,app_7475,started,400,400,1.56
c_1769,m_1021,0,app_2965,started,400,400,1.56
c_1769,m_1021,12662,app_2965,started,400,400,1.56
c_1769,m_1021,39621,app_2965,started,400,400,1.56
c_1769,m_1021,107138,app_2965,started,400,400,1.56
c_1769,m_1021,175928,app_2965,started,400,400,1.56
c_1769,m_1021,209541,app_2965,started,400,400,1.56
c_1769,m_1021,260578,app_2965,started,400,400,1.56
c_1769,m_1021,350971,app_2965,started,400,400,1.56
c_1770,m_3985,666795,app_8159,started,400,400,1.56
c_1771,m_3803,0,app_4817,started,400,400,1.56
c_1771,m_3803,31415,app_4817,started,400,400,1.56
c_1771,m_3803,127918,app_4817,started,400,400,1.56
c_1771,m_3803,278914,app_4817,started,400,400,1.56
c_1771,m_3803,443192,app_4817,started,400,400,1.56
c_1772,m_1868,0,app_9421,started,400,480,1.56
c_1772,m_1868,7780,app_9421,started,400,480,1.56
c_1772,m_1868,102776,app_9421,started,400,480,1.56
c_1772,m_1868,125847,app_9421,started,400,480,1.56
c_1772,m_1868,126533,app_9421,started,400,480,1.56
c_1772,m_1868,172188,app_9421,started,400,480,1.56
c_1772,m_1868,205350,app_9421,started,400,480,1.56
c_1772,m_1868,254715,app_9421,started,400,480,1.56
c_1773,m_1688,0,app_3900,started,400,400,1.56
c_1773,m_1688,34042,app_3900,started,400,400,1.56
c_1773,m_1688,129438,app_3900,started,400,400,1.56
c_1773,m_1688,230609,app_3900,started,400,400,1.56
c_1773,m_1688,378254,app_3900,started,400,400,1.56
c_1774,m_1213,0,app_583,started,400,400,1.56
c_1774,m_1213,14736,app_583,started,400,400,1.56
c_1774,m_1213,110082,app_583,started,400,400,1.56
c_1774,m_1213,261857,app_583,started,400,400,1.56
c_1774,m_1213,385798,app_583,started,400,400,1.56
c_1775,m_1237,0,app_3613,started,400,400,1.56
c_1775,m_1237,12372,app_3613,started,400,400,1.56
c_1775,m_1237,106845,app_3613,started,400,400,1.56
c_1775,m_1237,158060,app_3613,started,400,400,1.56
c_1775,m_1237,175651,app_3613,started,400,400,1.56
c_1775,m_1237,209261,app_3613,started,400,400,1.56
c_1775,m_1237,260282,app_3613,started,400,400,1.56
c_1775,m_1237,321994,app_3613,started,400,400,1.56
c_1775,m_1237,337861,app_3613,started,400,400,1.56
c_1775,m_1237,639622,app_3613,started,400,400,1.56
c_1776,m_3497,0,app_3852,started,400,400,1.56
c_1776,m_3497,12545,app_3852,started,400,400,1.56
c_1776,m_3497,107018,app_3852,started,400,400,1.56
c_1776,m_3497,175814,app_3852,started,400,400,1.56
c_1776,m_3497,209428,app_3852,started,400,400,1.56
c_1776,m_3497,260458,app_3852,started,400,400,1.56
c_1776,m_3497,350842,app_3852,started,400,400,1.56
c_1777,m_2362,0,app_2459,started,400,400,1.56
c_1777,m_2362,11022,app_2459,started,400,400,1.56
c_1777,m_2362,106230,app_2459,started,400,400,1.56
c_1777,m_2362,175549,app_2459,started,400,400,1.56
c_1777,m_2362,208726,app_2459,started,400,400,1.56
c_1777,m_2362,258037,app_2459,started,400,400,1.56
c_1777,m_2362,380950,app_2459,started,400,400,1.56
c_1778,m_3390,0,app_8253,started,400,400,1.95
c_1778,m_3390,13737,app_8253,started,400,400,1.95
c_1778,m_3390,109078,app_8253,started,400,400,1.95
c_1778,m_3390,260878,app_8253,started,400,400,1.95
c_1778,m_3390,340005,app_8253,started,400,400,1.95
c_1779,m_468,0,app_1221,started,400,480,1.56
c_1779,m_468,22742,app_1221,started,400,480,1.56
c_1779,m_468,117912,app_1221,started,400,480,1.56
c_1779,m_468,225054,app_1221,started,400,480,1.56
c_1779,m_468,269947,app_1221,started,400,480,1.56
c_1780,m_1865,0,app_4922,started,400,400,1.56
c_1780,m_1865,15239,app_4922,started,400,400,1.56
c_1780,m_1865,109738,app_4922,started,400,400,1.56
c_1780,m_1865,251057,app_4922,started,400,400,1.56
c_1780,m_1865,354421,app_4922,started,400,400,1.56
c_1781,m_3077,0,app_9723,started,400,400,1.56
c_1781,m_3077,9394,app_9723,started,400,400,1.56
c_1781,m_3077,72010,app_9723,started,400,400,1.56
c_1781,m_3077,72416,app_9723,started,400,400,1.56
c_1781,m_3077,104472,app_9723,started,400,400,1.56
c_1781,m_3077,173880,app_9723,started,400,400,1.56
c_1781,m_3077,207011,app_9723,started,400,400,1.56
c_1781,m_3077,256366,app_9723,started,400,400,1.56
c_1781,m_3077,378210,app_9723,started,400,400,1.56
c_1782,m_2978,0,app_1230,started,800,800,3.13
c_1782,m_2978,30231,app_1230,started,800,800,3.13
c_1782,m_2978,125415,app_1230,started,800,800,3.13
c_1782,m_2978,278853,app_1230,started,800,800,3.13
c_1782,m_2978,374009,app_1230,started,800,800,3.13
c_1783,m_1390,0,app_4852,started,400,480,1.56
c_1783,m_1390,31229,app_4852,started,400,480,1.56
c_1783,m_1390,127710,app_4852,started,400,480,1.56
c_1783,m_1390,278727,app_4852,started,400,480,1.56
c_1784,m_1286,0,app_4075,started,800,800,3.13
c_1784,m_1286,31335,app_4075,started,800,800,3.13
c_1784,m_1286,126595,app_4075,started,800,800,3.13
c_1784,m_1286,280303,app_4075,started,800,800,3.13
c_1784,m_1286,375280,app_4075,started,800,800,3.13
c_1785,m_779,0,app_9528,started,400,400,1.56
c_1785,m_779,125906,app_9528,started,400,400,1.56
c_1785,m_779,130166,app_9528,started,400,400,1.56
c_1785,m_779,162874,app_9528,started,400,400,1.56
c_1785,m_779,286580,app_9528,started,400,400,1.56
c_1785,m_779,381874,app_9528,started,400,400,1.56
c_1786,m_3972,0,app_7842,started,400,400,1.56
c_1786,m_3972,289358,app_7842,started,400,400,1.56
c_1786,m_3972,384882,app_7842,started,400,400,1.56
c_1787,m_1249,214282,app_9393,started,400,400,1.56
c_1787,m_1249,262732,app_9393,started,400,400,1.56
c_1787,m_1249,386346,app_9393,started,400,400,1.56
c_1788,m_3712,0,app_6779,started,400,400,1.56
c_1788,m_3712,286002,app_6779,started,400,400,1.56
c_1788,m_3712,381277,app_6779,started,400,400,1.56
c_1789,m_1927,0,app_8901,started,400,480,1.56
c_1789,m_1927,213691,app_8901,started,400,480,1.56
c_1789,m_1927,288167,app_8901,started,400,480,1.56
c_1790,m_3047,582268,app_3136,started,400,400,1.56
c_1790,m_3047,589131,app_3136,started,400,400,1.56
c_1790,m_3047,594803,app_3136,started,400,400,1.56
c_1791,m_1504,0,app_7428,started,400,400,1.56
c_1791,m_1504,33878,app_7428,started,400,400,1.56
c_1791,m_1504,129272,app_7428,started,400,400,1.56
c_1791,m_1504,282969,app_7428,started,400,400,1.56
c_1791,m_1504,378078,app_7428,started,400,400,1.56
c_1792,m_1055,0,app_6593,started,400,400,1.56
c_1792,m_1055,34251,app_6593,started,400,400,1.56
c_1792,m_1055,129657,app_6593,started,400,400,1.56
c_1792,m_1055,283344,app_6593,started,400,400,1.56
c_1792,m_1055,378460,app_6593,started,400,400,1.56
c_1793,m_307,0,app_5707,started,400,480,1.56
c_1793,m_307,16529,app_5707,started,400,480,1.56
c_1793,m_307,111054,app_5707,started,400,480,1.56
c_1793,m_307,264392,app_5707,started,400,480,1.56
c_1794,m_313,0,app_9709,started,400,400,1.56
c_1794,m_313,284900,app_9709,started,400,400,1.56
c_1794,m_313,451345,app_9709,started,400,400,1.56
c_1795,m_106,0,app_1596,started,400,480,1.56
c_1795,m_106,32348,app_1596,started,400,480,1.56
c_1795,m_106,127662,app_1596,started,400,480,1.56
c_1795,m_106,281336,app_1596,started,400,480,1.56
c_1795,m_106,376345,app_1596,started,400,480,1.56
c_1796,m_1773,0,app_3615,started,400,400,1.56
c_1796,m_1773,22970,app_3615,started,400,400,1.56
c_1796,m_1773,117786,app_3615,started,400,400,1.56
c_1796,m_1773,271189,app_3615,started,400,400,1.56
c_1796,m_1773,365323,app_3615,started,400,400,1.56
c_1797,m_3098,0,app_2683,started,400,400,1.56
c_1797,m_3098,14774,app_2683,started,400,400,1.56
c_1797,m_3098,109283,app_2683,started,400,400,1.56
c_1797,m_3098,177913,app_2683,started,400,400,1.56
c_1797,m_3098,262651,app_2683,started,400,400,1.56
c_1797,m_3098,353377,app_2683,started,400,400,1.56
c_1798,m_3506,0,app_8727,started,800,800,3.13
c_1798,m_3506,15185,app_8727,started,800,800,3.13
c_1798,m_3506,109683,app_8727,started,800,800,3.13
c_1798,m_3506,263057,app_8727,started,800,800,3.13
c_1798,m_3506,354310,app_8727,started,800,800,3.13
c_1798,m_3506,447083,app_8727,started,800,800,3.13
c_1798,m_3506,556147,app_8727,started,800,800,3.13
c_1799,m_2384,0,app_4038,started,800,800,2.34
c_1799,m_2384,15731,app_4038,started,800,800,2.34
c_1799,m_2384,110234,app_4038,started,800,800,2.34
c_1799,m_2384,263612,app_4038,started,800,800,2.34
c_1799,m_2384,355081,app_4038,started,800,800,2.34
c_1800,m_111,0,app_4624,started,400,400,1.56
c_1800,m_111,12716,app_4624,started,400,400,1.56
c_1800,m_111,108009,app_4624,started,400,400,1.56
c_1800,m_111,177291,app_4624,started,400,400,1.56
c_1800,m_111,210456,app_4624,started,400,400,1.56
c_1800,m_111,259832,app_4624,started,400,400,1.56
c_1800,m_111,383077,app_4624,started,400,400,1.56
c_1800,m_111,642731,app_4624,started,400,400,1.56
c_1801,m_1019,0,app_1276,started,400,400,1.56
c_1801,m_1019,13820,app_1276,started,400,400,1.56
c_1801,m_1019,108337,app_1276,started,400,400,1.56
c_1801,m_1019,177026,app_1276,started,400,400,1.56
c_1801,m_1019,210641,app_1276,started,400,400,1.56
c_1801,m_1019,261749,app_1276,started,400,400,1.56
c_1801,m_1019,352314,app_1276,started,400,400,1.56
c_1802,m_127,0,app_5320,started,400,400,1.56
c_1802,m_127,22283,app_5320,started,400,400,1.56
c_1802,m_127,40439,app_5320,started,400,400,1.56
c_1802,m_127,117439,app_5320,started,400,400,1.56
c_1802,m_127,269469,app_5320,started,400,400,1.56
c_1802,m_127,430478,app_5320,started,400,400,1.56
c_1803,m_16,0,app_8056,started,800,800,3.13
c_1803,m_16,12796,app_8056,started,800,800,3.13
c_1803,m_16,107274,app_8056,started,800,800,3.13
c_1803,m_16,176058,app_8056,started,800,800,3.13
c_1803,m_16,209671,app_8056,started,800,800,3.13
c_1803,m_16,260725,app_8056,started,800,800,3.13
c_1803,m_16,351117,app_8056,started,800,800,3.13
c_1804,m_3435,0,app_4233,started,400,400,1.56
c_1804,m_3435,13253,app_4233,started,400,400,1.56
c_1804,m_3435,108562,app_4233,started,400,400,1.56
c_1804,m_3435,177846,app_4233,started,400,400,1.56
c_1804,m_3435,260375,app_4233,started,400,400,1.56
c_1804,m_3435,384025,app_4233,started,400,400,1.56
c_1805,m_895,0,app_647,started,400,400,1.95
c_1805,m_895,13826,app_647,started,400,400,1.95
c_1805,m_895,109161,app_647,started,400,400,1.95
c_1805,m_895,260959,app_647,started,400,400,1.95
c_1805,m_895,384955,app_647,started,400,400,1.95
c_1806,m_1268,0,app_4088,started,400,400,1.56
c_1806,m_1268,34111,app_4088,started,400,400,1.56
c_1806,m_1268,53488,app_4088,started,400,400,1.56
c_1806,m_1268,281672,app_4088,started,400,400,1.56
c_1806,m_1268,447540,app_4088,started,400,400,1.56
c_1807,m_4026,0,app_1185,started,400,400,1.56
c_1807,m_4026,285201,app_1185,started,400,400,1.56
c_1807,m_4026,317233,app_1185,started,400,400,1.56
c_1808,m_959,0,app_198,started,800,800,3.13
c_1808,m_959,11015,app_198,started,800,800,3.13
c_1808,m_959,106223,app_198,started,800,800,3.13
c_1808,m_959,158042,app_198,started,800,800,3.13
c_1808,m_959,175543,app_198,started,800,800,3.13
c_1808,m_959,208719,app_198,started,800,800,3.13
c_1808,m_959,258030,app_198,started,800,800,3.13
c_1808,m_959,323181,app_198,started,800,800,3.13
c_1809,m_2626,0,app_9395,started,400,400,1.56
c_1809,m_2626,14402,app_9395,started,400,400,1.56
c_1809,m_2626,109764,app_9395,started,400,400,1.56
c_1809,m_2626,261560,app_9395,started,400,400,1.56
c_1809,m_2626,385556,app_9395,started,400,400,1.56
c_1810,m_1302,0,app_141,started,800,800,3.13
c_1810,m_1302,11316,app_141,started,800,800,3.13
c_1810,m_1302,105796,app_141,started,800,800,3.13
c_1810,m_1302,174681,app_141,started,800,800,3.13
c_1810,m_1302,208226,app_141,started,800,800,3.13
c_1810,m_1302,243722,app_141,started,800,800,3.13
c_1810,m_1302,259149,app_141,started,800,800,3.13
c_1811,m_3130,0,app_4750,started,400,400,1.56
c_1811,m_3130,34172,app_4750,started,400,400,1.56
c_1811,m_3130,77004,app_4750,started,400,400,1.56
c_1811,m_3130,80135,app_4750,started,400,400,1.56
c_1811,m_3130,129575,app_4750,started,400,400,1.56
c_1811,m_3130,161046,app_4750,started,400,400,1.56
c_1811,m_3130,283273,app_4750,started,400,400,1.56
c_1811,m_3130,378388,app_4750,started,400,400,1.56
c_1812,m_724,0,app_6890,started,400,480,1.56
c_1812,m_724,285366,app_6890,started,400,480,1.56
c_1812,m_724,318692,app_6890,started,400,480,1.56
c_1813,m_112,0,app_6503,started,400,480,1.56
c_1813,m_112,159392,app_6503,started,400,480,1.56
c_1813,m_112,285462,app_6503,started,400,480,1.56
c_1814,m_3398,0,app_1844,started,800,800,3.13
c_1814,m_3398,19664,app_1844,started,800,800,3.13
c_1814,m_3398,115318,app_1844,started,800,800,3.13
c_1814,m_3398,266875,app_1844,started,800,800,3.13
c_1814,m_3398,428835,app_1844,started,800,800,3.13
c_1815,m_251,0,app_5866,started,400,400,1.56
c_1815,m_251,12733,app_5866,started,400,400,1.56
c_1815,m_251,107210,app_5866,started,400,400,1.56
c_1815,m_251,175995,app_5866,started,400,400,1.56
c_1815,m_251,209608,app_5866,started,400,400,1.56
c_1815,m_251,260650,app_5866,started,400,400,1.56
c_1815,m_251,351051,app_5866,started,400,400,1.56
c_1816,m_955,0,app_5598,started,400,400,1.56
c_1816,m_955,21575,app_5598,started,400,400,1.56
c_1816,m_955,116444,app_5598,started,400,400,1.56
c_1816,m_955,269846,app_5598,started,400,400,1.56
c_1816,m_955,363886,app_5598,started,400,400,1.56
c_1817,m_3102,0,app_8732,started,400,480,1.56
c_1817,m_3102,19341,app_8732,started,400,480,1.56
c_1817,m_3102,114334,app_8732,started,400,480,1.56
c_1817,m_3102,267301,app_8732,started,400,480,1.56
c_1818,m_1388,641244,app_688,started,400,400,1.56
c_1819,m_2599,676755,app_1362,started,400,400,1.56
c_1819,m_2599,677194,app_1362,started,400,400,1.56
c_1820,m_3173,0,app_4456,started,400,400,1.56
c_1820,m_3173,10379,app_4456,started,400,400,1.56
c_1820,m_3173,104832,app_4456,started,400,400,1.56
c_1820,m_3173,173763,app_4456,started,400,400,1.56
c_1820,m_3173,207287,app_4456,started,400,400,1.56
c_1820,m_3173,258161,app_4456,started,400,400,1.56
c_1820,m_3173,348464,app_4456,started,400,400,1.56
c_1820,m_3173,377566,app_4456,started,400,400,1.56
c_1820,m_3173,435681,app_4456,started,400,400,1.56
c_1820,m_3173,549273,app_4456,started,400,400,1.56
c_1821,m_186,0,app_8197,started,400,400,1.56
c_1821,m_186,287189,app_8197,started,400,400,1.56
c_1821,m_186,382502,app_8197,started,400,400,1.56
c_1822,m_3215,345953,app_2570,started,400,400,1.56
c_1823,m_201,0,app_9405,started,400,400,1.56
c_1823,m_201,26768,app_9405,started,400,400,1.56
c_1823,m_201,122901,app_9405,started,400,400,1.56
c_1823,m_201,274076,app_9405,started,400,400,1.56
c_1823,m_201,401320,app_9405,started,400,400,1.56
c_1824,m_3052,0,app_1060,started,400,480,1.56
c_1824,m_3052,19854,app_1060,started,400,480,1.56
c_1824,m_3052,115511,app_1060,started,400,480,1.56
c_1824,m_3052,267061,app_1060,started,400,480,1.56
c_1825,m_199,0,app_5444,started,400,400,1.56
c_1825,m_199,24607,app_5444,started,400,400,1.56
c_1825,m_199,120558,app_5444,started,400,400,1.56
c_1825,m_199,271828,app_5444,started,400,400,1.56
c_1825,m_199,398708,app_5444,started,400,400,1.56
c_1826,m_344,163786,app_2324,started,800,800,6.25
c_1826,m_344,219553,app_2324,started,800,800,6.25
c_1826,m_344,229281,app_2324,started,800,800,6.25
c_1826,m_344,316897,app_2324,started,800,800,6.25
c_1826,m_344,447877,app_2324,started,800,800,6.25
c_1827,m_389,0,app_2983,started,400,480,1.56
c_1827,m_389,22646,app_2983,started,400,480,1.56
c_1827,m_389,117812,app_2983,started,400,480,1.56
c_1827,m_389,269853,app_2983,started,400,480,1.56
c_1828,m_3913,164028,app_3275,started,1600,1600,11.72
c_1828,m_3913,229510,app_3275,started,1600,1600,11.72
c_1828,m_3913,448347,app_3275,started,1600,1600,11.72
c_1829,m_829,125867,app_3120,started,400,400,1.56
c_1829,m_829,126153,app_3120,started,400,400,1.56
c_1830,m_532,0,app_460,started,400,400,1.56
c_1830,m_532,77022,app_460,started,400,400,1.56
c_1830,m_532,80136,app_460,started,400,400,1.56
c_1830,m_532,212397,app_460,started,400,400,1.56
c_1830,m_532,259531,app_460,started,400,400,1.56
c_1830,m_532,382163,app_460,started,400,400,1.56
c_1830,m_532,667565,app_460,started,400,400,1.56
c_1831,m_3774,0,app_3172,started,400,400,3.13
c_1831,m_3774,285239,app_3172,started,400,400,3.13
c_1831,m_3774,451694,app_3172,started,400,400,3.13
c_1832,m_364,0,app_4095,started,400,400,1.56
c_1832,m_364,30135,app_4095,started,400,400,1.56
c_1832,m_364,125319,app_4095,started,400,400,1.56
c_1832,m_364,278758,app_4095,started,400,400,1.56
c_1832,m_364,373897,app_4095,started,400,400,1.56
c_1833,m_2717,0,app_5732,started,800,800,3.13
c_1833,m_2717,16273,app_5732,started,800,800,3.13
c_1833,m_2717,110784,app_5732,started,800,800,3.13
c_1833,m_2717,264131,app_5732,started,800,800,3.13
c_1833,m_2717,355601,app_5732,started,800,800,3.13
c_1833,m_2717,448365,app_5732,started,800,800,3.13
c_1833,m_2717,557622,app_5732,started,800,800,3.13
c_1834,m_1646,0,app_2899,started,400,400,1.56
c_1834,m_1646,9530,app_2899,started,400,400,1.56
c_1834,m_1646,103927,app_2899,started,400,400,1.56
c_1834,m_1646,172872,app_2899,started,400,400,1.56
c_1834,m_1646,206449,app_2899,started,400,400,1.56
c_1834,m_1646,257255,app_2899,started,400,400,1.56
c_1834,m_1646,347549,app_2899,started,400,400,1.56
c_1834,m_1646,635272,app_2899,started,400,400,1.56
c_1835,m_3840,0,app_7740,started,400,400,1.56
c_1835,m_3840,32590,app_7740,started,400,400,1.56
c_1835,m_3840,127922,app_7740,started,400,400,1.56
c_1835,m_3840,221447,app_7740,started,400,400,1.56
c_1835,m_3840,281592,app_7740,started,400,400,1.56
c_1835,m_3840,376625,app_7740,started,400,400,1.56
c_1836,m_3204,0,app_4935,started,400,400,1.56
c_1836,m_3204,20053,app_4935,started,400,400,1.56
c_1836,m_3204,115722,app_4935,started,400,400,1.56
c_1836,m_3204,267265,app_4935,started,400,400,1.56
c_1836,m_3204,429317,app_4935,started,400,400,1.56
c_1837,m_2539,0,app_3632,started,400,400,1.56
c_1837,m_2539,31074,app_3632,started,400,400,1.56
c_1837,m_2539,126326,app_3632,started,400,400,1.56
c_1837,m_2539,158035,app_3632,started,400,400,1.56
c_1837,m_2539,279759,app_3632,started,400,400,1.56
c_1837,m_2539,334295,app_3632,started,400,400,1.56
c_1838,m_423,0,app_2623,started,400,400,1.56
c_1838,m_423,32193,app_2623,started,400,400,1.56
c_1838,m_423,128753,app_2623,started,400,400,1.56
c_1838,m_423,158038,app_2623,started,400,400,1.56
c_1838,m_423,164919,app_2623,started,400,400,1.56
c_1838,m_423,279690,app_2623,started,400,400,1.56
c_1838,m_423,324075,app_2623,started,400,400,1.56
c_1839,m_505,0,app_5102,started,800,800,3.13
c_1839,m_505,228196,app_5102,started,800,800,3.13
c_1839,m_505,285025,app_5102,started,800,800,3.13
c_1839,m_505,339065,app_5102,started,800,800,3.13
c_1840,m_3763,0,app_1276,started,400,400,1.56
c_1840,m_3763,290951,app_1276,started,400,400,1.56
c_1840,m_3763,386559,app_1276,started,400,400,1.56
c_1841,m_165,0,app_8725,started,400,480,1.56
c_1841,m_165,17166,app_8725,started,400,480,1.56
c_1841,m_165,111696,app_8725,started,400,480,1.56
c_1841,m_165,253528,app_8725,started,400,480,1.56
c_1842,m_1934,0,app_3302,started,400,400,1.56
c_1842,m_1934,33013,app_3302,started,400,400,1.56
c_1842,m_1934,62035,app_3302,started,400,400,1.56
c_1842,m_1934,128364,app_3302,started,400,400,1.56
c_1842,m_1934,282049,app_3302,started,400,400,1.56
c_1842,m_1934,377116,app_3302,started,400,400,1.56
c_1843,m_2106,0,app_3550,stopped,400,400,1.56
c_1843,m_2106,7089,app_3550,stopped,400,400,1.56
c_1843,m_2106,22519,app_3550,stopped,400,400,1.56
c_1843,m_2106,34991,app_3550,stopped,400,400,1.56
c_1843,m_2106,269719,app_3550,stopped,400,400,1.56
c_1843,m_2106,318130,app_3550,stopped,400,400,1.56
c_1844,m_3898,0,app_7876,started,800,800,3.13
c_1844,m_3898,10775,app_7876,started,800,800,3.13
c_1844,m_3898,105980,app_7876,started,800,800,3.13
c_1844,m_3898,175309,app_7876,started,800,800,3.13
c_1844,m_3898,208453,app_7876,started,800,800,3.13
c_1844,m_3898,257796,app_7876,started,800,800,3.13
c_1844,m_3898,347361,app_7876,started,800,800,3.13
c_1844,m_3898,640076,app_7876,started,800,800,3.13
c_1845,m_641,170826,app_100,started,400,400,1.56
c_1845,m_641,257528,app_100,started,400,400,1.56
c_1845,m_641,347839,app_100,started,400,400,1.56
c_1846,m_274,0,app_6841,started,400,400,1.56
c_1846,m_274,11570,app_6841,started,400,400,1.56
c_1846,m_274,106812,app_6841,started,400,400,1.56
c_1846,m_274,158039,app_6841,started,400,400,1.56
c_1846,m_274,176118,app_6841,started,400,400,1.56
c_1846,m_274,209282,app_6841,started,400,400,1.56
c_1846,m_274,258588,app_6841,started,400,400,1.56
c_1846,m_274,337263,app_6841,started,400,400,1.56
c_1847,m_1798,0,app_5115,started,400,400,1.56
c_1847,m_1798,34245,app_5115,started,400,400,1.56
c_1847,m_1798,240203,app_5115,started,400,400,1.56
c_1847,m_1798,447821,app_5115,started,400,400,1.56
c_1848,m_656,0,app_9741,started,400,400,1.56
c_1848,m_656,287533,app_9741,started,400,400,1.56
c_1848,m_656,382873,app_9741,started,400,400,1.56
c_1849,m_1606,0,app_4176,started,800,800,3.13
c_1849,m_1606,27103,app_4176,started,800,800,3.13
c_1849,m_1606,123255,app_4176,started,800,800,3.13
c_1849,m_1606,274428,app_4176,started,800,800,3.13
c_1849,m_1606,436261,app_4176,started,800,800,3.13
c_1850,m_2564,0,app_5428,started,400,400,3.13
c_1850,m_2564,287139,app_5428,started,400,400,3.13
c_1850,m_2564,323188,app_5428,started,400,400,3.13
c_1851,m_2243,0,app_1596,started,400,400,1.56
c_1851,m_2243,14922,app_1596,started,400,400,1.56
c_1851,m_2243,109427,app_1596,started,400,400,1.56
c_1851,m_2243,178052,app_1596,started,400,400,1.56
c_1851,m_2243,262788,app_1596,started,400,400,1.56
c_1851,m_2243,353764,app_1596,started,400,400,1.56
c_1851,m_2243,446895,app_1596,started,400,400,1.56
c_1851,m_2243,555800,app_1596,started,400,400,1.56
c_1852,m_3762,0,app_5652,started,400,400,1.56
c_1852,m_3762,19633,app_5652,started,400,400,1.56
c_1852,m_3762,39177,app_5652,started,400,400,1.56
c_1852,m_3762,115281,app_5652,started,400,400,1.56
c_1852,m_3762,266843,app_5652,started,400,400,1.56
c_1852,m_3762,428749,app_5652,started,400,400,1.56
c_1853,m_2442,0,app_1596,started,400,400,1.56
c_1853,m_2442,13029,app_1596,started,400,400,1.56
c_1853,m_2442,107523,app_1596,started,400,400,1.56
c_1853,m_2442,176278,app_1596,started,400,400,1.56
c_1853,m_2442,209888,app_1596,started,400,400,1.56
c_1853,m_2442,260949,app_1596,started,400,400,1.56
c_1853,m_2442,342021,app_1596,started,400,400,1.56
c_1854,m_679,0,app_5805,started,800,800,6.25
c_1854,m_679,11719,app_5805,started,800,800,6.25
c_1854,m_679,106969,app_5805,started,800,800,6.25
c_1854,m_679,176271,app_5805,started,800,800,6.25
c_1854,m_679,209436,app_5805,started,800,800,6.25
c_1854,m_679,258743,app_5805,started,800,800,6.25
c_1854,m_679,342199,app_5805,started,800,800,6.25
c_1855,m_812,0,app_8532,started,1600,1600,6.25
c_1855,m_812,285167,app_8532,started,1600,1600,6.25
c_1855,m_812,342033,app_8532,started,1600,1600,6.25
c_1856,m_3680,0,app_66,started,400,400,1.56
c_1856,m_3680,9389,app_66,started,400,400,1.56
c_1856,m_3680,104467,app_66,started,400,400,1.56
c_1856,m_3680,173875,app_66,started,400,400,1.56
c_1856,m_3680,207005,app_66,started,400,400,1.56
c_1856,m_3680,256361,app_66,started,400,400,1.56
c_1856,m_3680,416273,app_66,started,400,400,1.56
c_1857,m_176,0,app_5416,started,400,400,1.56
c_1857,m_176,13574,app_5416,started,400,400,1.56
c_1857,m_176,108901,app_5416,started,400,400,1.56
c_1857,m_176,260716,app_5416,started,400,400,1.56
c_1857,m_176,384605,app_5416,started,400,400,1.56
c_1858,m_46,0,app_263,started,800,800,3.13
c_1858,m_46,15415,app_263,started,800,800,3.13
c_1858,m_46,109914,app_263,started,800,800,3.13
c_1858,m_46,263277,app_263,started,800,800,3.13
c_1858,m_46,347398,app_263,started,800,800,3.13
c_1858,m_46,643574,app_263,started,800,800,3.13
c_1859,m_3669,0,app_4636,started,400,400,1.56
c_1859,m_3669,22315,app_4636,started,400,400,1.56
c_1859,m_3669,63540,app_4636,started,400,400,1.56
c_1859,m_3669,117471,app_4636,started,400,400,1.56
c_1859,m_3669,269502,app_4636,started,400,400,1.56
c_1859,m_3669,430518,app_4636,started,400,400,1.56
c_1860,m_2204,0,app_9753,started,400,400,1.56
c_1860,m_2204,24114,app_9753,started,400,400,1.56
c_1860,m_2204,118989,app_9753,started,400,400,1.56
c_1860,m_2204,272378,app_9753,started,400,400,1.56
c_1860,m_2204,366762,app_9753,started,400,400,1.56
c_1861,m_1446,0,app_4619,started,800,800,3.13
c_1861,m_1446,290258,app_4619,started,800,800,3.13
c_1862,m_1643,0,app_8493,started,400,400,1.56
c_1862,m_1643,13799,app_8493,started,400,400,1.56
c_1862,m_1643,109142,app_8493,started,400,400,1.56
c_1862,m_1643,260940,app_8493,started,400,400,1.56
c_1862,m_1643,384942,app_8493,started,400,400,1.56
c_1863,m_960,0,app_3154,started,400,400,1.56
c_1863,m_960,24158,app_3154,started,400,400,1.56
c_1863,m_960,119956,app_3154,started,400,400,1.56
c_1863,m_960,271382,app_3154,started,400,400,1.56
c_1863,m_960,397720,app_3154,started,400,400,1.56
c_1864,m_3446,0,app_6491,started,400,400,1.56
c_1864,m_3446,15177,app_6491,started,400,400,1.56
c_1864,m_3446,110540,app_6491,started,400,400,1.56
c_1864,m_3446,164038,app_6491,started,400,400,1.56
c_1864,m_3446,262288,app_6491,started,400,400,1.56
c_1865,m_2702,0,app_2497,started,400,400,1.56
c_1865,m_2702,15914,app_2497,started,400,400,1.56
c_1865,m_2702,110418,app_2497,started,400,400,1.56
c_1865,m_2702,125924,app_2497,started,400,400,1.56
c_1865,m_2702,130170,app_2497,started,400,400,1.56
c_1865,m_2702,263790,app_2497,started,400,400,1.56
c_1865,m_2702,330724,app_2497,started,400,400,1.56
c_1866,m_3421,0,app_3275,started,1600,1600,11.72
c_1866,m_3421,27031,app_3275,started,1600,1600,11.72
c_1866,m_3421,123178,app_3275,started,1600,1600,11.72
c_1866,m_3421,274354,app_3275,started,1600,1600,11.72
c_1866,m_3421,336125,app_3275,started,1600,1600,11.72
c_1867,m_2982,162832,app_2324,started,800,800,6.25
c_1867,m_2982,284942,app_2324,started,800,800,6.25
c_1867,m_2982,451367,app_2324,started,800,800,6.25
c_1868,m_1055,0,app_7050,started,400,400,1.56
c_1868,m_1055,34251,app_7050,started,400,400,1.56
c_1868,m_1055,129657,app_7050,started,400,400,1.56
c_1868,m_1055,283344,app_7050,started,400,400,1.56
c_1868,m_1055,378460,app_7050,started,400,400,1.56
c_1869,m_2055,0,app_1848,started,400,480,1.56
c_1869,m_2055,22538,app_1848,started,400,480,1.56
c_1869,m_2055,117700,app_1848,started,400,480,1.56
c_1869,m_2055,269737,app_1848,started,400,480,1.56
c_1870,m_985,0,app_222,started,400,400,1.56
c_1870,m_985,22847,app_222,started,400,400,1.56
c_1870,m_985,118019,app_222,started,400,400,1.56
c_1870,m_985,236763,app_222,started,400,400,1.56
c_1870,m_985,431225,app_222,started,400,400,1.56
c_1871,m_1270,0,app_2176,started,400,400,1.56
c_1871,m_1270,34392,app_2176,started,400,400,1.56
c_1871,m_1270,129804,app_2176,started,400,400,1.56
c_1871,m_1270,283492,app_2176,started,400,400,1.56
c_1871,m_1270,582826,app_2176,started,400,400,1.56
c_1872,m_747,0,app_5070,started,400,400,1.56
c_1872,m_747,31017,app_5070,started,400,400,1.56
c_1872,m_747,127496,app_5070,started,400,400,1.56
c_1872,m_747,278520,app_5070,started,400,400,1.56
c_1872,m_747,403450,app_5070,started,400,400,1.56
c_1873,m_2602,0,app_6234,started,1600,1600,6.25
c_1873,m_2602,29496,app_6234,started,1600,1600,6.25
c_1873,m_2602,125832,app_6234,started,1600,1600,6.25
c_1873,m_2602,276909,app_6234,started,1600,1600,6.25
c_1873,m_2602,439928,app_6234,started,1600,1600,6.25
c_1874,m_1772,0,app_1140,started,400,400,1.56
c_1874,m_1772,11165,app_1140,started,400,400,1.56
c_1874,m_1772,51108,app_1140,started,400,400,1.56
c_1874,m_1772,105641,app_1140,started,400,400,1.56
c_1874,m_1772,174533,app_1140,started,400,400,1.56
c_1874,m_1772,208075,app_1140,started,400,400,1.56
c_1874,m_1772,258993,app_1140,started,400,400,1.56
c_1874,m_1772,349319,app_1140,started,400,400,1.56
c_1875,m_3396,0,app_3539,started,400,400,1.56
c_1875,m_3396,32979,app_3539,started,400,400,1.56
c_1875,m_3396,128329,app_3539,started,400,400,1.56
c_1875,m_3396,282015,app_3539,started,400,400,1.56
c_1875,m_3396,377078,app_3539,started,400,400,1.56
c_1876,m_22,0,app_9358,started,400,400,1.56
c_1876,m_22,34917,app_9358,started,400,400,1.56
c_1876,m_22,282522,app_9358,started,400,400,1.56
c_1876,m_22,448612,app_9358,started,400,400,1.56
c_1877,m_3658,0,app_8746,started,400,400,1.56
c_1877,m_3658,29961,app_8746,started,400,400,1.56
c_1877,m_3658,125147,app_8746,started,400,400,1.56
c_1877,m_3658,278581,app_8746,started,400,400,1.56
c_1877,m_3658,373689,app_8746,started,400,400,1.56
c_1878,m_248,0,app_2324,started,800,800,6.25
c_1878,m_248,11108,app_2324,started,800,800,6.25
c_1878,m_248,105580,app_2324,started,800,800,6.25
c_1878,m_248,174477,app_2324,started,800,800,6.25
c_1878,m_248,208018,app_2324,started,800,800,6.25
c_1878,m_248,258935,app_2324,started,800,800,6.25
c_1878,m_248,341765,app_2324,started,800,800,6.25
c_1879,m_3262,0,app_2640,started,400,480,1.56
c_1879,m_3262,17141,app_2640,started,400,480,1.56
c_1879,m_3262,111670,app_2640,started,400,480,1.56
c_1879,m_3262,264985,app_2640,started,400,480,1.56
c_1880,m_1267,0,app_5570,started,400,400,1.56
c_1880,m_1267,22639,app_5570,started,400,400,1.56
c_1880,m_1267,117450,app_5570,started,400,400,1.56
c_1880,m_1267,270852,app_5570,started,400,400,1.56
c_1880,m_1267,364942,app_5570,started,400,400,1.56
c_1880,m_1267,567213,app_5570,started,400,400,1.56
c_1881,m_442,0,app_8431,started,400,400,1.56
c_1881,m_442,35267,app_8431,started,400,400,1.56
c_1881,m_442,282902,app_8431,started,400,400,1.56
c_1881,m_442,449210,app_8431,started,400,400,1.56
c_1882,m_2432,317143,app_8742,started,800,800,3.13
c_1883,m_1541,0,app_7876,started,800,800,3.13
c_1883,m_1541,290956,app_7876,started,800,800,3.13
c_1883,m_1541,386564,app_7876,started,800,800,3.13
c_1884,m_622,0,app_966,started,800,800,3.13
c_1884,m_622,15017,app_966,started,800,800,3.13
c_1884,m_622,109521,app_966,started,800,800,3.13
c_1884,m_622,262880,app_966,started,800,800,3.13
c_1884,m_622,353944,app_966,started,800,800,3.13
c_1884,m_622,446962,app_966,started,800,800,3.13
c_1884,m_622,555922,app_966,started,800,800,3.13
c_1885,m_2371,0,app_7475,started,400,400,1.56
c_1885,m_2371,13468,app_7475,started,400,400,1.56
c_1885,m_2371,38692,app_7475,started,400,400,1.56
c_1885,m_2371,107971,app_7475,started,400,400,1.56
c_1885,m_2371,176676,app_7475,started,400,400,1.56
c_1885,m_2371,210293,app_7475,started,400,400,1.56
c_1885,m_2371,261380,app_7475,started,400,400,1.56
c_1885,m_2371,351949,app_7475,started,400,400,1.56
c_1885,m_2371,641142,app_7475,started,400,400,1.56
c_1886,m_2702,0,app_3517,started,800,800,1.56
c_1886,m_2702,15914,app_3517,started,800,800,1.56
c_1886,m_2702,110418,app_3517,started,800,800,1.56
c_1886,m_2702,125924,app_3517,started,800,800,1.56
c_1886,m_2702,130170,app_3517,started,800,800,1.56
c_1886,m_2702,263790,app_3517,started,800,800,1.56
c_1886,m_2702,330724,app_3517,started,800,800,1.56
c_1887,m_1116,0,app_1209,started,400,400,1.56
c_1887,m_1116,30823,app_1209,started,400,400,1.56
c_1887,m_1116,127292,app_1209,started,400,400,1.56
c_1887,m_1116,219612,app_1209,started,400,400,1.56
c_1887,m_1116,220153,app_1209,started,400,400,1.56
c_1887,m_1116,278304,app_1209,started,400,400,1.56
c_1887,m_1116,442180,app_1209,started,400,400,1.56
c_1888,m_2536,0,app_56,started,400,400,1.56
c_1888,m_2536,22790,app_56,started,400,400,1.56
c_1888,m_2536,117606,app_56,started,400,400,1.56
c_1888,m_2536,271010,app_56,started,400,400,1.56
c_1888,m_2536,365128,app_56,started,400,400,1.56
c_1889,m_43,668281,app_7876,started,800,800,3.13
c_1890,m_2405,161031,app_8508,started,400,400,1.56
c_1890,m_2405,287668,app_8508,started,400,400,1.56
c_1890,m_2405,383016,app_8508,started,400,400,1.56
c_1891,m_2404,0,app_6026,started,400,400,1.56
c_1891,m_2404,7574,app_6026,started,400,400,1.56
c_1891,m_2404,102559,app_6026,started,400,400,1.56
c_1891,m_2404,171986,app_6026,started,400,400,1.56
c_1891,m_2404,205136,app_6026,started,400,400,1.56
c_1891,m_2404,254494,app_6026,started,400,400,1.56
c_1891,m_2404,376513,app_6026,started,400,400,1.56
c_1891,m_2404,635212,app_6026,started,400,400,1.56
c_1892,m_2590,0,app_130,started,800,800,3.13
c_1892,m_2590,12655,app_130,started,800,800,3.13
c_1892,m_2590,107944,app_130,started,800,800,3.13
c_1892,m_2590,177229,app_130,started,800,800,3.13
c_1892,m_2590,210395,app_130,started,800,800,3.13
c_1892,m_2590,259767,app_130,started,800,800,3.13
c_1892,m_2590,382973,app_130,started,800,800,3.13
c_1893,m_1161,0,app_9657,started,400,400,1.56
c_1893,m_1161,26731,app_9657,started,400,400,1.56
c_1893,m_1161,122860,app_9657,started,400,400,1.56
c_1893,m_1161,274038,app_9657,started,400,400,1.56
c_1893,m_1161,401274,app_9657,started,400,400,1.56
c_1894,m_273,164361,app_7876,started,800,800,3.13
c_1894,m_273,276898,app_7876,started,800,800,3.13
c_1894,m_273,316894,app_7876,started,800,800,3.13
c_1895,m_1766,578607,app_4220,started,800,800,3.13
c_1895,m_1766,588707,app_4220,started,800,800,3.13
c_1895,m_1766,594597,app_4220,started,800,800,3.13
c_1895,m_1766,664848,app_4220,started,800,800,3.13
c_1896,m_2664,38436,app_9708,started,400,400,1.56
c_1897,m_1506,0,app_4650,started,800,800,3.13
c_1897,m_1506,228826,app_4650,started,800,800,3.13
c_1898,m_2789,0,app_888,started,800,800,3.13
c_1898,m_2789,10995,app_888,started,800,800,3.13
c_1898,m_2789,105468,app_888,started,800,800,3.13
c_1898,m_2789,174372,app_888,started,800,800,3.13
c_1898,m_2789,207912,app_888,started,800,800,3.13
c_1898,m_2789,258821,app_888,started,800,800,3.13
c_1898,m_2789,349141,app_888,started,800,800,3.13
c_1899,m_136,0,app_8786,started,400,400,1.56
c_1899,m_136,10750,app_8786,started,400,400,1.56
c_1899,m_136,105956,app_8786,started,400,400,1.56
c_1899,m_136,175286,app_8786,started,400,400,1.56
c_1899,m_136,208430,app_8786,started,400,400,1.56
c_1899,m_136,257774,app_8786,started,400,400,1.56
c_1899,m_136,380605,app_8786,started,400,400,1.56
c_1900,m_75,0,app_2088,started,400,400,1.56
c_1900,m_75,8034,app_2088,started,400,400,1.56
c_1900,m_75,103049,app_2088,started,400,400,1.56
c_1900,m_75,172448,app_2088,started,400,400,1.56
c_1900,m_75,205617,app_2088,started,400,400,1.56
c_1900,m_75,254975,app_2088,started,400,400,1.56
c_1900,m_75,377053,app_2088,started,400,400,1.56
c_1901,m_2937,0,app_6852,started,400,480,1.56
c_1901,m_2937,26416,app_6852,started,400,480,1.56
c_1901,m_2937,121348,app_6852,started,400,480,1.56
c_1901,m_2937,186124,app_6852,started,400,480,1.56
c_1901,m_2937,274808,app_6852,started,400,480,1.56
c_1902,m_166,0,app_4306,started,400,400,1.56
c_1902,m_166,285013,app_4306,started,400,400,1.56
c_1902,m_166,380219,app_4306,started,400,400,1.56
c_1903,m_3426,0,app_4639,started,400,400,1.56
c_1903,m_3426,284974,app_4639,started,400,400,1.56
c_1903,m_3426,342185,app_4639,started,400,400,1.56
c_1904,m_329,0,app_2497,started,400,400,1.56
c_1904,m_329,10601,app_2497,started,400,400,1.56
c_1904,m_329,105791,app_2497,started,400,400,1.56
c_1904,m_329,175132,app_2497,started,400,400,1.56
c_1904,m_329,208262,app_2497,started,400,400,1.56
c_1904,m_329,257619,app_2497,started,400,400,1.56
c_1904,m_329,380305,app_2497,started,400,400,1.56
c_1905,m_592,0,app_3548,started,800,800,3.13
c_1905,m_592,27114,app_3548,started,800,800,3.13
c_1905,m_592,123266,app_3548,started,800,800,3.13
c_1905,m_592,274440,app_3548,started,800,800,3.13
c_1905,m_592,436270,app_3548,started,800,800,3.13
c_1906,m_729,0,app_1133,started,400,400,1.56
c_1906,m_729,284748,app_1133,started,400,400,1.56
c_1906,m_729,379912,app_1133,started,400,400,1.56
c_1907,m_3350,1923,app_8866,started,400,400,1.56
c_1907,m_3350,32875,app_8866,started,400,400,1.56
c_1907,m_3350,129491,app_8866,started,400,400,1.56
c_1907,m_3350,280400,app_8866,started,400,400,1.56
c_1907,m_3350,407092,app_8866,started,400,400,1.56
c_1908,m_2699,0,app_9617,started,800,800,1.56
c_1908,m_2699,25256,app_9617,started,800,800,1.56
c_1908,m_2699,120148,app_9617,started,800,800,1.56
c_1908,m_2699,273537,app_9617,started,800,800,1.56
c_1908,m_2699,368103,app_9617,started,800,800,1.56
c_1909,m_3640,0,app_3514,started,400,400,1.56
c_1909,m_3640,8919,app_3514,started,400,400,1.56
c_1909,m_3640,103989,app_3514,started,400,400,1.56
c_1909,m_3640,173402,app_3514,started,400,400,1.56
c_1909,m_3640,206532,app_3514,started,400,400,1.56
c_1909,m_3640,255903,app_3514,started,400,400,1.56
c_1909,m_3640,415551,app_3514,started,400,400,1.56
c_1909,m_3640,637492,app_3514,started,400,400,1.56
c_1910,m_2124,0,app_615,started,400,400,1.56
c_1910,m_2124,9312,app_615,started,400,400,1.56
c_1910,m_2124,49251,app_615,started,400,400,1.56
c_1910,m_2124,104381,app_615,started,400,400,1.56
c_1910,m_2124,173797,app_615,started,400,400,1.56
c_1910,m_2124,206922,app_615,started,400,400,1.56
c_1910,m_2124,256281,app_615,started,400,400,1.56
c_1910,m_2124,416128,app_615,started,400,400,1.56
c_1911,m_3941,0,app_1079,started,400,400,1.56
c_1911,m_3941,21947,app_1079,started,400,400,1.56
c_1911,m_3941,116724,app_1079,started,400,400,1.56
c_1911,m_3941,270125,app_1079,started,400,400,1.56
c_1911,m_3941,364176,app_1079,started,400,400,1.56
c_1911,m_3941,566264,app_1079,started,400,400,1.56
c_1912,m_1404,163104,app_4142,started,800,800,6.25
c_1912,m_1404,227611,app_4142,started,800,800,6.25
c_1912,m_1404,316898,app_4142,started,800,800,6.25
c_1912,m_1404,384835,app_4142,started,800,800,6.25
c_1913,m_2419,0,app_4734,started,800,800,6.25
c_1913,m_2419,10756,app_4734,started,800,800,6.25
c_1913,m_2419,105221,app_4734,started,800,800,6.25
c_1913,m_2419,174135,app_4734,started,800,800,6.25
c_1913,m_2419,207668,app_4734,started,800,800,6.25
c_1913,m_2419,258558,app_4734,started,800,800,6.25
c_1913,m_2419,348866,app_4734,started,800,800,6.25
c_1914,m_2315,578730,app_1499,started,800,800,3.13
c_1914,m_2315,588807,app_1499,started,800,800,3.13
c_1914,m_2315,594557,app_1499,started,800,800,3.13
c_1914,m_2315,664756,app_1499,started,800,800,3.13
c_1915,m_932,0,app_5895,started,400,400,1.56
c_1915,m_932,9495,app_5895,started,400,400,1.56
c_1915,m_932,49299,app_5895,started,400,400,1.56
c_1915,m_932,104591,app_5895,started,400,400,1.56
c_1915,m_932,173983,app_5895,started,400,400,1.56
c_1915,m_932,207116,app_5895,started,400,400,1.56
c_1915,m_932,256468,app_5895,started,400,400,1.56
c_1915,m_932,416425,app_5895,started,400,400,1.56
c_1916,m_1078,0,app_5190,started,400,400,1.56
c_1916,m_1078,34121,app_5190,started,400,400,1.56
c_1916,m_1078,129523,app_5190,started,400,400,1.56
c_1916,m_1078,244714,app_5190,started,400,400,1.56
c_1916,m_1078,318254,app_5190,started,400,400,1.56
c_1917,m_2386,0,app_5111,started,400,400,1.56
c_1917,m_2386,22779,app_5111,started,400,400,1.56
c_1917,m_2386,117594,app_5111,started,400,400,1.56
c_1917,m_2386,270999,app_5111,started,400,400,1.56
c_1917,m_2386,317225,app_5111,started,400,400,1.56
c_1918,m_1639,0,app_8134,started,400,480,1.56
c_1918,m_1639,17938,app_8134,started,400,480,1.56
c_1918,m_1639,112541,app_8134,started,400,480,1.56
c_1918,m_1639,265850,app_8134,started,400,480,1.56
c_1918,m_1639,581714,app_8134,started,400,480,1.56
c_1919,m_1744,0,app_4980,started,400,400,1.56
c_1919,m_1744,166425,app_4980,started,400,400,1.56
c_1919,m_1744,289345,app_4980,started,400,400,1.56
c_1919,m_1744,384868,app_4980,started,400,400,1.56
c_1919,m_1744,676873,app_4980,started,400,400,1.56
c_1920,m_3972,0,app_6556,started,400,400,1.56
c_1920,m_3972,289358,app_6556,started,400,400,1.56
c_1920,m_3972,384882,app_6556,started,400,400,1.56
c_1920,m_3972,591010,app_6556,started,400,400,1.56
c_1921,m_1931,0,app_6662,started,400,400,1.56
c_1921,m_1931,8522,app_6662,started,400,400,1.56
c_1921,m_1931,103569,app_6662,started,400,400,1.56
c_1921,m_1931,127016,app_6662,started,400,400,1.56
c_1921,m_1931,172984,app_6662,started,400,400,1.56
c_1921,m_1931,206122,app_6662,started,400,400,1.56
c_1921,m_1931,255468,app_6662,started,400,400,1.56
c_1921,m_1931,323298,app_6662,started,400,400,1.56
c_1922,m_72,0,app_2111,started,400,400,1.56
c_1922,m_72,13322,app_2111,started,400,400,1.56
c_1922,m_72,108636,app_2111,started,400,400,1.56
c_1922,m_72,260447,app_2111,started,400,400,1.56
c_1922,m_72,384175,app_2111,started,400,400,1.56
c_1922,m_72,570059,app_2111,started,400,400,1.56
c_1923,m_805,0,app_4038,started,800,800,2.34
c_1923,m_805,285536,app_4038,started,800,800,2.34
c_1923,m_805,380758,app_4038,started,800,800,2.34
c_1924,m_1461,423,app_3246,started,1600,1600,6.25
c_1924,m_1461,11858,app_3246,started,1600,1600,6.25
c_1924,m_1461,107118,app_3246,started,1600,1600,6.25
c_1924,m_1461,176424,app_3246,started,1600,1600,6.25
c_1924,m_1461,209580,app_3246,started,1600,1600,6.25
c_1924,m_1461,258884,app_3246,started,1600,1600,6.25
c_1924,m_1461,418298,app_3246,started,1600,1600,6.25
c_1924,m_1461,641594,app_3246,started,1600,1600,6.25
c_1925,m_3377,0,app_1014,started,400,400,1.56
c_1925,m_3377,18036,app_1014,started,400,400,1.56
c_1925,m_3377,112640,app_1014,started,400,400,1.56
c_1925,m_3377,265948,app_1014,started,400,400,1.56
c_1925,m_3377,359207,app_1014,started,400,400,1.56
c_1926,m_3873,0,app_5220,started,400,400,1.56
c_1926,m_3873,21926,app_5220,started,400,400,1.56
c_1926,m_3873,116702,app_5220,started,400,400,1.56
c_1926,m_3873,270103,app_5220,started,400,400,1.56
c_1926,m_3873,364153,app_5220,started,400,400,1.56
c_1927,m_862,0,app_6411,started,400,400,1.56
c_1927,m_862,288241,app_6411,started,400,400,1.56
c_1927,m_862,383652,app_6411,started,400,400,1.56
c_1928,m_3626,0,app_9166,started,400,400,1.56
c_1928,m_3626,25237,app_9166,started,400,400,1.56
c_1928,m_3626,120128,app_9166,started,400,400,1.56
c_1928,m_3626,273517,app_9166,started,400,400,1.56
c_1928,m_3626,368082,app_9166,started,400,400,1.56
c_1929,m_2907,313348,app_2435,started,100,100,0.38
c_1930,m_3625,0,app_5657,started,400,400,1.56
c_1930,m_3625,31275,app_5657,started,400,400,1.56
c_1930,m_3625,126534,app_5657,started,400,400,1.56
c_1930,m_3625,280242,app_5657,started,400,400,1.56
c_1930,m_3625,375213,app_5657,started,400,400,1.56
c_1931,m_2425,0,app_565,started,400,400,1.56
c_1931,m_2425,14086,app_565,started,400,400,1.56
c_1931,m_2425,108632,app_565,started,400,400,1.56
c_1931,m_2425,125907,app_565,started,400,400,1.56
c_1931,m_2425,129532,app_565,started,400,400,1.56
c_1931,m_2425,129990,app_565,started,400,400,1.56
c_1931,m_2425,162855,app_565,started,400,400,1.56
c_1931,m_2425,177294,app_565,started,400,400,1.56
c_1931,m_2425,210899,app_565,started,400,400,1.56
c_1931,m_2425,262021,app_565,started,400,400,1.56
c_1931,m_2425,418657,app_565,started,400,400,1.56
c_1931,m_2425,641940,app_565,started,400,400,1.56
c_1932,m_2110,0,app_428,started,400,480,1.95
c_1932,m_2110,15225,app_428,started,400,480,1.95
c_1932,m_2110,109724,app_428,started,400,480,1.95
c_1932,m_2110,263099,app_428,started,400,480,1.95
c_1932,m_2110,447115,app_428,started,400,480,1.95
c_1932,m_2110,556205,app_428,started,400,480,1.95
c_1933,m_2814,0,app_2126,started,400,400,1.56
c_1933,m_2814,34548,app_2126,started,400,400,1.56
c_1933,m_2814,234257,app_2126,started,400,400,1.56
c_1933,m_2814,378778,app_2126,started,400,400,1.56
c_1933,m_2814,442889,app_2126,started,400,400,1.56
c_1934,m_1277,0,app_141,started,800,800,3.13
c_1934,m_1277,290609,app_141,started,800,800,3.13
c_1934,m_1277,347372,app_141,started,800,800,3.13
c_1935,m_2799,0,app_8423,started,400,480,1.56
c_1935,m_2799,27535,app_8423,started,400,480,1.56
c_1935,m_2799,122542,app_8423,started,400,480,1.56
c_1935,m_2799,167054,app_8423,started,400,480,1.56
c_1935,m_2799,275974,app_8423,started,400,480,1.56
c_1936,m_1953,0,app_8661,started,800,800,3.13
c_1936,m_1953,13347,app_8661,started,800,800,3.13
c_1936,m_1953,108661,app_8661,started,800,800,3.13
c_1936,m_1953,260472,app_8661,started,800,800,3.13
c_1936,m_1953,384230,app_8661,started,800,800,3.13
c_1937,m_3773,0,app_3979,started,800,800,3.13
c_1937,m_3773,284220,app_3979,started,800,800,3.13
c_1938,m_3108,0,app_3648,started,400,400,1.56
c_1938,m_3108,287609,app_3648,started,400,400,1.56
c_1938,m_3108,382954,app_3648,started,400,400,1.56
c_1939,m_2163,0,app_5951,started,1600,1600,6.25
c_1939,m_2163,24218,app_5951,started,1600,1600,6.25
c_1939,m_2163,120136,app_5951,started,1600,1600,6.25
c_1939,m_2163,271440,app_5951,started,1600,1600,6.25
c_1939,m_2163,397886,app_5951,started,1600,1600,6.25
c_1940,m_2245,0,app_2856,started,800,800,3.13
c_1940,m_2245,11748,app_2856,started,800,800,3.13
c_1940,m_2245,107001,app_2856,started,800,800,3.13
c_1940,m_2245,125864,app_2856,started,800,800,3.13
c_1940,m_2245,129531,app_2856,started,800,800,3.13
c_1940,m_2245,130204,app_2856,started,800,800,3.13
c_1940,m_2245,162874,app_2856,started,800,800,3.13
c_1940,m_2245,176307,app_2856,started,800,800,3.13
c_1940,m_2245,209465,app_2856,started,800,800,3.13
c_1940,m_2245,258772,app_2856,started,800,800,3.13
c_1940,m_2245,418046,app_2856,started,800,800,3.13
c_1940,m_2245,552199,app_2856,started,800,800,3.13
c_1941,m_1057,0,app_8801,started,400,400,1.56
c_1941,m_1057,15919,app_8801,started,400,400,1.56
c_1941,m_1057,110423,app_8801,started,400,400,1.56
c_1941,m_1057,263795,app_8801,started,400,400,1.56
c_1941,m_1057,385022,app_8801,started,400,400,1.56
c_1941,m_1057,557102,app_8801,started,400,400,1.56
c_1942,m_2095,0,app_2088,started,400,400,1.56
c_1942,m_2095,34009,app_2088,started,400,400,1.56
c_1942,m_2095,57621,app_2088,started,400,400,1.56
c_1942,m_2095,58470,app_2088,started,400,400,1.56
c_1942,m_2095,265682,app_2088,started,400,400,1.56
c_1942,m_2095,447366,app_2088,started,400,400,1.56
c_1943,m_1218,0,app_6026,started,400,400,1.56
c_1943,m_1218,284215,app_6026,started,400,400,1.56
c_1943,m_1218,450509,app_6026,started,400,400,1.56
c_1944,m_3698,578472,app_3275,started,1600,1600,11.72
c_1944,m_3698,588742,app_3275,started,1600,1600,11.72
c_1944,m_3698,594566,app_3275,started,1600,1600,11.72
c_1944,m_3698,664765,app_3275,started,1600,1600,11.72
c_1945,m_2390,0,app_3632,started,400,400,1.56
c_1945,m_2390,286978,app_3632,started,400,400,1.56
c_1945,m_2390,335787,app_3632,started,400,400,1.56
c_1946,m_3126,38781,app_9274,started,400,400,1.56
c_1946,m_3126,286732,app_9274,started,400,400,1.56
c_1946,m_3126,382017,app_9274,started,400,400,1.56
c_1947,m_3463,0,app_7505,started,800,800,3.13
c_1947,m_3463,13692,app_7505,started,800,800,3.13
c_1947,m_3463,108206,app_7505,started,800,800,3.13
c_1947,m_3463,176893,app_7505,started,800,800,3.13
c_1947,m_3463,210510,app_7505,started,800,800,3.13
c_1947,m_3463,261605,app_7505,started,800,800,3.13
c_1947,m_3463,352181,app_7505,started,800,800,3.13
c_1948,m_2725,0,app_5639,started,400,400,1.56
c_1948,m_2725,53486,app_5639,started,400,400,1.56
c_1948,m_2725,289882,app_5639,started,400,400,1.56
c_1948,m_2725,385439,app_5639,started,400,400,1.56
c_1949,m_3794,0,app_9608,started,400,400,1.56
c_1949,m_3794,14482,app_9608,started,400,400,1.56
c_1949,m_3794,53468,app_9608,started,400,400,1.56
c_1949,m_3794,109848,app_9608,started,400,400,1.56
c_1949,m_3794,261641,app_9608,started,400,400,1.56
c_1949,m_3794,385652,app_9608,started,400,400,1.56
c_1950,m_3524,578727,app_3183,started,800,800,3.13
c_1950,m_3524,589173,app_3183,started,800,800,3.13
c_1950,m_3524,594724,app_3183,started,800,800,3.13
c_1951,m_1829,0,app_647,started,400,400,1.95
c_1951,m_1829,32890,app_647,started,400,400,1.95
c_1951,m_1829,129511,app_647,started,400,400,1.95
c_1951,m_1829,280415,app_647,started,400,400,1.95
c_1951,m_1829,445712,app_647,started,400,400,1.95
c_1952,m_1357,0,app_3302,started,400,400,1.56
c_1952,m_1357,32135,app_3302,started,400,400,1.56
c_1952,m_1357,128693,app_3302,started,400,400,1.56
c_1952,m_1357,279631,app_3302,started,400,400,1.56
c_1952,m_1357,444404,app_3302,started,400,400,1.56
c_1953,m_558,0,app_2654,started,400,480,1.56
c_1953,m_558,31082,app_2654,started,400,480,1.56
c_1953,m_558,126335,app_2654,started,400,480,1.56
c_1953,m_558,279768,app_2654,started,400,480,1.56
c_1953,m_558,374972,app_2654,started,400,480,1.56
c_1954,m_1746,0,app_3943,started,400,400,1.56
c_1954,m_1746,11069,app_3943,started,400,400,1.56
c_1954,m_1746,106279,app_3943,started,400,400,1.56
c_1954,m_1746,175597,app_3943,started,400,400,1.56
c_1954,m_1746,208773,app_3943,started,400,400,1.56
c_1954,m_1746,258084,app_3943,started,400,400,1.56
c_1954,m_1746,381102,app_3943,started,400,400,1.56
c_1955,m_3764,0,app_5019,started,400,400,1.56
c_1955,m_3764,15174,app_5019,started,400,400,1.56
c_1955,m_3764,109673,app_5019,started,400,400,1.56
c_1955,m_3764,208913,app_5019,started,400,400,1.56
c_1955,m_3764,263047,app_5019,started,400,400,1.56
c_1955,m_3764,336148,app_5019,started,400,400,1.56
c_1955,m_3764,447077,app_5019,started,400,400,1.56
c_1955,m_3764,556133,app_5019,started,400,400,1.56
c_1956,m_1415,0,app_2413,started,400,400,1.56
c_1956,m_1415,32258,app_2413,started,400,400,1.56
c_1956,m_1415,128823,app_2413,started,400,400,1.56
c_1956,m_1415,158067,app_2413,started,400,400,1.56
c_1956,m_1415,279767,app_2413,started,400,400,1.56
c_1956,m_1415,337240,app_2413,started,400,400,1.56
c_1957,m_2826,0,app_9741,started,400,400,1.56
c_1957,m_2826,287269,app_9741,started,400,400,1.56
c_1957,m_2826,382592,app_9741,started,400,400,1.56
c_1958,m_2596,0,app_1123,started,400,400,1.56
c_1958,m_2596,35134,app_1123,started,400,400,1.56
c_1958,m_2596,282761,app_1123,started,400,400,1.56
c_1958,m_2596,448955,app_1123,started,400,400,1.56
c_1959,m_123,0,app_7048,started,400,400,1.56
c_1959,m_123,287072,app_7048,started,400,400,1.56
c_1959,m_123,337526,app_7048,started,400,400,1.56
c_1960,m_2995,0,app_4817,started,400,400,1.56
c_1960,m_2995,30925,app_4817,started,400,400,1.56
c_1960,m_2995,127397,app_4817,started,400,400,1.56
c_1960,m_2995,278423,app_4817,started,400,400,1.56
c_1960,m_2995,442344,app_4817,started,400,400,1.56
c_1961,m_4000,0,app_8913,started,400,400,1.56
c_1961,m_4000,30576,app_8913,started,400,400,1.56
c_1961,m_4000,127013,app_8913,started,400,400,1.56
c_1961,m_4000,278050,app_8913,started,400,400,1.56
c_1961,m_4000,441670,app_8913,started,400,400,1.56
c_1962,m_907,0,app_1278,started,800,800,3.13
c_1962,m_907,29686,app_1278,started,800,800,3.13
c_1962,m_907,126039,app_1278,started,800,800,3.13
c_1962,m_907,277143,app_1278,started,800,800,3.13
c_1962,m_907,405022,app_1278,started,800,800,3.13
c_1963,m_3689,0,app_2324,started,800,800,6.25
c_1963,m_3689,13783,app_2324,started,800,800,6.25
c_1963,m_3689,109126,app_2324,started,800,800,6.25
c_1963,m_3689,251375,app_2324,started,800,800,6.25
c_1963,m_3689,384931,app_2324,started,800,800,6.25
c_1964,m_1329,0,app_7260,started,400,400,1.56
c_1964,m_1329,26817,app_7260,started,400,400,1.56
c_1964,m_1329,122951,app_7260,started,400,400,1.56
c_1964,m_1329,274133,app_7260,started,400,400,1.56
c_1965,m_839,0,app_9741,started,400,400,1.56
c_1965,m_839,22198,app_9741,started,400,400,1.56
c_1965,m_839,116988,app_9741,started,400,400,1.56
c_1965,m_839,125867,app_9741,started,400,400,1.56
c_1965,m_839,129523,app_9741,started,400,400,1.56
c_1965,m_839,130211,app_9741,started,400,400,1.56
c_1965,m_839,162899,app_9741,started,400,400,1.56
c_1965,m_839,270391,app_9741,started,400,400,1.56
c_1965,m_839,364464,app_9741,started,400,400,1.56
c_1965,m_839,566614,app_9741,started,400,400,1.56
c_1966,m_1520,0,app_3142,started,800,800,3.13
c_1966,m_1520,20490,app_3142,started,800,800,3.13
c_1966,m_1520,115887,app_3142,started,800,800,3.13
c_1966,m_1520,269290,app_3142,started,800,800,3.13
c_1966,m_1520,363290,app_3142,started,800,800,3.13
c_1967,m_1448,0,app_5302,started,400,400,1.56
c_1967,m_1448,33068,app_5302,started,400,400,1.56
c_1967,m_1448,125910,app_5302,started,400,400,1.56
c_1967,m_1448,128423,app_5302,started,400,400,1.56
c_1967,m_1448,130166,app_5302,started,400,400,1.56
c_1967,m_1448,162899,app_5302,started,400,400,1.56
c_1967,m_1448,282108,app_5302,started,400,400,1.56
c_1967,m_1448,377175,app_5302,started,400,400,1.56
c_1968,m_1236,0,app_1207,started,400,400,3.13
c_1968,m_1236,235386,app_1207,started,400,400,3.13
c_1968,m_1236,385327,app_1207,started,400,400,3.13
c_1969,m_2931,0,app_2901,started,400,400,3.13
c_1969,m_2931,283934,app_2901,started,400,400,3.13
c_1969,m_2931,411228,app_2901,started,400,400,3.13
c_1970,m_24,0,app_9070,started,400,400,1.56
c_1970,m_24,9464,app_9070,started,400,400,1.56
c_1970,m_24,103860,app_9070,started,400,400,1.56
c_1970,m_24,172807,app_9070,started,400,400,1.56
c_1970,m_24,206387,app_9070,started,400,400,1.56
c_1970,m_24,257188,app_9070,started,400,400,1.56
c_1970,m_24,347479,app_9070,started,400,400,1.56
c_1971,m_2887,0,app_3514,started,400,400,1.56
c_1971,m_2887,32419,app_3514,started,400,400,1.56
c_1971,m_2887,127741,app_3514,started,400,400,1.56
c_1971,m_2887,158060,app_3514,started,400,400,1.56
c_1971,m_2887,281415,app_3514,started,400,400,1.56
c_1971,m_2887,320741,app_3514,started,400,400,1.56
c_1972,m_1241,0,app_7460,started,400,480,1.56
c_1972,m_1241,22494,app_7460,started,400,480,1.56
c_1972,m_1241,117299,app_7460,started,400,480,1.56
c_1972,m_1241,270696,app_7460,started,400,480,1.56
c_1973,m_2537,0,app_3152,started,400,400,1.56
c_1973,m_2537,14691,app_3152,started,400,400,1.56
c_1973,m_2537,110031,app_3152,started,400,400,1.56
c_1973,m_2537,254361,app_3152,started,400,400,1.56
c_1973,m_2537,315627,app_3152,started,400,400,1.56
c_1974,m_552,0,app_481,started,400,480,1.56
c_1974,m_552,30427,app_481,started,400,480,1.56
c_1974,m_552,125623,app_481,started,400,480,1.56
c_1974,m_552,279054,app_481,started,400,480,1.56
c_1974,m_552,374207,app_481,started,400,480,1.56
c_1975,m_2573,0,app_7950,started,800,800,3.13
c_1975,m_2573,15191,app_7950,started,800,800,3.13
c_1975,m_2573,110555,app_7950,started,800,800,3.13
c_1975,m_2573,262301,app_7950,started,800,800,3.13
c_1975,m_2573,386056,app_7950,started,800,800,3.13
c_1976,m_2952,0,app_4072,started,400,400,1.56
c_1976,m_2952,9861,app_4072,started,400,400,1.56
c_1976,m_2952,104987,app_4072,started,400,400,1.56
c_1976,m_2952,174371,app_4072,started,400,400,1.56
c_1976,m_2952,207501,app_4072,started,400,400,1.56
c_1976,m_2952,256865,app_4072,started,400,400,1.56
c_1976,m_2952,340757,app_4072,started,400,400,1.56
c_1976,m_2952,594930,app_4072,stopped,400,400,1.56
c_1977,m_826,0,app_7850,started,400,400,1.56
c_1977,m_826,8785,app_7850,started,400,400,1.56
c_1977,m_826,103163,app_7850,started,400,400,1.56
c_1977,m_826,172143,app_7850,started,400,400,1.56
c_1977,m_826,205676,app_7850,started,400,400,1.56
c_1977,m_826,256460,app_7850,started,400,400,1.56
c_1977,m_826,346705,app_7850,started,400,400,1.56
c_1978,m_3334,0,app_4405,started,400,400,1.56
c_1978,m_3334,22281,app_4405,started,400,400,1.56
c_1978,m_3334,117435,app_4405,started,400,400,1.56
c_1978,m_3334,269467,app_4405,started,400,400,1.56
c_1978,m_3334,430475,app_4405,started,400,400,1.56
c_1979,m_3334,0,app_7980,started,400,400,1.56
c_1979,m_3334,22281,app_7980,started,400,400,1.56
c_1979,m_3334,117435,app_7980,started,400,400,1.56
c_1979,m_3334,269467,app_7980,started,400,400,1.56
c_1979,m_3334,430475,app_7980,started,400,400,1.56
c_1980,m_3516,0,app_582,started,400,400,1.56
c_1980,m_3516,283771,app_582,started,400,400,1.56
c_1980,m_3516,449875,app_582,started,400,400,1.56
c_1981,m_3304,0,app_442,started,800,800,3.13
c_1981,m_3304,10883,app_442,started,800,800,3.13
c_1981,m_3304,106088,app_442,started,800,800,3.13
c_1981,m_3304,158063,app_442,started,800,800,3.13
c_1981,m_3304,175413,app_442,started,800,800,3.13
c_1981,m_3304,208574,app_442,started,800,800,3.13
c_1981,m_3304,248606,app_442,started,800,800,3.13
c_1981,m_3304,324083,app_442,started,800,800,3.13
c_1982,m_3489,0,app_7828,started,400,400,1.56
c_1982,m_3489,21936,app_7828,started,400,400,1.56
c_1982,m_3489,116714,app_7828,started,400,400,1.56
c_1982,m_3489,143390,app_7828,started,400,400,1.56
c_1982,m_3489,270114,app_7828,started,400,400,1.56
c_1982,m_3489,323051,app_7828,started,400,400,1.56
c_1983,m_1131,0,app_5993,started,400,400,1.56
c_1983,m_1131,18221,app_5993,started,400,400,1.56
c_1983,m_1131,79263,app_5993,started,400,400,1.56
c_1983,m_1131,113781,app_5993,started,400,400,1.56
c_1983,m_1131,265352,app_5993,started,400,400,1.56
c_1983,m_1131,426784,app_5993,started,400,400,1.56
c_1984,m_2437,0,app_4038,started,800,800,2.34
c_1984,m_2437,15724,app_4038,started,800,800,2.34
c_1984,m_2437,110227,app_4038,started,800,800,2.34
c_1984,m_2437,263605,app_4038,started,800,800,2.34
c_1984,m_2437,341070,app_4038,started,800,800,2.34
c_1985,m_3791,0,app_6364,started,400,400,1.56
c_1985,m_3791,29926,app_6364,started,400,400,1.56
c_1985,m_3791,125112,app_6364,started,400,400,1.56
c_1985,m_3791,162895,app_6364,started,400,400,1.56
c_1985,m_3791,245212,app_6364,started,400,400,1.56
c_1985,m_3791,344059,app_6364,started,400,400,1.56
c_1986,m_2582,0,app_4038,started,800,800,2.34
c_1986,m_2582,24221,app_4038,started,800,800,2.34
c_1986,m_2582,120142,app_4038,started,800,800,2.34
c_1986,m_2582,125867,app_4038,started,800,800,2.34
c_1986,m_2582,129534,app_4038,started,800,800,2.34
c_1986,m_2582,130211,app_4038,started,800,800,2.34
c_1986,m_2582,163101,app_4038,started,800,800,2.34
c_1986,m_2582,271443,app_4038,started,800,800,2.34
c_1986,m_2582,340533,app_4038,started,800,800,2.34
c_1987,m_2594,0,app_4730,started,400,400,1.56
c_1987,m_2594,25079,app_4730,started,400,400,1.56
c_1987,m_2594,119968,app_4730,started,400,400,1.56
c_1987,m_2594,273361,app_4730,started,400,400,1.56
c_1987,m_2594,367920,app_4730,started,400,400,1.56
c_1988,m_2683,0,app_1958,started,400,400,1.56
c_1988,m_2683,25570,app_1958,started,400,400,1.56
c_1988,m_2683,120472,app_1958,started,400,400,1.56
c_1988,m_2683,273929,app_1958,started,400,400,1.56
c_1988,m_2683,368448,app_1958,started,400,400,1.56
c_1989,m_2710,0,app_5420,started,400,400,1.56
c_1989,m_2710,284190,app_5420,started,400,400,1.56
c_1989,m_2710,450470,app_5420,started,400,400,1.56
c_1990,m_800,0,app_9740,started,400,400,1.56
c_1990,m_800,290138,app_9740,started,400,400,1.56
c_1990,m_800,385722,app_9740,started,400,400,1.56
c_1991,m_360,0,app_8654,started,400,480,1.56
c_1991,m_360,26259,app_8654,started,400,480,1.56
c_1991,m_360,121184,app_8654,started,400,480,1.56
c_1991,m_360,274642,app_8654,started,400,480,1.56
c_1992,m_694,0,app_3943,started,400,400,1.56
c_1992,m_694,32481,app_3943,started,400,400,1.56
c_1992,m_694,129055,app_3943,started,400,400,1.56
c_1992,m_694,279986,app_3943,started,400,400,1.56
c_1992,m_694,445064,app_3943,started,400,400,1.56
c_1993,m_2344,0,app_1063,started,800,800,3.13
c_1993,m_2344,13604,app_1063,started,800,800,3.13
c_1993,m_2344,108115,app_1063,started,800,800,3.13
c_1993,m_2344,176809,app_1063,started,800,800,3.13
c_1993,m_2344,210425,app_1063,started,800,800,3.13
c_1993,m_2344,261515,app_1063,started,800,800,3.13
c_1993,m_2344,345044,app_1063,started,800,800,3.13
c_1993,m_2344,641312,app_1063,started,800,800,3.13
c_1994,m_3086,0,app_9515,started,400,400,1.56
c_1994,m_3086,23450,app_9515,started,400,400,1.56
c_1994,m_3086,118680,app_9515,started,400,400,1.56
c_1994,m_3086,246077,app_9515,started,400,400,1.56
c_1994,m_3086,431602,app_9515,started,400,400,1.56
c_1995,m_3890,0,app_1212,started,400,480,1.56
c_1995,m_3890,19961,app_1212,started,400,480,1.56
c_1995,m_3890,115625,app_1212,started,400,480,1.56
c_1995,m_3890,267173,app_1212,started,400,480,1.56
c_1996,m_766,0,app_7395,started,400,400,1.56
c_1996,m_766,289780,app_7395,started,400,400,1.56
c_1996,m_766,385337,app_7395,started,400,400,1.56
c_1997,m_15,0,app_2402,started,800,800,3.13
c_1997,m_15,13729,app_2402,started,800,800,3.13
c_1997,m_15,109068,app_2402,started,800,800,3.13
c_1997,m_15,260870,app_2402,started,800,800,3.13
c_1997,m_15,384849,app_2402,started,800,800,3.13
c_1998,m_3082,0,app_3988,started,400,400,1.56
c_1998,m_3082,19573,app_3988,started,400,400,1.56
c_1998,m_3082,43241,app_3988,started,400,400,1.56
c_1998,m_3082,43303,app_3988,started,400,400,1.56
c_1998,m_3082,115219,app_3988,started,400,400,1.56
c_1998,m_3082,266787,app_3988,started,400,400,1.56
c_1998,m_3082,390614,app_3988,started,400,400,1.56
c_1999,m_2283,0,app_6322,started,400,400,1.56
c_1999,m_2283,22367,app_6322,started,400,400,1.56
c_1999,m_2283,117524,app_6322,started,400,400,1.56
c_1999,m_2283,269564,app_6322,started,400,400,1.56
c_1999,m_2283,430598,app_6322,started,400,400,1.56
c_2000,m_3525,0,app_4265,started,400,400,1.56
c_2000,m_3525,12916,app_4265,started,400,400,1.56
c_2000,m_3525,108215,app_4265,started,400,400,1.56
c_2000,m_3525,177496,app_4265,started,400,400,1.56
c_2000,m_3525,210664,app_4265,started,400,400,1.56
c_2000,m_3525,260038,app_4265,started,400,400,1.56
c_2000,m_3525,383467,app_4265,started,400,400,1.56
c_2001,m_3840,0,app_841,started,400,400,1.56
c_2001,m_3840,32590,app_841,started,400,400,1.56
c_2001,m_3840,127922,app_841,started,400,400,1.56
c_2001,m_3840,221447,app_841,started,400,400,1.56
c_2001,m_3840,281592,app_841,started,400,400,1.56
c_2001,m_3840,376625,app_841,started,400,400,1.56
c_2002,m_1287,0,app_4650,started,800,800,3.13
c_2002,m_1287,12659,app_4650,started,800,800,3.13
c_2002,m_1287,107948,app_4650,started,800,800,3.13
c_2002,m_1287,177233,app_4650,started,800,800,3.13
c_2002,m_1287,210399,app_4650,started,800,800,3.13
c_2002,m_1287,259771,app_4650,started,800,800,3.13
c_2002,m_1287,382987,app_4650,started,800,800,3.13
c_2003,m_2688,661476,app_9789,started,800,800,3.13
c_2004,m_2573,0,app_7950,started,800,800,3.13
c_2004,m_2573,15191,app_7950,started,800,800,3.13
c_2004,m_2573,110555,app_7950,started,800,800,3.13
c_2004,m_2573,262301,app_7950,started,800,800,3.13
c_2004,m_2573,386056,app_7950,started,800,800,3.13
c_2005,m_2716,0,app_5568,started,800,800,3.13
c_2005,m_2716,27467,app_5568,started,800,800,3.13
c_2005,m_2716,123646,app_5568,started,800,800,3.13
c_2005,m_2716,274806,app_5568,started,800,800,3.13
c_2005,m_2716,402103,app_5568,started,800,800,3.13
c_2006,m_380,0,app_4738,started,400,400,1.56
c_2006,m_380,32998,app_4738,started,400,400,1.56
c_2006,m_380,128350,app_4738,started,400,400,1.56
c_2006,m_380,282034,app_4738,started,400,400,1.56
c_2006,m_380,377100,app_4738,started,400,400,1.56
c_2007,m_1768,0,app_2550,started,1600,1600,6.25
c_2007,m_1768,32739,app_2550,started,1600,1600,6.25
c_2007,m_1768,38989,app_2550,started,1600,1600,6.25
c_2007,m_1768,125931,app_2550,started,1600,1600,6.25
c_2007,m_1768,129347,app_2550,started,1600,1600,6.25
c_2007,m_1768,130177,app_2550,started,1600,1600,6.25
c_2007,m_1768,162818,app_2550,started,1600,1600,6.25
c_2007,m_1768,280268,app_2550,started,1600,1600,6.25
c_2007,m_1768,445536,app_2550,started,1600,1600,6.25
c_2008,m_2176,0,app_5029,started,800,800,3.13
c_2008,m_2176,13747,app_5029,started,800,800,3.13
c_2008,m_2176,109088,app_5029,started,800,800,3.13
c_2008,m_2176,260888,app_5029,started,800,800,3.13
c_2008,m_2176,384887,app_5029,started,800,800,3.13
c_2009,m_3108,0,app_3602,started,400,400,1.56
c_2009,m_3108,287609,app_3602,started,400,400,1.56
c_2009,m_3108,382954,app_3602,started,400,400,1.56
c_2010,m_2793,41558,app_1312,started,400,400,1.56
c_2010,m_2793,286991,app_1312,started,400,400,1.56
c_2010,m_2793,382276,app_1312,started,400,400,1.56
c_2011,m_2067,0,app_261,started,400,400,1.56
c_2011,m_2067,9317,app_261,started,400,400,1.56
c_2011,m_2067,90007,app_261,started,400,400,1.56
c_2011,m_2067,90367,app_261,started,400,400,1.56
c_2011,m_2067,103702,app_261,started,400,400,1.56
c_2011,m_2067,172663,app_261,started,400,400,1.56
c_2011,m_2067,206236,app_261,started,400,400,1.56
c_2011,m_2067,257031,app_261,started,400,400,1.56
c_2011,m_2067,316892,app_261,started,400,400,1.56
c_2012,m_1523,0,app_911,started,400,400,1.56
c_2012,m_1523,23699,app_911,started,400,400,1.56
c_2012,m_1523,118559,app_911,started,400,400,1.56
c_2012,m_1523,271964,app_911,started,400,400,1.56
c_2012,m_1523,366230,app_911,started,400,400,1.56
c_2013,m_3037,0,app_5435,started,400,400,1.56
c_2013,m_3037,289367,app_5435,started,400,400,1.56
c_2013,m_3037,384890,app_5435,started,400,400,1.56
c_2014,m_2489,0,app_4954,started,400,400,1.56
c_2014,m_2489,15497,app_4954,started,400,400,1.56
c_2014,m_2489,109998,app_4954,started,400,400,1.56
c_2014,m_2489,263375,app_4954,started,400,400,1.56
c_2014,m_2489,354834,app_4954,started,400,400,1.56
c_2015,m_1293,0,app_4817,started,400,400,1.56
c_2015,m_1293,106835,app_4817,started,400,400,1.56
c_2015,m_1293,175642,app_4817,started,400,400,1.56
c_2015,m_1293,209253,app_4817,started,400,400,1.56
c_2015,m_1293,260273,app_4817,started,400,400,1.56
c_2015,m_1293,350657,app_4817,started,400,400,1.56
c_2015,m_1293,380317,app_4817,started,400,400,1.56
c_2016,m_1887,0,app_7827,started,400,400,1.56
c_2016,m_1887,20221,app_7827,started,400,400,1.56
c_2016,m_1887,115913,app_7827,started,400,400,1.56
c_2016,m_1887,267854,app_7827,started,400,400,1.56
c_2016,m_1887,429464,app_7827,started,400,400,1.56
c_2017,m_2026,0,app_2722,started,400,400,1.56
c_2017,m_2026,30891,app_2722,started,400,400,1.56
c_2017,m_2026,127364,app_2722,started,400,400,1.56
c_2017,m_2026,278373,app_2722,started,400,400,1.56
c_2017,m_2026,442285,app_2722,started,400,400,1.56
c_2018,m_3162,494,app_2965,started,400,400,1.56
c_2018,m_3162,13795,app_2965,started,400,400,1.56
c_2018,m_3162,109137,app_2965,started,400,400,1.56
c_2018,m_3162,260935,app_2965,started,400,400,1.56
c_2018,m_3162,384937,app_2965,started,400,400,1.56
c_2019,m_1093,0,app_3063,started,400,400,1.56
c_2019,m_1093,34032,app_3063,started,400,400,1.56
c_2019,m_1093,281589,app_3063,started,400,400,1.56
c_2019,m_1093,447389,app_3063,started,400,400,1.56
c_2020,m_1347,0,app_1190,started,400,400,1.56
c_2020,m_1347,11088,app_1190,started,400,400,1.56
c_2020,m_1347,105560,app_1190,started,400,400,1.56
c_2020,m_1347,158056,app_1190,started,400,400,1.56
c_2020,m_1347,174460,app_1190,started,400,400,1.56
c_2020,m_1347,208001,app_1190,started,400,400,1.56
c_2020,m_1347,258916,app_1190,started,400,400,1.56
c_2020,m_1347,334712,app_1190,started,400,400,1.56
c_2021,m_728,0,app_1658,started,400,400,1.56
c_2021,m_728,284732,app_1658,started,400,400,1.56
c_2021,m_728,411984,app_1658,started,400,400,1.56
c_2022,m_2473,0,app_8246,started,400,400,1.56
c_2022,m_2473,34405,app_8246,started,400,400,1.56
c_2022,m_2473,281988,app_8246,started,400,400,1.56
c_2022,m_2473,448120,app_8246,started,400,400,1.56
c_2022,m_2473,678042,app_8246,started,400,400,1.56
c_2023,m_1705,0,app_3105,started,400,400,1.56
c_2023,m_1705,34471,app_3105,started,400,400,1.56
c_2023,m_1705,125944,app_3105,started,400,400,1.56
c_2023,m_1705,130189,app_3105,started,400,400,1.56
c_2023,m_1705,162862,app_3105,started,400,400,1.56
c_2023,m_1705,248664,app_3105,started,400,400,1.56
c_2023,m_1705,340416,app_3105,started,400,400,1.56
c_2024,m_2423,0,app_2557,started,400,400,1.56
c_2024,m_2423,13702,app_2557,started,400,400,1.56
c_2024,m_2423,71974,app_2557,started,400,400,1.56
c_2024,m_2423,72213,app_2557,started,400,400,1.56
c_2024,m_2423,108216,app_2557,started,400,400,1.56
c_2024,m_2423,129602,app_2557,started,400,400,1.56
c_2024,m_2423,131179,app_2557,started,400,400,1.56
c_2024,m_2423,176903,app_2557,started,400,400,1.56
c_2024,m_2423,210519,app_2557,started,400,400,1.56
c_2024,m_2423,261615,app_2557,started,400,400,1.56
c_2024,m_2423,352191,app_2557,started,400,400,1.56
c_2024,m_2423,641440,app_2557,started,400,400,1.56
c_2025,m_250,0,app_9127,started,400,400,1.56
c_2025,m_250,34485,app_9127,started,400,400,1.56
c_2025,m_250,283598,app_9127,started,400,400,1.56
c_2025,m_250,378707,app_9127,started,400,400,1.56
c_2026,m_1767,0,app_2181,started,400,400,1.56
c_2026,m_1767,23154,app_2181,started,400,400,1.56
c_2026,m_1767,117975,app_2181,started,400,400,1.56
c_2026,m_1767,271394,app_2181,started,400,400,1.56
c_2026,m_1767,365536,app_2181,started,400,400,1.56
c_2027,m_2967,0,app_4483,started,400,400,1.56
c_2027,m_2967,31142,app_4483,started,400,400,1.56
c_2027,m_2967,126398,app_4483,started,400,400,1.56
c_2027,m_2967,279832,app_4483,started,400,400,1.56
c_2027,m_2967,375061,app_4483,started,400,400,1.56
c_2028,m_2840,0,app_7643,started,400,400,1.56
c_2028,m_2840,19509,app_7643,started,400,400,1.56
c_2028,m_2840,50429,app_7643,started,400,400,1.56
c_2028,m_2840,115150,app_7643,started,400,400,1.56
c_2028,m_2840,216041,app_7643,started,400,400,1.56
c_2028,m_2840,216098,app_7643,started,400,400,1.56
c_2028,m_2840,221511,app_7643,started,400,400,1.56
c_2028,m_2840,266722,app_7643,started,400,400,1.56
c_2028,m_2840,390545,app_7643,started,400,400,1.56
c_2029,m_2718,0,app_5657,started,400,400,1.56
c_2029,m_2718,13381,app_5657,started,400,400,1.56
c_2029,m_2718,108696,app_5657,started,400,400,1.56
c_2029,m_2718,260506,app_5657,started,400,400,1.56
c_2029,m_2718,384310,app_5657,started,400,400,1.56
c_2030,m_3199,123896,app_202,started,400,400,1.56
c_2031,m_2027,0,app_1558,started,400,480,1.56
c_2031,m_2027,31843,app_1558,started,400,480,1.56
c_2031,m_2027,128363,app_1558,started,400,480,1.56
c_2031,m_2027,279332,app_1558,started,400,480,1.56
c_2032,m_629,0,app_8058,started,400,400,1.56
c_2032,m_629,22821,app_8058,started,400,400,1.56
c_2032,m_629,117637,app_8058,started,400,400,1.56
c_2032,m_629,271040,app_8058,started,400,400,1.56
c_2032,m_629,365159,app_8058,started,400,400,1.56
c_2032,m_629,428821,app_8058,started,400,400,1.56
c_2033,m_2423,0,app_6197,started,400,400,1.56
c_2033,m_2423,13702,app_6197,started,400,400,1.56
c_2033,m_2423,71974,app_6197,started,400,400,1.56
c_2033,m_2423,72214,app_6197,started,400,400,1.56
c_2033,m_2423,108216,app_6197,started,400,400,1.56
c_2033,m_2423,129602,app_6197,started,400,400,1.56
c_2033,m_2423,131179,app_6197,started,400,400,1.56
c_2033,m_2423,176903,app_6197,started,400,400,1.56
c_2033,m_2423,210519,app_6197,started,400,400,1.56
c_2033,m_2423,261615,app_6197,started,400,400,1.56
c_2033,m_2423,352191,app_6197,started,400,400,1.56
c_2033,m_2423,641440,app_6197,started,400,400,1.56
c_2034,m_2705,0,app_4799,started,800,800,3.13
c_2034,m_2705,9278,app_4799,started,800,800,3.13
c_2034,m_2705,104350,app_4799,started,800,800,3.13
c_2034,m_2705,173763,app_4799,started,800,800,3.13
c_2034,m_2705,206890,app_4799,started,800,800,3.13
c_2034,m_2705,256251,app_4799,started,800,800,3.13
c_2034,m_2705,416097,app_4799,started,800,800,3.13
c_2034,m_2705,637968,app_4799,started,800,800,3.13
c_2035,m_2065,165987,app_8370,started,400,400,1.56
c_2035,m_2065,275260,app_8370,started,400,400,1.56
c_2035,m_2065,369938,app_8370,started,400,400,1.56
c_2036,m_378,0,app_3632,started,400,400,1.56
c_2036,m_378,10234,app_3632,started,400,400,1.56
c_2036,m_378,104675,app_3632,started,400,400,1.56
c_2036,m_378,173617,app_3632,started,400,400,1.56
c_2036,m_378,207142,app_3632,started,400,400,1.56
c_2036,m_378,257993,app_3632,started,400,400,1.56
c_2036,m_378,348308,app_3632,started,400,400,1.56
c_2037,m_1259,0,app_1877,started,400,480,1.56
c_2037,m_1259,19611,app_1877,started,400,480,1.56
c_2037,m_1259,115258,app_1877,started,400,480,1.56
c_2037,m_1259,266824,app_1877,started,400,480,1.56
c_2038,m_928,299511,app_1230,started,800,800,3.13
c_2038,m_928,316897,app_1230,started,800,800,3.13
c_2039,m_1155,0,app_943,started,400,400,1.56
c_2039,m_1155,9588,app_943,started,400,400,1.56
c_2039,m_1155,104694,app_943,started,400,400,1.56
c_2039,m_1155,174087,app_943,started,400,400,1.56
c_2039,m_1155,207212,app_943,started,400,400,1.56
c_2039,m_1155,256563,app_943,started,400,400,1.56
c_2039,m_1155,378376,app_943,started,400,400,1.56
c_2040,m_630,0,app_8980,started,400,400,1.56
c_2040,m_630,15288,app_8980,started,400,400,1.56
c_2040,m_630,109785,app_8980,started,400,400,1.56
c_2040,m_630,263157,app_8980,started,400,400,1.56
c_2040,m_630,354516,app_8980,started,400,400,1.56
c_2040,m_630,447190,app_8980,started,400,400,1.56
c_2040,m_630,556282,app_8980,started,400,400,1.56
c_2041,m_3550,0,app_9472,started,400,400,1.56
c_2041,m_3550,27813,app_9472,started,400,400,1.56
c_2041,m_3550,124019,app_9472,started,400,400,1.56
c_2041,m_3550,275156,app_9472,started,400,400,1.56
c_2041,m_3550,438075,app_9472,started,400,400,1.56
c_2042,m_3945,0,app_8882,started,400,480,1.56
c_2042,m_3945,31070,app_8882,started,400,480,1.56
c_2042,m_3945,127554,app_8882,started,400,480,1.56
c_2042,m_3945,278574,app_8882,started,400,480,1.56
c_2043,m_2289,0,app_5690,started,400,400,1.56
c_2043,m_2289,13696,app_5690,started,400,400,1.56
c_2043,m_2289,108210,app_5690,started,400,400,1.56
c_2043,m_2289,176897,app_5690,started,400,400,1.56
c_2043,m_2289,210514,app_5690,started,400,400,1.56
c_2043,m_2289,243735,app_5690,started,400,400,1.56
c_2043,m_2289,261610,app_5690,started,400,400,1.56
c_2044,m_3470,0,app_2506,started,400,400,1.56
c_2044,m_3470,8037,app_2506,started,400,400,1.56
c_2044,m_3470,43184,app_2506,started,400,400,1.56
c_2044,m_3470,103052,app_2506,started,400,400,1.56
c_2044,m_3470,172451,app_2506,started,400,400,1.56
c_2044,m_3470,205620,app_2506,started,400,400,1.56
c_2044,m_3470,254978,app_2506,started,400,400,1.56
c_2044,m_3470,377056,app_2506,started,400,400,1.56
c_2045,m_2472,125867,app_3120,started,400,400,1.56
c_2045,m_2472,126131,app_3120,started,400,400,1.56
c_2046,m_1998,578614,app_1826,started,800,800,3.13
c_2046,m_1998,589150,app_1826,started,800,800,3.13
c_2046,m_1998,594835,app_1826,started,800,800,3.13
c_2047,m_1302,0,app_6791,started,800,800,3.13
c_2047,m_1302,11317,app_6791,started,800,800,3.13
c_2047,m_1302,105796,app_6791,started,800,800,3.13
c_2047,m_1302,174681,app_6791,started,800,800,3.13
c_2047,m_1302,208226,app_6791,started,800,800,3.13
c_2047,m_1302,243722,app_6791,started,800,800,3.13
c_2047,m_1302,259149,app_6791,started,800,800,3.13
c_2048,m_1518,0,app_8481,started,400,400,1.56
c_2048,m_1518,23118,app_8481,started,400,400,1.56
c_2048,m_1518,117938,app_8481,started,400,400,1.56
c_2048,m_1518,232399,app_8481,started,400,400,1.56
c_2048,m_1518,365496,app_8481,started,400,400,1.56
c_2049,m_3717,0,app_7424,started,400,480,1.56
c_2049,m_3717,27510,app_7424,started,400,480,1.56
c_2049,m_3717,123690,app_7424,started,400,480,1.56
c_2049,m_3717,274847,app_7424,started,400,480,1.56
c_2050,m_719,0,app_9594,started,400,400,1.56
c_2050,m_719,22530,app_9594,started,400,400,1.56
c_2050,m_719,68439,app_9594,started,400,400,1.56
c_2050,m_719,68672,app_9594,started,400,400,1.56
c_2050,m_719,117336,app_9594,started,400,400,1.56
c_2050,m_719,270735,app_9594,started,400,400,1.56
c_2050,m_719,364831,app_9594,started,400,400,1.56
c_2051,m_1551,0,app_4938,started,400,400,1.56
c_2051,m_1551,289758,app_4938,started,400,400,1.56
c_2051,m_1551,385317,app_4938,started,400,400,1.56
c_2052,m_3391,0,app_5533,started,400,400,1.56
c_2052,m_3391,284419,app_5533,started,400,400,1.56
c_2053,m_2427,0,app_7475,started,400,400,1.56
c_2053,m_2427,15031,app_7475,started,400,400,1.56
c_2053,m_2427,109536,app_7475,started,400,400,1.56
c_2053,m_2427,262890,app_7475,started,400,400,1.56
c_2053,m_2427,353965,app_7475,started,400,400,1.56
c_2053,m_2427,446970,app_7475,started,400,400,1.56
c_2053,m_2427,555936,app_7475,started,400,400,1.56
c_2053,m_2427,643090,app_7475,started,400,400,1.56
c_2054,m_2788,0,app_3472,started,400,400,1.56
c_2054,m_2788,32967,app_3472,started,400,400,1.56
c_2054,m_2788,129594,app_3472,started,400,400,1.56
c_2054,m_2788,280491,app_3472,started,400,400,1.56
c_2054,m_2788,445749,app_3472,started,400,400,1.56
c_2055,m_2561,0,app_4674,started,400,400,1.56
c_2055,m_2561,285359,app_4674,started,400,400,1.56
c_2055,m_2561,380574,app_4674,started,400,400,1.56
c_2056,m_1326,162556,app_2324,started,800,800,6.25
c_2056,m_1326,274128,app_2324,started,800,800,6.25
c_2056,m_1326,435697,app_2324,started,800,800,6.25
c_2057,m_738,0,app_7987,started,400,400,1.56
c_2057,m_738,10981,app_7987,started,400,400,1.56
c_2057,m_738,106187,app_7987,started,400,400,1.56
c_2057,m_738,175507,app_7987,started,400,400,1.56
c_2057,m_738,208683,app_7987,started,400,400,1.56
c_2057,m_738,257992,app_7987,started,400,400,1.56
c_2057,m_738,380883,app_7987,started,400,400,1.56
c_2058,m_1202,0,app_1407,started,400,480,1.56
c_2058,m_1202,22424,app_1407,started,400,480,1.56
c_2058,m_1202,117582,app_1407,started,400,480,1.56
c_2058,m_1202,269625,app_1407,started,400,480,1.56
c_2059,m_189,0,app_8132,started,3200,3200,17.97
c_2060,m_3834,0,app_3985,started,400,400,1.56
c_2060,m_3834,51121,app_3985,started,400,400,1.56
c_2060,m_3834,288287,app_3985,started,400,400,1.56
c_2060,m_3834,383723,app_3985,started,400,400,1.56
c_2060,m_3834,667633,app_3985,started,400,400,1.56
c_2061,m_2779,0,app_5042,started,400,480,1.56
c_2061,m_2779,34007,app_5042,started,400,480,1.56
c_2061,m_2779,83788,app_5042,started,400,480,1.56
c_2061,m_2779,121823,app_5042,started,400,480,1.56
c_2061,m_2779,223237,app_5042,started,400,480,1.56
c_2061,m_2779,223364,app_5042,started,400,480,1.56
c_2061,m_2779,281565,app_5042,started,400,480,1.56
c_2062,m_2337,0,app_3680,started,400,400,1.56
c_2062,m_2337,14987,app_3680,started,400,400,1.56
c_2062,m_2337,109491,app_3680,started,400,400,1.56
c_2062,m_2337,245294,app_3680,started,400,400,1.56
c_2062,m_2337,353889,app_3680,started,400,400,1.56
c_2063,m_626,0,app_7235,started,400,400,1.56
c_2063,m_626,13617,app_7235,started,400,400,1.56
c_2063,m_626,108948,app_7235,started,400,400,1.56
c_2063,m_626,260758,app_7235,started,400,400,1.56
c_2063,m_626,384683,app_7235,started,400,400,1.56
c_2064,m_1663,0,app_8685,started,400,400,1.56
c_2064,m_1663,14240,app_8685,started,400,400,1.56
c_2064,m_1663,44441,app_8685,started,400,400,1.56
c_2064,m_1663,102793,app_8685,started,400,400,1.56
c_2064,m_1663,109596,app_8685,started,400,400,1.56
c_2064,m_1663,114026,app_8685,started,400,400,1.56
c_2064,m_1663,261377,app_8685,started,400,400,1.56
c_2064,m_1663,385343,app_8685,started,400,400,1.56
c_2064,m_1663,589075,app_8685,started,400,400,1.56
c_2065,m_2218,0,app_6921,started,400,400,1.56
c_2065,m_2218,9435,app_6921,started,400,400,1.56
c_2065,m_2218,103830,app_6921,started,400,400,1.56
c_2065,m_2218,172777,app_6921,started,400,400,1.56
c_2065,m_2218,206357,app_6921,started,400,400,1.56
c_2065,m_2218,257158,app_6921,started,400,400,1.56
c_2065,m_2218,347449,app_6921,started,400,400,1.56
c_2065,m_2218,635150,app_6921,started,400,400,1.56
c_2066,m_3862,0,app_2310,started,400,400,1.56
c_2066,m_3862,23860,app_2310,started,400,400,1.56
c_2066,m_3862,118721,app_2310,started,400,400,1.56
c_2066,m_3862,272126,app_2310,started,400,400,1.56
c_2067,m_3336,0,app_5750,started,400,400,1.56
c_2067,m_3336,25037,app_5750,started,400,400,1.56
c_2067,m_3336,58438,app_5750,started,400,400,1.56
c_2067,m_3336,119924,app_5750,started,400,400,1.56
c_2067,m_3336,273316,app_5750,started,400,400,1.56
c_2067,m_3336,367872,app_5750,started,400,400,1.56
c_2068,m_1112,0,app_8532,started,1600,1600,6.25
c_2068,m_1112,32224,app_8532,started,1600,1600,6.25
c_2068,m_1112,128786,app_8532,started,1600,1600,6.25
c_2068,m_1112,279732,app_8532,started,1600,1600,6.25
c_2068,m_1112,444574,app_8532,started,1600,1600,6.25
c_2069,m_2054,0,app_5866,started,400,400,1.56
c_2069,m_2054,9508,app_5866,started,400,400,1.56
c_2069,m_2054,104605,app_5866,started,400,400,1.56
c_2069,m_2054,173996,app_5866,started,400,400,1.56
c_2069,m_2054,207131,app_5866,started,400,400,1.56
c_2069,m_2054,256481,app_5866,started,400,400,1.56
c_2069,m_2054,416455,app_5866,started,400,400,1.56
c_2070,m_3526,0,app_9081,started,400,400,1.56
c_2070,m_3526,8985,app_9081,started,400,400,1.56
c_2070,m_3526,104057,app_9081,started,400,400,1.56
c_2070,m_3526,173471,app_9081,started,400,400,1.56
c_2070,m_3526,206604,app_9081,started,400,400,1.56
c_2070,m_3526,255969,app_9081,started,400,400,1.56
c_2070,m_3526,415674,app_9081,started,400,400,1.56
c_2071,m_848,0,app_7475,started,400,400,1.56
c_2071,m_848,283895,app_7475,started,400,400,1.56
c_2071,m_848,411135,app_7475,started,400,400,1.56
c_2072,m_229,0,app_5572,started,400,400,1.56
c_2072,m_229,8086,app_5572,started,400,400,1.56
c_2072,m_229,103108,app_5572,started,400,400,1.56
c_2072,m_229,172502,app_5572,started,400,400,1.56
c_2072,m_229,205673,app_5572,started,400,400,1.56
c_2072,m_229,255031,app_5572,started,400,400,1.56
c_2072,m_229,377194,app_5572,started,400,400,1.56
c_2073,m_227,0,app_4812,started,400,400,1.56
c_2073,m_227,29946,app_4812,started,400,400,1.56
c_2073,m_227,125132,app_4812,started,400,400,1.56
c_2073,m_227,278567,app_4812,started,400,400,1.56
c_2073,m_227,373674,app_4812,started,400,400,1.56
c_2074,m_1636,0,app_4639,started,400,400,1.56
c_2074,m_1636,32672,app_4639,started,400,400,1.56
c_2074,m_1636,48994,app_4639,started,400,400,1.56
c_2074,m_1636,128009,app_4639,started,400,400,1.56
c_2074,m_1636,281679,app_4639,started,400,400,1.56
c_2074,m_1636,376724,app_4639,started,400,400,1.56
c_2075,m_462,0,app_8481,started,400,400,1.56
c_2075,m_462,11468,app_8481,started,400,400,1.56
c_2075,m_462,106705,app_8481,started,400,400,1.56
c_2075,m_462,176016,app_8481,started,400,400,1.56
c_2075,m_462,209182,app_8481,started,400,400,1.56
c_2075,m_462,258487,app_8481,started,400,400,1.56
c_2075,m_462,381955,app_8481,started,400,400,1.56
c_2075,m_462,641066,app_8481,started,400,400,1.56
c_2076,m_1959,446665,app_5475,started,400,400,1.56
c_2076,m_1959,641366,app_5475,started,400,400,1.56
c_2077,m_1234,0,app_3632,started,400,400,1.56
c_2077,m_1234,14326,app_3632,started,400,400,1.56
c_2077,m_1234,109685,app_3632,started,400,400,1.56
c_2077,m_1234,158042,app_3632,started,400,400,1.56
c_2077,m_1234,261462,app_3632,started,400,400,1.56
c_2077,m_1234,336919,app_3632,started,400,400,1.56
c_2078,m_2247,0,app_1185,started,400,400,1.56
c_2078,m_2247,22892,app_1185,started,400,400,1.56
c_2078,m_2247,117707,app_1185,started,400,400,1.56
c_2078,m_2247,271109,app_1185,started,400,400,1.56
c_2078,m_2247,365228,app_1185,started,400,400,1.56
c_2079,m_2399,0,app_3988,started,400,400,1.56
c_2079,m_2399,16819,app_3988,started,400,400,1.56
c_2079,m_2399,112275,app_3988,started,400,400,1.56
c_2079,m_2399,158058,app_3988,started,400,400,1.56
c_2079,m_2399,263913,app_3988,started,400,400,1.56
c_2079,m_2399,425384,app_3988,started,400,400,1.56
c_2080,m_2719,555792,app_1230,started,800,800,3.13
c_2081,m_2416,0,app_1293,started,400,480,1.56
c_2081,m_2416,16786,app_1293,started,400,480,1.56
c_2081,m_2416,111322,app_1293,started,400,480,1.56
c_2081,m_2416,264651,app_1293,started,400,480,1.56
c_2082,m_3947,0,app_1293,started,400,480,1.56
c_2082,m_3947,23008,app_1293,started,400,480,1.56
c_2082,m_3947,117824,app_1293,started,400,480,1.56
c_2082,m_3947,137330,app_1293,started,400,480,1.56
c_2082,m_3947,271228,app_1293,started,400,480,1.56
c_2082,m_3947,297675,app_1293,started,400,480,1.56
c_2083,m_3345,305772,app_156,started,400,400,1.56
c_2083,m_3345,354692,app_156,started,400,400,1.56
c_2083,m_3345,643535,app_156,started,400,400,1.56
c_2084,m_477,0,app_6067,started,400,480,1.56
c_2084,m_477,15831,app_6067,started,400,480,1.56
c_2084,m_477,111226,app_6067,started,400,480,1.56
c_2084,m_477,262927,app_6067,started,400,480,1.56
c_2084,m_477,386413,app_6067,started,400,480,1.56
c_2085,m_3156,0,app_4730,started,400,400,1.56
c_2085,m_3156,32091,app_4730,started,400,400,1.56
c_2085,m_3156,53061,app_4730,started,400,400,1.56
c_2085,m_3156,128644,app_4730,started,400,400,1.56
c_2085,m_3156,279583,app_4730,started,400,400,1.56
c_2085,m_3156,444362,app_4730,started,400,400,1.56
c_2086,m_2220,0,app_9741,started,400,400,1.56
c_2086,m_2220,284872,app_9741,started,400,400,1.56
c_2086,m_2220,380058,app_9741,started,400,400,1.56
c_2086,m_2220,588996,app_9741,started,400,400,1.56
c_2087,m_2292,0,app_1552,started,400,400,1.56
c_2087,m_2292,10925,app_1552,started,400,400,1.56
c_2087,m_2292,106131,app_1552,started,400,400,1.56
c_2087,m_2292,175455,app_1552,started,400,400,1.56
c_2087,m_2292,208622,app_1552,started,400,400,1.56
c_2087,m_2292,257942,app_1552,started,400,400,1.56
c_2087,m_2292,380794,app_1552,started,400,400,1.56
c_2087,m_2292,640280,app_1552,started,400,400,1.56
c_2088,m_631,0,app_4058,started,400,400,1.56
c_2088,m_631,19720,app_4058,started,400,400,1.56
c_2088,m_631,115377,app_4058,started,400,400,1.56
c_2088,m_631,266935,app_4058,started,400,400,1.56
c_2088,m_631,428918,app_4058,started,400,400,1.56
c_2089,m_1915,0,app_3978,started,400,400,1.56
c_2089,m_1915,18123,app_3978,started,400,400,1.56
c_2089,m_1915,50414,app_3978,started,400,400,1.56
c_2089,m_1915,113680,app_3978,started,400,400,1.56
c_2089,m_1915,171425,app_3978,started,400,400,1.56
c_2089,m_1915,265257,app_3978,started,400,400,1.56
c_2089,m_1915,426681,app_3978,started,400,400,1.56
c_2090,m_2577,340160,app_5102,started,800,800,3.13
c_2091,m_60,0,app_565,started,400,400,1.56
c_2091,m_60,33020,app_565,started,400,400,1.56
c_2091,m_60,129648,app_565,started,400,400,1.56
c_2091,m_60,280542,app_565,started,400,400,1.56
c_2091,m_60,445829,app_565,started,400,400,1.56
c_2092,m_2095,0,app_4730,started,400,400,1.56
c_2092,m_2095,34009,app_4730,started,400,400,1.56
c_2092,m_2095,57622,app_4730,started,400,400,1.56
c_2092,m_2095,58470,app_4730,started,400,400,1.56
c_2092,m_2095,265683,app_4730,started,400,400,1.56
c_2092,m_2095,447366,app_4730,started,400,400,1.56
c_2093,m_1913,556492,app_7501,started,800,800,3.13
c_2093,m_1913,642867,app_7501,started,800,800,3.13
c_2094,m_1686,0,app_435,started,800,800,6.25
c_2094,m_1686,22599,app_435,started,800,800,6.25
c_2094,m_1686,117763,app_435,started,800,800,6.25
c_2094,m_1686,269806,app_435,started,800,800,6.25
c_2094,m_1686,394573,app_435,started,800,800,6.25
c_2095,m_3495,0,app_8197,started,400,400,1.56
c_2095,m_3495,26747,app_8197,started,400,400,1.56
c_2095,m_3495,122877,app_8197,started,400,400,1.56
c_2095,m_3495,274054,app_8197,started,400,400,1.56
c_2095,m_3495,435620,app_8197,started,400,400,1.56
c_2096,m_150,0,app_521,started,400,400,1.56
c_2096,m_150,12602,app_521,started,400,400,1.56
c_2096,m_150,107078,app_521,started,400,400,1.56
c_2096,m_150,175870,app_521,started,400,400,1.56
c_2096,m_150,209485,app_521,started,400,400,1.56
c_2096,m_150,260516,app_521,started,400,400,1.56
c_2096,m_150,341071,app_521,started,400,400,1.56
c_2097,m_2321,0,app_6896,started,400,400,1.56
c_2097,m_2321,28932,app_6896,started,400,400,1.56
c_2097,m_2321,125213,app_6896,started,400,400,1.56
c_2097,m_2321,276272,app_6896,started,400,400,1.56
c_2097,m_2321,439123,app_6896,started,400,400,1.56
c_2098,m_3715,0,app_2557,started,400,400,1.56
c_2098,m_3715,12525,app_2557,started,400,400,1.56
c_2098,m_3715,107000,app_2557,started,400,400,1.56
c_2098,m_3715,158060,app_2557,started,400,400,1.56
c_2098,m_3715,175795,app_2557,started,400,400,1.56
c_2098,m_3715,209410,app_2557,started,400,400,1.56
c_2098,m_3715,260440,app_2557,started,400,400,1.56
c_2098,m_3715,322886,app_2557,started,400,400,1.56
c_2098,m_3715,350824,app_2557,started,400,400,1.56
c_2098,m_3715,639818,app_2557,started,400,400,1.56
c_2099,m_2988,0,app_1596,started,400,400,1.56
c_2099,m_2988,283825,app_1596,started,400,400,1.56
c_2099,m_2988,411066,app_1596,started,400,400,1.56
c_2100,m_924,583898,app_2763,started,400,400,1.56
c_2100,m_924,588776,app_2763,started,400,400,1.56
c_2100,m_924,594521,app_2763,started,400,400,1.56
c_2100,m_924,664716,app_2763,started,400,400,1.56
c_2100,m_924,678062,app_2763,started,400,400,1.56
c_2101,m_1371,0,app_4369,started,400,400,1.56
c_2101,m_1371,29778,app_4369,started,400,400,1.56
c_2101,m_1371,124956,app_4369,started,400,400,1.56
c_2101,m_1371,278381,app_4369,started,400,400,1.56
c_2101,m_1371,373486,app_4369,started,400,400,1.56
c_2102,m_109,0,app_9127,started,400,400,1.56
c_2102,m_109,19619,app_9127,started,400,400,1.56
c_2102,m_109,115266,app_9127,started,400,400,1.56
c_2103,m_496,162895,app_5805,started,800,800,6.25
c_2103,m_496,206406,app_5805,started,800,800,6.25
c_2103,m_496,255750,app_5805,started,800,800,6.25
c_2103,m_496,377920,app_5805,started,800,800,6.25
c_2104,m_3720,0,app_1596,started,400,480,1.56
c_2104,m_3720,284999,app_1596,started,400,480,1.56
c_2104,m_3720,315931,app_1596,started,400,480,1.56
c_2104,m_3720,574135,app_1596,started,400,480,1.56
c_2105,m_1050,0,app_2895,started,800,800,3.13
c_2105,m_1050,283950,app_2895,started,800,800,3.13
c_2105,m_1050,411248,app_2895,started,800,800,3.13
c_2106,m_65,0,app_6575,started,400,400,1.56
c_2106,m_65,290740,app_6575,started,400,400,1.56
c_2106,m_65,386344,app_6575,started,400,400,1.56
c_2107,m_819,0,app_5936,started,400,400,1.56
c_2107,m_819,29855,app_5936,started,400,400,1.56
c_2107,m_819,126236,app_5936,started,400,400,1.56
c_2107,m_819,277315,app_5936,started,400,400,1.56
c_2107,m_819,347355,app_5936,started,400,400,1.56
c_2107,m_819,596244,app_5936,started,400,400,1.56
c_2108,m_2389,0,app_2637,started,400,400,1.56
c_2108,m_2389,30070,app_2637,started,400,400,1.56
c_2108,m_2389,125255,app_2637,started,400,400,1.56
c_2108,m_2389,278691,app_2637,started,400,400,1.56
c_2108,m_2389,373829,app_2637,started,400,400,1.56
c_2109,m_154,0,app_7475,started,400,400,1.56
c_2109,m_154,283829,app_7475,started,400,400,1.56
c_2109,m_154,411071,app_7475,started,400,400,1.56
c_2110,m_1091,0,app_7545,started,400,400,1.56
c_2110,m_1091,15736,app_7545,started,400,400,1.56
c_2110,m_1091,110240,app_7545,started,400,400,1.56
c_2110,m_1091,263617,app_7545,started,400,400,1.56
c_2110,m_1091,355086,app_7545,started,400,400,1.56
c_2111,m_1311,0,app_9116,started,400,400,1.56
c_2111,m_1311,25267,app_9116,started,400,400,1.56
c_2111,m_1311,120157,app_9116,started,400,400,1.56
c_2112,m_1080,0,app_6026,started,400,400,1.56
c_2112,m_1080,19840,app_6026,started,400,400,1.56
c_2112,m_1080,115203,app_6026,started,400,400,1.56
c_2112,m_1080,267828,app_6026,started,400,400,1.56
c_2112,m_1080,317241,app_6026,started,400,400,1.56
c_2112,m_1080,564194,app_6026,started,400,400,1.56
c_2113,m_2730,412759,app_8058,started,400,400,1.56
c_2113,m_2730,435369,app_8058,started,400,400,1.56
c_2114,m_772,0,app_9390,started,400,400,1.56
c_2114,m_772,18050,app_9390,started,400,400,1.56
c_2114,m_772,113606,app_9390,started,400,400,1.56
c_2114,m_772,167054,app_9390,started,400,400,1.56
c_2114,m_772,249322,app_9390,started,400,400,1.56
c_2114,m_772,426597,app_9390,started,400,400,1.56
c_2115,m_2564,0,app_5431,started,800,800,6.25
c_2115,m_2564,287139,app_5431,started,800,800,6.25
c_2115,m_2564,323188,app_5431,started,800,800,6.25
c_2116,m_2424,0,app_6791,started,800,800,3.13
c_2116,m_2424,13911,app_6791,started,800,800,3.13
c_2116,m_2424,108446,app_6791,started,800,800,3.13
c_2116,m_2424,125903,app_6791,started,800,800,3.13
c_2116,m_2424,130166,app_6791,started,800,800,3.13
c_2116,m_2424,162894,app_6791,started,800,800,3.13
c_2116,m_2424,177114,app_6791,started,800,800,3.13
c_2116,m_2424,210729,app_6791,started,800,800,3.13
c_2116,m_2424,261840,app_6791,started,800,800,3.13
c_2116,m_2424,322879,app_6791,started,800,800,3.13
c_2116,m_2424,559935,app_6791,started,800,800,3.13
c_2117,m_1917,0,app_2415,started,400,400,1.56
c_2117,m_1917,26785,app_2415,started,400,400,1.56
c_2117,m_1917,122917,app_2415,started,400,400,1.56
c_2117,m_1917,274092,app_2415,started,400,400,1.56
c_2117,m_1917,401337,app_2415,started,400,400,1.56
c_2117,m_1917,592866,app_2415,started,400,400,1.56
c_2117,m_1917,639294,app_2415,started,400,400,1.56
c_2118,m_2790,0,app_3965,started,400,400,1.56
c_2118,m_2790,27263,app_3965,started,400,400,1.56
c_2118,m_2790,44555,app_3965,started,400,400,1.56
c_2118,m_2790,122256,app_3965,started,400,400,1.56
c_2118,m_2790,245228,app_3965,started,400,400,1.56
c_2118,m_2790,370433,app_3965,started,400,400,1.56
c_2119,m_39,0,app_5186,started,400,400,1.56
c_2119,m_39,34874,app_5186,started,400,400,1.56
c_2119,m_39,282479,app_5186,started,400,400,1.56
c_2119,m_39,409311,app_5186,started,400,400,1.56
c_2120,m_3553,0,app_1818,started,800,800,3.13
c_2120,m_3553,31416,app_1818,started,800,800,3.13
c_2120,m_3553,126679,app_1818,started,800,800,3.13
c_2120,m_3553,280390,app_1818,started,800,800,3.13
c_2120,m_3553,347379,app_1818,started,800,800,3.13
c_2121,m_1912,0,app_460,started,400,400,1.56
c_2121,m_1912,9733,app_460,started,400,400,1.56
c_2121,m_1912,104141,app_460,started,400,400,1.56
c_2121,m_1912,173124,app_460,started,400,400,1.56
c_2121,m_1912,206644,app_460,started,400,400,1.56
c_2121,m_1912,257466,app_460,started,400,400,1.56
c_2121,m_1912,347779,app_460,started,400,400,1.56
c_2121,m_1912,635558,app_460,started,400,400,1.56
c_2122,m_1264,0,app_7614,started,400,400,1.56
c_2122,m_1264,13811,app_7614,started,400,400,1.56
c_2122,m_1264,108328,app_7614,started,400,400,1.56
c_2122,m_1264,177017,app_7614,started,400,400,1.56
c_2122,m_1264,210632,app_7614,started,400,400,1.56
c_2122,m_1264,261725,app_7614,started,400,400,1.56
c_2122,m_1264,352305,app_7614,started,400,400,1.56
c_2123,m_2027,0,app_9276,started,400,480,1.56
c_2123,m_2027,31843,app_9276,started,400,480,1.56
c_2123,m_2027,128363,app_9276,started,400,480,1.56
c_2123,m_2027,279331,app_9276,started,400,480,1.56
c_2124,m_97,0,app_9733,started,800,800,3.13
c_2124,m_97,14715,app_9733,started,800,800,3.13
c_2124,m_97,110057,app_9733,started,800,800,3.13
c_2124,m_97,261837,app_9733,started,800,800,3.13
c_2124,m_97,346237,app_9733,started,800,800,3.13
c_2125,m_3252,0,app_2642,started,400,400,1.56
c_2125,m_3252,34089,app_2642,started,400,400,1.56
c_2125,m_3252,129487,app_2642,started,400,400,1.56
c_2125,m_3252,283186,app_2642,started,400,400,1.56
c_2125,m_3252,378302,app_2642,started,400,400,1.56
c_2126,m_3419,0,app_3632,started,400,400,1.56
c_2126,m_3419,34261,app_3632,started,400,400,1.56
c_2126,m_3419,158032,app_3632,started,400,400,1.56
c_2126,m_3419,248884,app_3632,started,400,400,1.56
c_2126,m_3419,408605,app_3632,started,400,400,1.56
c_2127,m_1777,0,app_2112,started,400,400,1.56
c_2127,m_1777,32279,app_2112,started,400,400,1.56
c_2127,m_1777,127589,app_2112,started,400,400,1.56
c_2127,m_1777,281264,app_2112,started,400,400,1.56
c_2127,m_1777,376264,app_2112,started,400,400,1.56
c_2127,m_1777,668671,app_2112,started,400,400,1.56
c_2128,m_2344,435266,app_2856,started,800,800,3.13
c_2128,m_2344,641312,app_2856,started,800,800,3.13
c_2129,m_1037,0,app_691,started,400,480,1.56
c_2129,m_1037,36008,app_691,started,400,480,1.56
c_2129,m_1037,36377,app_691,started,400,480,1.56
c_2129,m_1037,74665,app_691,started,400,480,1.56
c_2129,m_1037,290935,app_691,started,400,480,1.56
c_2130,m_3135,0,app_3668,started,400,400,1.56
c_2130,m_3135,20395,app_3668,started,400,400,1.56
c_2130,m_3135,115788,app_3668,started,400,400,1.56
c_2130,m_3135,269123,app_3668,started,400,400,1.56
c_2130,m_3135,333729,app_3668,started,400,400,1.56
c_2131,m_2914,0,app_2128,started,400,400,1.56
c_2131,m_2914,237391,app_2128,started,400,400,1.56
c_2131,m_2914,379970,app_2128,started,400,400,1.56
c_2132,m_398,0,app_3632,started,400,400,1.56
c_2132,m_398,29292,app_3632,started,400,400,1.56
c_2132,m_398,125610,app_3632,started,400,400,1.56
c_2132,m_398,276691,app_3632,started,400,400,1.56
c_2132,m_398,404447,app_3632,started,400,400,1.56
c_2133,m_3198,0,app_1596,started,400,480,1.56
c_2133,m_3198,284845,app_1596,started,400,480,1.56
c_2133,m_3198,380030,app_1596,started,400,480,1.56
c_2134,m_1389,0,app_950,started,1600,1600,6.25
c_2134,m_1389,283905,app_950,started,1600,1600,6.25
c_2134,m_1389,411155,app_950,started,1600,1600,6.25
c_2135,m_3504,0,app_9059,started,400,400,1.95
c_2135,m_3504,11769,app_9059,started,400,400,1.95
c_2135,m_3504,107024,app_9059,started,400,400,1.95
c_2135,m_3504,176331,app_9059,started,400,400,1.95
c_2135,m_3504,209488,app_9059,started,400,400,1.95
c_2135,m_3504,258794,app_9059,started,400,400,1.95
c_2135,m_3504,418074,app_9059,started,400,400,1.95
c_2135,m_3504,642051,app_9059,started,400,400,1.95
c_2136,m_741,0,app_7620,started,400,400,1.56
c_2136,m_741,34001,app_7620,started,400,400,1.56
c_2136,m_741,129396,app_7620,started,400,400,1.56
c_2136,m_741,244714,app_7620,started,400,400,1.56
c_2136,m_741,378210,app_7620,started,400,400,1.56
c_2137,m_2758,0,app_6217,started,400,400,1.56
c_2137,m_2758,13550,app_6217,started,400,400,1.56
c_2137,m_2758,108056,app_6217,started,400,400,1.56
c_2137,m_2758,176756,app_6217,started,400,400,1.56
c_2137,m_2758,210374,app_6217,started,400,400,1.56
c_2137,m_2758,261461,app_6217,started,400,400,1.56
c_2137,m_2758,352032,app_6217,started,400,400,1.56
c_2138,m_2637,0,app_6593,started,400,400,1.56
c_2138,m_2637,244714,app_6593,started,400,400,1.56
c_2138,m_2637,381359,app_6593,started,400,400,1.56
c_2139,m_2849,0,app_1244,started,800,800,3.13
c_2139,m_2849,58001,app_1244,started,800,800,3.13
c_2139,m_2849,246239,app_1244,started,800,800,3.13
c_2139,m_2849,383614,app_1244,started,800,800,3.13
c_2139,m_2849,664009,app_1244,started,800,800,3.13
c_2139,m_2849,666135,app_1244,started,800,800,3.13
c_2139,m_2849,678052,app_1244,started,800,800,3.13
c_2140,m_1978,0,app_3680,started,400,400,1.56
c_2140,m_1978,32718,app_3680,started,400,400,1.56
c_2140,m_1978,49303,app_3680,started,400,400,1.56
c_2140,m_1978,129325,app_3680,started,400,400,1.56
c_2140,m_1978,280245,app_3680,started,400,400,1.56
c_2140,m_1978,445489,app_3680,started,400,400,1.56
c_2141,m_313,0,app_1613,started,400,400,1.56
c_2141,m_313,284900,app_1613,started,400,400,1.56
c_2141,m_313,451345,app_1613,started,400,400,1.56
c_2142,m_3587,0,app_3797,started,400,400,1.56
c_2142,m_3587,18918,app_3797,started,400,400,1.56
c_2142,m_3587,114529,app_3797,started,400,400,1.56
c_2142,m_3587,233333,app_3797,started,400,400,1.56
c_2142,m_3587,390125,app_3797,started,400,400,1.56
c_2143,m_3126,0,app_3978,started,400,400,1.56
c_2143,m_3126,39106,app_3978,started,400,400,1.56
c_2143,m_3126,286732,app_3978,started,400,400,1.56
c_2143,m_3126,382016,app_3978,started,400,400,1.56
c_2144,m_2202,0,app_5366,started,800,800,3.13
c_2144,m_2202,15823,app_5366,started,800,800,3.13
c_2144,m_2202,110327,app_5366,started,800,800,3.13
c_2144,m_2202,263700,app_5366,started,800,800,3.13
c_2144,m_2202,347399,app_5366,started,800,800,3.13
c_2145,m_1154,0,app_2015,started,400,400,1.56
c_2145,m_1154,110522,app_2015,started,400,400,1.56
c_2145,m_1154,262271,app_2015,started,400,400,1.56
c_2145,m_1154,386035,app_2015,started,400,400,1.56
c_2146,m_1235,0,app_2912,started,800,800,3.13
c_2146,m_1235,32253,app_2912,started,800,800,3.13
c_2146,m_1235,49303,app_2912,started,800,800,3.13
c_2146,m_1235,128817,app_2912,started,800,800,3.13
c_2146,m_1235,279762,app_2912,started,800,800,3.13
c_2146,m_1235,444640,app_2912,started,800,800,3.13
c_2147,m_900,0,app_582,started,400,400,1.56
c_2147,m_900,19626,app_582,started,400,400,1.56
c_2147,m_900,115274,app_582,started,400,400,1.56
c_2147,m_900,266839,app_582,started,400,400,1.56
c_2147,m_900,428743,app_582,started,400,400,1.56
c_2148,m_3863,0,app_5937,started,400,400,1.56
c_2148,m_3863,284755,app_5937,started,400,400,1.56
c_2148,m_3863,379919,app_5937,started,400,400,1.56
c_2148,m_3863,444850,app_5937,started,400,400,1.56
c_2149,m_3430,0,app_2413,started,400,400,1.56
c_2149,m_3430,286737,app_2413,started,400,400,1.56
c_2149,m_3430,382022,app_2413,started,400,400,1.56
c_2150,m_3055,0,app_5765,started,400,400,1.56
c_2150,m_3055,32246,app_5765,started,400,400,1.56
c_2150,m_3055,128809,app_5765,started,400,400,1.56
c_2150,m_3055,279754,app_5765,started,400,400,1.56
c_2150,m_3055,444613,app_5765,started,400,400,1.56
c_2151,m_1712,0,app_8086,started,3200,3200,18.75
c_2151,m_1712,285264,app_8086,started,3200,3200,18.75
c_2151,m_1712,380467,app_8086,started,3200,3200,18.75
c_2152,m_2795,337677,app_4939,started,400,400,1.56
c_2153,m_913,0,app_5445,started,400,480,1.56
c_2153,m_913,9830,app_5445,started,400,480,1.56
c_2153,m_913,104242,app_5445,started,400,480,1.56
c_2153,m_913,173219,app_5445,started,400,480,1.56
c_2153,m_913,206743,app_5445,started,400,480,1.56
c_2153,m_913,257571,app_5445,started,400,480,1.56
c_2153,m_913,635680,app_5445,started,400,480,1.56
c_2153,m_913,678074,app_5445,started,400,480,1.56
c_2154,m_24,0,app_1314,started,400,400,1.56
c_2154,m_24,9464,app_1314,started,400,400,1.56
c_2154,m_24,103860,app_1314,started,400,400,1.56
c_2154,m_24,172807,app_1314,started,400,400,1.56
c_2154,m_24,206387,app_1314,started,400,400,1.56
c_2154,m_24,257188,app_1314,started,400,400,1.56
c_2154,m_24,347479,app_1314,started,400,400,1.56
c_2155,m_488,0,app_3755,started,400,400,1.56
c_2155,m_488,290014,app_3755,started,400,400,1.56
c_2155,m_488,385590,app_3755,started,400,400,1.56
c_2156,m_1178,0,app_6103,started,400,480,1.56
c_2156,m_1178,131726,app_6103,started,400,480,1.56
c_2156,m_1178,289449,app_6103,started,400,480,1.56
c_2157,m_2670,0,app_3549,started,400,400,1.56
c_2157,m_2670,25111,app_3549,started,400,400,1.56
c_2157,m_2670,119996,app_3549,started,400,400,1.56
c_2158,m_1251,0,app_1254,started,800,800,3.13
c_2158,m_1251,16898,app_1254,started,800,800,3.13
c_2158,m_1251,112368,app_1254,started,800,800,3.13
c_2158,m_1251,263994,app_1254,started,800,800,3.13
c_2158,m_1251,425475,app_1254,started,800,800,3.13
c_2159,m_3556,0,app_1276,started,400,400,1.56
c_2159,m_3556,9446,app_1276,started,400,400,1.56
c_2159,m_3556,104538,app_1276,started,400,400,1.56
c_2159,m_3556,173934,app_1276,started,400,400,1.56
c_2159,m_3556,207062,app_1276,started,400,400,1.56
c_2159,m_3556,256419,app_1276,started,400,400,1.56
c_2159,m_3556,378252,app_1276,started,400,400,1.56
c_2160,m_3220,0,app_2625,started,400,400,1.56
c_2160,m_3220,285999,app_2625,started,400,400,1.56
c_2160,m_3220,381273,app_2625,started,400,400,1.56
c_2161,m_2314,0,app_484,started,400,400,1.56
c_2161,m_2314,35101,app_484,started,400,400,1.56
c_2161,m_2314,282727,app_484,started,400,400,1.56
c_2161,m_2314,448890,app_484,started,400,400,1.56
c_2162,m_1928,0,app_5573,started,1600,1600,6.25
c_2162,m_1928,13240,app_5573,started,1600,1600,6.25
c_2162,m_1928,49299,app_5573,started,1600,1600,6.25
c_2162,m_1928,108548,app_5573,started,1600,1600,6.25
c_2162,m_1928,177832,app_5573,started,1600,1600,6.25
c_2162,m_1928,260362,app_5573,started,1600,1600,6.25
c_2162,m_1928,383990,app_5573,started,1600,1600,6.25
c_2163,m_527,382910,app_6140,started,400,400,1.56
c_2164,m_2898,0,app_8799,started,800,800,3.13
c_2164,m_2898,35461,app_8799,started,800,800,3.13
c_2164,m_2898,284642,app_8799,started,800,800,3.13
c_2164,m_2898,324084,app_8799,started,800,800,3.13
c_2165,m_1588,0,app_8197,started,400,480,1.56
c_2165,m_1588,21681,app_8197,started,400,480,1.56
c_2165,m_1588,116790,app_8197,started,400,480,1.56
c_2165,m_1588,268862,app_8197,started,400,480,1.56
c_2166,m_883,0,app_2449,started,800,800,3.13
c_2166,m_883,15799,app_2449,started,800,800,3.13
c_2166,m_883,110302,app_2449,started,800,800,3.13
c_2166,m_883,263676,app_2449,started,800,800,3.13
c_2166,m_883,345050,app_2449,started,800,800,3.13
c_2167,m_2452,0,app_2576,started,400,400,1.56
c_2167,m_2452,15229,app_2576,started,400,400,1.56
c_2167,m_2452,110594,app_2576,started,400,400,1.56
c_2167,m_2452,262340,app_2576,started,400,400,1.56
c_2167,m_2452,386086,app_2576,started,400,400,1.56
c_2168,m_3096,0,app_2899,started,400,400,1.56
c_2168,m_3096,32150,app_2899,started,400,400,1.56
c_2168,m_3096,128709,app_2899,started,400,400,1.56
c_2168,m_3096,219550,app_2899,started,400,400,1.56
c_2168,m_3096,279646,app_2899,started,400,400,1.56
c_2168,m_3096,444432,app_2899,started,400,400,1.56
c_2169,m_3730,0,app_5729,started,400,400,1.56
c_2169,m_3730,23291,app_5729,started,400,400,1.56
c_2169,m_3730,118514,app_5729,started,400,400,1.56
c_2169,m_3730,270492,app_5729,started,400,400,1.56
c_2169,m_3730,431418,app_5729,started,400,400,1.56
c_2170,m_1780,598157,app_6725,started,800,800,3.13
c_2171,m_2875,0,app_56,started,400,400,1.56
c_2171,m_2875,17208,app_56,started,400,400,1.56
c_2171,m_2875,38627,app_56,started,400,400,1.56
c_2171,m_2875,111740,app_56,started,400,400,1.56
c_2171,m_2875,265053,app_56,started,400,400,1.56
c_2171,m_2875,357539,app_56,started,400,400,1.56
c_2172,m_1991,552442,app_1883,started,400,400,1.56
c_2172,m_1991,638399,app_1883,started,400,400,1.56
c_2173,m_3849,72526,app_8980,started,400,400,1.56
c_2173,m_3849,259007,app_8980,started,400,400,1.56
c_2173,m_3849,349332,app_8980,started,400,400,1.56
c_2174,m_861,0,app_5428,started,400,400,3.13
c_2174,m_861,31126,app_5428,started,400,400,3.13
c_2174,m_861,126383,app_5428,started,400,400,3.13
c_2174,m_861,279816,app_5428,started,400,400,3.13
c_2174,m_861,375045,app_5428,started,400,400,3.13
c_2175,m_2526,0,app_9053,started,400,400,1.56
c_2175,m_2526,14746,app_9053,started,400,400,1.56
c_2175,m_2526,110093,app_9053,started,400,400,1.56
c_2175,m_2526,261867,app_9053,started,400,400,1.56
c_2175,m_2526,385818,app_9053,started,400,400,1.56
c_2176,m_1409,0,app_3590,started,400,400,1.95
c_2176,m_1409,26191,app_3590,started,400,400,1.95
c_2176,m_1409,121111,app_3590,started,400,400,1.95
c_2176,m_1409,274570,app_3590,started,400,400,1.95
c_2176,m_1409,369207,app_3590,started,400,400,1.95
c_2177,m_968,0,app_1502,started,400,400,1.56
c_2177,m_968,285066,app_1502,started,400,400,1.56
c_2177,m_968,412702,app_1502,started,400,400,1.56
c_2178,m_2519,640848,app_7876,started,800,800,3.13
c_2178,m_2519,641282,app_7876,started,800,800,3.13
c_2179,m_3230,80422,app_8980,started,400,400,1.56
c_2179,m_3230,131271,app_8980,started,400,400,1.56
c_2179,m_3230,147587,app_8980,started,400,400,1.56
c_2179,m_3230,148859,app_8980,started,400,400,1.56
c_2179,m_3230,207800,app_8980,started,400,400,1.56
c_2179,m_3230,226370,app_8980,started,400,400,1.56
c_2179,m_3230,227244,app_8980,started,400,400,1.56
c_2179,m_3230,236817,app_8980,started,400,400,1.56
c_2179,m_3230,279924,app_8980,started,400,400,1.56
c_2179,m_3230,337562,app_8980,started,400,400,1.56
c_2180,m_2888,0,app_442,started,800,800,3.13
c_2180,m_2888,32882,app_442,started,800,800,3.13
c_2180,m_2888,129499,app_442,started,800,800,3.13
c_2180,m_2888,216015,app_442,started,800,800,3.13
c_2180,m_2888,216736,app_442,started,800,800,3.13
c_2180,m_2888,255063,app_442,started,800,800,3.13
c_2180,m_2888,407114,app_442,started,800,800,3.13
c_2180,m_2888,678053,app_442,started,800,800,3.13
c_2181,m_3941,0,app_5990,started,400,400,1.56
c_2181,m_3941,21947,app_5990,started,400,400,1.56
c_2181,m_3941,116724,app_5990,started,400,400,1.56
c_2181,m_3941,270125,app_5990,started,400,400,1.56
c_2181,m_3941,364175,app_5990,started,400,400,1.56
c_2182,m_1786,0,app_5718,started,800,800,3.13
c_2182,m_1786,10360,app_5718,started,800,800,3.13
c_2182,m_1786,104812,app_5718,started,800,800,3.13
c_2182,m_1786,125916,app_5718,started,800,800,3.13
c_2182,m_1786,130182,app_5718,started,800,800,3.13
c_2182,m_1786,162874,app_5718,started,800,800,3.13
c_2182,m_1786,173744,app_5718,started,800,800,3.13
c_2182,m_1786,207268,app_5718,started,800,800,3.13
c_2183,m_2852,0,app_1992,started,400,400,1.56
c_2183,m_2852,289342,app_1992,started,400,400,1.56
c_2183,m_2852,322138,app_1992,started,400,400,1.56
c_2184,m_2804,0,app_9681,started,400,400,1.56
c_2184,m_2804,284737,app_9681,started,400,400,1.56
c_2184,m_2804,379900,app_9681,started,400,400,1.56
c_2185,m_604,0,app_3422,started,400,400,1.56
c_2185,m_604,22389,app_3422,started,400,400,1.56
c_2185,m_604,117547,app_3422,started,400,400,1.56
c_2185,m_604,269586,app_3422,started,400,400,1.56
c_2185,m_604,394436,app_3422,started,400,400,1.56
c_2185,m_604,668658,app_3422,started,400,400,1.56
c_2185,m_604,678024,app_3422,started,400,400,1.56
c_2186,m_1588,0,app_702,started,400,400,0.78
c_2186,m_1588,21681,app_702,started,400,400,0.78
c_2186,m_1588,116790,app_702,started,400,400,0.78
c_2186,m_1588,268862,app_702,started,400,400,0.78
c_2186,m_1588,429842,app_702,started,400,400,0.78
c_2187,m_2691,0,app_1209,started,400,400,1.56
c_2187,m_2691,22303,app_1209,started,400,400,1.56
c_2187,m_2691,117459,app_1209,started,400,400,1.56
c_2187,m_2691,269490,app_1209,started,400,400,1.56
c_2187,m_2691,394352,app_1209,started,400,400,1.56
c_2188,m_2189,0,app_3613,started,400,400,1.56
c_2188,m_2189,9007,app_3613,started,400,400,1.56
c_2188,m_2189,104080,app_3613,started,400,400,1.56
c_2188,m_2189,173493,app_3613,started,400,400,1.56
c_2188,m_2189,206625,app_3613,started,400,400,1.56
c_2188,m_2189,255990,app_3613,started,400,400,1.56
c_2188,m_2189,337551,app_3613,started,400,400,1.56
c_2188,m_2189,637618,app_3613,started,400,400,1.56
c_2189,m_3791,374958,app_582,started,400,400,1.56
c_2190,m_353,315066,app_2435,started,100,100,0.38
c_2191,m_1486,162561,app_2324,started,800,800,6.25
c_2191,m_1486,266928,app_2324,started,800,800,6.25
c_2191,m_1486,339081,app_2324,started,800,800,6.25
c_2192,m_1566,0,app_3109,started,400,400,1.56
c_2192,m_1566,31207,app_3109,started,400,400,1.56
c_2192,m_1566,127690,app_3109,started,400,400,1.56
c_2192,m_1566,219145,app_3109,started,400,400,1.56
c_2192,m_1566,278708,app_3109,started,400,400,1.56
c_2192,m_1566,442868,app_3109,started,400,400,1.56
c_2193,m_2796,0,app_582,started,400,400,1.56
c_2193,m_2796,7470,app_582,started,400,400,1.56
c_2193,m_2796,84545,app_582,started,400,400,1.56
c_2193,m_2796,102454,app_582,started,400,400,1.56
c_2193,m_2796,171876,app_582,started,400,400,1.56
c_2193,m_2796,205010,app_582,started,400,400,1.56
c_2193,m_2796,254379,app_582,started,400,400,1.56
c_2193,m_2796,317906,app_582,started,400,400,1.56
c_2194,m_1843,0,app_647,started,400,400,1.95
c_2194,m_1843,11575,app_647,started,400,400,1.95
c_2194,m_1843,106817,app_647,started,400,400,1.95
c_2194,m_1843,176123,app_647,started,400,400,1.95
c_2194,m_1843,209287,app_647,started,400,400,1.95
c_2194,m_1843,258593,app_647,started,400,400,1.95
c_2194,m_1843,382140,app_647,started,400,400,1.95
c_2195,m_2709,0,app_6510,started,400,400,1.56
c_2195,m_2709,32637,app_6510,started,400,400,1.56
c_2195,m_2709,129231,app_6510,started,400,400,1.56
c_2195,m_2709,280155,app_6510,started,400,400,1.56
c_2195,m_2709,445373,app_6510,started,400,400,1.56
c_2196,m_1111,53430,app_5137,started,2400,2400,9.38
c_2196,m_1111,262027,app_5137,started,2400,2400,9.38
c_2196,m_1111,421547,app_5137,started,2400,2400,9.38
c_2197,m_1994,0,app_7801,started,400,400,1.56
c_2197,m_1994,35319,app_7801,started,400,400,1.56
c_2197,m_1994,282958,app_7801,started,400,400,1.56
c_2197,m_1994,449320,app_7801,started,400,400,1.56
c_2198,m_2484,0,app_6400,started,400,400,1.56
c_2198,m_2484,13304,app_6400,started,400,400,1.56
c_2198,m_2484,108618,app_6400,started,400,400,1.56
c_2198,m_2484,177900,app_6400,started,400,400,1.56
c_2198,m_2484,260429,app_6400,started,400,400,1.56
c_2198,m_2484,384154,app_6400,started,400,400,1.56
c_2199,m_693,0,app_4077,started,400,400,1.56
c_2199,m_693,35090,app_4077,started,400,400,1.56
c_2199,m_693,70499,app_4077,started,400,400,1.56
c_2199,m_693,284229,app_4077,started,400,400,1.56
c_2199,m_693,379357,app_4077,started,400,400,1.56
c_2200,m_1711,0,app_4832,started,400,400,1.56
c_2200,m_1711,24000,app_4832,started,400,400,1.56
c_2200,m_1711,73455,app_4832,started,400,400,1.56
c_2200,m_1711,119582,app_4832,started,400,400,1.56
c_2200,m_1711,161320,app_4832,started,400,400,1.56
c_2200,m_1711,271232,app_4832,started,400,400,1.56
c_2200,m_1711,431957,app_4832,started,400,400,1.56
c_2201,m_228,0,app_8000,started,400,400,1.56
c_2201,m_228,9358,app_8000,started,400,400,1.56
c_2201,m_228,104432,app_8000,started,400,400,1.56
c_2201,m_228,173843,app_8000,started,400,400,1.56
c_2201,m_228,206972,app_8000,started,400,400,1.56
c_2201,m_228,256329,app_8000,started,400,400,1.56
c_2201,m_228,416202,app_8000,started,400,400,1.56
c_2202,m_2765,0,app_7441,started,400,400,1.56
c_2202,m_2765,22634,app_7441,started,400,400,1.56
c_2202,m_2765,117799,app_7441,started,400,400,1.56
c_2202,m_2765,269840,app_7441,started,400,400,1.56
c_2202,m_2765,431067,app_7441,started,400,400,1.56
c_2203,m_1553,0,app_5705,started,400,400,1.56
c_2203,m_1553,36003,app_5705,started,400,400,1.56
c_2203,m_1553,36260,app_5705,started,400,400,1.56
c_2203,m_1553,161054,app_5705,started,400,400,1.56
c_2203,m_1553,212395,app_5705,started,400,400,1.56
c_2203,m_1553,259510,app_5705,started,400,400,1.56
c_2203,m_1553,378691,app_5705,started,400,400,1.56
c_2204,m_2960,0,app_1395,started,400,480,1.56
c_2204,m_2960,21353,app_1395,started,400,480,1.56
c_2204,m_2960,116436,app_1395,started,400,480,1.56
c_2204,m_2960,268542,app_1395,started,400,480,1.56
c_2205,m_929,0,app_5652,started,400,400,1.56
c_2205,m_929,25033,app_5652,started,400,400,1.56
c_2205,m_929,121021,app_5652,started,400,400,1.56
c_2205,m_929,240032,app_5652,started,400,400,1.56
c_2205,m_929,272254,app_5652,started,400,400,1.56
c_2205,m_929,399521,app_5652,started,400,400,1.56
c_2206,m_1137,0,app_3219,started,400,400,1.56
c_2206,m_1137,12761,app_3219,started,400,400,1.56
c_2206,m_1137,107237,app_3219,started,400,400,1.56
c_2206,m_1137,176022,app_3219,started,400,400,1.56
c_2206,m_1137,209635,app_3219,started,400,400,1.56
c_2206,m_1137,260685,app_3219,started,400,400,1.56
c_2206,m_1137,351080,app_3219,started,400,400,1.56
c_2207,m_3617,0,app_5013,started,400,480,1.56
c_2207,m_3617,20565,app_5013,started,400,480,1.56
c_2207,m_3617,115973,app_5013,started,400,480,1.56
c_2207,m_3617,122232,app_5013,started,400,480,1.56
c_2207,m_3617,122501,app_5013,started,400,480,1.56
c_2207,m_3617,269366,app_5013,started,400,480,1.56
c_2208,m_2650,125487,app_3120,started,400,400,1.56
c_2208,m_2650,126156,app_3120,started,400,400,1.56
c_2209,m_1044,0,app_6161,started,400,400,1.56
c_2209,m_1044,23413,app_6161,started,400,400,1.56
c_2209,m_1044,118640,app_6161,started,400,400,1.56
c_2209,m_1044,270615,app_6161,started,400,400,1.56
c_2209,m_1044,431549,app_6161,started,400,400,1.56
c_2210,m_1705,162861,app_5805,started,800,800,6.25
c_2210,m_1705,248664,app_5805,started,800,800,6.25
c_2210,m_1705,340416,app_5805,started,800,800,6.25
c_2211,m_585,0,app_732,started,800,800,3.13
c_2211,m_585,26835,app_732,started,800,800,3.13
c_2211,m_585,121787,app_732,started,800,800,3.13
c_2211,m_585,240029,app_732,started,800,800,3.13
c_2211,m_585,369930,app_732,started,800,800,3.13
c_2212,m_2019,0,app_8360,started,800,800,3.13
c_2212,m_2019,15403,app_8360,started,800,800,3.13
c_2212,m_2019,109902,app_8360,started,800,800,3.13
c_2212,m_2019,263266,app_8360,started,800,800,3.13
c_2212,m_2019,339740,app_8360,started,800,800,3.13
c_2213,m_3459,0,app_1596,started,400,400,1.56
c_2213,m_3459,29965,app_1596,started,400,400,1.56
c_2213,m_3459,125152,app_1596,started,400,400,1.56
c_2213,m_3459,136447,app_1596,started,400,400,1.56
c_2213,m_3459,137604,app_1596,started,400,400,1.56
c_2213,m_3459,278586,app_1596,started,400,400,1.56
c_2213,m_3459,373694,app_1596,started,400,400,1.56
c_2214,m_612,0,app_3288,started,800,800,3.13
c_2214,m_612,15688,app_3288,started,800,800,3.13
c_2214,m_612,110190,app_3288,started,800,800,3.13
c_2214,m_612,263567,app_3288,started,800,800,3.13
c_2214,m_612,355036,app_3288,started,800,800,3.13
c_2215,m_2571,0,app_3615,started,400,480,1.56
c_2215,m_2571,27517,app_3615,started,400,480,1.56
c_2215,m_2571,122523,app_3615,started,400,480,1.56
c_2215,m_2571,275955,app_3615,started,400,480,1.56
c_2216,m_761,0,app_7709,started,400,400,1.56
c_2216,m_761,14999,app_7709,started,400,400,1.56
c_2216,m_761,110360,app_7709,started,400,400,1.56
c_2216,m_761,212334,app_7709,started,400,400,1.56
c_2216,m_761,212513,app_7709,started,400,400,1.56
c_2216,m_761,259425,app_7709,started,400,400,1.56
c_2216,m_761,324196,app_7709,started,400,400,1.56
c_2217,m_66,0,app_1203,started,400,400,1.56
c_2217,m_66,32126,app_1203,started,400,400,1.56
c_2217,m_66,77012,app_1203,started,400,400,1.56
c_2217,m_66,80132,app_1203,started,400,400,1.56
c_2217,m_66,127428,app_1203,started,400,400,1.56
c_2217,m_66,219553,app_1203,started,400,400,1.56
c_2217,m_66,281109,app_1203,started,400,400,1.56
c_2218,m_966,0,app_2695,started,800,800,3.13
c_2218,m_966,286222,app_2695,started,800,800,3.13
c_2218,m_966,347383,app_2695,started,800,800,3.13
c_2219,m_1542,0,app_8203,started,400,400,1.56
c_2219,m_1542,34434,app_8203,started,400,400,1.56
c_2219,m_1542,39621,app_8203,started,400,400,1.56
c_2219,m_1542,282021,app_8203,started,400,400,1.56
c_2219,m_1542,344733,app_8203,started,400,400,1.56
c_2220,m_3820,0,app_4526,started,400,400,1.56
c_2220,m_3820,26910,app_4526,started,400,400,1.56
c_2220,m_3820,123053,app_4526,started,400,400,1.56
c_2220,m_3820,274235,app_4526,started,400,400,1.56
c_2220,m_3820,435885,app_4526,started,400,400,1.56
c_2221,m_2303,0,app_1785,started,400,4800,1.56
c_2221,m_2303,9422,app_1785,started,400,4800,1.56
c_2221,m_2303,103816,app_1785,started,400,4800,1.56
c_2221,m_2303,172764,app_1785,started,400,4800,1.56
c_2221,m_2303,206345,app_1785,started,400,4800,1.56
c_2221,m_2303,257144,app_1785,started,400,4800,1.56
c_2221,m_2303,347436,app_1785,started,400,4800,1.56
c_2222,m_2962,578612,app_1826,started,800,800,3.13
c_2222,m_2962,589119,app_1826,started,800,800,3.13
c_2222,m_2962,594830,app_1826,started,800,800,3.13
c_2223,m_2093,0,app_5416,started,400,400,1.56
c_2223,m_2093,13563,app_5416,started,400,400,1.56
c_2223,m_2093,108072,app_5416,started,400,400,1.56
c_2223,m_2093,176768,app_5416,started,400,400,1.56
c_2223,m_2093,210386,app_5416,started,400,400,1.56
c_2223,m_2093,261473,app_5416,started,400,400,1.56
c_2223,m_2093,352045,app_5416,started,400,400,1.56
c_2224,m_1300,0,app_1807,started,400,400,1.56
c_2224,m_1300,35285,app_1807,started,400,400,1.56
c_2224,m_1300,284445,app_1807,started,400,400,1.56
c_2224,m_1300,379588,app_1807,started,400,400,1.56
c_2225,m_319,0,app_2128,started,400,400,1.56
c_2225,m_319,8871,app_2128,started,400,400,1.56
c_2225,m_319,103938,app_2128,started,400,400,1.56
c_2225,m_319,173352,app_2128,started,400,400,1.56
c_2225,m_319,206482,app_2128,started,400,400,1.56
c_2225,m_319,255854,app_2128,started,400,400,1.56
c_2225,m_319,415455,app_2128,started,400,400,1.56
c_2226,m_2913,0,app_8203,started,400,400,1.56
c_2226,m_2913,32540,app_8203,started,400,400,1.56
c_2226,m_2913,127865,app_8203,started,400,400,1.56
c_2226,m_2913,281541,app_8203,started,400,400,1.56
c_2226,m_2913,376574,app_8203,started,400,400,1.56
c_2227,m_2947,0,app_2912,started,800,800,3.13
c_2227,m_2947,11953,app_2912,started,800,800,3.13
c_2227,m_2947,44441,app_2912,started,800,800,3.13
c_2227,m_2947,106421,app_2912,started,800,800,3.13
c_2227,m_2947,175262,app_2912,started,800,800,3.13
c_2227,m_2947,208864,app_2912,started,800,800,3.13
c_2227,m_2947,259870,app_2912,started,800,800,3.13
c_2227,m_2947,350190,app_2912,started,800,800,3.13
c_2228,m_3546,0,app_7097,started,800,800,3.13
c_2229,m_3180,0,app_7999,started,400,400,1.56
c_2229,m_3180,15080,app_7999,started,400,400,1.56
c_2229,m_3180,109585,app_7999,started,400,400,1.56
c_2229,m_3180,262953,app_7999,started,400,400,1.56
c_2229,m_3180,342028,app_7999,started,400,400,1.56
c_2229,m_3180,447004,app_7999,started,400,400,1.56
c_2229,m_3180,556004,app_7999,started,400,400,1.56
c_2230,m_3295,0,app_8347,started,800,800,3.13
c_2230,m_3295,29360,app_8347,started,800,800,3.13
c_2230,m_3295,125686,app_8347,started,800,800,3.13
c_2230,m_3295,232385,app_8347,started,800,800,3.13
c_2230,m_3295,404552,app_8347,started,800,800,3.13
c_2231,m_1277,0,app_7835,started,400,400,1.56
c_2231,m_1277,290609,app_7835,started,400,400,1.56
c_2231,m_1277,347372,app_7835,started,400,400,1.56
c_2232,m_1059,0,app_1596,started,400,400,1.56
c_2232,m_1059,15934,app_1596,started,400,400,1.56
c_2232,m_1059,110440,app_1596,started,400,400,1.56
c_2232,m_1059,241887,app_1596,started,400,400,1.56
c_2232,m_1059,320267,app_1596,started,400,400,1.56
c_2233,m_1860,0,app_9529,started,400,400,2.34
c_2233,m_1860,31214,app_9529,started,400,400,2.34
c_2233,m_1860,126470,app_9529,started,400,400,2.34
c_2233,m_1860,280185,app_9529,started,400,400,2.34
c_2233,m_1860,375150,app_9529,started,400,400,2.34
c_2234,m_2274,0,app_1276,started,400,400,1.56
c_2234,m_2274,283668,app_1276,started,400,400,1.56
c_2234,m_2274,410821,app_1276,started,400,400,1.56
c_2235,m_3403,668491,app_5101,started,400,400,1.56
c_2235,m_3403,678022,app_5101,started,400,400,1.56
c_2236,m_360,0,app_8990,started,800,960,3.13
c_2236,m_360,26259,app_8990,started,800,960,3.13
c_2236,m_360,121184,app_8990,started,800,960,3.13
c_2236,m_360,274642,app_8990,started,800,960,3.13
c_2237,m_3460,0,app_432,started,400,480,1.56
c_2237,m_3460,51502,app_432,started,400,480,1.56
c_2237,m_3460,290896,app_432,started,400,480,1.56
c_2238,m_3510,0,app_7097,started,800,800,3.13
c_2239,m_1330,0,app_4038,started,800,800,2.34
c_2239,m_1330,26958,app_4038,started,800,800,2.34
c_2239,m_1330,123103,app_4038,started,800,800,2.34
c_2239,m_1330,274282,app_4038,started,800,800,2.34
c_2239,m_1330,435956,app_4038,started,800,800,2.34
c_2240,m_3621,0,app_1128,started,400,400,1.56
c_2240,m_3621,214423,app_1128,started,400,400,1.56
c_2240,m_3621,285951,app_1128,started,400,400,1.56
c_2240,m_3621,381224,app_1128,started,400,400,1.56
c_2241,m_1858,125869,app_3120,started,400,400,1.56
c_2241,m_1858,126155,app_3120,started,400,400,1.56
c_2242,m_3276,0,app_1254,started,800,800,3.13
c_2242,m_3276,7149,app_1254,started,800,800,3.13
c_2242,m_3276,102120,app_1254,started,800,800,3.13
c_2242,m_3276,171543,app_1254,started,800,800,3.13
c_2242,m_3276,204666,app_1254,started,800,800,3.13
c_2242,m_3276,254048,app_1254,started,800,800,3.13
c_2242,m_3276,376107,app_1254,started,800,800,3.13
c_2242,m_3276,634633,app_1254,started,800,800,3.13
c_2243,m_2716,0,app_9315,started,400,400,1.56
c_2243,m_2716,27467,app_9315,started,400,400,1.56
c_2243,m_2716,123646,app_9315,started,400,400,1.56
c_2243,m_2716,274806,app_9315,started,400,400,1.56
c_2243,m_2716,402103,app_9315,started,400,400,1.56
c_2244,m_1905,0,app_2506,started,400,400,1.56
c_2244,m_1905,18115,app_2506,started,400,400,1.56
c_2244,m_1905,113672,app_2506,started,400,400,1.56
c_2244,m_1905,212322,app_2506,started,400,400,1.56
c_2244,m_1905,212520,app_2506,started,400,400,1.56
c_2244,m_1905,259434,app_2506,started,400,400,1.56
c_2244,m_1905,332794,app_2506,started,400,400,1.56
c_2245,m_2793,0,app_7901,started,400,400,1.56
c_2245,m_2793,41558,app_7901,started,400,400,1.56
c_2245,m_2793,286990,app_7901,started,400,400,1.56
c_2245,m_2793,382276,app_7901,started,400,400,1.56
c_2245,m_2793,447811,app_7901,started,400,400,1.56
c_2246,m_999,0,app_1596,started,400,480,1.56
c_2246,m_999,32573,app_1596,started,400,480,1.56
c_2246,m_999,127897,app_1596,started,400,480,1.56
c_2246,m_999,281573,app_1596,started,400,480,1.56
c_2246,m_999,571900,app_1596,started,400,480,1.56
c_2246,m_999,580027,app_1596,started,400,480,1.56
c_2247,m_3848,0,app_9678,started,800,800,3.13
c_2247,m_3848,286986,app_9678,started,800,800,3.13
c_2247,m_3848,337552,app_9678,started,800,800,3.13
c_2248,m_3178,0,app_2402,started,800,800,3.13
c_2248,m_3178,30042,app_2402,started,800,800,3.13
c_2248,m_3178,125228,app_2402,started,800,800,3.13
c_2248,m_3178,278664,app_2402,started,800,800,3.13
c_2248,m_3178,373795,app_2402,started,800,800,3.13
c_2249,m_510,0,app_7475,started,400,400,1.56
c_2249,m_510,290249,app_7475,started,400,400,1.56
c_2249,m_510,385836,app_7475,started,400,400,1.56
c_2249,m_510,656384,app_7475,started,400,400,1.56
c_2249,m_510,668635,app_7475,started,400,400,1.56
c_2250,m_3193,0,app_2241,started,400,400,1.56
c_2250,m_3193,32530,app_2241,started,400,400,1.56
c_2250,m_3193,127854,app_2241,started,400,400,1.56
c_2250,m_3193,245278,app_2241,started,400,400,1.56
c_2250,m_3193,376564,app_2241,started,400,400,1.56
c_2251,m_1453,0,app_6331,started,400,400,1.56
c_2251,m_1453,35464,app_6331,started,400,400,1.56
c_2251,m_1453,221823,app_6331,started,400,400,1.56
c_2251,m_1453,284645,app_6331,started,400,400,1.56
c_2252,m_2156,0,app_3302,started,400,400,1.56
c_2252,m_2156,11564,app_3302,started,400,400,1.56
c_2252,m_2156,106806,app_3302,started,400,400,1.56
c_2252,m_2156,176112,app_3302,started,400,400,1.56
c_2252,m_2156,209276,app_3302,started,400,400,1.56
c_2252,m_2156,258582,app_3302,started,400,400,1.56
c_2252,m_2156,382126,app_3302,started,400,400,1.56
c_2253,m_1349,0,app_5489,started,400,480,1.56
c_2253,m_1349,18229,app_5489,started,400,480,1.56
c_2253,m_1349,113789,app_5489,started,400,480,1.56
c_2253,m_1349,265360,app_5489,started,400,480,1.56
c_2254,m_389,0,app_3500,started,400,480,1.56
c_2254,m_389,22646,app_3500,started,400,480,1.56
c_2254,m_389,117812,app_3500,started,400,480,1.56
c_2254,m_389,269853,app_3500,started,400,480,1.56
c_2255,m_3301,0,app_9608,started,400,400,1.56
c_2255,m_3301,18353,app_9608,started,400,400,1.56
c_2255,m_3301,113917,app_9608,started,400,400,1.56
c_2255,m_3301,265489,app_9608,started,400,400,1.56
c_2255,m_3301,426926,app_9608,started,400,400,1.56
c_2256,m_2847,0,app_218,started,400,400,1.56
c_2256,m_2847,285260,app_218,started,400,400,1.56
c_2256,m_2847,451733,app_218,started,400,400,1.56
c_2257,m_332,0,app_4053,started,400,400,1.56
c_2257,m_332,14094,app_4053,started,400,400,1.56
c_2257,m_332,108640,app_4053,started,400,400,1.56
c_2257,m_332,177302,app_4053,started,400,400,1.56
c_2257,m_332,210908,app_4053,started,400,400,1.56
c_2257,m_332,262029,app_4053,started,400,400,1.56
c_2257,m_332,341059,app_4053,started,400,400,1.56
c_2258,m_3085,494,app_1463,started,400,400,1.56
c_2258,m_3085,34458,app_1463,started,400,400,1.56
c_2258,m_3085,38367,app_1463,started,400,400,1.56
c_2258,m_3085,282051,app_1463,started,400,400,1.56
c_2258,m_3085,448228,app_1463,started,400,400,1.56
c_2259,m_1055,0,app_1590,started,400,400,1.56
c_2259,m_1055,34251,app_1590,started,400,400,1.56
c_2259,m_1055,129657,app_1590,started,400,400,1.56
c_2259,m_1055,283344,app_1590,started,400,400,1.56
c_2259,m_1055,378460,app_1590,started,400,400,1.56
c_2260,m_1483,0,app_1172,started,400,400,1.56
c_2260,m_1483,25086,app_1172,started,400,400,1.56
c_2260,m_1483,58030,app_1172,started,400,400,1.56
c_2260,m_1483,119972,app_1172,started,400,400,1.56
c_2260,m_1483,223180,app_1172,started,400,400,1.56
c_2260,m_1483,225228,app_1172,started,400,400,1.56
c_2260,m_1483,246230,app_1172,started,400,400,1.56
c_2260,m_1483,367924,app_1172,started,400,400,1.56
c_2260,m_1483,664002,app_1172,started,400,400,1.56
c_2260,m_1483,666129,app_1172,started,400,400,1.56
c_2260,m_1483,678018,app_1172,started,400,400,1.56
c_2261,m_3817,0,app_66,started,400,400,1.56
c_2261,m_3817,8998,app_66,started,400,400,1.56
c_2261,m_3817,104071,app_66,started,400,400,1.56
c_2261,m_3817,173484,app_66,started,400,400,1.56
c_2261,m_3817,206617,app_66,started,400,400,1.56
c_2261,m_3817,255982,app_66,started,400,400,1.56
c_2261,m_3817,415691,app_66,started,400,400,1.56
c_2262,m_3116,0,app_5366,started,800,800,3.13
c_2262,m_3116,13345,app_5366,started,800,800,3.13
c_2262,m_3116,107844,app_5366,started,800,800,3.13
c_2262,m_3116,176567,app_5366,started,800,800,3.13
c_2262,m_3116,210179,app_5366,started,800,800,3.13
c_2262,m_3116,261260,app_5366,started,800,800,3.13
c_2262,m_3116,351801,app_5366,started,800,800,3.13
c_2263,m_2486,1923,app_617,started,800,800,3.13
c_2263,m_2486,285382,app_617,started,800,800,3.13
c_2263,m_2486,338895,app_617,started,800,800,3.13
c_2264,m_3153,0,app_2413,started,400,400,1.56
c_2264,m_3153,10991,app_2413,started,400,400,1.56
c_2264,m_3153,105464,app_2413,started,400,400,1.56
c_2264,m_3153,174368,app_2413,started,400,400,1.56
c_2264,m_3153,207908,app_2413,started,400,400,1.56
c_2264,m_3153,258816,app_2413,started,400,400,1.56
c_2264,m_3153,349136,app_2413,started,400,400,1.56
c_2264,m_3153,550103,app_2413,started,400,400,1.56
c_2265,m_1800,0,app_3633,started,400,400,1.56
c_2265,m_1800,11754,app_3633,started,400,400,1.56
c_2265,m_1800,107006,app_3633,started,400,400,1.56
c_2265,m_1800,176313,app_3633,started,400,400,1.56
c_2265,m_1800,209470,app_3633,started,400,400,1.56
c_2265,m_1800,258777,app_3633,started,400,400,1.56
c_2265,m_1800,418053,app_3633,started,400,400,1.56
c_2265,m_1800,641451,app_3633,started,400,400,1.56
c_2266,m_3571,0,app_6516,started,400,480,1.56
c_2266,m_3571,288222,app_6516,started,400,480,1.56
c_2267,m_1927,0,app_9666,started,400,480,1.56
c_2267,m_1927,213690,app_9666,started,400,480,1.56
c_2267,m_1927,288167,app_9666,started,400,480,1.56
c_2268,m_3315,0,app_2488,started,400,400,1.56
c_2268,m_3315,30130,app_2488,started,400,400,1.56
c_2268,m_3315,125907,app_2488,started,400,400,1.56
c_2268,m_3315,129532,app_2488,started,400,400,1.56
c_2268,m_3315,130213,app_2488,started,400,400,1.56
c_2268,m_3315,162855,app_2488,started,400,400,1.56
c_2268,m_3315,278754,app_2488,started,400,400,1.56
c_2268,m_3315,373893,app_2488,started,400,400,1.56
c_2269,m_2716,0,app_7836,started,400,400,1.56
c_2269,m_2716,27467,app_7836,started,400,400,1.56
c_2269,m_2716,123646,app_7836,started,400,400,1.56
c_2269,m_2716,274806,app_7836,started,400,400,1.56
c_2269,m_2716,402103,app_7836,started,400,400,1.56
c_2270,m_1867,0,app_3755,started,400,400,1.56
c_2270,m_1867,32462,app_3755,started,400,400,1.56
c_2270,m_1867,129034,app_3755,started,400,400,1.56
c_2270,m_1867,279967,app_3755,started,400,400,1.56
c_2270,m_1867,445031,app_3755,started,400,400,1.56
c_2271,m_3168,0,app_5732,started,800,800,3.13
c_2271,m_3168,290571,app_5732,started,800,800,3.13
c_2271,m_3168,386190,app_5732,started,800,800,3.13
c_2272,m_2651,0,app_6286,started,400,400,1.56
c_2272,m_2651,8977,app_6286,started,400,400,1.56
c_2272,m_2651,104049,app_6286,started,400,400,1.56
c_2272,m_2651,173463,app_6286,started,400,400,1.56
c_2272,m_2651,206596,app_6286,started,400,400,1.56
c_2272,m_2651,255960,app_6286,started,400,400,1.56
c_2272,m_2651,415665,app_6286,started,400,400,1.56
c_2273,m_1279,0,app_7471,started,400,400,1.56
c_2273,m_1279,26919,app_7471,started,400,400,1.56
c_2273,m_1279,123063,app_7471,started,400,400,1.56
c_2273,m_1279,274245,app_7471,started,400,400,1.56
c_2273,m_1279,435898,app_7471,started,400,400,1.56
c_2274,m_1399,0,app_365,started,400,400,1.56
c_2274,m_1399,285826,app_365,started,400,400,1.56
c_2274,m_1399,338920,app_365,started,400,400,1.56
c_2275,m_3664,0,app_6615,started,400,400,1.56
c_2275,m_3664,30830,app_6615,started,400,400,1.56
c_2275,m_3664,127300,app_6615,started,400,400,1.56
c_2275,m_3664,278311,app_6615,started,400,400,1.56
c_2275,m_3664,321553,app_6615,started,400,400,1.56
c_2276,m_787,324186,app_2435,started,100,100,0.38
c_2277,m_146,0,app_5751,started,400,400,1.56
c_2277,m_146,35308,app_5751,started,400,400,1.56
c_2277,m_146,282947,app_5751,started,400,400,1.56
c_2277,m_146,449298,app_5751,started,400,400,1.56
c_2278,m_3019,0,app_1225,started,400,400,1.56
c_2278,m_3019,8531,app_1225,started,400,400,1.56
c_2278,m_3019,103578,app_1225,started,400,400,1.56
c_2278,m_3019,172993,app_1225,started,400,400,1.56
c_2278,m_3019,206131,app_1225,started,400,400,1.56
c_2278,m_3019,255477,app_1225,started,400,400,1.56
c_2279,m_1431,0,app_2191,started,800,800,3.13
c_2279,m_1431,13564,app_2191,started,800,800,3.13
c_2279,m_1431,108891,app_2191,started,800,800,3.13
c_2279,m_1431,260707,app_2191,started,800,800,3.13
c_2279,m_1431,384594,app_2191,started,800,800,3.13
c_2280,m_2972,0,app_1675,started,800,800,3.13
c_2280,m_2972,11816,app_1675,started,800,800,3.13
c_2280,m_2972,106302,app_1675,started,800,800,3.13
c_2280,m_2972,175155,app_1675,started,800,800,3.13
c_2280,m_2972,208756,app_1675,started,800,800,3.13
c_2280,m_2972,259752,app_1675,started,800,800,3.13
c_2280,m_2972,350058,app_1675,started,800,800,3.13
c_2281,m_1434,0,app_2781,started,400,400,1.56
c_2281,m_1434,32994,app_2781,started,400,400,1.56
c_2281,m_1434,129622,app_2781,started,400,400,1.56
c_2281,m_1434,280519,app_2781,started,400,400,1.56
c_2281,m_1434,445789,app_2781,started,400,400,1.56
c_2282,m_3377,0,app_3225,started,400,400,1.56
c_2282,m_3377,18036,app_3225,started,400,400,1.56
c_2282,m_3377,112640,app_3225,started,400,400,1.56
c_2282,m_3377,265948,app_3225,started,400,400,1.56
c_2282,m_3377,359208,app_3225,started,400,400,1.56
c_2283,m_2652,0,app_5416,started,400,400,1.56
c_2283,m_2652,11784,app_5416,started,400,400,1.56
c_2283,m_2652,106268,app_5416,started,400,400,1.56
c_2283,m_2652,175122,app_5416,started,400,400,1.56
c_2283,m_2652,208724,app_5416,started,400,400,1.56
c_2283,m_2652,259718,app_5416,started,400,400,1.56
c_2283,m_2652,350025,app_5416,started,400,400,1.56
c_2284,m_2824,557595,app_6140,started,400,400,1.56
c_2285,m_2187,0,app_647,started,400,400,1.95
c_2285,m_2187,285657,app_647,started,400,400,1.95
c_2285,m_2187,347374,app_647,started,400,400,1.95
c_2286,m_3416,0,app_7791,started,800,800,3.13
c_2286,m_3416,29787,app_7791,started,800,800,3.13
c_2286,m_3416,124964,app_7791,started,800,800,3.13
c_2286,m_3416,278390,app_7791,started,800,800,3.13
c_2287,m_3778,0,app_3632,started,400,400,1.56
c_2287,m_3778,14249,app_3632,started,400,400,1.56
c_2287,m_3778,109605,app_3632,started,400,400,1.56
c_2287,m_3778,125913,app_3632,started,400,400,1.56
c_2287,m_3778,130172,app_3632,started,400,400,1.56
c_2287,m_3778,164742,app_3632,started,400,400,1.56
c_2287,m_3778,261386,app_3632,started,400,400,1.56
c_2287,m_3778,385362,app_3632,started,400,400,1.56
c_2288,m_3105,0,app_9340,started,800,800,3.13
c_2288,m_3105,15451,app_9340,started,800,800,3.13
c_2288,m_3105,109950,app_9340,started,800,800,3.13
c_2288,m_3105,263312,app_9340,started,800,800,3.13
c_2288,m_3105,354785,app_9340,started,800,800,3.13
c_2288,m_3105,643619,app_9340,started,800,800,3.13
c_2289,m_537,0,app_1409,started,400,400,1.56
c_2289,m_537,26717,app_1409,started,400,400,1.56
c_2289,m_537,122846,app_1409,started,400,400,1.56
c_2289,m_537,263589,app_1409,started,400,400,1.56
c_2289,m_537,401260,app_1409,started,400,400,1.56
c_2290,m_3341,0,app_7821,started,400,400,1.56
c_2290,m_3341,27585,app_7821,started,400,400,1.56
c_2290,m_3341,123770,app_7821,started,400,400,1.56
c_2290,m_3341,274925,app_7821,started,400,400,1.56
c_2290,m_3341,436811,app_7821,started,400,400,1.56
c_2291,m_51,0,app_1276,started,400,400,1.56
c_2291,m_51,29602,app_1276,started,400,400,1.56
c_2291,m_51,125948,app_1276,started,400,400,1.56
c_2291,m_51,277022,app_1276,started,400,400,1.56
c_2291,m_51,404912,app_1276,started,400,400,1.56
c_2292,m_896,0,app_7766,started,400,400,1.56
c_2292,m_896,12432,app_7766,started,400,400,1.56
c_2292,m_896,106905,app_7766,started,400,400,1.56
c_2292,m_896,175706,app_7766,started,400,400,1.56
c_2292,m_896,209320,app_7766,started,400,400,1.56
c_2292,m_896,260343,app_7766,started,400,400,1.56
c_2292,m_896,350729,app_7766,started,400,400,1.56
c_2293,m_3077,0,app_9723,started,400,400,1.56
c_2293,m_3077,9394,app_9723,started,400,400,1.56
c_2293,m_3077,72009,app_9723,started,400,400,1.56
c_2293,m_3077,72416,app_9723,started,400,400,1.56
c_2293,m_3077,104472,app_9723,started,400,400,1.56
c_2293,m_3077,173880,app_9723,started,400,400,1.56
c_2293,m_3077,207010,app_9723,started,400,400,1.56
c_2293,m_3077,256366,app_9723,started,400,400,1.56
c_2293,m_3077,378210,app_9723,started,400,400,1.56
c_2293,m_3077,638118,app_9723,started,400,400,1.56
c_2294,m_109,0,app_210,started,400,400,1.56
c_2294,m_109,19619,app_210,started,400,400,1.56
c_2294,m_109,115266,app_210,started,400,400,1.56
c_2294,m_109,140251,app_210,started,400,400,1.56
c_2294,m_109,266831,app_210,started,400,400,1.56
c_2294,m_109,428728,app_210,started,400,400,1.56
c_2295,m_932,0,app_9400,started,400,400,1.56
c_2295,m_932,9495,app_9400,started,400,400,1.56
c_2295,m_932,49299,app_9400,started,400,400,1.56
c_2295,m_932,104591,app_9400,started,400,400,1.56
c_2295,m_932,173983,app_9400,started,400,400,1.56
c_2295,m_932,207116,app_9400,started,400,400,1.56
c_2295,m_932,256468,app_9400,started,400,400,1.56
c_2295,m_932,416425,app_9400,started,400,400,1.56
c_2295,m_932,638249,app_9400,started,400,400,1.56
c_2296,m_293,0,app_6575,started,400,400,1.56
c_2296,m_293,22549,app_6575,started,400,400,1.56
c_2296,m_293,117712,app_6575,started,400,400,1.56
c_2296,m_293,161031,app_6575,started,400,400,1.56
c_2296,m_293,269749,app_6575,started,400,400,1.56
c_2296,m_293,430958,app_6575,started,400,400,1.56
c_2297,m_1635,0,app_3135,started,400,400,1.56
c_2297,m_1635,23317,app_3135,started,400,400,1.56
c_2297,m_1635,118541,app_3135,started,400,400,1.56
c_2297,m_1635,221816,app_3135,started,400,400,1.56
c_2297,m_1635,270520,app_3135,started,400,400,1.56
c_2297,m_1635,431472,app_3135,started,400,400,1.56
c_2298,m_3686,0,app_1709,started,1600,1600,6.25
c_2298,m_3686,13264,app_1709,started,1600,1600,6.25
c_2298,m_3686,107761,app_1709,started,1600,1600,6.25
c_2298,m_3686,176491,app_1709,started,1600,1600,6.25
c_2298,m_3686,210100,app_1709,started,1600,1600,6.25
c_2298,m_3686,245288,app_1709,started,1600,1600,6.25
c_2298,m_3686,342027,app_1709,started,1600,1600,6.25
c_2298,m_3686,640866,app_1709,started,1600,1600,6.25
c_2299,m_1891,0,app_1596,started,400,400,1.56
c_2299,m_1891,22915,app_1596,started,400,400,1.56
c_2299,m_1891,117732,app_1596,started,400,400,1.56
c_2299,m_1891,271136,app_1596,started,400,400,1.56
c_2299,m_1891,365259,app_1596,started,400,400,1.56
c_2300,m_1786,0,app_7097,started,800,800,3.13
c_2300,m_1786,10360,app_7097,started,800,800,3.13
c_2300,m_1786,104812,app_7097,started,800,800,3.13
c_2300,m_1786,125915,app_7097,started,800,800,3.13
c_2300,m_1786,130182,app_7097,started,800,800,3.13
c_2300,m_1786,162874,app_7097,started,800,800,3.13
c_2300,m_1786,173744,app_7097,started,800,800,3.13
c_2300,m_1786,207268,app_7097,started,800,800,3.13
c_2300,m_1786,229041,app_7097,started,800,800,3.13
c_2300,m_1786,309105,app_7097,started,800,800,3.13
c_2300,m_1786,313350,app_7097,started,800,800,3.13
c_2301,m_1954,0,app_8719,started,400,400,1.56
c_2301,m_1954,244713,app_8719,started,400,400,1.56
c_2301,m_1954,285252,app_8719,started,400,400,1.56
c_2301,m_1954,400449,app_8719,started,400,400,1.56
c_2302,m_173,0,app_5535,started,400,400,1.56
c_2302,m_173,34909,app_5535,started,400,400,1.56
c_2302,m_173,282514,app_5535,started,400,400,1.56
c_2302,m_173,409378,app_5535,started,400,400,1.56
c_2303,m_310,0,app_2413,started,400,400,1.56
c_2303,m_310,13913,app_2413,started,400,400,1.56
c_2303,m_310,109254,app_2413,started,400,400,1.56
c_2303,m_310,158066,app_2413,started,400,400,1.56
c_2303,m_310,261047,app_2413,started,400,400,1.56
c_2303,m_310,322889,app_2413,started,400,400,1.56
c_2304,m_1181,0,app_1164,started,400,480,1.56
c_2304,m_1181,22747,app_1164,started,400,480,1.56
c_2304,m_1181,117561,app_1164,started,400,480,1.56
c_2304,m_1181,245219,app_1164,started,400,480,1.56
c_2304,m_1181,365076,app_1164,started,400,480,1.56
c_2305,m_2205,0,app_9272,started,400,480,1.56
c_2305,m_2205,16311,app_9272,started,400,480,1.56
c_2305,m_2205,110826,app_9272,started,400,480,1.56
c_2305,m_2205,264172,app_9272,started,400,480,1.56
c_2305,m_2205,355634,app_9272,started,400,480,1.56
c_2305,m_2205,385381,app_9272,started,400,480,1.56
c_2305,m_2205,448397,app_9272,started,400,480,1.56
c_2305,m_2205,557679,app_9272,started,400,480,1.56
c_2306,m_2904,0,app_9568,started,400,400,1.56
c_2306,m_2904,28142,app_9568,started,400,400,1.56
c_2306,m_2904,77594,app_9568,started,400,400,1.56
c_2306,m_2904,123192,app_9568,started,400,400,1.56
c_2306,m_2904,276632,app_9568,started,400,400,1.56
c_2306,m_2904,371432,app_9568,started,400,400,1.56
c_2307,m_533,0,app_7269,started,400,480,1.56
c_2307,m_533,290784,app_7269,started,400,480,1.56
c_2308,m_114,336501,app_6234,started,1600,1600,6.25
c_2309,m_25,0,app_1736,started,800,800,3.13
c_2309,m_25,223038,app_1736,started,800,800,3.13
c_2310,m_1032,0,app_5704,started,400,400,1.56
c_2310,m_1032,7164,app_5704,started,400,400,1.56
c_2310,m_1032,102136,app_5704,started,400,400,1.56
c_2310,m_1032,171559,app_5704,started,400,400,1.56
c_2310,m_1032,204681,app_5704,started,400,400,1.56
c_2310,m_1032,216039,app_5704,started,400,400,1.56
c_2310,m_1032,216097,app_5704,started,400,400,1.56
c_2310,m_1032,254064,app_5704,started,400,400,1.56
c_2310,m_1032,376129,app_5704,started,400,400,1.56
c_2311,m_282,0,app_8448,started,400,400,1.56
c_2311,m_282,14849,app_8448,started,400,400,1.56
c_2311,m_282,95406,app_8448,started,400,400,1.56
c_2311,m_282,109356,app_8448,started,400,400,1.56
c_2311,m_282,177984,app_8448,started,400,400,1.56
c_2311,m_282,262720,app_8448,started,400,400,1.56
c_2311,m_282,353636,app_8448,started,400,400,1.56
c_2311,m_282,446849,app_8448,started,400,400,1.56
c_2311,m_282,555709,app_8448,started,400,400,1.56
c_2312,m_1064,0,app_141,started,800,800,3.13
c_2312,m_1064,13356,app_141,started,800,800,3.13
c_2312,m_1064,108670,app_141,started,800,800,3.13
c_2312,m_1064,260480,app_141,started,800,800,3.13
c_2312,m_1064,318713,app_141,started,800,800,3.13
c_2312,m_1064,330757,app_141,started,800,800,3.13
c_2313,m_3821,0,app_2413,started,400,400,1.56
c_2313,m_3821,13526,app_2413,started,400,400,1.56
c_2313,m_3821,108032,app_2413,started,400,400,1.56
c_2313,m_3821,158064,app_2413,started,400,400,1.56
c_2313,m_3821,176732,app_2413,started,400,400,1.56
c_2313,m_3821,210350,app_2413,started,400,400,1.56
c_2313,m_3821,248901,app_2413,started,400,400,1.56
c_2313,m_3821,352007,app_2413,started,400,400,1.56
c_2313,m_3821,553936,app_2413,started,400,400,1.56
c_2314,m_2845,0,app_8271,started,400,400,1.56
c_2314,m_2845,34414,app_8271,started,400,400,1.56
c_2314,m_2845,129824,app_8271,started,400,400,1.56
c_2314,m_2845,231566,app_8271,started,400,400,1.56
c_2314,m_2845,378632,app_8271,started,400,400,1.56
c_2315,m_567,0,app_9056,started,400,400,1.56
c_2315,m_567,290990,app_9056,started,400,400,1.56
c_2315,m_567,386597,app_9056,started,400,400,1.56
c_2316,m_2490,0,app_9171,started,3200,3840,18.75
c_2316,m_2490,249429,app_9171,started,3200,3840,18.75
c_2317,m_14,0,app_5035,started,800,800,3.13
c_2317,m_14,13666,app_5035,started,800,800,3.13
c_2317,m_14,108180,app_5035,started,800,800,3.13
c_2317,m_14,176869,app_5035,started,800,800,3.13
c_2317,m_14,210485,app_5035,started,800,800,3.13
c_2317,m_14,261577,app_5035,started,800,800,3.13
c_2317,m_14,352153,app_5035,started,800,800,3.13
c_2317,m_14,641392,app_5035,started,800,800,3.13
c_2318,m_851,0,app_8274,started,800,800,3.13
c_2318,m_851,11523,app_8274,started,800,800,3.13
c_2318,m_851,106762,app_8274,started,800,800,3.13
c_2318,m_851,176072,app_8274,started,800,800,3.13
c_2318,m_851,209237,app_8274,started,800,800,3.13
c_2318,m_851,258543,app_8274,started,800,800,3.13
c_2318,m_851,382054,app_8274,started,800,800,3.13
c_2318,m_851,641140,app_8274,started,800,800,3.13
c_2319,m_188,0,app_4456,started,400,400,1.56
c_2319,m_188,16809,app_4456,started,400,400,1.56
c_2319,m_188,111343,app_4456,started,400,400,1.56
c_2319,m_188,264671,app_4456,started,400,400,1.56
c_2319,m_188,356194,app_4456,started,400,400,1.56
c_2319,m_188,385823,app_4456,started,400,400,1.56
c_2319,m_188,449126,app_4456,started,400,400,1.56
c_2319,m_188,558438,app_4456,started,400,400,1.56
c_2320,m_3765,0,app_1644,started,800,800,3.13
c_2320,m_3765,13032,app_1644,started,800,800,3.13
c_2320,m_3765,108337,app_1644,started,800,800,3.13
c_2320,m_3765,177614,app_1644,started,800,800,3.13
c_2320,m_3765,260156,app_1644,started,800,800,3.13
c_2320,m_3765,341787,app_1644,started,800,800,3.13
c_2320,m_3765,643154,app_1644,started,800,800,3.13
c_2321,m_2858,0,app_4483,started,400,400,1.56
c_2321,m_2858,12335,app_4483,started,400,400,1.56
c_2321,m_2858,106808,app_4483,started,400,400,1.56
c_2321,m_2858,175616,app_4483,started,400,400,1.56
c_2321,m_2858,209226,app_4483,started,400,400,1.56
c_2321,m_2858,260246,app_4483,started,400,400,1.56
c_2321,m_2858,350630,app_4483,started,400,400,1.56
c_2322,m_1740,0,app_7966,started,400,400,1.56
c_2322,m_1740,15017,app_7966,started,400,400,1.56
c_2322,m_1740,110374,app_7966,started,400,400,1.56
c_2322,m_1740,262139,app_7966,started,400,400,1.56
c_2322,m_1740,385971,app_7966,started,400,400,1.56
c_2323,m_944,0,app_7023,started,400,400,1.56
c_2323,m_944,16636,app_7023,started,400,400,1.56
c_2323,m_944,111167,app_7023,started,400,400,1.56
c_2323,m_944,264491,app_7023,started,400,400,1.56
c_2323,m_944,317922,app_7023,started,400,400,1.56
c_2324,m_30,0,app_858,started,400,400,1.56
c_2324,m_30,10834,app_858,started,400,400,1.56
c_2324,m_30,105300,app_858,started,400,400,1.56
c_2324,m_30,174208,app_858,started,400,400,1.56
c_2324,m_30,207748,app_858,started,400,400,1.56
c_2324,m_30,258637,app_858,started,400,400,1.56
c_2324,m_30,348945,app_858,started,400,400,1.56
c_2325,m_1839,1923,app_8197,started,400,400,1.56
c_2325,m_1839,27124,app_8197,started,400,400,1.56
c_2325,m_1839,123277,app_8197,started,400,400,1.56
c_2325,m_1839,274450,app_8197,started,400,400,1.56
c_2325,m_1839,436283,app_8197,started,400,400,1.56
c_2326,m_116,0,app_8611,started,400,400,1.56
c_2326,m_116,19507,app_8611,started,400,400,1.56
c_2326,m_116,115147,app_8611,started,400,400,1.56
c_2326,m_116,266719,app_8611,started,400,400,1.56
c_2326,m_116,390539,app_8611,started,400,400,1.56
c_2327,m_1607,0,app_7954,started,400,400,3.13
c_2327,m_1607,22415,app_7954,started,400,400,3.13
c_2327,m_1607,117573,app_7954,started,400,400,3.13
c_2327,m_1607,236764,app_7954,started,400,400,3.13
c_2327,m_1607,430712,app_7954,started,400,400,3.13
c_2328,m_143,0,app_5344,started,400,400,1.56
c_2328,m_143,16908,app_5344,started,400,400,1.56
c_2328,m_143,111437,app_5344,started,400,400,1.56
c_2328,m_143,264762,app_5344,started,400,400,1.56
c_2328,m_143,356305,app_5344,started,400,400,1.56
c_2329,m_3484,76716,app_1274,started,400,400,1.56
c_2330,m_1767,0,app_7313,started,400,400,1.56
c_2330,m_1767,23155,app_7313,started,400,400,1.56
c_2330,m_1767,117975,app_7313,started,400,400,1.56
c_2330,m_1767,271394,app_7313,started,400,400,1.56
c_2330,m_1767,365535,app_7313,started,400,400,1.56
c_2331,m_445,0,app_5219,started,400,400,1.56
c_2332,m_1436,0,app_1644,started,800,800,3.13
c_2332,m_1436,245303,app_1644,started,800,800,3.13
c_2332,m_1436,285570,app_1644,started,800,800,3.13
c_2332,m_1436,380791,app_1644,started,800,800,3.13
c_2333,m_2509,0,app_3979,started,800,800,3.13
c_2333,m_2509,288877,app_3979,started,800,800,3.13
c_2334,m_1167,0,app_2461,started,400,400,1.56
c_2334,m_1167,22651,app_2461,started,400,400,1.56
c_2334,m_1167,117463,app_2461,started,400,400,1.56
c_2334,m_1167,270864,app_2461,started,400,400,1.56
c_2334,m_1167,364955,app_2461,started,400,400,1.56
c_2335,m_3225,0,app_1596,started,400,400,1.56
c_2335,m_3225,11649,app_1596,started,400,400,1.56
c_2335,m_3225,106896,app_1596,started,400,400,1.56
c_2335,m_3225,125894,app_1596,started,400,400,1.56
c_2335,m_3225,129534,app_1596,started,400,400,1.56
c_2335,m_3225,130207,app_1596,started,400,400,1.56
c_2335,m_3225,162836,app_1596,started,400,400,1.56
c_2335,m_3225,176199,app_1596,started,400,400,1.56
c_2335,m_3225,209362,app_1596,started,400,400,1.56
c_2335,m_3225,258669,app_1596,started,400,400,1.56
c_2335,m_3225,305394,app_1596,started,400,400,1.56
c_2335,m_3225,311625,app_1596,started,400,400,1.56
c_2335,m_3225,317603,app_1596,started,400,400,1.56
c_2336,m_2635,0,app_925,started,400,480,1.56
c_2336,m_2635,23410,app_925,started,400,480,1.56
c_2336,m_2635,118242,app_925,started,400,480,1.56
c_2336,m_2635,219615,app_925,started,400,480,1.56
c_2336,m_2635,219910,app_925,started,400,480,1.56
c_2336,m_2635,271655,app_925,started,400,480,1.56
c_2336,m_2635,336999,app_925,started,400,480,1.56
c_2337,m_2595,0,app_7733,started,400,400,1.56
c_2337,m_2595,31230,app_7733,started,400,400,1.56
c_2337,m_2595,126488,app_7733,started,400,400,1.56
c_2337,m_2595,212222,app_7733,started,400,400,1.56
c_2337,m_2595,280204,app_7733,started,400,400,1.56
c_2337,m_2595,375170,app_7733,started,400,400,1.56
c_2338,m_739,0,app_6556,started,400,400,1.56
c_2338,m_739,31047,app_6556,started,400,400,1.56
c_2338,m_739,126295,app_6556,started,400,400,1.56
c_2338,m_739,279731,app_6556,started,400,400,1.56
c_2338,m_739,374934,app_6556,started,400,400,1.56
c_2339,m_3761,0,app_4873,started,400,480,1.56
c_2339,m_3761,20060,app_4873,started,400,480,1.56
c_2339,m_3761,115729,app_4873,started,400,480,1.56
c_2339,m_3761,267272,app_4873,started,400,480,1.56
c_2339,m_3761,429324,app_4873,started,400,480,1.56
c_2340,m_2268,163121,app_5805,started,800,800,6.25
c_2340,m_2268,174491,app_5805,started,800,800,6.25
c_2340,m_2268,208032,app_5805,started,800,800,6.25
c_2340,m_2268,258949,app_5805,started,800,800,6.25
c_2340,m_2268,347344,app_5805,started,800,800,6.25
c_2341,m_3377,0,app_8981,started,400,400,1.56
c_2341,m_3377,18036,app_8981,started,400,400,1.56
c_2341,m_3377,112640,app_8981,started,400,400,1.56
c_2341,m_3377,265948,app_8981,started,400,400,1.56
c_2341,m_3377,359208,app_8981,started,400,400,1.56
c_2341,m_3377,560354,app_8981,started,400,400,1.56
c_2342,m_15,0,app_3665,started,400,400,1.56
c_2342,m_15,13729,app_3665,started,400,400,1.56
c_2342,m_15,109068,app_3665,started,400,400,1.56
c_2342,m_15,260870,app_3665,started,400,400,1.56
c_2342,m_15,384849,app_3665,started,400,400,1.56
c_2343,m_2724,0,app_5439,started,400,400,1.56
c_2343,m_2724,18219,app_5439,started,400,400,1.56
c_2343,m_2724,113778,app_5439,started,400,400,1.56
c_2343,m_2724,222557,app_5439,started,400,400,1.56
c_2343,m_2724,265350,app_5439,started,400,400,1.56
c_2343,m_2724,426781,app_5439,started,400,400,1.56
c_2344,m_2683,0,app_7643,started,400,400,1.56
c_2344,m_2683,25570,app_7643,started,400,400,1.56
c_2344,m_2683,120472,app_7643,started,400,400,1.56
c_2344,m_2683,273929,app_7643,started,400,400,1.56
c_2344,m_2683,368448,app_7643,started,400,400,1.56
c_2345,m_1625,0,app_3707,started,800,800,3.13
c_2345,m_1625,289500,app_3707,started,800,800,3.13
c_2345,m_1625,385031,app_3707,started,800,800,3.13
c_2346,m_3701,0,app_9765,started,400,400,1.56
c_2346,m_3701,20929,app_9765,started,400,400,1.56
c_2346,m_3701,116187,app_9765,started,400,400,1.56
c_2346,m_3701,269581,app_9765,started,400,400,1.56
c_2346,m_3701,363590,app_9765,started,400,400,1.56
c_2347,m_3283,0,app_7542,started,400,400,1.56
c_2347,m_3283,33823,app_7542,started,400,400,1.56
c_2347,m_3283,231566,app_7542,started,400,400,1.56
c_2347,m_3283,447098,app_7542,started,400,400,1.56
c_2348,m_1332,0,app_7915,started,400,400,1.56
c_2348,m_1332,18113,app_7915,started,400,400,1.56
c_2348,m_1332,113670,app_7915,started,400,400,1.56
c_2348,m_1332,140930,app_7915,started,400,400,1.56
c_2348,m_1332,265242,app_7915,started,400,400,1.56
c_2348,m_1332,426659,app_7915,started,400,400,1.56
c_2349,m_2232,0,app_4758,started,400,480,1.56
c_2349,m_2232,25787,app_4758,started,400,480,1.56
c_2349,m_2232,121842,app_4758,started,400,480,1.56
c_2349,m_2232,140251,app_4758,started,400,480,1.56
c_2349,m_2232,273045,app_4758,started,400,480,1.56
c_2350,m_134,0,app_7339,started,400,400,1.56
c_2350,m_134,289585,app_7339,started,400,400,1.56
c_2350,m_134,385130,app_7339,started,400,400,1.56
c_2351,m_3249,0,app_3073,started,400,400,1.56
c_2351,m_3249,34441,app_3073,started,400,400,1.56
c_2351,m_3249,282032,app_3073,started,400,400,1.56
c_2351,m_3249,448182,app_3073,started,400,400,1.56
c_2351,m_3249,596261,app_3073,started,400,400,1.56
c_2352,m_2477,0,app_9681,started,400,400,1.56
c_2352,m_2477,32473,app_9681,started,400,400,1.56
c_2352,m_2477,129046,app_9681,started,400,400,1.56
c_2352,m_2477,149692,app_9681,started,400,400,1.56
c_2352,m_2477,279978,app_9681,started,400,400,1.56
c_2352,m_2477,323193,app_9681,started,400,400,1.56
c_2353,m_762,38778,app_9274,started,400,400,1.56
c_2353,m_762,105373,app_9274,started,400,400,1.56
c_2353,m_762,258710,app_9274,started,400,400,1.56
c_2353,m_762,349014,app_9274,started,400,400,1.56
c_2354,m_1196,0,app_5546,started,400,400,1.56
c_2354,m_1196,33739,app_5546,started,400,400,1.56
c_2354,m_1196,130404,app_5546,started,400,400,1.56
c_2354,m_1196,281285,app_5546,started,400,400,1.56
c_2354,m_1196,408120,app_5546,started,400,400,1.56
c_2355,m_2066,0,app_3073,started,400,400,1.56
c_2355,m_2066,13629,app_3073,started,400,400,1.56
c_2355,m_2066,108960,app_3073,started,400,400,1.56
c_2355,m_2066,260769,app_3073,started,400,400,1.56
c_2355,m_2066,384706,app_3073,started,400,400,1.56
c_2356,m_1795,0,app_6763,started,400,400,1.56
c_2356,m_1795,24652,app_6763,started,400,400,1.56
c_2356,m_1795,120610,app_6763,started,400,400,1.56
c_2356,m_1795,271885,app_6763,started,400,400,1.56
c_2356,m_1795,336144,app_6763,started,400,400,1.56
c_2357,m_582,0,app_4296,started,400,400,1.56
c_2357,m_582,27155,app_4296,started,400,400,1.56
c_2357,m_582,123312,app_4296,started,400,400,1.56
c_2357,m_582,274482,app_4296,started,400,400,1.56
c_2357,m_582,436332,app_4296,started,400,400,1.56
c_2358,m_2468,0,app_6710,started,800,960,3.13
c_2358,m_2468,30684,app_6710,started,800,960,3.13
c_2358,m_2468,127143,app_6710,started,800,960,3.13
c_2358,m_2468,278163,app_6710,started,800,960,3.13
c_2359,m_520,0,app_5895,started,400,400,1.56
c_2359,m_520,19979,app_5895,started,400,400,1.56
c_2359,m_520,115644,app_5895,started,400,400,1.56
c_2359,m_520,158051,app_5895,started,400,400,1.56
c_2359,m_520,267191,app_5895,started,400,400,1.56
c_2359,m_520,323298,app_5895,started,400,400,1.56
c_2360,m_343,0,app_141,started,800,800,3.13
c_2360,m_343,28379,app_141,started,800,800,3.13
c_2360,m_343,124634,app_141,started,800,800,3.13
c_2360,m_343,275715,app_141,started,800,800,3.13
c_2360,m_343,347345,app_141,started,800,800,3.13
c_2361,m_2781,0,app_2927,started,400,400,1.56
c_2361,m_2781,12734,app_2927,started,400,400,1.56
c_2361,m_2781,108026,app_2927,started,400,400,1.56
c_2361,m_2781,177309,app_2927,started,400,400,1.56
c_2361,m_2781,210472,app_2927,started,400,400,1.56
c_2361,m_2781,259849,app_2927,started,400,400,1.56
c_2361,m_2781,383109,app_2927,started,400,400,1.56
c_2362,m_2327,0,app_17,started,400,400,1.56
c_2362,m_2327,31423,app_17,started,400,400,1.56
c_2362,m_2327,38986,app_17,started,400,400,1.56
c_2362,m_2327,125945,app_17,started,400,400,1.56
c_2362,m_2327,127926,app_17,started,400,400,1.56
c_2362,m_2327,130169,app_17,started,400,400,1.56
c_2362,m_2327,162633,app_17,started,400,400,1.56
c_2362,m_2327,278923,app_17,started,400,400,1.56
c_2362,m_2327,443198,app_17,started,400,400,1.56
c_2363,m_3303,0,app_2941,started,400,400,1.56
c_2363,m_3303,13635,app_2941,started,400,400,1.56
c_2363,m_3303,108965,app_2941,started,400,400,1.56
c_2363,m_3303,260775,app_2941,started,400,400,1.56
c_2363,m_3303,384712,app_2941,started,400,400,1.56
c_2364,m_1177,0,app_6457,started,800,800,3.13
c_2364,m_1177,125910,app_6457,started,800,800,3.13
c_2364,m_1177,129534,app_6457,started,800,800,3.13
c_2364,m_1177,130211,app_6457,started,800,800,3.13
c_2364,m_1177,162877,app_6457,started,800,800,3.13
c_2364,m_1177,287549,app_6457,started,800,800,3.13
c_2364,m_1177,382891,app_6457,started,800,800,3.13
c_2365,m_1121,0,app_7097,started,800,800,3.13
c_2366,m_1724,0,app_329,started,400,400,1.56
c_2366,m_1724,34105,app_329,started,400,400,1.56
c_2366,m_1724,129504,app_329,started,400,400,1.56
c_2366,m_1724,234497,app_329,started,400,400,1.56
c_2366,m_1724,378320,app_329,started,400,400,1.56
c_2367,m_2855,0,app_460,started,400,400,1.56
c_2367,m_2855,19409,app_460,started,400,400,1.56
c_2367,m_2855,115045,app_460,started,400,400,1.56
c_2367,m_2855,266599,app_460,started,400,400,1.56
c_2367,m_2855,428364,app_460,started,400,400,1.56
c_2368,m_1603,0,app_1502,started,400,400,1.56
c_2368,m_1603,10606,app_1502,started,400,400,1.56
c_2368,m_1603,105797,app_1502,started,400,400,1.56
c_2368,m_1603,175139,app_1502,started,400,400,1.56
c_2368,m_1603,208269,app_1502,started,400,400,1.56
c_2368,m_1603,253039,app_1502,started,400,400,1.56
c_2368,m_1603,380311,app_1502,started,400,400,1.56
c_2369,m_4019,0,app_9023,started,400,400,1.56
c_2369,m_4019,22758,app_9023,started,400,400,1.56
c_2369,m_4019,117572,app_9023,started,400,400,1.56
c_2369,m_4019,270977,app_9023,started,400,400,1.56
c_2369,m_4019,365087,app_9023,started,400,400,1.56
c_2370,m_2703,0,app_56,started,400,400,1.56
c_2370,m_2703,9053,app_56,started,400,400,1.56
c_2370,m_2703,103433,app_56,started,400,400,1.56
c_2370,m_2703,172404,app_56,started,400,400,1.56
c_2370,m_2703,205966,app_56,started,400,400,1.56
c_2370,m_2703,256739,app_56,started,400,400,1.56
c_2370,m_2703,347008,app_56,started,400,400,1.56
c_2371,m_2903,345103,app_5877,started,800,800,3.13
c_2371,m_2903,641100,app_5877,started,800,800,3.13
c_2372,m_1214,0,app_1596,started,400,400,1.56
c_2372,m_1214,13016,app_1596,started,400,400,1.56
c_2372,m_1214,108321,app_1596,started,400,400,1.56
c_2372,m_1214,177596,app_1596,started,400,400,1.56
c_2372,m_1214,260141,app_1596,started,400,400,1.56
c_2372,m_1214,341793,app_1596,started,400,400,1.56
c_2373,m_3550,0,app_6512,started,400,400,1.56
c_2373,m_3550,27813,app_6512,started,400,400,1.56
c_2373,m_3550,124019,app_6512,started,400,400,1.56
c_2373,m_3550,275156,app_6512,started,400,400,1.56
c_2373,m_3550,438075,app_6512,started,400,400,1.56
c_2374,m_2869,0,app_7048,started,400,400,1.56
c_2374,m_2869,285131,app_7048,started,400,400,1.56
c_2374,m_2869,337563,app_7048,started,400,400,1.56
c_2375,m_2201,0,app_552,started,800,800,3.13
c_2375,m_2201,287281,app_552,started,800,800,3.13
c_2375,m_2201,382604,app_552,started,800,800,3.13
c_2376,m_4009,0,app_7387,started,800,800,3.13
c_2376,m_4009,9482,app_7387,started,800,800,3.13
c_2376,m_4009,104577,app_7387,started,800,800,3.13
c_2376,m_4009,173970,app_7387,started,800,800,3.13
c_2376,m_4009,207103,app_7387,started,800,800,3.13
c_2376,m_4009,256456,app_7387,started,800,800,3.13
c_2376,m_4009,416402,app_7387,started,800,800,3.13
c_2377,m_477,0,app_961,started,400,480,1.56
c_2377,m_477,15831,app_961,started,400,480,1.56
c_2377,m_477,111226,app_961,started,400,480,1.56
c_2377,m_477,262927,app_961,started,400,480,1.56
c_2378,m_1874,0,app_8076,started,400,400,3.13
c_2378,m_1874,27927,app_8076,started,400,400,3.13
c_2378,m_1874,122958,app_8076,started,400,400,3.13
c_2378,m_1874,276382,app_8076,started,400,400,3.13
c_2378,m_1874,371181,app_8076,started,400,400,3.13
c_2379,m_781,0,app_617,started,800,800,3.13
c_2379,m_781,289257,app_617,started,800,800,3.13
c_2379,m_781,340684,app_617,started,800,800,3.13
c_2380,m_991,0,app_8840,started,400,400,3.13
c_2380,m_991,35088,app_8840,started,400,400,3.13
c_2380,m_991,230131,app_8840,started,400,400,3.13
c_2380,m_991,379353,app_8840,started,400,400,3.13
c_2381,m_1021,0,app_3105,started,400,400,1.56
c_2381,m_1021,12662,app_3105,started,400,400,1.56
c_2381,m_1021,39621,app_3105,started,400,400,1.56
c_2381,m_1021,107138,app_3105,started,400,400,1.56
c_2381,m_1021,175928,app_3105,started,400,400,1.56
c_2381,m_1021,209541,app_3105,started,400,400,1.56
c_2381,m_1021,260578,app_3105,started,400,400,1.56
c_2381,m_1021,350971,app_3105,started,400,400,1.56
c_2382,m_3041,0,app_546,started,400,400,1.56
c_2382,m_3041,15407,app_546,started,400,400,1.56
c_2382,m_3041,109906,app_546,started,400,400,1.56
c_2382,m_3041,263271,app_546,started,400,400,1.56
c_2382,m_3041,340707,app_546,started,400,400,1.56
c_2383,m_1819,0,app_1133,started,400,400,1.56
c_2383,m_1819,13600,app_1133,started,400,400,1.56
c_2383,m_1819,108110,app_1133,started,400,400,1.56
c_2383,m_1819,176805,app_1133,started,400,400,1.56
c_2383,m_1819,210421,app_1133,started,400,400,1.56
c_2383,m_1819,261510,app_1133,started,400,400,1.56
c_2383,m_1819,352084,app_1133,started,400,400,1.56
c_2383,m_1819,554036,app_1133,started,400,400,1.56
c_2384,m_3958,0,app_1233,started,400,400,1.56
c_2384,m_3958,158063,app_1233,started,400,400,1.56
c_2384,m_3958,248838,app_1233,started,400,400,1.56
c_2384,m_3958,287000,app_1233,started,400,400,1.56
c_2384,m_3958,382285,app_1233,started,400,400,1.56
c_2385,m_2717,0,app_8058,started,400,400,1.56
c_2385,m_2717,16273,app_8058,started,400,400,1.56
c_2385,m_2717,110784,app_8058,started,400,400,1.56
c_2385,m_2717,264131,app_8058,started,400,400,1.56
c_2385,m_2717,355601,app_8058,started,400,400,1.56
c_2385,m_2717,448366,app_8058,started,400,400,1.56
c_2385,m_2717,557622,app_8058,started,400,400,1.56
c_2386,m_540,0,app_6634,started,400,400,1.56
c_2386,m_540,12956,app_6634,started,400,400,1.56
c_2386,m_540,79041,app_6634,started,400,400,1.56
c_2386,m_540,107440,app_6634,started,400,400,1.56
c_2386,m_540,176211,app_6634,started,400,400,1.56
c_2386,m_540,209821,app_6634,started,400,400,1.56
c_2386,m_540,260879,app_6634,started,400,400,1.56
c_2386,m_540,345703,app_6634,started,400,400,1.56
c_2387,m_3132,0,app_7141,started,400,400,1.56
c_2387,m_3132,15701,app_7141,started,400,400,1.56
c_2387,m_3132,111086,app_7141,started,400,400,1.56
c_2387,m_3132,262798,app_7141,started,400,400,1.56
c_2387,m_3132,386358,app_7141,started,400,400,1.56
c_2388,m_1523,0,app_6132,started,400,400,1.56
c_2388,m_1523,23699,app_6132,started,400,400,1.56
c_2388,m_1523,118559,app_6132,started,400,400,1.56
c_2388,m_1523,271963,app_6132,started,400,400,1.56
c_2388,m_1523,366230,app_6132,started,400,400,1.56
c_2389,m_3423,0,app_6140,started,400,400,1.56
c_2389,m_3423,32907,app_6140,started,400,400,1.56
c_2389,m_3423,129528,app_6140,started,400,400,1.56
c_2389,m_3423,280431,app_6140,started,400,400,1.56
c_2389,m_3423,384863,app_6140,started,400,400,1.56
c_2390,m_1637,0,app_3473,started,800,800,3.13
c_2390,m_1637,27055,app_3473,started,800,800,3.13
c_2390,m_1637,122034,app_3473,started,800,800,3.13
c_2390,m_1637,275477,app_3473,started,800,800,3.13
c_2390,m_1637,370183,app_3473,started,800,800,3.13
c_2391,m_696,0,app_1602,started,400,480,1.56
c_2391,m_696,24288,app_1602,started,400,480,1.56
c_2391,m_696,119166,app_1602,started,400,480,1.56
c_2391,m_696,151003,app_1602,started,400,480,1.56
c_2391,m_696,272561,app_1602,started,400,480,1.56
c_2392,m_2400,0,app_6530,started,400,480,1.56
c_2392,m_2400,35289,app_6530,started,400,480,1.56
c_2392,m_2400,282926,app_6530,started,400,480,1.56
c_2393,m_154,0,app_4896,started,400,400,1.56
c_2393,m_154,283830,app_4896,started,400,400,1.56
c_2393,m_154,411071,app_4896,started,400,400,1.56
c_2394,m_2411,0,app_4176,started,800,800,3.13
c_2394,m_2411,13419,app_4176,started,800,800,3.13
c_2394,m_2411,108736,app_4176,started,800,800,3.13
c_2394,m_2411,260551,app_4176,started,800,800,3.13
c_2394,m_2411,384341,app_4176,started,800,800,3.13
c_2395,m_2937,0,app_978,started,400,480,1.56
c_2395,m_2937,26416,app_978,started,400,480,1.56
c_2395,m_2937,121348,app_978,started,400,480,1.56
c_2395,m_2937,186124,app_978,started,400,480,1.56
c_2395,m_2937,274808,app_978,started,400,480,1.56
c_2396,m_1551,0,app_4653,started,400,400,1.56
c_2396,m_1551,289758,app_4653,started,400,400,1.56
c_2396,m_1551,385316,app_4653,started,400,400,1.56
c_2397,m_1974,0,app_6035,started,400,400,1.56
c_2397,m_1974,32185,app_6035,started,400,400,1.56
c_2397,m_1974,77012,app_6035,started,400,400,1.56
c_2397,m_1974,80131,app_6035,started,400,400,1.56
c_2397,m_1974,127488,app_6035,started,400,400,1.56
c_2397,m_1974,212359,app_6035,started,400,400,1.56
c_2397,m_1974,212543,app_6035,started,400,400,1.56
c_2397,m_1974,259441,app_6035,started,400,400,1.56
c_2397,m_1974,376156,app_6035,started,400,400,1.56
c_2398,m_2661,0,app_2413,started,400,400,1.56
c_2399,m_245,0,app_4038,started,800,800,2.34
c_2399,m_245,12902,app_4038,started,800,800,2.34
c_2399,m_245,108201,app_4038,started,800,800,2.34
c_2399,m_245,177482,app_4038,started,800,800,2.34
c_2399,m_245,210651,app_4038,started,800,800,2.34
c_2399,m_245,260025,app_4038,started,800,800,2.34
c_2399,m_245,383446,app_4038,started,800,800,2.34
c_2400,m_2980,234503,app_4038,started,800,800,2.34
c_2400,m_2980,258118,app_4038,started,800,800,2.34
c_2400,m_2980,316894,app_4038,started,800,800,2.34
c_2401,m_3131,0,app_1532,stopped,800,800,3.13
c_2401,m_3131,24717,app_1532,stopped,800,800,3.13
c_2401,m_3131,120663,app_1532,stopped,800,800,3.13
c_2402,m_3951,0,app_2111,started,400,400,1.56
c_2402,m_3951,286966,app_2111,started,400,400,1.56
c_2402,m_3951,382251,app_2111,started,400,400,1.56
c_2403,m_831,0,app_8492,started,400,400,1.56
c_2403,m_831,15379,app_8492,started,400,400,1.56
c_2403,m_831,49300,app_8492,started,400,400,1.56
c_2403,m_831,109878,app_8492,started,400,400,1.56
c_2403,m_831,263244,app_8492,started,400,400,1.56
c_2403,m_831,354685,app_8492,started,400,400,1.56
c_2404,m_379,0,app_8683,started,400,400,1.56
c_2404,m_379,13123,app_8683,started,400,400,1.56
c_2404,m_379,108430,app_8683,started,400,400,1.56
c_2404,m_379,177715,app_8683,started,400,400,1.56
c_2404,m_379,260249,app_8683,started,400,400,1.56
c_2404,m_379,419589,app_8683,started,400,400,1.56
c_2404,m_379,643274,app_8683,started,400,400,1.56
c_2405,m_1555,0,app_1475,started,400,480,1.56
c_2405,m_1555,18928,app_1475,started,400,480,1.56
c_2405,m_1555,114538,app_1475,started,400,480,1.56
c_2405,m_1555,156825,app_1475,started,400,480,1.56
c_2405,m_1555,266072,app_1475,started,400,480,1.56
c_2406,m_2787,91750,app_8523,started,400,400,1.56
c_2406,m_2787,258652,app_8523,started,400,400,1.56
c_2406,m_2787,321692,app_8523,started,400,400,1.56
c_2406,m_2787,382267,app_8523,started,400,400,1.56
c_2407,m_56,0,app_7643,started,400,400,1.56
c_2407,m_56,9228,app_7643,started,400,400,1.56
c_2407,m_56,53487,app_7643,started,400,400,1.56
c_2407,m_56,104301,app_7643,started,400,400,1.56
c_2407,m_56,173715,app_7643,started,400,400,1.56
c_2407,m_56,206844,app_7643,started,400,400,1.56
c_2407,m_56,256205,app_7643,started,400,400,1.56
c_2407,m_56,416034,app_7643,started,400,400,1.56
c_2408,m_1015,0,app_5805,started,800,800,6.25
c_2408,m_1015,15278,app_5805,started,800,800,6.25
c_2408,m_1015,109775,app_5805,started,800,800,6.25
c_2408,m_1015,263147,app_5805,started,800,800,6.25
c_2409,m_2072,0,app_6803,started,400,400,1.56
c_2409,m_2072,13168,app_6803,started,400,400,1.56
c_2409,m_2072,108476,app_6803,started,400,400,1.56
c_2409,m_2072,177760,app_6803,started,400,400,1.56
c_2409,m_2072,260292,app_6803,started,400,400,1.56
c_2409,m_2072,383893,app_6803,started,400,400,1.56
c_2409,m_2072,643335,app_6803,started,400,400,1.56
c_2410,m_2694,0,app_3557,started,400,400,1.56
c_2410,m_2694,10650,app_3557,started,400,400,1.56
c_2410,m_2694,105117,app_3557,started,400,400,1.56
c_2410,m_2694,158039,app_3557,started,400,400,1.56
c_2410,m_2694,174034,app_3557,started,400,400,1.56
c_2410,m_2694,207565,app_3557,started,400,400,1.56
c_2410,m_2694,258449,app_3557,started,400,400,1.56
c_2410,m_2694,330716,app_3557,started,400,400,1.56
c_2411,m_3977,0,app_9237,started,400,400,1.56
c_2411,m_3977,27120,app_9237,started,400,400,1.56
c_2411,m_3977,123272,app_9237,started,400,400,1.56
c_2411,m_3977,274446,app_9237,started,400,400,1.56
c_2411,m_3977,436278,app_9237,started,400,400,1.56
c_2412,m_2687,423,app_1826,started,800,800,3.13
c_2412,m_2687,22849,app_1826,started,800,800,3.13
c_2412,m_2687,117665,app_1826,started,800,800,3.13
c_2412,m_2687,271067,app_1826,started,800,800,3.13
c_2412,m_2687,365186,app_1826,started,800,800,3.13
c_2412,m_2687,552715,app_1826,started,800,800,3.13
c_2413,m_2583,0,app_2413,started,400,400,1.56
c_2413,m_2583,11685,app_2413,started,400,400,1.56
c_2413,m_2583,106936,app_2413,started,400,400,1.56
c_2413,m_2583,158051,app_2413,started,400,400,1.56
c_2413,m_2583,176238,app_2413,started,400,400,1.56
c_2413,m_2583,209399,app_2413,started,400,400,1.56
c_2413,m_2583,248597,app_2413,started,400,400,1.56
c_2413,m_2583,337222,app_2413,started,400,400,1.56
c_2413,m_2583,641354,app_2413,started,400,400,1.56
c_2414,m_2226,0,app_3942,started,400,480,1.56
c_2414,m_2226,287411,app_3942,started,400,480,1.56
c_2415,m_2445,0,app_6435,started,3200,3200,18.75
c_2415,m_2445,12715,app_6435,started,3200,3200,18.75
c_2415,m_2445,107193,app_6435,started,3200,3200,18.75
c_2415,m_2445,175978,app_6435,started,3200,3200,18.75
c_2415,m_2445,209592,app_6435,started,3200,3200,18.75
c_2415,m_2445,260632,app_6435,started,3200,3200,18.75
c_2415,m_2445,351032,app_6435,started,3200,3200,18.75
c_2416,m_3337,0,app_2175,started,400,400,1.56
c_2416,m_3337,13881,app_2175,started,400,400,1.56
c_2416,m_3337,109222,app_2175,started,400,400,1.56
c_2416,m_3337,165320,app_2175,started,400,400,1.56
c_2417,m_2416,0,app_7308,started,200,240,0.78
c_2417,m_2416,16786,app_7308,started,200,240,0.78
c_2417,m_2416,111322,app_7308,started,200,240,0.78
c_2417,m_2416,264651,app_7308,started,200,240,0.78
c_2418,m_1277,0,app_141,started,800,800,3.13
c_2418,m_1277,290609,app_141,started,800,800,3.13
c_2418,m_1277,347372,app_141,started,800,800,3.13
c_2419,m_230,0,app_544,started,400,400,1.56
c_2419,m_230,290879,app_544,started,400,400,1.56
c_2419,m_230,386485,app_544,started,400,400,1.56
c_2420,m_1253,0,app_2989,started,400,400,1.56
c_2420,m_1253,11164,app_2989,started,400,400,1.56
c_2420,m_1253,106380,app_2989,started,400,400,1.56
c_2420,m_1253,175698,app_2989,started,400,400,1.56
c_2420,m_1253,208871,app_2989,started,400,400,1.56
c_2420,m_1253,258181,app_2989,started,400,400,1.56
c_2420,m_1253,381412,app_2989,started,400,400,1.56
c_2421,m_2186,0,app_559,started,400,400,1.56
c_2421,m_2186,44441,app_559,started,400,400,1.56
c_2421,m_2186,285123,app_559,started,400,400,1.56
c_2421,m_2186,380334,app_559,started,400,400,1.56
c_2422,m_496,0,app_4220,started,800,800,3.13
c_2422,m_496,8793,app_4220,started,800,800,3.13
c_2422,m_496,103853,app_4220,started,800,800,3.13
c_2422,m_496,125907,app_4220,started,800,800,3.13
c_2422,m_496,130166,app_4220,started,800,800,3.13
c_2422,m_496,162894,app_4220,started,800,800,3.13
c_2422,m_496,173274,app_4220,started,800,800,3.13
c_2422,m_496,206406,app_4220,started,800,800,3.13
c_2422,m_496,255750,app_4220,started,800,800,3.13
c_2422,m_496,377920,app_4220,started,800,800,3.13
c_2422,m_496,578046,app_4220,started,800,800,3.13
c_2423,m_3683,331000,app_1274,started,400,400,1.56
c_2423,m_3683,331262,app_1274,started,400,400,1.56
c_2424,m_2175,581121,app_263,started,800,800,3.13
c_2424,m_2175,589240,app_263,started,800,800,3.13
c_2424,m_2175,594584,app_263,started,800,800,3.13
c_2425,m_1915,0,app_2076,started,400,400,1.56
c_2425,m_1915,18123,app_2076,started,400,400,1.56
c_2425,m_1915,50414,app_2076,started,400,400,1.56
c_2425,m_1915,113680,app_2076,started,400,400,1.56
c_2425,m_1915,171425,app_2076,started,400,400,1.56
c_2425,m_1915,265257,app_2076,started,400,400,1.56
c_2425,m_1915,426681,app_2076,started,400,400,1.56
c_2426,m_3989,0,app_7959,started,400,400,1.56
c_2426,m_3989,17224,app_7959,started,400,400,1.56
c_2426,m_3989,111756,app_7959,started,400,400,1.56
c_2426,m_3989,265068,app_7959,started,400,400,1.56
c_2426,m_3989,357571,app_7959,started,400,400,1.56
c_2427,m_2408,0,app_7938,started,400,400,1.56
c_2427,m_2408,28044,app_7938,started,400,400,1.56
c_2427,m_2408,123092,app_7938,started,400,400,1.56
c_2427,m_2408,276509,app_7938,started,400,400,1.56
c_2427,m_2408,371315,app_7938,started,400,400,1.56
c_2428,m_1281,0,app_1596,started,400,480,1.56
c_2428,m_1281,285090,app_1596,started,400,480,1.56
c_2428,m_1281,380302,app_1596,started,400,480,1.56
c_2428,m_1281,571462,app_1596,started,400,480,1.56
c_2429,m_1932,0,app_9618,started,400,400,3.13
c_2429,m_1932,10634,app_9618,started,400,400,3.13
c_2429,m_1932,71973,app_9618,started,400,400,3.13
c_2429,m_1932,72359,app_9618,started,400,400,3.13
c_2429,m_1932,105827,app_9618,started,400,400,3.13
c_2429,m_1932,175169,app_9618,started,400,400,3.13
c_2429,m_1932,208298,app_9618,started,400,400,3.13
c_2429,m_1932,257654,app_9618,started,400,400,3.13
c_2429,m_1932,380363,app_9618,started,400,400,3.13
c_2430,m_739,0,app_721,started,400,400,1.56
c_2430,m_739,31047,app_721,started,400,400,1.56
c_2430,m_739,126295,app_721,started,400,400,1.56
c_2430,m_739,279731,app_721,started,400,400,1.56
c_2430,m_739,374934,app_721,started,400,400,1.56
c_2431,m_2142,0,app_5604,started,800,800,3.13
c_2431,m_2142,29864,app_5604,started,800,800,3.13
c_2431,m_2142,125044,app_5604,started,800,800,3.13
c_2431,m_2142,278476,app_5604,started,800,800,3.13
c_2431,m_2142,373584,app_5604,started,800,800,3.13
c_2432,m_65,0,app_6470,started,400,400,1.56
c_2432,m_65,290740,app_6470,started,400,400,1.56
c_2432,m_65,386344,app_6470,started,400,400,1.56
c_2433,m_1025,0,app_9610,started,400,400,1.56
c_2433,m_1025,13266,app_9610,started,400,400,1.56
c_2433,m_1025,108575,app_9610,started,400,400,1.56
c_2433,m_1025,177859,app_9610,started,400,400,1.56
c_2433,m_1025,260388,app_9610,started,400,400,1.56
c_2433,m_1025,384049,app_9610,started,400,400,1.56
c_2433,m_1025,643465,app_9610,started,400,400,1.56
c_2434,m_473,0,app_66,started,400,400,1.56
c_2434,m_473,8993,app_66,started,400,400,1.56
c_2434,m_473,104066,app_66,started,400,400,1.56
c_2434,m_473,173480,app_66,started,400,400,1.56
c_2434,m_473,206612,app_66,started,400,400,1.56
c_2434,m_473,255977,app_66,started,400,400,1.56
c_2434,m_473,415686,app_66,started,400,400,1.56
c_2435,m_735,0,app_5116,started,400,400,1.56
c_2435,m_735,22616,app_5116,started,400,400,1.56
c_2435,m_735,117782,app_5116,started,400,400,1.56
c_2435,m_735,269823,app_5116,started,400,400,1.56
c_2435,m_735,394590,app_5116,started,400,400,1.56
c_2436,m_1256,0,app_4730,started,400,400,1.56
c_2436,m_1256,32348,app_4730,started,400,400,1.56
c_2436,m_1256,53486,app_4730,started,400,400,1.56
c_2436,m_1256,128918,app_4730,started,400,400,1.56
c_2436,m_1256,279856,app_4730,started,400,400,1.56
c_2436,m_1256,444863,app_4730,started,400,400,1.56
c_2437,m_2531,0,app_5688,started,400,400,1.56
c_2437,m_2531,223178,app_5688,started,400,400,1.56
c_2437,m_2531,224203,app_5688,started,400,400,1.56
c_2437,m_2531,279796,app_5688,started,400,400,1.56
c_2437,m_2531,444698,app_5688,started,400,400,1.56
c_2438,m_1799,0,app_5318,started,800,800,3.13
c_2438,m_1799,15009,app_5318,started,800,800,3.13
c_2438,m_1799,110367,app_5318,started,800,800,3.13
c_2438,m_1799,140251,app_5318,started,800,800,3.13
c_2438,m_1799,262131,app_5318,started,800,800,3.13
c_2438,m_1799,321374,app_5318,started,800,800,3.13
c_2439,m_862,0,app_3381,started,400,400,1.56
c_2439,m_862,288241,app_3381,started,400,400,1.56
c_2439,m_862,383652,app_3381,started,400,400,1.56
c_2440,m_3739,0,app_7387,started,800,800,3.13
c_2440,m_3739,290337,app_7387,started,800,800,3.13
c_2440,m_3739,385939,app_7387,started,800,800,3.13
c_2441,m_1358,317723,app_2435,started,100,1200,0.38
c_2442,m_89,0,app_2175,started,400,400,1.56
c_2442,m_89,13163,app_2175,started,400,400,1.56
c_2442,m_89,108470,app_2175,started,400,400,1.56
c_2442,m_89,177754,app_2175,started,400,400,1.56
c_2442,m_89,260286,app_2175,started,400,400,1.56
c_2442,m_89,339693,app_2175,started,400,400,1.56
c_2442,m_89,643321,app_2175,started,400,400,1.56
c_2443,m_3618,0,app_1149,started,400,400,1.56
c_2443,m_3618,284893,app_1149,started,400,400,1.56
c_2443,m_3618,451336,app_1149,started,400,400,1.56
c_2444,m_942,0,app_6977,started,600,600,1.56
c_2444,m_942,286218,app_6977,started,600,600,1.56
c_2444,m_942,381491,app_6977,started,600,600,1.56
c_2445,m_196,0,app_7348,started,800,800,3.13
c_2445,m_196,283807,app_7348,started,800,800,3.13
c_2445,m_196,347381,app_7348,started,800,800,3.13
c_2446,m_1957,0,app_6280,started,400,400,1.56
c_2446,m_1957,15341,app_6280,started,400,400,1.56
c_2446,m_1957,109840,app_6280,started,400,400,1.56
c_2446,m_1957,263208,app_6280,started,400,400,1.56
c_2446,m_1957,342212,app_6280,started,400,400,1.56
c_2447,m_1010,0,app_5895,started,400,400,1.56
c_2447,m_1010,14420,app_5895,started,400,400,1.56
c_2447,m_1010,109779,app_5895,started,400,400,1.56
c_2447,m_1010,261575,app_5895,started,400,400,1.56
c_2447,m_1010,385594,app_5895,started,400,400,1.56
c_2448,m_174,0,app_4622,started,400,400,1.56
c_2448,m_174,9741,app_4622,started,400,400,1.56
c_2448,m_174,104150,app_4622,started,400,400,1.56
c_2448,m_174,173132,app_4622,started,400,400,1.56
c_2448,m_174,206651,app_4622,started,400,400,1.56
c_2448,m_174,257475,app_4622,started,400,400,1.56
c_2448,m_174,347787,app_4622,started,400,400,1.56
c_2449,m_3377,0,app_3527,started,400,400,1.56
c_2449,m_3377,18036,app_3527,started,400,400,1.56
c_2449,m_3377,112640,app_3527,started,400,400,1.56
c_2449,m_3377,265948,app_3527,started,400,400,1.56
c_2449,m_3377,359208,app_3527,started,400,400,1.56
c_2449,m_3377,560354,app_3527,started,400,400,1.56
c_2450,m_3215,0,app_6763,started,400,400,1.56
c_2450,m_3215,15577,app_6763,started,400,400,1.56
c_2450,m_3215,110078,app_6763,started,400,400,1.56
c_2450,m_3215,263454,app_6763,started,400,400,1.56
c_2450,m_3215,344734,app_6763,started,400,400,1.56
c_2451,m_1331,582287,app_7876,started,800,800,3.13
c_2451,m_1331,583645,app_7876,started,800,800,3.13
c_2452,m_1187,0,app_6908,started,400,400,1.56
c_2452,m_1187,22440,app_6908,started,400,400,1.56
c_2452,m_1187,117598,app_6908,started,400,400,1.56
c_2452,m_1187,269641,app_6908,started,400,400,1.56
c_2452,m_1187,394480,app_6908,started,400,400,1.56
c_2453,m_162,0,app_1596,started,400,400,1.56
c_2453,m_162,283821,app_1596,started,400,400,1.56
c_2453,m_162,411060,app_1596,started,400,400,1.56
c_2454,m_1829,0,app_6004,started,800,800,3.13
c_2454,m_1829,32890,app_6004,started,800,800,3.13
c_2454,m_1829,129511,app_6004,started,800,800,3.13
c_2454,m_1829,280415,app_6004,started,800,800,3.13
c_2454,m_1829,445712,app_6004,started,800,800,3.13
c_2455,m_3896,0,app_5614,started,400,400,1.56
c_2455,m_3896,165611,app_5614,started,400,400,1.56
c_2455,m_3896,165926,app_5614,started,400,400,1.56
c_2455,m_3896,284136,app_5614,started,400,400,1.56
c_2455,m_3896,323285,app_5614,started,400,400,1.56
c_2456,m_711,0,app_9697,started,400,480,1.56
c_2456,m_711,284561,app_9697,started,400,480,1.56
c_2457,m_3400,137188,app_9378,started,400,400,1.56
c_2457,m_3400,264272,app_9378,started,400,400,1.56
c_2457,m_3400,324074,app_9378,started,400,400,1.56
c_2457,m_3400,355709,app_9378,started,400,400,1.56
c_2457,m_3400,448495,app_9378,started,400,400,1.56
c_2458,m_177,0,app_7732,started,400,400,1.56
c_2458,m_177,8915,app_7732,started,400,400,1.56
c_2458,m_177,103984,app_7732,started,400,400,1.56
c_2458,m_177,158056,app_7732,started,400,400,1.56
c_2458,m_177,173398,app_7732,started,400,400,1.56
c_2458,m_177,206527,app_7732,started,400,400,1.56
c_2458,m_177,255898,app_7732,started,400,400,1.56
c_2458,m_177,322146,app_7732,started,400,400,1.56
c_2459,m_3206,0,app_6035,started,400,400,1.56
c_2459,m_3206,23033,app_6035,started,400,400,1.56
c_2459,m_3206,117849,app_6035,started,400,400,1.56
c_2459,m_3206,271254,app_6035,started,400,400,1.56
c_2459,m_3206,365390,app_6035,started,400,400,1.56
c_2460,m_2741,0,app_5237,started,400,480,1.56
c_2460,m_2741,10094,app_5237,started,400,480,1.56
c_2460,m_2741,104527,app_5237,started,400,480,1.56
c_2460,m_2741,173480,app_5237,started,400,480,1.56
c_2460,m_2741,207002,app_5237,started,400,480,1.56
c_2460,m_2741,232330,app_5237,started,400,480,1.56
c_2460,m_2741,248769,app_5237,started,400,480,1.56
c_2460,m_2741,562327,app_5237,started,400,480,1.56
c_2461,m_1024,0,app_1439,started,2400,2400,9.38
c_2461,m_1024,31910,app_1439,started,2400,2400,9.38
c_2461,m_1024,128428,app_1439,started,2400,2400,9.38
c_2461,m_1024,279392,app_1439,started,2400,2400,9.38
c_2461,m_1024,444040,app_1439,started,2400,2400,9.38
c_2462,m_2549,0,app_4057,started,400,400,1.56
c_2462,m_2549,32705,app_4057,started,400,400,1.56
c_2462,m_2549,129311,app_4057,started,400,400,1.56
c_2462,m_2549,280232,app_4057,started,400,400,1.56
c_2462,m_2549,406849,app_4057,started,400,400,1.56
c_2462,m_2549,571521,app_4057,started,400,400,1.56
c_2463,m_1718,0,app_302,started,800,800,3.13
c_2463,m_1718,8862,app_302,started,800,800,3.13
c_2463,m_1718,103929,app_302,started,800,800,3.13
c_2463,m_1718,126847,app_302,started,800,800,3.13
c_2463,m_1718,136446,app_302,started,800,800,3.13
c_2463,m_1718,173343,app_302,started,800,800,3.13
c_2463,m_1718,206473,app_302,started,800,800,3.13
c_2463,m_1718,212400,app_302,started,800,800,3.13
c_2463,m_1718,255845,app_302,started,800,800,3.13
c_2463,m_1718,415441,app_302,started,800,800,3.13
c_2464,m_4003,0,app_856,started,400,400,1.56
c_2464,m_4003,9799,app_856,started,400,400,1.56
c_2464,m_4003,104210,app_856,started,400,400,1.56
c_2464,m_4003,173188,app_856,started,400,400,1.56
c_2464,m_4003,206711,app_856,started,400,400,1.56
c_2464,m_4003,254301,app_856,started,400,400,1.56
c_2464,m_4003,347847,app_856,started,400,400,1.56
c_2465,m_1073,0,app_3632,started,400,400,1.56
c_2465,m_1073,10445,app_3632,started,400,400,1.56
c_2465,m_1073,104900,app_3632,started,400,400,1.56
c_2465,m_1073,173829,app_3632,started,400,400,1.56
c_2465,m_1073,207355,app_3632,started,400,400,1.56
c_2465,m_1073,258233,app_3632,started,400,400,1.56
c_2465,m_1073,348536,app_3632,started,400,400,1.56
c_2466,m_1725,162809,app_2324,started,800,800,6.25
c_2466,m_1725,269026,app_2324,started,800,800,6.25
c_2466,m_1725,429949,app_2324,started,800,800,6.25
c_2467,m_3230,91750,app_8523,started,400,400,1.56
c_2467,m_3230,131271,app_8523,started,400,400,1.56
c_2467,m_3230,147587,app_8523,started,400,400,1.56
c_2467,m_3230,148859,app_8523,started,400,400,1.56
c_2467,m_3230,207800,app_8523,started,400,400,1.56
c_2467,m_3230,226370,app_8523,started,400,400,1.56
c_2467,m_3230,227244,app_8523,started,400,400,1.56
c_2467,m_3230,236817,app_8523,started,400,400,1.56
c_2467,m_3230,337562,app_8523,started,400,400,1.56
c_2468,m_1065,0,app_5707,started,400,400,1.56
c_2468,m_1065,18945,app_5707,started,400,400,1.56
c_2468,m_1065,114557,app_5707,started,400,400,1.56
c_2468,m_1065,266089,app_5707,started,400,400,1.56
c_2468,m_1065,390166,app_5707,started,400,400,1.56
c_2469,m_888,0,app_5035,started,800,800,3.13
c_2469,m_888,285413,app_5035,started,800,800,3.13
c_2469,m_888,380629,app_5035,started,800,800,3.13
c_2470,m_512,213145,app_8531,started,400,400,1.56
c_2471,m_1334,340099,app_3924,started,400,400,1.56
c_2472,m_1691,0,app_6791,started,800,800,3.13
c_2472,m_1691,31067,app_6791,started,800,800,3.13
c_2472,m_1691,126319,app_6791,started,800,800,3.13
c_2472,m_1691,279753,app_6791,started,800,800,3.13
c_2472,m_1691,374957,app_6791,started,800,800,3.13
c_2473,m_3962,80428,app_4576,started,400,400,1.56
c_2473,m_3962,103097,app_4576,started,400,400,1.56
c_2473,m_3962,172495,app_4576,started,400,400,1.56
c_2473,m_3962,205665,app_4576,started,400,400,1.56
c_2473,m_3962,255023,app_4576,started,400,400,1.56
c_2473,m_3962,377185,app_4576,started,400,400,1.56
c_2474,m_3560,0,app_700,started,400,400,1.56
c_2474,m_3560,284572,app_700,started,400,400,1.56
c_2474,m_3560,451136,app_700,started,400,400,1.56
c_2475,m_3945,0,app_885,started,400,480,1.56
c_2475,m_3945,31070,app_885,started,400,480,1.56
c_2475,m_3945,127554,app_885,started,400,480,1.56
c_2475,m_3945,278574,app_885,started,400,480,1.56
c_2476,m_506,0,app_1254,started,800,800,3.13
c_2476,m_506,23690,app_1254,started,800,800,3.13
c_2476,m_506,118550,app_1254,started,800,800,3.13
c_2476,m_506,271955,app_1254,started,800,800,3.13
c_2476,m_506,366221,app_1254,started,800,800,3.13
c_2477,m_1193,0,app_943,started,400,400,1.56
c_2477,m_1193,10031,app_943,started,400,400,1.56
c_2477,m_1193,105177,app_943,started,400,400,1.56
c_2477,m_1193,174549,app_943,started,400,400,1.56
c_2477,m_1193,207680,app_943,started,400,400,1.56
c_2477,m_1193,257040,app_943,started,400,400,1.56
c_2477,m_1193,379278,app_943,started,400,400,1.56
c_2478,m_3629,0,app_8274,started,800,800,3.13
c_2478,m_3629,34687,app_8274,started,800,800,3.13
c_2478,m_3629,249205,app_8274,started,800,800,3.13
c_2478,m_3629,378933,app_8274,started,800,800,3.13
c_2478,m_3629,596261,app_8274,started,800,800,3.13
c_2479,m_2834,0,app_1797,started,800,800,3.13
c_2479,m_2834,287690,app_1797,started,800,800,3.13
c_2479,m_2834,383039,app_1797,started,800,800,3.13
c_2480,m_1261,0,app_3514,started,400,400,1.56
c_2480,m_1261,10759,app_3514,started,400,400,1.56
c_2480,m_1261,105965,app_3514,started,400,400,1.56
c_2480,m_1261,175295,app_3514,started,400,400,1.56
c_2480,m_1261,208439,app_3514,started,400,400,1.56
c_2480,m_1261,257782,app_3514,started,400,400,1.56
c_2480,m_1261,324084,app_3514,started,400,400,1.56
c_2480,m_1261,640055,app_3514,started,400,400,1.56
c_2481,m_1488,0,app_2980,started,400,400,1.56
c_2481,m_1488,22326,app_2980,started,400,400,1.56
c_2481,m_1488,117482,app_2980,started,400,400,1.56
c_2481,m_1488,269513,app_2980,started,400,400,1.56
c_2481,m_1488,394391,app_2980,started,400,400,1.56
c_2482,m_2697,0,app_1398,started,400,400,1.56
c_2482,m_2697,22360,app_1398,started,400,400,1.56
c_2482,m_2697,53481,app_1398,started,400,400,1.56
c_2482,m_2697,117517,app_1398,started,400,400,1.56
c_2482,m_2697,269557,app_1398,started,400,400,1.56
c_2482,m_2697,430590,app_1398,started,400,400,1.56
c_2483,m_1922,0,app_888,started,800,800,3.13
c_2483,m_1922,285272,app_888,started,800,800,3.13
c_2483,m_1922,380476,app_888,started,800,800,3.13
c_2484,m_76,0,app_1479,started,400,400,1.56
c_2484,m_76,9368,app_1479,started,400,400,1.56
c_2484,m_76,104444,app_1479,started,400,400,1.56
c_2484,m_76,173854,app_1479,started,400,400,1.56
c_2484,m_76,206982,app_1479,started,400,400,1.56
c_2484,m_76,256340,app_1479,started,400,400,1.56
c_2484,m_76,416246,app_1479,started,400,400,1.56
c_2485,m_1891,0,app_5007,started,400,400,1.56
c_2485,m_1891,22915,app_5007,started,400,400,1.56
c_2485,m_1891,117732,app_5007,started,400,400,1.56
c_2485,m_1891,271136,app_5007,started,400,400,1.56
c_2485,m_1891,365259,app_5007,started,400,400,1.56
c_2486,m_3853,0,app_6912,started,400,480,1.56
c_2486,m_3853,14629,app_6912,started,400,480,1.56
c_2486,m_3853,109988,app_6912,started,400,480,1.56
c_2486,m_3853,261770,app_6912,started,400,480,1.56
c_2487,m_260,0,app_2632,started,800,800,3.13
c_2487,m_260,9799,app_2632,started,800,800,3.13
c_2487,m_260,104211,app_2632,started,800,800,3.13
c_2487,m_260,173189,app_2632,started,800,800,3.13
c_2487,m_260,206712,app_2632,started,800,800,3.13
c_2487,m_260,257537,app_2632,started,800,800,3.13
c_2487,m_260,347848,app_2632,started,800,800,3.13
c_2487,m_260,635642,app_2632,started,800,800,3.13
c_2488,m_3122,0,app_2014,started,400,400,1.56
c_2488,m_3122,9971,app_2014,started,400,400,1.56
c_2488,m_3122,105106,app_2014,started,400,400,1.56
c_2488,m_3122,174483,app_2014,started,400,400,1.56
c_2488,m_3122,207617,app_2014,started,400,400,1.56
c_2488,m_3122,256977,app_2014,started,400,400,1.56
c_2488,m_3122,379162,app_2014,started,400,400,1.56
c_2489,m_1132,0,app_2637,started,400,400,1.56
c_2489,m_1132,11710,app_2637,started,400,400,1.56
c_2489,m_1132,106190,app_2637,started,400,400,1.56
c_2489,m_1132,175052,app_2637,started,400,400,1.56
c_2489,m_1132,208647,app_2637,started,400,400,1.56
c_2489,m_1132,259636,app_2637,started,400,400,1.56
c_2489,m_1132,342021,app_2637,started,400,400,1.56
c_2489,m_1132,638149,app_2637,started,400,400,1.56
c_2490,m_940,0,app_6703,started,400,400,1.56
c_2490,m_940,23315,app_6703,started,400,400,1.56
c_2490,m_940,118539,app_6703,started,400,400,1.56
c_2490,m_940,270517,app_6703,started,400,400,1.56
c_2490,m_940,317241,app_6703,started,400,400,1.56
c_2491,m_2547,0,app_2497,started,400,400,1.56
c_2491,m_2547,35470,app_2497,started,400,400,1.56
c_2491,m_2547,44440,app_2497,started,400,400,1.56
c_2491,m_2547,284651,app_2497,started,400,400,1.56
c_2491,m_2547,379813,app_2497,started,400,400,1.56
c_2492,m_23,0,app_5292,started,400,400,1.56
c_2492,m_23,7460,app_5292,started,400,400,1.56
c_2492,m_23,102444,app_5292,started,400,400,1.56
c_2492,m_23,171865,app_5292,started,400,400,1.56
c_2492,m_23,204999,app_5292,started,400,400,1.56
c_2492,m_23,254368,app_5292,started,400,400,1.56
c_2492,m_23,376346,app_5292,started,400,400,1.56
c_2493,m_801,230248,app_3946,started,400,400,1.56
c_2493,m_801,273709,app_3946,started,400,400,1.56
c_2493,m_801,368279,app_3946,started,400,400,1.56
c_2494,m_733,0,app_7242,started,400,4800,1.56
c_2494,m_733,288152,app_7242,started,400,4800,1.56
c_2494,m_733,383557,app_7242,started,400,4800,1.56
c_2495,m_1928,0,app_8037,started,400,400,1.56
c_2495,m_1928,13240,app_8037,started,400,400,1.56
c_2495,m_1928,49299,app_8037,started,400,400,1.56
c_2495,m_1928,108548,app_8037,started,400,400,1.56
c_2495,m_1928,177832,app_8037,started,400,400,1.56
c_2495,m_1928,260362,app_8037,started,400,400,1.56
c_2495,m_1928,383990,app_8037,started,400,400,1.56
c_2496,m_561,0,app_559,started,400,400,1.56
c_2496,m_561,32304,app_559,started,400,400,1.56
c_2496,m_561,127614,app_559,started,400,400,1.56
c_2496,m_561,281290,app_559,started,400,400,1.56
c_2496,m_561,376290,app_559,started,400,400,1.56
c_2497,m_792,0,app_4038,started,800,800,2.34
c_2497,m_792,14396,app_4038,started,800,800,2.34
c_2497,m_792,109758,app_4038,started,800,800,2.34
c_2497,m_792,261555,app_4038,started,800,800,2.34
c_2497,m_792,385542,app_4038,started,800,800,2.34
c_2498,m_1139,0,app_1946,started,400,400,1.56
c_2498,m_1139,34485,app_1946,started,400,400,1.56
c_2498,m_1139,125945,app_1946,started,400,400,1.56
c_2498,m_1139,130173,app_1946,started,400,400,1.56
c_2498,m_1139,163101,app_1946,started,400,400,1.56
c_2498,m_1139,248661,app_1946,started,400,400,1.56
c_2498,m_1139,448288,app_1946,started,400,400,1.56
c_2499,m_3655,0,app_7838,started,400,480,3.13
c_2499,m_3655,22802,app_7838,started,400,480,3.13
c_2499,m_3655,117619,app_7838,started,400,480,3.13
c_2499,m_3655,271022,app_7838,started,400,480,3.13
c_2500,m_2489,0,app_5937,started,400,400,1.56
c_2500,m_2489,15497,app_5937,started,400,400,1.56
c_2500,m_2489,109998,app_5937,started,400,400,1.56
c_2500,m_2489,263375,app_5937,started,400,400,1.56
c_2500,m_2489,354834,app_5937,started,400,400,1.56
c_2500,m_2489,384301,app_5937,started,400,400,1.56
c_2500,m_2489,556569,app_5937,started,400,400,1.56
c_2501,m_3835,0,app_1093,started,400,400,1.95
c_2501,m_3835,9265,app_1093,started,400,400,1.95
c_2501,m_3835,104337,app_1093,started,400,400,1.95
c_2501,m_3835,173750,app_1093,started,400,400,1.95
c_2501,m_3835,206877,app_1093,started,400,400,1.95
c_2501,m_3835,256238,app_1093,started,400,400,1.95
c_2501,m_3835,416082,app_1093,started,400,400,1.95
c_2502,m_1393,382964,app_6140,started,400,400,1.56
c_2502,m_1393,641253,app_6140,started,400,400,1.56
c_2503,m_2617,0,app_7048,started,400,400,1.56
c_2503,m_2617,12989,app_7048,started,400,400,1.56
c_2503,m_2617,108291,app_7048,started,400,400,1.56
c_2503,m_2617,177569,app_7048,started,400,400,1.56
c_2503,m_2617,210738,app_7048,started,400,400,1.56
c_2503,m_2617,260114,app_7048,started,400,400,1.56
c_2503,m_2617,383625,app_7048,started,400,400,1.56
c_2504,m_2674,0,app_7348,started,800,800,3.13
c_2504,m_2674,29279,app_7348,started,800,800,3.13
c_2504,m_2674,125597,app_7348,started,800,800,3.13
c_2504,m_2674,276679,app_7348,started,800,800,3.13
c_2504,m_2674,347394,app_7348,started,800,800,3.13
c_2505,m_888,0,app_2239,started,400,400,1.56
c_2505,m_888,285413,app_2239,started,400,400,1.56
c_2505,m_888,380629,app_2239,started,400,400,1.56
c_2506,m_3220,0,app_3136,started,400,400,1.56
c_2506,m_3220,285999,app_3136,started,400,400,1.56
c_2506,m_3220,381273,app_3136,started,400,400,1.56
c_2507,m_3328,0,app_6320,started,400,400,1.56
c_2507,m_3328,25509,app_6320,started,400,400,1.56
c_2507,m_3328,120408,app_6320,started,400,400,1.56
c_2507,m_3328,273859,app_6320,started,400,400,1.56
c_2507,m_3328,368376,app_6320,started,400,400,1.56
c_2508,m_397,0,app_2551,started,1600,1600,6.25
c_2508,m_397,22116,app_2551,started,1600,1600,6.25
c_2508,m_397,116904,app_2551,started,1600,1600,6.25
c_2508,m_397,270305,app_2551,started,1600,1600,6.25
c_2508,m_397,364370,app_2551,started,1600,1600,6.25
c_2509,m_3125,0,app_5652,started,400,400,1.56
c_2509,m_3125,22781,app_5652,started,400,400,1.56
c_2509,m_3125,117596,app_5652,started,400,400,1.56
c_2509,m_3125,230127,app_5652,started,400,400,1.56
c_2509,m_3125,271002,app_5652,started,400,400,1.56
c_2509,m_3125,315615,app_5652,started,400,400,1.56
c_2510,m_1854,0,app_4233,started,400,400,1.56
c_2510,m_1854,125931,app_4233,started,400,400,1.56
c_2510,m_1854,130192,app_4233,started,400,400,1.56
c_2510,m_1854,162883,app_4233,started,400,400,1.56
c_2510,m_1854,285588,app_4233,started,400,400,1.56
c_2510,m_1854,380812,app_4233,started,400,400,1.56
c_2511,m_3186,0,app_3824,started,400,400,1.56
c_2511,m_3186,16771,app_3824,started,400,400,1.56
c_2511,m_3186,111307,app_3824,started,400,400,1.56
c_2511,m_3186,264636,app_3824,started,400,400,1.56
c_2511,m_3186,356156,app_3824,started,400,400,1.56
c_2512,m_869,0,app_7152,started,400,400,1.56
c_2512,m_869,25530,app_7152,started,400,400,1.56
c_2512,m_869,120430,app_7152,started,400,400,1.56
c_2512,m_869,273884,app_7152,started,400,400,1.56
c_2512,m_869,368402,app_7152,started,400,400,1.56
c_2512,m_869,431157,app_7152,started,400,400,1.56
c_2513,m_402,0,app_7227,started,400,400,1.56
c_2513,m_402,34285,app_7227,started,400,400,1.56
c_2513,m_402,281858,app_7227,started,400,400,1.56
c_2513,m_402,408622,app_7227,started,400,400,1.56
c_2513,m_402,656401,app_7227,started,400,400,1.56
c_2513,m_402,668651,app_7227,started,400,400,1.56
c_2514,m_2827,0,app_7475,started,400,400,1.56
c_2514,m_2827,27477,app_7475,started,400,400,1.56
c_2514,m_2827,122480,app_7475,started,400,400,1.56
c_2514,m_2827,275912,app_7475,started,400,400,1.56
c_2514,m_2827,347356,app_7475,started,400,400,1.56
c_2515,m_1618,0,app_888,started,800,800,3.13
c_2515,m_1618,29919,app_888,started,800,800,3.13
c_2515,m_1618,125104,app_888,started,800,800,3.13
c_2515,m_1618,278538,app_888,started,800,800,3.13
c_2515,m_1618,373644,app_888,started,800,800,3.13
c_2516,m_3954,0,app_8622,started,400,400,1.56
c_2516,m_3954,285031,app_8622,started,400,400,1.56
c_2516,m_3954,380238,app_8622,started,400,400,1.56
c_2517,m_1957,0,app_3665,started,400,400,1.56
c_2517,m_1957,15341,app_3665,started,400,400,1.56
c_2517,m_1957,109840,app_3665,started,400,400,1.56
c_2517,m_1957,263208,app_3665,started,400,400,1.56
c_2517,m_1957,342212,app_3665,started,400,400,1.56
c_2518,m_2830,0,app_3665,started,400,400,1.56
c_2518,m_2830,24309,app_3665,started,400,400,1.56
c_2518,m_2830,120237,app_3665,started,400,400,1.56
c_2518,m_2830,271532,app_3665,started,400,400,1.56
c_2518,m_2830,347395,app_3665,started,400,400,1.56
c_2519,m_1514,0,app_1869,started,400,400,1.56
c_2519,m_1514,14972,app_1869,started,400,400,1.56
c_2519,m_1514,44441,app_1869,started,400,400,1.56
c_2519,m_1514,109476,app_1869,started,400,400,1.56
c_2519,m_1514,262839,app_1869,started,400,400,1.56
c_2519,m_1514,353859,app_1869,started,400,400,1.56
c_2519,m_1514,446931,app_1869,started,400,400,1.56
c_2519,m_1514,555867,app_1869,started,400,400,1.56
c_2520,m_2593,0,app_3252,started,400,400,1.56
c_2520,m_2593,7133,app_3252,started,400,400,1.56
c_2520,m_2593,102104,app_3252,started,400,400,1.56
c_2520,m_2593,171527,app_3252,started,400,400,1.56
c_2520,m_2593,204650,app_3252,started,400,400,1.56
c_2520,m_2593,254032,app_3252,started,400,400,1.56
c_2520,m_2593,376078,app_3252,started,400,400,1.56
c_2520,m_2593,634612,app_3252,started,400,400,1.56
c_2521,m_2640,0,app_7097,started,800,800,3.13
c_2521,m_2640,32705,app_7097,started,800,800,3.13
c_2521,m_2640,128042,app_7097,started,800,800,3.13
c_2521,m_2640,281717,app_7097,started,800,800,3.13
c_2521,m_2640,376762,app_7097,started,800,800,3.13
c_2522,m_482,0,app_1355,started,400,400,1.56
c_2522,m_482,286850,app_1355,started,400,400,1.56
c_2522,m_482,382138,app_1355,started,400,400,1.56
c_2522,m_482,657544,app_1355,started,400,400,1.56
c_2523,m_1899,0,app_4302,started,400,400,1.56
c_2523,m_1899,27502,app_4302,started,400,400,1.56
c_2523,m_1899,123682,app_4302,started,400,400,1.56
c_2523,m_1899,274840,app_4302,started,400,400,1.56
c_2523,m_1899,436642,app_4302,started,400,400,1.56
c_2524,m_932,0,app_5417,started,400,400,1.56
c_2524,m_932,9495,app_5417,started,400,400,1.56
c_2524,m_932,49299,app_5417,started,400,400,1.56
c_2524,m_932,104591,app_5417,started,400,400,1.56
c_2524,m_932,173983,app_5417,started,400,400,1.56
c_2524,m_932,207116,app_5417,started,400,400,1.56
c_2524,m_932,256468,app_5417,started,400,400,1.56
c_2524,m_932,416424,app_5417,started,400,400,1.56
c_2525,m_3877,0,app_3649,started,400,400,1.56
c_2525,m_3877,290231,app_3649,started,400,400,1.56
c_2525,m_3877,385818,app_3649,started,400,400,1.56
c_2525,m_3877,643776,app_3649,started,400,400,1.56
c_2526,m_2617,0,app_8751,started,400,400,1.56
c_2526,m_2617,12989,app_8751,started,400,400,1.56
c_2526,m_2617,108291,app_8751,started,400,400,1.56
c_2526,m_2617,177569,app_8751,started,400,400,1.56
c_2526,m_2617,210738,app_8751,started,400,400,1.56
c_2526,m_2617,260114,app_8751,started,400,400,1.56
c_2526,m_2617,383625,app_8751,started,400,400,1.56
c_2526,m_2617,643100,app_8751,started,400,400,1.56
c_2527,m_2718,0,app_7436,started,400,400,1.56
c_2527,m_2718,13381,app_7436,started,400,400,1.56
c_2527,m_2718,108696,app_7436,started,400,400,1.56
c_2527,m_2718,260506,app_7436,started,400,400,1.56
c_2527,m_2718,384310,app_7436,started,400,400,1.56
c_2528,m_3947,0,app_7916,started,400,480,1.56
c_2528,m_3947,23008,app_7916,started,400,480,1.56
c_2528,m_3947,117824,app_7916,started,400,480,1.56
c_2528,m_3947,137330,app_7916,started,400,480,1.56
c_2528,m_3947,271228,app_7916,started,400,480,1.56
c_2528,m_3947,297676,app_7916,started,400,480,1.56
c_2529,m_2138,0,app_3267,started,400,400,1.56
c_2529,m_2138,20079,app_3267,started,400,400,1.56
c_2529,m_2138,115749,app_3267,started,400,400,1.56
c_2529,m_2138,267292,app_3267,started,400,400,1.56
c_2529,m_2138,429368,app_3267,started,400,400,1.56
c_2530,m_111,0,app_6637,started,400,400,1.56
c_2530,m_111,12716,app_6637,started,400,400,1.56
c_2530,m_111,108009,app_6637,started,400,400,1.56
c_2530,m_111,177291,app_6637,started,400,400,1.56
c_2530,m_111,210456,app_6637,started,400,400,1.56
c_2530,m_111,259832,app_6637,started,400,400,1.56
c_2530,m_111,383077,app_6637,started,400,400,1.56
c_2531,m_1609,0,app_638,started,400,400,1.56
c_2531,m_1609,8918,app_638,started,400,400,1.56
c_2531,m_1609,103303,app_638,started,400,400,1.56
c_2531,m_1609,172276,app_638,started,400,400,1.56
c_2531,m_1609,205819,app_638,started,400,400,1.56
c_2531,m_1609,256602,app_638,started,400,400,1.56
c_2531,m_1609,346855,app_638,started,400,400,1.56
c_2532,m_2145,0,app_9764,started,400,400,1.56
c_2532,m_2145,13779,app_9764,started,400,400,1.56
c_2532,m_2145,108294,app_9764,started,400,400,1.56
c_2532,m_2145,176986,app_9764,started,400,400,1.56
c_2532,m_2145,210593,app_9764,started,400,400,1.56
c_2532,m_2145,261695,app_9764,started,400,400,1.56
c_2532,m_2145,352277,app_9764,started,400,400,1.56
c_2533,m_1550,0,app_582,started,400,400,1.56
c_2533,m_1550,22001,app_582,started,400,400,1.56
c_2533,m_1550,116781,app_582,started,400,400,1.56
c_2533,m_1550,270180,app_582,started,400,400,1.56
c_2533,m_1550,364239,app_582,started,400,400,1.56
c_2533,m_1550,378628,app_582,started,400,400,1.56
c_2534,m_2675,0,app_2097,started,800,800,6.25
c_2534,m_2675,235172,app_2097,started,800,800,6.25
c_2534,m_2675,320500,app_2097,started,800,800,6.25
c_2535,m_1347,0,app_9681,started,400,400,1.56
c_2535,m_1347,11088,app_9681,started,400,400,1.56
c_2535,m_1347,105560,app_9681,started,400,400,1.56
c_2535,m_1347,158057,app_9681,started,400,400,1.56
c_2535,m_1347,174460,app_9681,started,400,400,1.56
c_2535,m_1347,208001,app_9681,started,400,400,1.56
c_2535,m_1347,258916,app_9681,started,400,400,1.56
c_2535,m_1347,334712,app_9681,started,400,400,1.56
c_2536,m_4031,0,app_1398,started,400,400,1.56
c_2536,m_4031,290944,app_1398,started,400,400,1.56
c_2536,m_4031,386552,app_1398,started,400,400,1.56
c_2537,m_648,0,app_6584,started,400,400,1.56
c_2537,m_648,13803,app_6584,started,400,400,1.56
c_2537,m_648,108321,app_6584,started,400,400,1.56
c_2537,m_648,177011,app_6584,started,400,400,1.56
c_2537,m_648,210626,app_6584,started,400,400,1.56
c_2537,m_648,261717,app_6584,started,400,400,1.56
c_2537,m_648,340507,app_6584,started,400,400,1.56
c_2537,m_648,418207,app_6584,started,400,400,1.56
c_2537,m_648,554311,app_6584,started,400,400,1.56
c_2538,m_3243,0,app_17,started,400,400,1.56
c_2538,m_3243,13901,app_17,started,400,400,1.56
c_2538,m_3243,108436,app_17,started,400,400,1.56
c_2538,m_3243,177105,app_17,started,400,400,1.56
c_2538,m_3243,210719,app_17,started,400,400,1.56
c_2538,m_3243,261830,app_17,started,400,400,1.56
c_2538,m_3243,347384,app_17,started,400,400,1.56
c_2538,m_3243,641693,app_17,started,400,400,1.56
c_2539,m_1950,0,app_7335,started,400,400,1.56
c_2539,m_1950,27177,app_7335,started,400,400,1.56
c_2539,m_1950,44436,app_7335,started,400,400,1.56
c_2539,m_1950,123337,app_7335,started,400,400,1.56
c_2539,m_1950,274509,app_7335,started,400,400,1.56
c_2539,m_1950,436352,app_7335,started,400,400,1.56
c_2540,m_1439,0,app_5546,started,400,400,1.56
c_2540,m_1439,13678,app_5546,started,400,400,1.56
c_2540,m_1439,109011,app_5546,started,400,400,1.56
c_2540,m_1439,260817,app_5546,started,400,400,1.56
c_2540,m_1439,384793,app_5546,started,400,400,1.56
c_2541,m_3431,0,app_5936,started,400,400,1.56
c_2541,m_3431,29913,app_5936,started,400,400,1.56
c_2541,m_3431,125095,app_5936,started,400,400,1.56
c_2541,m_3431,278532,app_5936,started,400,400,1.56
c_2541,m_3431,373638,app_5936,started,400,400,1.56
c_2542,m_1746,0,app_5657,started,400,400,1.56
c_2542,m_1746,11069,app_5657,started,400,400,1.56
c_2542,m_1746,106279,app_5657,started,400,400,1.56
c_2542,m_1746,175597,app_5657,started,400,400,1.56
c_2542,m_1746,208773,app_5657,started,400,400,1.56
c_2542,m_1746,258085,app_5657,started,400,400,1.56
c_2542,m_1746,381102,app_5657,started,400,400,1.56
c_2543,m_2408,0,app_5885,started,400,400,1.56
c_2543,m_2408,28044,app_5885,started,400,400,1.56
c_2543,m_2408,123092,app_5885,started,400,400,1.56
c_2543,m_2408,276509,app_5885,started,400,400,1.56
c_2543,m_2408,371315,app_5885,started,400,400,1.56
c_2544,m_1459,575899,app_8532,started,1600,1600,6.25
c_2544,m_1459,579249,app_8532,started,1600,1600,6.25
c_2544,m_1459,582492,app_8532,started,1600,1600,6.25
c_2544,m_1459,586734,app_8532,started,1600,1600,6.25
c_2544,m_1459,593948,app_8532,started,1600,1600,6.25
c_2544,m_1459,595155,app_8532,started,1600,1600,6.25
c_2544,m_1459,597704,app_8532,started,1600,1600,6.25
c_2544,m_1459,640625,app_8532,started,1600,1600,6.25
c_2544,m_1459,641785,app_8532,started,1600,1600,6.25
c_2544,m_1459,647869,app_8532,started,1600,1600,6.25
c_2544,m_1459,654607,app_8532,started,1600,1600,6.25
c_2544,m_1459,656603,app_8532,started,1600,1600,6.25
c_2544,m_1459,666000,app_8532,started,1600,1600,6.25
c_2544,m_1459,668710,app_8532,started,1600,1600,6.25
c_2544,m_1459,674384,app_8532,started,1600,1600,6.25
c_2545,m_3236,0,app_7807,started,800,800,3.13
c_2545,m_3236,285110,app_7807,started,800,800,3.13
c_2545,m_3236,380322,app_7807,started,800,800,3.13
c_2546,m_323,0,app_4096,stopped,400,400,1.56
c_2546,m_323,22374,app_4096,stopped,400,400,1.56
c_2546,m_323,117532,app_4096,stopped,400,400,1.56
c_2546,m_323,269572,app_4096,stopped,400,400,1.56
c_2546,m_323,430627,app_4096,stopped,400,400,1.56
c_2547,m_3363,0,app_6320,started,400,400,1.56
c_2547,m_3363,34196,app_6320,started,400,400,1.56
c_2547,m_3363,129602,app_6320,started,400,400,1.56
c_2547,m_3363,283297,app_6320,started,400,400,1.56
c_2547,m_3363,378412,app_6320,started,400,400,1.56
c_2548,m_1348,596816,app_2989,started,400,400,1.56
c_2549,m_2565,0,app_1230,started,800,800,3.13
c_2549,m_2565,44489,app_1230,started,800,800,3.13
c_2549,m_2565,290286,app_1230,started,800,800,3.13
c_2549,m_2565,294463,app_1230,started,800,800,3.13
c_2549,m_2565,385872,app_1230,started,800,800,3.13
c_2550,m_3216,0,app_2413,started,400,400,1.56
c_2550,m_3216,9464,app_2413,started,400,400,1.56
c_2550,m_3216,104557,app_2413,started,400,400,1.56
c_2550,m_3216,173952,app_2413,started,400,400,1.56
c_2550,m_3216,207080,app_2413,started,400,400,1.56
c_2550,m_3216,256437,app_2413,started,400,400,1.56
c_2550,m_3216,416352,app_2413,started,400,400,1.56
c_2550,m_3216,638209,app_2413,started,400,400,1.56
c_2551,m_1599,0,app_9618,started,400,400,3.13
c_2551,m_1599,12608,app_9618,started,400,400,3.13
c_2551,m_1599,107895,app_9618,started,400,400,3.13
c_2551,m_1599,177179,app_9618,started,400,400,3.13
c_2551,m_1599,210347,app_9618,started,400,400,3.13
c_2551,m_1599,259719,app_9618,started,400,400,3.13
c_2551,m_1599,382914,app_9618,started,400,400,3.13
c_2552,m_557,0,app_56,started,400,400,1.56
c_2552,m_557,25497,app_56,started,400,400,1.56
c_2552,m_557,120396,app_56,started,400,400,1.56
c_2552,m_557,273840,app_56,started,400,400,1.56
c_2552,m_557,368364,app_56,started,400,400,1.56
c_2553,m_151,0,app_3978,started,400,400,1.56
c_2553,m_151,33943,app_3978,started,400,400,1.56
c_2553,m_151,227832,app_3978,started,400,400,1.56
c_2553,m_151,447295,app_3978,started,400,400,1.56
c_2554,m_502,0,app_5219,started,400,400,1.56
c_2555,m_793,0,app_3294,started,400,400,1.56
c_2555,m_793,30467,app_3294,started,400,400,1.56
c_2555,m_793,77597,app_3294,started,400,400,1.56
c_2555,m_793,125664,app_3294,started,400,400,1.56
c_2555,m_793,279096,app_3294,started,400,400,1.56
c_2555,m_793,374248,app_3294,started,400,400,1.56
c_2556,m_3034,0,app_8202,started,400,400,1.56
c_2556,m_3034,10901,app_8202,started,400,400,1.56
c_2556,m_3034,53487,app_8202,started,400,400,1.56
c_2556,m_3034,105370,app_8202,started,400,400,1.56
c_2556,m_3034,174275,app_8202,started,400,400,1.56
c_2556,m_3034,207812,app_8202,started,400,400,1.56
c_2556,m_3034,258707,app_8202,started,400,400,1.56
c_2556,m_3034,349012,app_8202,started,400,400,1.56
c_2556,m_3034,678026,app_8202,started,400,400,1.56
c_2557,m_1600,0,app_7908,started,400,400,1.56
c_2557,m_1600,15639,app_7908,started,400,400,1.56
c_2557,m_1600,110140,app_7908,started,400,400,1.56
c_2557,m_1600,263513,app_7908,started,400,400,1.56
c_2557,m_1600,354980,app_7908,started,400,400,1.56
c_2558,m_928,0,app_5219,started,400,400,1.56
c_2559,m_1435,0,app_8492,started,400,400,1.56
c_2559,m_1435,13594,app_8492,started,400,400,1.56
c_2559,m_1435,108105,app_8492,started,400,400,1.56
c_2559,m_1435,176799,app_8492,started,400,400,1.56
c_2559,m_1435,210415,app_8492,started,400,400,1.56
c_2559,m_1435,261504,app_8492,started,400,400,1.56
c_2559,m_1435,352077,app_8492,started,400,400,1.56
c_2560,m_1913,0,app_1596,started,400,400,1.56
c_2560,m_1913,12816,app_1596,started,400,400,1.56
c_2560,m_1913,49250,app_1596,started,400,400,1.56
c_2560,m_1913,108112,app_1596,started,400,400,1.56
c_2560,m_1913,177392,app_1596,started,400,400,1.56
c_2560,m_1913,210557,app_1596,started,400,400,1.56
c_2560,m_1913,259937,app_1596,started,400,400,1.56
c_2560,m_1913,383275,app_1596,started,400,400,1.56
c_2561,m_2694,0,app_263,started,800,800,3.13
c_2561,m_2694,10651,app_263,started,800,800,3.13
c_2561,m_2694,105117,app_263,started,800,800,3.13
c_2561,m_2694,158038,app_263,started,800,800,3.13
c_2561,m_2694,174034,app_263,started,800,800,3.13
c_2561,m_2694,207565,app_263,started,800,800,3.13
c_2561,m_2694,258449,app_263,started,800,800,3.13
c_2561,m_2694,330717,app_263,started,800,800,3.13
c_2561,m_2694,636759,app_263,started,800,800,3.13
c_2562,m_681,49049,app_1215,started,400,400,1.56
c_2562,m_681,290604,app_1215,started,400,400,1.56
c_2562,m_681,386206,app_1215,started,400,400,1.56
c_2563,m_3069,0,app_1211,started,400,400,1.56
c_2563,m_3069,285052,app_1211,started,400,400,1.56
c_2563,m_3069,380260,app_1211,started,400,400,1.56
c_2564,m_415,0,app_4650,started,800,800,3.13
c_2564,m_415,10925,app_4650,started,800,800,3.13
c_2564,m_415,105395,app_4650,started,800,800,3.13
c_2564,m_415,174299,app_4650,started,800,800,3.13
c_2564,m_415,207836,app_4650,started,800,800,3.13
c_2564,m_415,258734,app_4650,started,800,800,3.13
c_2564,m_415,349057,app_4650,started,800,800,3.13
c_2565,m_2696,0,app_1999,started,400,480,1.56
c_2565,m_2696,34862,app_1999,started,400,480,1.56
c_2565,m_2696,140249,app_1999,started,400,480,1.56
c_2565,m_2696,282468,app_1999,started,400,480,1.56
c_2566,m_2941,0,app_9566,started,400,400,1.56
c_2566,m_2941,33064,app_9566,started,400,400,1.56
c_2566,m_2941,49254,app_9566,started,400,400,1.56
c_2566,m_2941,129693,app_9566,started,400,400,1.56
c_2566,m_2941,280586,app_9566,started,400,400,1.56
c_2566,m_2941,445911,app_9566,started,400,400,1.56
c_2566,m_2941,597324,app_9566,started,400,400,1.56
c_2567,m_982,0,app_3962,started,400,400,1.56
c_2567,m_982,20243,app_3962,started,400,400,1.56
c_2567,m_982,115936,app_3962,started,400,400,1.56
c_2567,m_982,267941,app_3962,started,400,400,1.56
c_2567,m_982,429472,app_3962,started,400,400,1.56
c_2567,m_982,664023,app_3962,started,400,400,1.56
c_2567,m_982,666152,app_3962,started,400,400,1.56
c_2568,m_1773,0,app_8183,started,400,400,1.56
c_2568,m_1773,22970,app_8183,started,400,400,1.56
c_2568,m_1773,117786,app_8183,started,400,400,1.56
c_2568,m_1773,271189,app_8183,started,400,400,1.56
c_2568,m_1773,365323,app_8183,started,400,400,1.56
c_2569,m_2300,0,app_4526,started,400,400,1.56
c_2569,m_2300,27230,app_4526,started,400,400,1.56
c_2569,m_2300,123393,app_4526,started,400,400,1.56
c_2569,m_2300,274561,app_4526,started,400,400,1.56
c_2569,m_2300,436388,app_4526,started,400,400,1.56
c_2570,m_2960,0,app_4408,started,800,960,3.13
c_2570,m_2960,21353,app_4408,started,800,960,3.13
c_2570,m_2960,116436,app_4408,started,800,960,3.13
c_2570,m_2960,268542,app_4408,started,800,960,3.13
c_2571,m_2195,0,app_228,started,400,480,1.56
c_2571,m_2195,34347,app_228,started,400,480,1.56
c_2571,m_2195,129758,app_228,started,400,480,1.56
c_2571,m_2195,283444,app_228,started,400,480,1.56
c_2572,m_392,0,app_5416,started,400,400,1.56
c_2572,m_392,290203,app_5416,started,400,400,1.56
c_2572,m_392,385787,app_5416,started,400,400,1.56
c_2573,m_1279,0,app_498,started,400,400,1.56
c_2573,m_1279,26918,app_498,started,400,400,1.56
c_2573,m_1279,123063,app_498,started,400,400,1.56
c_2573,m_1279,274245,app_498,started,400,400,1.56
c_2573,m_1279,435898,app_498,started,400,400,1.56
c_2574,m_2583,0,app_6597,started,800,800,3.13
c_2574,m_2583,11685,app_6597,started,800,800,3.13
c_2574,m_2583,106936,app_6597,started,800,800,3.13
c_2574,m_2583,158051,app_6597,started,800,800,3.13
c_2574,m_2583,176238,app_6597,started,800,800,3.13
c_2574,m_2583,209399,app_6597,started,800,800,3.13
c_2574,m_2583,248597,app_6597,started,800,800,3.13
c_2574,m_2583,337222,app_6597,started,800,800,3.13
c_2575,m_1170,0,app_9204,started,400,400,1.56
c_2575,m_1170,285651,app_9204,started,400,400,1.56
c_2575,m_1170,380882,app_9204,started,400,400,1.56
c_2576,m_2938,0,app_141,started,800,800,3.13
c_2576,m_2938,26941,app_141,started,800,800,3.13
c_2576,m_2938,121907,app_141,started,800,800,3.13
c_2576,m_2938,275363,app_141,started,800,800,3.13
c_2576,m_2938,340700,app_141,started,800,800,3.13
c_2577,m_3251,0,app_403,started,400,400,1.56
c_2577,m_3251,34242,app_403,started,400,400,1.56
c_2577,m_3251,161052,app_403,started,400,400,1.56
c_2577,m_3251,281814,app_403,started,400,400,1.56
c_2577,m_3251,447818,app_403,started,400,400,1.56
c_2578,m_443,0,app_5428,started,400,400,3.13
c_2578,m_443,24538,app_5428,started,400,400,3.13
c_2578,m_443,120484,app_5428,started,400,400,3.13
c_2578,m_443,271760,app_5428,started,400,400,3.13
c_2578,m_443,398551,app_5428,started,400,400,3.13
c_2579,m_828,0,app_2351,started,400,480,1.56
c_2579,m_828,31871,app_2351,started,400,480,1.56
c_2579,m_828,127150,app_2351,started,400,480,1.56
c_2579,m_828,280855,app_2351,started,400,480,1.56
c_2580,m_3791,0,app_3979,started,800,800,3.13
c_2580,m_3791,29926,app_3979,started,800,800,3.13
c_2580,m_3791,125112,app_3979,started,800,800,3.13
c_2580,m_3791,162895,app_3979,started,800,800,3.13
c_2580,m_3791,245212,app_3979,started,800,800,3.13
c_2581,m_2218,0,app_3595,started,400,400,2.34
c_2581,m_2218,9435,app_3595,started,400,400,2.34
c_2581,m_2218,103829,app_3595,started,400,400,2.34
c_2581,m_2218,172777,app_3595,started,400,400,2.34
c_2581,m_2218,206357,app_3595,started,400,400,2.34
c_2581,m_2218,257158,app_3595,started,400,400,2.34
c_2581,m_2218,347449,app_3595,started,400,400,2.34
c_2581,m_2218,635151,app_3595,started,400,400,2.34
c_2582,m_3924,0,app_9654,started,400,400,1.56
c_2582,m_3924,34498,app_9654,started,400,400,1.56
c_2582,m_3924,146522,app_9654,started,400,400,1.56
c_2582,m_3924,282094,app_9654,started,400,400,1.56
c_2582,m_3924,448311,app_9654,started,400,400,1.56
c_2583,m_367,0,app_5191,started,400,400,1.56
c_2583,m_367,8408,app_5191,started,400,400,1.56
c_2583,m_367,103449,app_5191,started,400,400,1.56
c_2583,m_367,172831,app_5191,started,400,400,1.56
c_2583,m_367,206006,app_5191,started,400,400,1.56
c_2583,m_367,255358,app_5191,started,400,400,1.56
c_2583,m_367,341052,app_5191,started,400,400,1.56
c_2584,m_442,0,app_4133,started,400,400,1.56
c_2584,m_442,35267,app_4133,started,400,400,1.56
c_2584,m_442,282902,app_4133,started,400,400,1.56
c_2584,m_442,449211,app_4133,started,400,400,1.56
c_2585,m_1218,0,app_6575,started,400,400,1.56
c_2585,m_1218,284215,app_6575,started,400,400,1.56
c_2585,m_1218,450509,app_6575,started,400,400,1.56
c_2586,m_2624,0,app_166,started,400,400,1.56
c_2586,m_2624,14591,app_166,started,400,400,1.56
c_2586,m_2624,109954,app_166,started,400,400,1.56
c_2586,m_2624,261738,app_166,started,400,400,1.56
c_2586,m_2624,385697,app_166,started,400,400,1.56
c_2587,m_252,229539,app_8908,started,800,800,6.25
c_2587,m_252,276920,app_8908,started,800,800,6.25
c_2587,m_252,439982,app_8908,started,800,800,6.25
c_2588,m_3024,0,app_4526,started,400,400,1.56
c_2588,m_3024,285096,app_4526,started,400,400,1.56
c_2588,m_3024,340545,app_4526,started,400,400,1.56
c_2589,m_821,667394,app_3105,started,400,400,1.56
c_2590,m_78,0,app_2660,started,800,960,3.13
c_2590,m_78,23146,app_2660,started,800,960,3.13
c_2590,m_78,117966,app_2660,started,800,960,3.13
c_2590,m_78,271370,app_2660,started,800,960,3.13
c_2591,m_2038,0,app_1244,started,800,800,3.13
c_2591,m_2038,27366,app_1244,started,800,800,3.13
c_2591,m_2038,122365,app_1244,started,800,800,3.13
c_2591,m_2038,275801,app_1244,started,800,800,3.13
c_2591,m_2038,370547,app_1244,started,800,800,3.13
c_2592,m_2109,605287,app_263,started,800,800,3.13
c_2593,m_1828,0,app_7419,started,400,400,1.56
c_2593,m_1828,287594,app_7419,started,400,400,1.56
c_2593,m_1828,382938,app_7419,started,400,400,1.56
c_2594,m_173,0,app_7908,started,400,400,1.56
c_2594,m_173,34909,app_7908,started,400,400,1.56
c_2594,m_173,282514,app_7908,started,400,400,1.56
c_2594,m_173,409378,app_7908,started,400,400,1.56
c_2595,m_3871,0,app_559,started,400,400,1.56
c_2595,m_3871,32342,app_559,started,400,400,1.56
c_2595,m_3871,127655,app_559,started,400,400,1.56
c_2595,m_3871,245282,app_559,started,400,400,1.56
c_2595,m_3871,376339,app_559,started,400,400,1.56
c_2596,m_3647,382884,app_6140,started,400,400,1.56
c_2597,m_2397,0,app_5993,started,400,400,1.56
c_2597,m_2397,20587,app_5993,started,400,400,1.56
c_2597,m_2397,115995,app_5993,started,400,400,1.56
c_2597,m_2397,269387,app_5993,started,400,400,1.56
c_2597,m_2397,363390,app_5993,started,400,400,1.56
c_2598,m_568,0,app_7260,started,400,400,1.56
c_2598,m_568,225043,app_7260,started,400,400,1.56
c_2598,m_568,228196,app_7260,started,400,400,1.56
c_2599,m_139,0,app_4265,started,400,400,1.56
c_2599,m_139,34892,app_4265,started,400,400,1.56
c_2599,m_139,282497,app_4265,started,400,400,1.56
c_2599,m_139,339077,app_4265,started,400,400,1.56
c_2600,m_745,0,app_2140,started,400,400,3.13
c_2600,m_745,9383,app_2140,started,400,400,3.13
c_2600,m_745,103772,app_2140,started,400,400,3.13
c_2600,m_745,172728,app_2140,started,400,400,3.13
c_2600,m_745,206308,app_2140,started,400,400,3.13
c_2600,m_745,220931,app_2140,started,400,400,3.13
c_2600,m_745,257104,app_2140,started,400,400,3.13
c_2600,m_745,347382,app_2140,started,400,400,3.13
c_2600,m_745,635082,app_2140,started,400,400,3.13
c_2601,m_2929,0,app_5932,stopped,800,800,3.13
c_2601,m_2929,11292,app_5932,stopped,800,800,3.13
c_2601,m_2929,105771,app_5932,stopped,800,800,3.13
c_2601,m_2929,174658,app_5932,stopped,800,800,3.13
c_2601,m_2929,208200,app_5932,stopped,800,800,3.13
c_2601,m_2929,259124,app_5932,stopped,800,800,3.13
c_2601,m_2929,349449,app_5932,stopped,800,800,3.13
c_2602,m_1413,0,app_5029,started,800,800,3.13
c_2602,m_1413,11296,app_5029,started,800,800,3.13
c_2602,m_1413,106522,app_5029,started,800,800,3.13
c_2602,m_1413,175839,app_5029,started,800,800,3.13
c_2602,m_1413,209008,app_5029,started,800,800,3.13
c_2602,m_1413,258313,app_5029,started,800,800,3.13
c_2602,m_1413,381626,app_5029,started,800,800,3.13
c_2603,m_366,0,app_559,started,400,400,1.56
c_2603,m_366,16282,app_559,started,400,400,1.56
c_2603,m_366,110793,app_559,started,400,400,1.56
c_2603,m_366,264140,app_559,started,400,400,1.56
c_2603,m_366,315657,app_559,started,400,400,1.56
c_2603,m_366,448371,app_559,started,400,400,1.56
c_2603,m_366,557634,app_559,started,400,400,1.56
c_2604,m_1296,0,app_3641,started,400,400,1.56
c_2604,m_1296,245193,app_3641,started,400,400,1.56
c_2604,m_1296,383181,app_3641,started,400,400,1.56
c_2605,m_2501,0,app_8984,started,800,960,3.13
c_2605,m_2501,284247,app_8984,started,800,960,3.13
c_2606,m_1343,0,app_8274,started,800,800,3.13
c_2606,m_1343,34277,app_8274,started,800,800,3.13
c_2606,m_1343,129683,app_8274,started,800,800,3.13
c_2606,m_1343,283373,app_8274,started,800,800,3.13
c_2606,m_1343,378488,app_8274,started,800,800,3.13
c_2607,m_3618,0,app_3172,started,400,400,3.13
c_2607,m_3618,284893,app_3172,started,400,400,3.13
c_2607,m_3618,451336,app_3172,started,400,400,3.13
c_2608,m_210,0,app_133,started,800,800,3.13
c_2608,m_210,27027,app_133,started,800,800,3.13
c_2608,m_210,123174,app_133,started,800,800,3.13
c_2608,m_210,245208,app_133,started,800,800,3.13
c_2608,m_210,342205,app_133,started,800,800,3.13
c_2609,m_3944,0,app_8880,started,400,400,1.56
c_2609,m_3944,32856,app_8880,started,400,400,1.56
c_2609,m_3944,49303,app_8880,started,400,400,1.56
c_2609,m_3944,129472,app_8880,started,400,400,1.56
c_2609,m_3944,280381,app_8880,started,400,400,1.56
c_2609,m_3944,445660,app_8880,started,400,400,1.56
c_2610,m_3485,0,app_1797,started,800,800,3.13
c_2610,m_3485,125893,app_1797,started,800,800,3.13
c_2610,m_3485,129519,app_1797,started,800,800,3.13
c_2610,m_3485,130202,app_1797,started,800,800,3.13
c_2610,m_3485,162836,app_1797,started,800,800,3.13
c_2610,m_3485,286355,app_1797,started,800,800,3.13
c_2610,m_3485,381647,app_1797,started,800,800,3.13
c_2611,m_875,0,app_7264,started,800,800,3.13
c_2611,m_875,15718,app_7264,started,800,800,3.13
c_2611,m_875,110221,app_7264,started,800,800,3.13
c_2611,m_875,263599,app_7264,started,800,800,3.13
c_2611,m_875,355067,app_7264,started,800,800,3.13
c_2612,m_588,0,app_5825,started,400,400,1.56
c_2612,m_588,26276,app_5825,started,400,400,1.56
c_2612,m_588,121201,app_5825,started,400,400,1.56
c_2612,m_588,274660,app_5825,started,400,400,1.56
c_2612,m_588,369316,app_5825,started,400,400,1.56
c_2613,m_2106,0,app_302,started,800,800,3.13
c_2613,m_2106,7088,app_302,started,800,800,3.13
c_2613,m_2106,22519,app_302,started,800,800,3.13
c_2613,m_2106,34991,app_302,started,800,800,3.13
c_2614,m_2260,0,app_8727,started,800,800,3.13
c_2614,m_2260,125881,app_8727,started,800,800,3.13
c_2614,m_2260,130179,app_8727,started,800,800,3.13
c_2614,m_2260,162845,app_8727,started,800,800,3.13
c_2614,m_2260,286233,app_8727,started,800,800,3.13
c_2614,m_2260,381505,app_8727,started,800,800,3.13
c_2615,m_3050,0,app_3632,started,400,400,1.56
c_2615,m_3050,34346,app_3632,started,400,400,1.56
c_2615,m_3050,281924,app_3632,started,400,400,1.56
c_2615,m_3050,408657,app_3632,started,400,400,1.56
c_2616,m_3631,0,app_1714,started,400,400,1.56
c_2616,m_3631,26249,app_1714,started,400,400,1.56
c_2616,m_3631,121172,app_1714,started,400,400,1.56
c_2616,m_3631,257767,app_1714,started,400,400,1.56
c_2616,m_3631,369283,app_1714,started,400,400,1.56
c_2617,m_853,0,app_1498,started,400,400,1.56
c_2617,m_853,25275,app_1498,started,400,400,1.56
c_2617,m_853,120165,app_1498,started,400,400,1.56
c_2617,m_853,273555,app_1498,started,400,400,1.56
c_2617,m_853,368123,app_1498,started,400,400,1.56
c_2618,m_2268,0,app_7475,started,400,400,1.56
c_2618,m_2268,11122,app_7475,started,400,400,1.56
c_2618,m_2268,105595,app_7475,started,400,400,1.56
c_2618,m_2268,125839,app_7475,started,400,400,1.56
c_2618,m_2268,129526,app_7475,started,400,400,1.56
c_2618,m_2268,130195,app_7475,started,400,400,1.56
c_2618,m_2268,163121,app_7475,started,400,400,1.56
c_2618,m_2268,174491,app_7475,started,400,400,1.56
c_2618,m_2268,208032,app_7475,started,400,400,1.56
c_2618,m_2268,258949,app_7475,started,400,400,1.56
c_2618,m_2268,347344,app_7475,started,400,400,1.56
c_2618,m_2268,637343,app_7475,started,400,400,1.56
c_2619,m_2098,0,app_8798,started,400,400,1.56
c_2619,m_2098,21496,app_8798,started,400,400,1.56
c_2619,m_2098,116407,app_8798,started,400,400,1.56
c_2619,m_2098,269809,app_8798,started,400,400,1.56
c_2619,m_2098,363846,app_8798,started,400,400,1.56
c_2620,m_3924,0,app_2088,started,400,400,1.56
c_2620,m_3924,34498,app_2088,started,400,400,1.56
c_2620,m_3924,146523,app_2088,started,400,400,1.56
c_2620,m_3924,282094,app_2088,started,400,400,1.56
c_2620,m_3924,448311,app_2088,started,400,400,1.56
c_2621,m_2489,0,app_2413,started,400,400,1.56
c_2621,m_2489,15497,app_2413,started,400,400,1.56
c_2621,m_2489,109998,app_2413,started,400,400,1.56
c_2621,m_2489,263375,app_2413,started,400,400,1.56
c_2621,m_2489,354834,app_2413,started,400,400,1.56
c_2621,m_2489,556569,app_2413,started,400,400,1.56
c_2622,m_1775,0,app_8281,started,400,400,1.56
c_2622,m_1775,16139,app_8281,started,400,400,1.56
c_2622,m_1775,111556,app_8281,started,400,400,1.56
c_2622,m_1775,263240,app_8281,started,400,400,1.56
c_2622,m_1775,386508,app_8281,started,400,400,1.56
c_2623,m_3128,0,app_5719,started,800,800,3.13
c_2623,m_3128,15674,app_5719,started,800,800,3.13
c_2623,m_3128,110176,app_5719,started,800,800,3.13
c_2623,m_3128,263553,app_5719,started,800,800,3.13
c_2623,m_3128,355021,app_5719,started,800,800,3.13
c_2624,m_3996,0,app_8682,started,800,800,3.13
c_2624,m_3996,13518,app_8682,started,800,800,3.13
c_2624,m_3996,108842,app_8682,started,800,800,3.13
c_2624,m_3996,260649,app_8682,started,800,800,3.13
c_2624,m_3996,345049,app_8682,started,800,800,3.13
c_2625,m_1728,0,app_9373,started,400,400,1.56
c_2625,m_1728,17799,app_9373,started,400,400,1.56
c_2625,m_1728,113320,app_9373,started,400,400,1.56
c_2625,m_1728,264928,app_9373,started,400,400,1.56
c_2625,m_1728,388546,app_9373,started,400,400,1.56
c_2626,m_2988,0,app_6658,started,800,800,3.13
c_2626,m_2988,283825,app_6658,started,800,800,3.13
c_2626,m_2988,411067,app_6658,started,800,800,3.13
c_2627,m_1990,0,app_6314,started,400,400,1.56
c_2627,m_1990,62033,app_6314,started,400,400,1.56
c_2627,m_1990,285316,app_6314,started,400,400,1.56
c_2627,m_1990,451791,app_6314,started,400,400,1.56
c_2628,m_2034,0,app_8160,started,800,800,1.56
c_2628,m_2034,289382,app_8160,started,800,800,1.56
c_2628,m_2034,384909,app_8160,started,800,800,1.56
c_2629,m_2540,0,app_9269,started,400,400,1.56
c_2629,m_2540,30723,app_9269,started,400,400,1.56
c_2630,m_3346,555794,app_1818,started,800,800,3.13
c_2631,m_3140,0,app_3422,started,400,400,1.56
c_2631,m_3140,8094,app_3422,started,400,400,1.56
c_2631,m_3140,103118,app_3422,started,400,400,1.56
c_2631,m_3140,172510,app_3422,started,400,400,1.56
c_2631,m_3140,205680,app_3422,started,400,400,1.56
c_2631,m_3140,218713,app_3422,started,400,400,1.56
c_2631,m_3140,255039,app_3422,started,400,400,1.56
c_2631,m_3140,377222,app_3422,started,400,400,1.56
c_2631,m_3140,635936,app_3422,started,400,400,1.56
c_2632,m_421,0,app_3725,started,400,400,1.56
c_2632,m_421,283994,app_3725,started,400,400,1.56
c_2632,m_421,411300,app_3725,started,400,400,1.56
c_2632,m_421,579868,app_3725,started,400,400,1.56
c_2633,m_3185,0,app_1658,started,400,400,1.56
c_2633,m_3185,9502,app_1658,started,400,400,1.56
c_2633,m_3185,104599,app_1658,started,400,400,1.56
c_2633,m_3185,173991,app_1658,started,400,400,1.56
c_2633,m_3185,207124,app_1658,started,400,400,1.56
c_2633,m_3185,256476,app_1658,started,400,400,1.56
c_2633,m_3185,416444,app_1658,started,400,400,1.56
c_2634,m_1738,0,app_5445,started,400,400,1.56
c_2634,m_1738,286862,app_5445,started,400,400,1.56
c_2634,m_1738,382152,app_5445,started,400,400,1.56
c_2635,m_3265,0,app_3138,stopped,400,400,1.56
c_2635,m_3265,290400,app_3138,stopped,400,400,1.56
c_2635,m_3265,386012,app_3138,stopped,400,400,1.56
c_2636,m_3827,0,app_1596,started,400,400,1.56
c_2636,m_3827,28066,app_1596,started,400,400,1.56
c_2636,m_3827,124290,app_1596,started,400,400,1.56
c_2636,m_3827,275406,app_1596,started,400,400,1.56
c_2636,m_3827,402688,app_1596,started,400,400,1.56
c_2637,m_3139,0,app_3073,started,400,400,1.56
c_2637,m_3139,12818,app_3073,started,400,400,1.56
c_2637,m_3139,107297,app_3073,started,400,400,1.56
c_2637,m_3139,176079,app_3073,started,400,400,1.56
c_2637,m_3139,209692,app_3073,started,400,400,1.56
c_2637,m_3139,260747,app_3073,started,400,400,1.56
c_2637,m_3139,341793,app_3073,started,400,400,1.56
c_2637,m_3139,640205,app_3073,started,400,400,1.56
c_2638,m_939,0,app_3707,started,800,800,3.13
c_2638,m_939,290477,app_3707,started,800,800,3.13
c_2638,m_939,338297,app_3707,started,800,800,3.13
c_2639,m_2304,0,app_3172,started,400,400,3.13
c_2639,m_2304,31462,app_3172,started,400,400,3.13
c_2639,m_2304,126729,app_3172,started,400,400,3.13
c_2639,m_2304,280439,app_3172,started,400,400,3.13
c_2639,m_2304,375420,app_3172,started,400,400,3.13
c_2640,m_1234,0,app_7079,started,800,800,3.13
c_2640,m_1234,14326,app_7079,started,800,800,3.13
c_2640,m_1234,109685,app_7079,started,800,800,3.13
c_2640,m_1234,158041,app_7079,started,800,800,3.13
c_2640,m_1234,261462,app_7079,started,800,800,3.13
c_2640,m_1234,336919,app_7079,started,800,800,3.13
c_2641,m_3366,0,app_4733,started,400,480,1.56
c_2641,m_3366,25427,app_4733,started,400,480,1.56
c_2641,m_3366,120323,app_4733,started,400,480,1.56
c_2641,m_3366,273717,app_4733,started,400,480,1.56
c_2642,m_2608,0,app_3275,started,1600,1600,11.72
c_2642,m_2608,29675,app_3275,started,1600,1600,11.72
c_2642,m_2608,126028,app_3275,started,1600,1600,11.72
c_2642,m_2608,277106,app_3275,started,1600,1600,11.72
c_2642,m_2608,405007,app_3275,started,1600,1600,11.72
c_2643,m_813,0,app_2327,started,400,400,1.56
c_2643,m_813,28055,app_2327,started,400,400,1.56
c_2643,m_813,53469,app_2327,started,400,400,1.56
c_2643,m_813,123103,app_2327,started,400,400,1.56
c_2643,m_813,161054,app_2327,started,400,400,1.56
c_2643,m_813,212295,app_2327,started,400,400,1.56
c_2643,m_813,212613,app_2327,started,400,400,1.56
c_2643,m_813,259424,app_2327,started,400,400,1.56
c_2643,m_813,371327,app_2327,started,400,400,1.56
c_2644,m_1447,0,app_5995,started,400,480,1.56
c_2644,m_1447,28943,app_5995,started,400,480,1.56
c_2644,m_1447,125223,app_5995,started,400,480,1.56
c_2644,m_1447,276282,app_5995,started,400,480,1.56
c_2645,m_968,0,app_2754,started,400,400,1.56
c_2645,m_968,285065,app_2754,started,400,400,1.56
c_2645,m_968,412702,app_2754,started,400,400,1.56
c_2646,m_1984,0,app_2856,started,800,800,3.13
c_2646,m_1984,284937,app_2856,started,800,800,3.13
c_2646,m_1984,380143,app_2856,started,800,800,3.13
c_2647,m_2740,0,app_8258,started,400,480,1.56
c_2647,m_2740,22565,app_8258,started,400,480,1.56
c_2647,m_2740,117729,app_8258,started,400,480,1.56
c_2647,m_2740,269772,app_8258,started,400,480,1.56
c_2648,m_3630,694284,app_5884,started,400,400,1.56
c_2649,m_2398,0,app_141,started,800,800,3.13
c_2649,m_2398,13414,app_141,started,800,800,3.13
c_2649,m_2398,108730,app_141,started,800,800,3.13
c_2649,m_2398,260546,app_141,started,800,800,3.13
c_2649,m_2398,347373,app_141,started,800,800,3.13
c_2650,m_2256,0,app_6876,started,400,400,1.56
c_2650,m_2256,21248,app_6876,started,400,400,1.56
c_2650,m_2256,116310,app_6876,started,400,400,1.56
c_2650,m_2256,221821,app_6876,started,400,400,1.56
c_2650,m_2256,269700,app_6876,started,400,400,1.56
c_2650,m_2256,363729,app_6876,started,400,400,1.56
c_2651,m_2574,0,app_5111,started,400,400,1.56
c_2651,m_2574,284642,app_5111,started,400,400,1.56
c_2651,m_2574,451208,app_5111,started,400,400,1.56
c_2652,m_2721,0,app_4462,started,400,400,3.13
c_2652,m_2721,288095,app_4462,started,400,400,3.13
c_2652,m_2721,383486,app_4462,started,400,400,3.13
c_2653,m_453,0,app_1765,started,400,400,1.56
c_2653,m_453,33219,app_1765,started,400,400,1.56
c_2653,m_453,129858,app_1765,started,400,400,1.56
c_2653,m_453,280737,app_1765,started,400,400,1.56
c_2653,m_453,446040,app_1765,started,400,400,1.56
c_2654,m_841,0,app_7722,started,400,400,1.56
c_2654,m_841,290302,app_7722,started,400,400,1.56
c_2654,m_841,385889,app_7722,started,400,400,1.56
c_2655,m_2077,0,app_5652,started,400,400,1.56
c_2655,m_2077,285281,app_5652,started,400,400,1.56
c_2655,m_2077,380486,app_5652,started,400,400,1.56
c_2656,m_1134,0,app_4319,started,400,400,1.56
c_2656,m_1134,16348,app_4319,started,400,400,1.56
c_2656,m_1134,110867,app_4319,started,400,400,1.56
c_2656,m_1134,245315,app_4319,started,400,400,1.56
c_2656,m_1134,355668,app_4319,started,400,400,1.56
c_2656,m_1134,385398,app_4319,started,400,400,1.56
c_2657,m_1003,0,app_6406,started,400,400,1.56
c_2657,m_1003,28786,app_6406,started,400,400,1.56
c_2657,m_1003,125060,app_6406,started,400,400,1.56
c_2657,m_1003,276128,app_6406,started,400,400,1.56
c_2657,m_1003,403904,app_6406,started,400,400,1.56
c_2658,m_1754,0,app_2413,started,400,400,1.56
c_2658,m_1754,8926,app_2413,started,400,400,1.56
c_2658,m_1754,70691,app_2413,started,400,400,1.56
c_2658,m_1754,79102,app_2413,started,400,400,1.56
c_2658,m_1754,81418,app_2413,started,400,400,1.56
c_2658,m_1754,92164,app_2413,started,400,400,1.56
c_2658,m_1754,103996,app_2413,started,400,400,1.56
c_2658,m_1754,173411,app_2413,started,400,400,1.56
c_2658,m_1754,206539,app_2413,started,400,400,1.56
c_2658,m_1754,255911,app_2413,started,400,400,1.56
c_2658,m_1754,415573,app_2413,started,400,400,1.56
c_2658,m_1754,637511,app_2413,started,400,400,1.56
c_2659,m_301,0,app_4077,started,400,400,1.56
c_2659,m_301,17601,app_4077,started,400,400,1.56
c_2659,m_301,113102,app_4077,started,400,400,1.56
c_2659,m_301,221447,app_4077,started,400,400,1.56
c_2659,m_301,264711,app_4077,started,400,400,1.56
c_2659,m_301,426181,app_4077,started,400,400,1.56
c_2660,m_1294,0,app_260,started,400,400,1.56
c_2660,m_1294,12625,app_260,started,400,400,1.56
c_2660,m_1294,107100,app_260,started,400,400,1.56
c_2660,m_1294,175891,app_260,started,400,400,1.56
c_2660,m_1294,209507,app_260,started,400,400,1.56
c_2660,m_1294,260544,app_260,started,400,400,1.56
c_2660,m_1294,350925,app_260,started,400,400,1.56
c_2661,m_1613,0,app_5529,started,400,480,1.56
c_2661,m_1613,22795,app_5529,started,400,480,1.56
c_2661,m_1613,117611,app_5529,started,400,480,1.56
c_2661,m_1613,271015,app_5529,started,400,480,1.56
c_2662,m_2952,0,app_1596,started,400,400,1.56
c_2662,m_2952,9861,app_1596,started,400,400,1.56
c_2662,m_2952,104987,app_1596,started,400,400,1.56
c_2662,m_2952,174371,app_1596,started,400,400,1.56
c_2662,m_2952,207501,app_1596,started,400,400,1.56
c_2662,m_2952,256865,app_1596,started,400,400,1.56
c_2662,m_2952,340757,app_1596,started,400,400,1.56
c_2662,m_2952,594931,app_1596,started,400,400,1.56
c_2663,m_3037,0,app_1003,started,400,400,1.56
c_2663,m_3037,289367,app_1003,started,400,400,1.56
c_2663,m_3037,384890,app_1003,started,400,400,1.56
c_2664,m_1369,0,app_704,started,400,400,1.56
c_2664,m_1369,13308,app_704,started,400,400,1.56
c_2664,m_1369,107805,app_704,started,400,400,1.56
c_2664,m_1369,176533,app_704,started,400,400,1.56
c_2664,m_1369,210143,app_704,started,400,400,1.56
c_2664,m_1369,261224,app_704,started,400,400,1.56
c_2664,m_1369,324076,app_704,started,400,400,1.56
c_2665,m_2379,0,app_1237,started,400,480,1.56
c_2665,m_2379,24894,app_1237,started,400,480,1.56
c_2665,m_2379,120869,app_1237,started,400,480,1.56
c_2665,m_2379,272117,app_1237,started,400,480,1.56
c_2666,m_1402,0,app_7791,started,800,800,3.13
c_2666,m_1402,35021,app_7791,started,800,800,3.13
c_2666,m_1402,282645,app_7791,started,800,800,3.13
c_2667,m_1767,0,app_7105,started,800,800,3.13
c_2667,m_1767,23155,app_7105,started,800,800,3.13
c_2667,m_1767,117975,app_7105,started,800,800,3.13
c_2667,m_1767,271394,app_7105,started,800,800,3.13
c_2667,m_1767,365535,app_7105,started,800,800,3.13
c_2668,m_3481,0,app_5936,started,400,400,1.56
c_2668,m_3481,287644,app_5936,started,400,400,1.56
c_2668,m_3481,382990,app_5936,started,400,400,1.56
c_2669,m_297,578598,app_1826,started,800,800,3.13
c_2669,m_297,588704,app_1826,started,800,800,3.13
c_2669,m_297,594638,app_1826,started,800,800,3.13
c_2669,m_297,664876,app_1826,started,800,800,3.13
c_2670,m_1113,0,app_7936,started,400,400,1.56
c_2670,m_1113,34168,app_7936,started,400,400,1.56
c_2670,m_1113,281734,app_7936,started,400,400,1.56
c_2670,m_1113,338891,app_7936,started,400,400,1.56
c_2671,m_2856,0,app_5260,started,400,400,1.56
c_2671,m_2856,35390,app_5260,started,400,400,1.56
c_2671,m_2856,284571,app_5260,started,400,400,1.56
c_2671,m_2856,379727,app_5260,started,400,400,1.56
c_2672,m_1154,0,app_8675,started,400,400,1.56
c_2672,m_1154,15160,app_8675,started,400,400,1.56
c_2672,m_1154,110522,app_8675,started,400,400,1.56
c_2672,m_1154,262271,app_8675,started,400,400,1.56
c_2672,m_1154,386035,app_8675,started,400,400,1.56
c_2673,m_1952,0,app_6976,started,400,400,1.56
c_2673,m_1952,34682,app_6976,started,400,400,1.56
c_2673,m_1952,125881,app_6976,started,400,400,1.56
c_2673,m_1952,130183,app_6976,started,400,400,1.56
c_2673,m_1952,162827,app_6976,started,400,400,1.56
c_2673,m_1952,282285,app_6976,started,400,400,1.56
c_2673,m_1952,408993,app_6976,started,400,400,1.56
c_2674,m_1669,0,app_56,started,400,400,1.56
c_2674,m_1669,25439,app_56,started,400,400,1.56
c_2674,m_1669,120336,app_56,started,400,400,1.56
c_2674,m_1669,273730,app_56,started,400,400,1.56
c_2674,m_1669,368301,app_56,started,400,400,1.56
c_2675,m_2875,38182,app_9274,started,400,400,1.56
c_2675,m_2875,111740,app_9274,started,400,400,1.56
c_2675,m_2875,265053,app_9274,started,400,400,1.56
c_2675,m_2875,357539,app_9274,started,400,400,1.56
c_2676,m_2161,0,app_8189,started,400,400,1.56
c_2676,m_2161,27720,app_8189,started,400,400,1.56
c_2676,m_2161,53473,app_8189,started,400,400,1.56
c_2676,m_2161,123918,app_8189,started,400,400,1.56
c_2676,m_2161,275065,app_8189,started,400,400,1.56
c_2676,m_2161,437669,app_8189,started,400,400,1.56
c_2677,m_378,0,app_7563,started,400,400,1.56
c_2677,m_378,10234,app_7563,started,400,400,1.56
c_2677,m_378,104675,app_7563,started,400,400,1.56
c_2677,m_378,173617,app_7563,started,400,400,1.56
c_2677,m_378,207142,app_7563,started,400,400,1.56
c_2677,m_378,257992,app_7563,started,400,400,1.56
c_2677,m_378,348308,app_7563,started,400,400,1.56
c_2678,m_2140,0,app_2499,started,400,400,1.56
c_2678,m_2140,288337,app_2499,started,400,400,1.56
c_2678,m_2140,336949,app_2499,started,400,400,1.56
c_2679,m_1850,0,app_484,started,400,400,1.56
c_2679,m_1850,287853,app_484,started,400,400,1.56
c_2679,m_1850,383214,app_484,started,400,400,1.56
c_2680,m_3015,0,app_7178,started,400,480,1.56
c_2680,m_3015,7734,app_7178,started,400,480,1.56
c_2680,m_3015,102726,app_7178,started,400,480,1.56
c_2680,m_3015,172141,app_7178,started,400,480,1.56
c_2680,m_3015,205300,app_7178,started,400,480,1.56
c_2680,m_3015,254666,app_7178,started,400,480,1.56
c_2681,m_229,0,app_10,started,800,800,3.13
c_2681,m_229,8086,app_10,started,800,800,3.13
c_2681,m_229,103108,app_10,started,800,800,3.13
c_2681,m_229,172502,app_10,started,800,800,3.13
c_2681,m_229,205673,app_10,started,800,800,3.13
c_2681,m_229,255031,app_10,started,800,800,3.13
c_2681,m_229,377194,app_10,started,800,800,3.13
c_2681,m_229,635927,app_10,started,800,800,3.13
c_2682,m_2547,0,app_2264,started,400,400,1.56
c_2682,m_2547,35470,app_2264,started,400,400,1.56
c_2682,m_2547,44440,app_2264,started,400,400,1.56
c_2682,m_2547,284651,app_2264,started,400,400,1.56
c_2682,m_2547,379812,app_2264,started,400,400,1.56
c_2683,m_1323,0,app_4590,started,400,400,1.56
c_2683,m_1323,10717,app_4590,started,400,400,1.56
c_2683,m_1323,105181,app_4590,started,400,400,1.56
c_2683,m_1323,174097,app_4590,started,400,400,1.56
c_2683,m_1323,207631,app_4590,started,400,400,1.56
c_2683,m_1323,258518,app_4590,started,400,400,1.56
c_2683,m_1323,348826,app_4590,started,400,400,1.56
c_2683,m_1323,636842,app_4590,started,400,400,1.56
c_2684,m_1050,0,app_1215,started,400,400,1.56
c_2684,m_1050,283950,app_1215,started,400,400,1.56
c_2684,m_1050,411248,app_1215,started,400,400,1.56
c_2685,m_403,0,app_2480,started,400,400,1.56
c_2685,m_403,30886,app_2480,started,400,400,1.56
c_2685,m_403,127358,app_2480,started,400,400,1.56
c_2685,m_403,278368,app_2480,started,400,400,1.56
c_2685,m_403,320196,app_2480,started,400,400,1.56
c_2686,m_3542,0,app_7835,started,400,400,1.56
c_2686,m_3542,27056,app_7835,started,400,400,1.56
c_2686,m_3542,123206,app_7835,started,400,400,1.56
c_2686,m_3542,274380,app_7835,started,400,400,1.56
c_2686,m_3542,436161,app_7835,started,400,400,1.56
c_2687,m_2747,0,app_5000,started,400,480,1.56
c_2687,m_2747,7715,app_5000,started,400,480,1.56
c_2687,m_2747,102707,app_5000,started,400,480,1.56
c_2687,m_2747,172123,app_5000,started,400,480,1.56
c_2687,m_2747,205281,app_5000,started,400,480,1.56
c_2687,m_2747,254645,app_5000,started,400,480,1.56
c_2688,m_3861,0,app_6228,started,400,400,1.56
c_2688,m_3861,30052,app_6228,started,400,400,1.56
c_2688,m_3861,125237,app_6228,started,400,400,1.56
c_2688,m_3861,278672,app_6228,started,400,400,1.56
c_2688,m_3861,339078,app_6228,started,400,400,1.56
c_2689,m_5,0,app_5219,started,400,400,1.56
c_2689,m_5,29500,app_5219,started,400,400,1.56
c_2689,m_5,125847,app_5219,started,400,400,1.56
c_2689,m_5,129520,app_5219,started,400,400,1.56
c_2689,m_5,130209,app_5219,started,400,400,1.56
c_2689,m_5,276914,app_5219,started,400,400,1.56
c_2689,m_5,330670,app_5219,started,400,400,1.56
c_2689,m_5,404756,app_5219,started,400,400,1.56
c_2690,m_3509,0,app_7256,started,400,480,1.56
c_2690,m_3509,34184,app_7256,started,400,480,1.56
c_2690,m_3509,129588,app_7256,started,400,480,1.56
c_2690,m_3509,283285,app_7256,started,400,480,1.56
c_2691,m_3654,0,app_6576,started,400,400,1.56
c_2691,m_3654,289741,app_6576,started,400,400,1.56
c_2691,m_3654,385298,app_6576,started,400,400,1.56
c_2692,m_2956,0,app_7235,started,400,400,1.56
c_2692,m_2956,11850,app_7235,started,400,400,1.56
c_2692,m_2956,82507,app_7235,started,400,400,1.56
c_2692,m_2956,107110,app_7235,started,400,400,1.56
c_2692,m_2956,125904,app_7235,started,400,400,1.56
c_2692,m_2956,130163,app_7235,started,400,400,1.56
c_2692,m_2956,176416,app_7235,started,400,400,1.56
c_2692,m_2956,209572,app_7235,started,400,400,1.56
c_2692,m_2956,258876,app_7235,started,400,400,1.56
c_2692,m_2956,330692,app_7235,started,400,400,1.56
c_2692,m_2956,589083,app_7235,started,400,400,1.56
c_2693,m_1404,0,app_2965,started,400,400,1.56
c_2693,m_1404,13717,app_2965,started,400,400,1.56
c_2693,m_1404,109057,app_2965,started,400,400,1.56
c_2693,m_1404,164754,app_2965,started,400,400,1.56
c_2693,m_1404,227611,app_2965,started,400,400,1.56
c_2693,m_1404,316899,app_2965,started,400,400,1.56
c_2694,m_895,0,app_1276,started,400,400,1.56
c_2694,m_895,13825,app_1276,started,400,400,1.56
c_2694,m_895,109161,app_1276,started,400,400,1.56
c_2694,m_895,260959,app_1276,started,400,400,1.56
c_2694,m_895,384955,app_1276,started,400,400,1.56
c_2695,m_2789,0,app_7505,started,800,800,3.13
c_2695,m_2789,10995,app_7505,started,800,800,3.13
c_2695,m_2789,105468,app_7505,started,800,800,3.13
c_2695,m_2789,174372,app_7505,started,800,800,3.13
c_2695,m_2789,207912,app_7505,started,800,800,3.13
c_2695,m_2789,258821,app_7505,started,800,800,3.13
c_2695,m_2789,349141,app_7505,started,800,800,3.13
c_2696,m_979,0,app_2951,started,400,400,1.56
c_2696,m_979,9349,app_2951,started,400,400,1.56
c_2696,m_979,104423,app_2951,started,400,400,1.56
c_2696,m_979,173834,app_2951,started,400,400,1.56
c_2696,m_979,206963,app_2951,started,400,400,1.56
c_2696,m_979,256321,app_2951,started,400,400,1.56
c_2696,m_979,416193,app_2951,started,400,400,1.56
c_2697,m_2230,0,app_392,started,400,400,1.56
c_2697,m_2230,13611,app_392,started,400,400,1.56
c_2697,m_2230,108941,app_392,started,400,400,1.56
c_2697,m_2230,260751,app_392,started,400,400,1.56
c_2697,m_2230,340543,app_392,started,400,400,1.56
c_2698,m_1844,0,app_4456,started,400,400,1.56
c_2698,m_1844,35415,app_4456,started,400,400,1.56
c_2698,m_1844,284595,app_4456,started,400,400,1.56
c_2698,m_1844,379751,app_4456,started,400,400,1.56
c_2698,m_1844,444468,app_4456,started,400,400,1.56
c_2699,m_1888,37909,app_4318,started,400,400,1.56
c_2699,m_1888,127513,app_4318,started,400,400,1.56
c_2699,m_1888,281195,app_4318,started,400,400,1.56
c_2699,m_1888,376178,app_4318,started,400,400,1.56
c_2700,m_590,0,app_6610,started,400,480,1.56
c_2700,m_590,23379,app_6610,started,400,480,1.56
c_2700,m_590,118210,app_6610,started,400,480,1.56
c_2700,m_590,271624,app_6610,started,400,480,1.56
c_2701,m_3461,0,app_1552,started,400,400,1.56
c_2701,m_3461,32319,app_1552,started,400,400,1.56
c_2701,m_3461,127629,app_1552,started,400,400,1.56
c_2701,m_3461,281304,app_1552,started,400,400,1.56
c_2701,m_3461,376304,app_1552,started,400,400,1.56
c_2702,m_40,0,app_9371,started,400,400,1.56
c_2702,m_40,70859,app_9371,started,400,400,1.56
c_2702,m_40,290690,app_9371,started,400,400,1.56
c_2702,m_40,386294,app_9371,started,400,400,1.56
c_2703,m_533,0,app_9763,started,400,480,1.56
c_2703,m_533,290784,app_9763,started,400,480,1.56
c_2704,m_758,0,app_2683,started,400,400,1.56
c_2704,m_758,13494,app_2683,started,400,400,1.56
c_2704,m_758,108817,app_2683,started,400,400,1.56
c_2704,m_758,260626,app_2683,started,400,400,1.56
c_2704,m_758,345439,app_2683,started,400,400,1.56
c_2705,m_3596,0,app_6257,started,400,400,3.13
c_2705,m_3596,32896,app_6257,started,400,400,3.13
c_2705,m_3596,128242,app_6257,started,400,400,3.13
c_2705,m_3596,281922,app_6257,started,400,400,3.13
c_2705,m_3596,376986,app_6257,started,400,400,3.13
c_2706,m_3220,0,app_1886,started,400,400,1.56
c_2706,m_3220,285999,app_1886,started,400,400,1.56
c_2706,m_3220,381273,app_1886,started,400,400,1.56
c_2707,m_2784,0,app_6601,started,400,400,1.56
c_2707,m_2784,19448,app_6601,started,400,400,1.56
c_2707,m_2784,115085,app_6601,started,400,400,1.56
c_2707,m_2784,126846,app_6601,started,400,400,1.56
c_2707,m_2784,266639,app_6601,started,400,400,1.56
c_2707,m_2784,428440,app_6601,started,400,400,1.56
c_2707,m_2784,678042,app_6601,started,400,400,1.56
c_2708,m_968,0,app_512,started,400,400,1.56
c_2708,m_968,285066,app_512,started,400,400,1.56
c_2708,m_968,412702,app_512,started,400,400,1.56
c_2709,m_745,0,app_5018,started,400,400,1.56
c_2709,m_745,9383,app_5018,started,400,400,1.56
c_2709,m_745,103772,app_5018,started,400,400,1.56
c_2709,m_745,172728,app_5018,started,400,400,1.56
c_2709,m_745,206308,app_5018,started,400,400,1.56
c_2709,m_745,220931,app_5018,started,400,400,1.56
c_2709,m_745,257104,app_5018,started,400,400,1.56
c_2709,m_745,347382,app_5018,started,400,400,1.56
c_2710,m_2160,0,app_3499,stopped,1600,1600,6.25
c_2710,m_2160,286574,app_3499,stopped,1600,1600,6.25
c_2710,m_2160,381869,app_3499,stopped,1600,1600,6.25
c_2711,m_3481,0,app_4038,started,800,800,2.34
c_2711,m_3481,287644,app_4038,started,800,800,2.34
c_2711,m_3481,382991,app_4038,started,800,800,2.34
c_2712,m_1632,0,app_9463,started,400,400,1.56
c_2712,m_1632,284172,app_9463,started,400,400,1.56
c_2712,m_1632,450438,app_9463,started,400,400,1.56
c_2712,m_1632,678049,app_9463,started,400,400,1.56
c_2713,m_927,0,app_2658,started,400,400,1.56
c_2713,m_927,34211,app_2658,started,400,400,1.56
c_2713,m_927,129616,app_2658,started,400,400,1.56
c_2713,m_927,240032,app_2658,started,400,400,1.56
c_2713,m_927,378425,app_2658,started,400,400,1.56
c_2714,m_675,0,app_4650,started,800,800,3.13
c_2714,m_675,10237,app_4650,started,800,800,3.13
c_2714,m_675,105399,app_4650,started,800,800,3.13
c_2714,m_675,174761,app_4650,started,800,800,3.13
c_2714,m_675,207895,app_4650,started,800,800,3.13
c_2714,m_675,257249,app_4650,started,800,800,3.13
c_2714,m_675,379587,app_4650,started,800,800,3.13
c_2715,m_3303,0,app_5936,started,400,400,1.56
c_2715,m_3303,13635,app_5936,started,400,400,1.56
c_2715,m_3303,108965,app_5936,started,400,400,1.56
c_2715,m_3303,260775,app_5936,started,400,400,1.56
c_2715,m_3303,384712,app_5936,started,400,400,1.56
c_2716,m_1962,0,app_7387,started,800,800,3.13
c_2716,m_1962,31269,app_7387,started,800,800,3.13
c_2716,m_1962,126527,app_7387,started,800,800,3.13
c_2716,m_1962,245171,app_7387,started,800,800,3.13
c_2716,m_1962,342184,app_7387,started,800,800,3.13
c_2717,m_724,0,app_2545,started,400,480,1.56
c_2717,m_724,285366,app_2545,started,400,480,1.56
c_2717,m_724,318692,app_2545,started,400,480,1.56
c_2718,m_3018,0,app_1093,started,400,400,1.95
c_2718,m_3018,29062,app_1093,started,400,400,1.95
c_2718,m_3018,39621,app_1093,started,400,400,1.95
c_2718,m_3018,125345,app_1093,started,400,400,1.95
c_2718,m_3018,276413,app_1093,started,400,400,1.95
c_2718,m_3018,344185,app_1093,started,400,400,1.95
c_2719,m_3338,0,app_1218,started,400,400,1.56
c_2719,m_3338,15632,app_1218,started,400,400,1.56
c_2719,m_3338,50427,app_1218,started,400,400,1.56
c_2719,m_3338,51900,app_1218,started,400,400,1.56
c_2719,m_3338,110134,app_1218,started,400,400,1.56
c_2719,m_3338,263508,app_1218,started,400,400,1.56
c_2719,m_3338,354974,app_1218,started,400,400,1.56
c_2720,m_622,0,app_9150,started,800,800,3.13
c_2720,m_622,15017,app_9150,started,800,800,3.13
c_2720,m_622,109521,app_9150,started,800,800,3.13
c_2720,m_622,262880,app_9150,started,800,800,3.13
c_2720,m_622,353944,app_9150,started,800,800,3.13
c_2720,m_622,446962,app_9150,started,800,800,3.13
c_2720,m_622,555922,app_9150,started,800,800,3.13
c_2721,m_2397,0,app_7628,started,400,400,1.56
c_2721,m_2397,20586,app_7628,started,400,400,1.56
c_2721,m_2397,115995,app_7628,started,400,400,1.56
c_2721,m_2397,269387,app_7628,started,400,400,1.56
c_2721,m_2397,363390,app_7628,started,400,400,1.56
c_2722,m_2782,0,app_4981,started,800,800,3.13
c_2722,m_2782,18291,app_4981,started,800,800,3.13
c_2722,m_2782,113854,app_4981,started,800,800,3.13
c_2722,m_2782,265420,app_4981,started,800,800,3.13
c_2722,m_2782,389233,app_4981,started,800,800,3.13
c_2722,m_2782,645675,app_4981,started,800,800,3.13
c_2723,m_790,0,app_1881,started,400,400,1.56
c_2723,m_790,14843,app_1881,started,400,400,1.56
c_2723,m_790,109350,app_1881,started,400,400,1.56
c_2723,m_790,177979,app_1881,started,400,400,1.56
c_2723,m_790,262714,app_1881,started,400,400,1.56
c_2723,m_790,353627,app_1881,started,400,400,1.56
c_2724,m_1250,0,app_3183,started,800,800,3.13
c_2724,m_1250,26754,app_3183,started,800,800,3.13
c_2724,m_1250,122885,app_3183,started,800,800,3.13
c_2724,m_1250,232388,app_3183,started,800,800,3.13
c_2724,m_1250,435634,app_3183,started,800,800,3.13
c_2724,m_1250,553286,app_3183,started,800,800,3.13
c_2725,m_2426,0,app_4817,started,400,400,1.56
c_2725,m_2426,27047,app_4817,started,400,400,1.56
c_2725,m_2426,123197,app_4817,started,400,400,1.56
c_2725,m_2426,274371,app_4817,started,400,400,1.56
c_2725,m_2426,436119,app_4817,started,400,400,1.56
c_2726,m_766,0,app_3797,started,400,400,1.56
c_2726,m_766,289780,app_3797,started,400,400,1.56
c_2726,m_766,385337,app_3797,started,400,400,1.56
c_2727,m_3037,0,app_7901,started,400,400,1.56
c_2727,m_3037,289367,app_7901,started,400,400,1.56
c_2727,m_3037,384891,app_7901,started,400,400,1.56
c_2727,m_3037,450373,app_7901,started,400,400,1.56
c_2728,m_2168,0,app_5936,started,400,400,1.56
c_2728,m_2168,27102,app_5936,started,400,400,1.56
c_2728,m_2168,122085,app_5936,started,400,400,1.56
c_2728,m_2168,275526,app_5936,started,400,400,1.56
c_2728,m_2168,347356,app_5936,started,400,400,1.56
c_2729,m_3245,0,app_4388,started,400,400,1.56
c_2729,m_3245,287933,app_4388,started,400,400,1.56
c_2729,m_3245,383303,app_4388,started,400,400,1.56
c_2730,m_2343,0,app_1070,started,400,400,1.56
c_2730,m_2343,289377,app_1070,started,400,400,1.56
c_2730,m_2343,320722,app_1070,started,400,400,1.56
c_2731,m_3783,0,app_7269,started,400,400,1.56
c_2731,m_3783,16702,app_7269,started,400,400,1.56
c_2731,m_3783,111236,app_7269,started,400,400,1.56
c_2731,m_3783,264555,app_7269,started,400,400,1.56
c_2731,m_3783,323472,app_7269,started,400,400,1.56
c_2731,m_3783,668774,app_7269,started,400,400,1.56
c_2732,m_3715,0,app_5657,started,400,400,1.56
c_2732,m_3715,12525,app_5657,started,400,400,1.56
c_2732,m_3715,107000,app_5657,started,400,400,1.56
c_2732,m_3715,158060,app_5657,started,400,400,1.56
c_2732,m_3715,175795,app_5657,started,400,400,1.56
c_2732,m_3715,209411,app_5657,started,400,400,1.56
c_2732,m_3715,260440,app_5657,started,400,400,1.56
c_2732,m_3715,322886,app_5657,started,400,400,1.56
c_2733,m_3896,0,app_2459,started,400,400,1.56
c_2733,m_3896,165611,app_2459,started,400,400,1.56
c_2733,m_3896,165926,app_2459,started,400,400,1.56
c_2733,m_3896,284136,app_2459,started,400,400,1.56
c_2733,m_3896,323286,app_2459,started,400,400,1.56
c_2734,m_3149,0,app_5729,started,400,400,1.56
c_2734,m_3149,29041,app_5729,started,400,400,1.56
c_2734,m_3149,125324,app_5729,started,400,400,1.56
c_2734,m_3149,276392,app_5729,started,400,400,1.56
c_2734,m_3149,439253,app_5729,started,400,400,1.56
c_2735,m_481,0,app_3557,started,400,400,1.56
c_2735,m_481,289274,app_3557,started,400,400,1.56
c_2735,m_481,384789,app_3557,started,400,400,1.56
c_2736,m_731,0,app_1946,started,400,400,1.56
c_2736,m_731,15026,app_1946,started,400,400,1.56
c_2736,m_731,109531,app_1946,started,400,400,1.56
c_2736,m_731,262886,app_1946,started,400,400,1.56
c_2736,m_731,336760,app_1946,started,400,400,1.56
c_2736,m_731,446967,app_1946,started,400,400,1.56
c_2736,m_731,555930,app_1946,started,400,400,1.56
c_2737,m_2455,0,app_7908,started,400,400,1.56
c_2737,m_2455,11131,app_7908,started,400,400,1.56
c_2737,m_2455,105607,app_7908,started,400,400,1.56
c_2737,m_2455,174500,app_7908,started,400,400,1.56
c_2737,m_2455,208041,app_7908,started,400,400,1.56
c_2737,m_2455,258959,app_7908,started,400,400,1.56
c_2737,m_2455,349286,app_7908,started,400,400,1.56
c_2738,m_2151,0,app_1225,started,400,400,1.56
c_2738,m_2151,12363,app_1225,started,400,400,1.56
c_2738,m_2151,107642,app_1225,started,400,400,1.56
c_2738,m_2151,176927,app_1225,started,400,400,1.56
c_2738,m_2151,210086,app_1225,started,400,400,1.56
c_2738,m_2151,259469,app_1225,started,400,400,1.56
c_2738,m_2151,338294,app_1225,started,400,400,1.56
c_2738,m_2151,419100,app_1225,started,400,400,1.56
c_2738,m_2151,642259,app_1225,started,400,400,1.56
c_2739,m_3048,0,app_4501,started,400,400,1.56
c_2739,m_3048,25343,app_4501,started,400,400,1.56
c_2739,m_3048,120236,app_4501,started,400,400,1.56
c_2739,m_3048,273630,app_4501,started,400,400,1.56
c_2739,m_3048,368196,app_4501,started,400,400,1.56
c_2740,m_708,0,app_1170,started,400,400,1.56
c_2740,m_708,9241,app_1170,started,400,400,1.56
c_2740,m_708,103623,app_1170,started,400,400,1.56
c_2740,m_708,172589,app_1170,started,400,400,1.56
c_2740,m_708,206160,app_1170,started,400,400,1.56
c_2740,m_708,256952,app_1170,started,400,400,1.56
c_2740,m_708,347232,app_1170,started,400,400,1.56
c_2741,m_3918,0,app_9111,started,400,400,1.56
c_2741,m_3918,12871,app_9111,started,400,400,1.56
c_2741,m_3918,108168,app_9111,started,400,400,1.56
c_2741,m_3918,158048,app_9111,started,400,400,1.56
c_2741,m_3918,177449,app_9111,started,400,400,1.56
c_2741,m_3918,210619,app_9111,started,400,400,1.56
c_2741,m_3918,259992,app_9111,started,400,400,1.56
c_2741,m_3918,323193,app_9111,started,400,400,1.56
c_2742,m_1436,0,app_7283,started,400,400,1.56
c_2742,m_1436,245303,app_7283,started,400,400,1.56
c_2742,m_1436,380791,app_7283,started,400,400,1.56
c_2743,m_58,0,app_512,started,400,400,1.56
c_2743,m_58,13361,app_512,started,400,400,1.56
c_2743,m_58,108675,app_512,started,400,400,1.56
c_2743,m_58,260485,app_512,started,400,400,1.56
c_2743,m_58,384267,app_512,started,400,400,1.56
c_2744,m_3061,0,app_3644,started,400,400,1.56
c_2744,m_3061,253513,app_3644,started,400,400,1.56
c_2744,m_3061,323776,app_3644,started,400,400,1.56
c_2745,m_2969,0,app_6006,started,400,400,1.56
c_2745,m_2969,27920,app_6006,started,400,400,1.56
c_2745,m_2969,122951,app_6006,started,400,400,1.56
c_2745,m_2969,227557,app_6006,started,400,400,1.56
c_2745,m_2969,371174,app_6006,started,400,400,1.56
c_2746,m_323,0,app_5174,started,400,400,1.56
c_2746,m_323,22374,app_5174,started,400,400,1.56
c_2746,m_323,117532,app_5174,started,400,400,1.56
c_2746,m_323,269572,app_5174,started,400,400,1.56
c_2746,m_323,430627,app_5174,started,400,400,1.56
c_2747,m_3525,0,app_1644,started,800,800,3.13
c_2747,m_3525,12916,app_1644,started,800,800,3.13
c_2747,m_3525,108215,app_1644,started,800,800,3.13
c_2747,m_3525,177496,app_1644,started,800,800,3.13
c_2747,m_3525,210664,app_1644,started,800,800,3.13
c_2747,m_3525,260038,app_1644,started,800,800,3.13
c_2747,m_3525,383467,app_1644,started,800,800,3.13
c_2747,m_3525,643002,app_1644,started,800,800,3.13
c_2748,m_926,0,app_2051,started,400,400,1.56
c_2748,m_926,18301,app_2051,started,400,400,1.56
c_2748,m_926,113864,app_2051,started,400,400,1.56
c_2748,m_926,265436,app_2051,started,400,400,1.56
c_2748,m_926,339690,app_2051,started,400,400,1.56
c_2749,m_21,0,app_2497,started,400,400,1.56
c_2749,m_21,34510,app_2497,started,400,400,1.56
c_2749,m_21,44440,app_2497,started,400,400,1.56
c_2749,m_21,282105,app_2497,started,400,400,1.56
c_2749,m_21,448332,app_2497,started,400,400,1.56
c_2750,m_3920,0,app_1382,started,400,480,1.56
c_2750,m_3920,30841,app_1382,started,400,480,1.56
c_2750,m_3920,127311,app_1382,started,400,480,1.56
c_2750,m_3920,278322,app_1382,started,400,480,1.56
c_2751,m_2612,0,app_5584,started,400,400,1.56
c_2751,m_2612,10898,app_5584,started,400,400,1.56
c_2751,m_2612,105367,app_5584,started,400,400,1.56
c_2751,m_2612,174272,app_5584,started,400,400,1.56
c_2751,m_2612,207809,app_5584,started,400,400,1.56
c_2751,m_2612,258704,app_5584,started,400,400,1.56
c_2751,m_2612,349009,app_5584,started,400,400,1.56
c_2752,m_944,0,app_460,started,400,400,1.56
c_2752,m_944,16636,app_460,started,400,400,1.56
c_2752,m_944,111167,app_460,started,400,400,1.56
c_2752,m_944,264491,app_460,started,400,400,1.56
c_2752,m_944,317923,app_460,started,400,400,1.56
c_2752,m_944,355989,app_460,started,400,400,1.56
c_2753,m_1020,0,app_1315,started,800,800,3.13
c_2753,m_1020,12898,app_1315,started,800,800,3.13
c_2753,m_1020,108197,app_1315,started,800,800,3.13
c_2753,m_1020,177478,app_1315,started,800,800,3.13
c_2753,m_1020,210647,app_1315,started,800,800,3.13
c_2753,m_1020,260020,app_1315,started,800,800,3.13
c_2753,m_1020,383433,app_1315,started,800,800,3.13
c_2754,m_480,578785,app_5102,started,800,800,3.13
c_2755,m_2808,0,app_6374,started,400,480,1.56
c_2755,m_2808,19672,app_6374,started,400,480,1.56
c_2755,m_2808,115327,app_6374,started,400,480,1.56
c_2755,m_2808,266882,app_6374,started,400,480,1.56
c_2756,m_3568,0,app_154,started,400,400,1.56
c_2756,m_3568,34245,app_154,started,400,400,1.56
c_2756,m_3568,129650,app_154,started,400,400,1.56
c_2756,m_3568,244343,app_154,started,400,400,1.56
c_2756,m_3568,378453,app_154,started,400,400,1.56
c_2757,m_1609,0,app_5621,started,400,400,1.56
c_2757,m_1609,8918,app_5621,started,400,400,1.56
c_2757,m_1609,103303,app_5621,started,400,400,1.56
c_2757,m_1609,172276,app_5621,started,400,400,1.56
c_2757,m_1609,205819,app_5621,started,400,400,1.56
c_2757,m_1609,256602,app_5621,started,400,400,1.56
c_2757,m_1609,346855,app_5621,started,400,400,1.56
c_2758,m_1363,0,app_5366,started,800,800,3.13
c_2758,m_1363,11212,app_5366,started,800,800,3.13
c_2758,m_1363,106433,app_5366,started,800,800,3.13
c_2758,m_1363,175747,app_5366,started,800,800,3.13
c_2758,m_1363,208921,app_5366,started,800,800,3.13
c_2758,m_1363,258231,app_5366,started,800,800,3.13
c_2758,m_1363,381553,app_5366,started,800,800,3.13
c_2759,m_1505,0,app_4265,started,400,400,1.56
c_2759,m_1505,125903,app_4265,started,400,400,1.56
c_2759,m_1505,130166,app_4265,started,400,400,1.56
c_2759,m_1505,162894,app_4265,started,400,400,1.56
c_2759,m_1505,290310,app_4265,started,400,400,1.56
c_2759,m_1505,385897,app_4265,started,400,400,1.56
c_2760,m_2966,0,app_6181,started,400,400,1.56
c_2760,m_2966,10387,app_6181,started,400,400,1.56
c_2760,m_2966,104840,app_6181,started,400,400,1.56
c_2760,m_2966,173771,app_6181,started,400,400,1.56
c_2760,m_2966,207295,app_6181,started,400,400,1.56
c_2760,m_2966,258169,app_6181,started,400,400,1.56
c_2760,m_2966,341058,app_6181,started,400,400,1.56
c_2761,m_734,0,app_6763,started,400,400,1.56
c_2761,m_734,9119,app_6763,started,400,400,1.56
c_2761,m_734,104188,app_6763,started,400,400,1.56
c_2761,m_734,173601,app_6763,started,400,400,1.56
c_2761,m_734,206733,app_6763,started,400,400,1.56
c_2761,m_734,256092,app_6763,started,400,400,1.56
c_2762,m_8,0,app_2306,started,400,400,1.56
c_2762,m_8,11615,app_2306,started,400,400,1.56
c_2762,m_8,106859,app_2306,started,400,400,1.56
c_2762,m_8,158056,app_2306,started,400,400,1.56
c_2762,m_8,162899,app_2306,started,400,400,1.56
c_2762,m_8,176164,app_2306,started,400,400,1.56
c_2762,m_8,209328,app_2306,started,400,400,1.56
c_2762,m_8,258634,app_2306,started,400,400,1.56
c_2762,m_8,382237,app_2306,started,400,400,1.56
c_2762,m_8,641261,app_2306,started,400,400,1.56
c_2763,m_871,0,app_1876,started,400,400,1.56
c_2763,m_871,20679,app_1876,started,400,400,1.56
c_2763,m_871,116083,app_1876,started,400,400,1.56
c_2763,m_871,269477,app_1876,started,400,400,1.56
c_2763,m_871,363487,app_1876,started,400,400,1.56
c_2764,m_73,162554,app_2324,started,800,800,6.25
c_2764,m_73,290024,app_2324,started,800,800,6.25
c_2764,m_73,340507,app_2324,started,800,800,6.25
c_2765,m_3697,0,app_9102,started,400,400,1.95
c_2765,m_3697,35481,app_9102,started,400,400,1.95
c_2765,m_3697,284663,app_9102,started,400,400,1.95
c_2765,m_3697,379825,app_9102,started,400,400,1.95
c_2766,m_3685,0,app_2965,started,400,400,1.56
c_2766,m_3685,287067,app_2965,started,400,400,1.56
c_2766,m_3685,382350,app_2965,started,400,400,1.56
c_2767,m_2907,0,app_2748,started,400,400,1.56
c_2767,m_2907,18270,app_2748,started,400,400,1.56
c_2767,m_2907,113831,app_2748,started,400,400,1.56
c_2767,m_2907,265398,app_2748,started,400,400,1.56
c_2767,m_2907,389208,app_2748,started,400,400,1.56
c_2768,m_2102,0,app_8208,started,400,400,1.56
c_2768,m_2102,9512,app_8208,started,400,400,1.56
c_2768,m_2102,60337,app_8208,started,400,400,1.56
c_2768,m_2102,103910,app_8208,started,400,400,1.56
c_2768,m_2102,172850,app_8208,started,400,400,1.56
c_2768,m_2102,206433,app_8208,started,400,400,1.56
c_2768,m_2102,257238,app_8208,started,400,400,1.56
c_2768,m_2102,347531,app_8208,started,400,400,1.56
c_2768,m_2102,678024,app_8208,started,400,400,1.56
c_2769,m_2086,0,app_296,started,400,400,1.56
c_2769,m_2086,19765,app_296,started,400,400,1.56
c_2769,m_2086,62650,app_296,started,400,400,1.56
c_2769,m_2086,115422,app_296,started,400,400,1.56
c_2769,m_2086,205213,app_296,started,400,400,1.56
c_2769,m_2086,205595,app_296,started,400,400,1.56
c_2769,m_2086,266980,app_296,started,400,400,1.56
c_2769,m_2086,428996,app_296,started,400,400,1.56
c_2770,m_1915,0,app_9238,started,400,400,1.56
c_2770,m_1915,18123,app_9238,started,400,400,1.56
c_2770,m_1915,50414,app_9238,started,400,400,1.56
c_2770,m_1915,113680,app_9238,started,400,400,1.56
c_2770,m_1915,171425,app_9238,started,400,400,1.56
c_2770,m_1915,265257,app_9238,started,400,400,1.56
c_2770,m_1915,426681,app_9238,started,400,400,1.56
c_2771,m_2939,0,app_8384,started,400,400,1.56
c_2771,m_2939,9417,app_8384,started,400,400,1.56
c_2771,m_2939,104498,app_8384,started,400,400,1.56
c_2771,m_2939,173904,app_8384,started,400,400,1.56
c_2771,m_2939,207034,app_8384,started,400,400,1.56
c_2771,m_2939,256390,app_8384,started,400,400,1.56
c_2771,m_2939,337820,app_8384,started,400,400,1.56
c_2771,m_2939,638149,app_8384,started,400,400,1.56
c_2772,m_2154,0,app_4619,started,800,800,3.13
c_2772,m_2154,12063,app_4619,started,800,800,3.13
c_2772,m_2154,107331,app_4619,started,800,800,3.13
c_2772,m_2154,125884,app_4619,started,800,800,3.13
c_2772,m_2154,129516,app_4619,started,800,800,3.13
c_2772,m_2154,130205,app_4619,started,800,800,3.13
c_2772,m_2154,162813,app_4619,started,800,800,3.13
c_2772,m_2154,176628,app_4619,started,800,800,3.13
c_2772,m_2154,209788,app_4619,started,800,800,3.13
c_2772,m_2154,259091,app_4619,started,800,800,3.13
c_2773,m_3897,0,app_7392,started,400,480,1.56
c_2774,m_844,0,app_7987,started,400,400,1.56
c_2774,m_844,11277,app_7987,started,400,400,1.56
c_2774,m_844,105756,app_7987,started,400,400,1.56
c_2774,m_844,174644,app_7987,started,400,400,1.56
c_2774,m_844,208184,app_7987,started,400,400,1.56
c_2774,m_844,259108,app_7987,started,400,400,1.56
c_2774,m_844,349435,app_7987,started,400,400,1.56
c_2775,m_509,0,app_3820,started,400,400,1.56
c_2775,m_509,26158,app_3820,started,400,400,1.56
c_2775,m_509,122232,app_3820,started,400,400,1.56
c_2775,m_509,273419,app_3820,started,400,400,1.56
c_2775,m_509,434445,app_3820,started,400,400,1.56
c_2776,m_166,0,app_6533,started,400,400,1.56
c_2776,m_166,285013,app_6533,started,400,400,1.56
c_2776,m_166,380219,app_6533,started,400,400,1.56
c_2777,m_1473,0,app_442,started,800,800,3.13
c_2777,m_1473,34068,app_442,started,800,800,3.13
c_2777,m_1473,281624,app_442,started,800,800,3.13
c_2777,m_1473,447456,app_442,started,800,800,3.13
c_2778,m_3978,0,app_1552,started,400,400,1.56
c_2778,m_3978,11834,app_1552,started,400,400,1.56
c_2778,m_3978,106321,app_1552,started,400,400,1.56
c_2778,m_3978,175171,app_1552,started,400,400,1.56
c_2778,m_3978,208772,app_1552,started,400,400,1.56
c_2778,m_3978,259770,app_1552,started,400,400,1.56
c_2778,m_3978,350078,app_1552,started,400,400,1.56
c_2778,m_3978,638693,app_1552,started,400,400,1.56
c_2779,m_2673,0,app_28,started,400,400,1.56
c_2780,m_41,0,app_9608,started,400,400,1.56
c_2780,m_41,34980,app_9608,started,400,400,1.56
c_2780,m_41,282601,app_9608,started,400,400,1.56
c_2780,m_41,448701,app_9608,started,400,400,1.56
c_2781,m_1656,0,app_7231,started,400,400,1.56
c_2781,m_1656,32016,app_7231,started,400,400,1.56
c_2781,m_1656,128560,app_7231,started,400,400,1.56
c_2781,m_1656,245189,app_7231,started,400,400,1.56
c_2781,m_1656,406468,app_7231,started,400,400,1.56
c_2782,m_3831,0,app_3602,started,400,480,1.56
c_2782,m_3831,15862,app_3602,started,400,480,1.56
c_2782,m_3831,111260,app_3602,started,400,480,1.56
c_2782,m_3831,262962,app_3602,started,400,480,1.56
c_2783,m_1850,0,app_789,started,400,400,1.56
c_2783,m_1850,287853,app_789,started,400,400,1.56
c_2783,m_1850,383213,app_789,started,400,400,1.56
c_2784,m_2924,0,app_2819,started,800,800,3.13
c_2784,m_2924,27106,app_2819,started,800,800,3.13
c_2784,m_2924,122090,app_2819,started,800,800,3.13
c_2784,m_2924,275531,app_2819,started,800,800,3.13
c_2784,m_2924,370249,app_2819,started,800,800,3.13
c_2785,m_3779,0,app_7037,started,400,400,1.56
c_2785,m_3779,9343,app_7037,started,400,400,1.56
c_2785,m_3779,70859,app_7037,started,400,400,1.56
c_2785,m_3779,104416,app_7037,started,400,400,1.56
c_2785,m_3779,173827,app_7037,started,400,400,1.56
c_2785,m_3779,206957,app_7037,started,400,400,1.56
c_2785,m_3779,256315,app_7037,started,400,400,1.56
c_2785,m_3779,416186,app_7037,started,400,400,1.56
c_2786,m_1139,0,app_9723,started,400,400,1.56
c_2786,m_1139,34485,app_9723,started,400,400,1.56
c_2786,m_1139,125945,app_9723,started,400,400,1.56
c_2786,m_1139,130173,app_9723,started,400,400,1.56
c_2786,m_1139,163101,app_9723,started,400,400,1.56
c_2786,m_1139,248661,app_9723,started,400,400,1.56
c_2786,m_1139,448288,app_9723,started,400,400,1.56
c_2787,m_3766,673170,app_491,started,400,400,1.56
c_2787,m_3766,673281,app_491,started,400,400,1.56
c_2787,m_3766,678070,app_491,started,400,400,1.56
c_2788,m_2666,0,app_9352,started,400,400,1.56
c_2788,m_2666,12859,app_9352,started,400,400,1.56
c_2788,m_2666,108156,app_9352,started,400,400,1.56
c_2788,m_2666,177437,app_9352,started,400,400,1.56
c_2788,m_2666,210601,app_9352,started,400,400,1.56
c_2788,m_2666,259979,app_9352,started,400,400,1.56
c_2788,m_2666,383326,app_9352,started,400,400,1.56
c_2789,m_464,0,app_1566,started,400,400,1.56
c_2789,m_464,30875,app_1566,started,400,400,1.56
c_2789,m_464,127347,app_1566,started,400,400,1.56
c_2789,m_464,229997,app_1566,started,400,400,1.56
c_2789,m_464,278357,app_1566,started,400,400,1.56
c_2789,m_464,442261,app_1566,started,400,400,1.56
c_2790,m_2542,0,app_875,started,400,400,1.56
c_2790,m_2542,10461,app_875,started,400,400,1.56
c_2790,m_2542,44613,app_875,started,400,400,1.56
c_2790,m_2542,104916,app_875,started,400,400,1.56
c_2790,m_2542,173844,app_875,started,400,400,1.56
c_2790,m_2542,207378,app_875,started,400,400,1.56
c_2790,m_2542,258250,app_875,started,400,400,1.56
c_2790,m_2542,339083,app_875,started,400,400,1.56
c_2791,m_65,0,app_5090,started,400,400,1.56
c_2791,m_65,290740,app_5090,started,400,400,1.56
c_2791,m_65,386344,app_5090,started,400,400,1.56
c_2792,m_2093,0,app_647,started,400,400,1.95
c_2792,m_2093,13563,app_647,started,400,400,1.95
c_2792,m_2093,108072,app_647,started,400,400,1.95
c_2792,m_2093,176768,app_647,started,400,400,1.95
c_2792,m_2093,210386,app_647,started,400,400,1.95
c_2792,m_2093,261473,app_647,started,400,400,1.95
c_2792,m_2093,352045,app_647,started,400,400,1.95
c_2793,m_1374,0,app_6592,started,400,400,1.56
c_2793,m_1374,19049,app_6592,started,400,400,1.56
c_2793,m_1374,114663,app_6592,started,400,400,1.56
c_2793,m_1374,266192,app_6592,started,400,400,1.56
c_2793,m_1374,427713,app_6592,started,400,400,1.56
c_2794,m_2978,0,app_5142,started,400,400,1.56
c_2794,m_2978,30231,app_5142,started,400,400,1.56
c_2794,m_2978,125415,app_5142,started,400,400,1.56
c_2794,m_2978,278853,app_5142,started,400,400,1.56
c_2794,m_2978,374009,app_5142,started,400,400,1.56
c_2795,m_2089,338310,app_2310,started,400,400,1.56
c_2796,m_399,0,app_8595,started,400,400,1.56
c_2796,m_399,29746,app_8595,started,400,400,1.56
c_2796,m_399,124924,app_8595,started,400,400,1.56
c_2796,m_399,278350,app_8595,started,400,400,1.56
c_2796,m_399,339088,app_8595,started,400,400,1.56
c_2797,m_1995,0,app_7221,started,400,400,1.56
c_2797,m_1995,14791,app_7221,started,400,400,1.56
c_2797,m_1995,109300,app_7221,started,400,400,1.56
c_2797,m_1995,177927,app_7221,started,400,400,1.56
c_2797,m_1995,262667,app_7221,started,400,400,1.56
c_2797,m_1995,353403,app_7221,started,400,400,1.56
c_2797,m_1995,446725,app_7221,started,400,400,1.56
c_2797,m_1995,642814,app_7221,started,400,400,1.56
c_2798,m_2622,0,app_3632,started,400,400,1.56
c_2798,m_2622,8943,app_3632,started,400,400,1.56
c_2798,m_2622,104013,app_3632,started,400,400,1.56
c_2798,m_2622,173428,app_3632,started,400,400,1.56
c_2798,m_2622,206554,app_3632,started,400,400,1.56
c_2798,m_2622,255926,app_3632,started,400,400,1.56
c_2798,m_2622,415612,app_3632,started,400,400,1.56
c_2799,m_2853,0,app_8174,started,800,800,3.13
c_2799,m_2853,283854,app_8174,started,800,800,3.13
c_2799,m_2853,449966,app_8174,started,800,800,3.13
c_2800,m_1389,0,app_9059,started,400,400,1.95
c_2800,m_1389,283905,app_9059,started,400,400,1.95
c_2800,m_1389,411155,app_9059,started,400,400,1.95
c_2801,m_3146,0,app_5657,started,400,400,1.56
c_2801,m_3146,13538,app_5657,started,400,400,1.56
c_2801,m_3146,108045,app_5657,started,400,400,1.56
c_2801,m_3146,176745,app_5657,started,400,400,1.56
c_2801,m_3146,210363,app_5657,started,400,400,1.56
c_2801,m_3146,261450,app_5657,started,400,400,1.56
c_2801,m_3146,352021,app_5657,started,400,400,1.56
c_2802,m_569,0,app_5470,started,800,800,3.13
c_2802,m_569,12310,app_5470,started,800,800,3.13
c_2802,m_569,106780,app_5470,started,800,800,3.13
c_2802,m_569,175591,app_5470,started,800,800,3.13
c_2802,m_569,209201,app_5470,started,800,800,3.13
c_2802,m_569,260219,app_5470,started,800,800,3.13
c_2802,m_569,347395,app_5470,started,800,800,3.13
c_2803,m_1435,0,app_2497,started,400,400,1.56
c_2803,m_1435,13594,app_2497,started,400,400,1.56
c_2803,m_1435,108104,app_2497,started,400,400,1.56
c_2803,m_1435,176799,app_2497,started,400,400,1.56
c_2803,m_1435,210415,app_2497,started,400,400,1.56
c_2803,m_1435,261504,app_2497,started,400,400,1.56
c_2803,m_1435,352077,app_2497,started,400,400,1.56
c_2804,m_3833,0,app_1059,started,1600,1600,6.25
c_2804,m_3833,72009,app_1059,started,1600,1600,6.25
c_2804,m_3833,72959,app_1059,started,1600,1600,6.25
c_2804,m_3833,129370,app_1059,started,1600,1600,6.25
c_2804,m_3833,130044,app_1059,started,1600,1600,6.25
c_2804,m_3833,142359,app_1059,started,1600,1600,6.25
c_2804,m_3833,213978,app_1059,started,1600,1600,6.25
c_2804,m_3833,248947,app_1059,started,1600,1600,6.25
c_2804,m_3833,382907,app_1059,started,1600,1600,6.25
c_2805,m_1701,0,app_997,started,400,400,1.56
c_2805,m_1701,11286,app_997,started,400,400,1.56
c_2805,m_1701,105765,app_997,started,400,400,1.56
c_2805,m_1701,174652,app_997,started,400,400,1.56
c_2805,m_1701,208193,app_997,started,400,400,1.56
c_2805,m_1701,259117,app_997,started,400,400,1.56
c_2805,m_1701,349444,app_997,started,400,400,1.56
c_2805,m_1701,637548,app_997,started,400,400,1.56
c_2806,m_1119,0,app_8341,started,400,400,1.56
c_2806,m_1119,32375,app_8341,started,400,400,1.56
c_2806,m_1119,128946,app_8341,started,400,400,1.56
c_2806,m_1119,279882,app_8341,started,400,400,1.56
c_2806,m_1119,444922,app_8341,started,400,400,1.56
c_2807,m_265,0,app_7419,started,400,400,1.56
c_2807,m_265,25066,app_7419,started,400,400,1.56
c_2807,m_265,121055,app_7419,started,400,400,1.56
c_2807,m_265,272287,app_7419,started,400,400,1.56
c_2807,m_265,399586,app_7419,started,400,400,1.56
c_2808,m_1948,0,app_6788,started,800,800,3.13
c_2808,m_1948,22751,app_6788,started,800,800,3.13
c_2808,m_1948,117565,app_6788,started,800,800,3.13
c_2808,m_1948,270971,app_6788,started,800,800,3.13
c_2808,m_1948,365080,app_6788,started,800,800,3.13
c_2809,m_59,0,app_2819,started,800,800,3.13
c_2809,m_59,13875,app_2819,started,800,800,3.13
c_2809,m_59,108409,app_2819,started,800,800,3.13
c_2809,m_59,177080,app_2819,started,800,800,3.13
c_2809,m_59,210695,app_2819,started,800,800,3.13
c_2809,m_59,261804,app_2819,started,800,800,3.13
c_2809,m_59,340701,app_2819,started,800,800,3.13
c_2810,m_452,0,app_2605,started,400,400,1.56
c_2810,m_452,290506,app_2605,started,400,400,1.56
c_2810,m_452,386121,app_2605,started,400,400,1.56
c_2811,m_3768,0,app_4319,started,400,400,1.56
c_2811,m_3768,11789,app_4319,started,400,400,1.56
c_2811,m_3768,106273,app_4319,started,400,400,1.56
c_2811,m_3768,175127,app_4319,started,400,400,1.56
c_2811,m_3768,208729,app_4319,started,400,400,1.56
c_2811,m_3768,259723,app_4319,started,400,400,1.56
c_2811,m_3768,350029,app_4319,started,400,400,1.56
c_2812,m_3299,342056,app_263,started,800,800,3.13
c_2812,m_3299,342268,app_263,started,800,800,3.13
c_2812,m_3299,637217,app_263,started,800,800,3.13
c_2813,m_1257,0,app_8087,started,400,480,1.56
c_2813,m_1257,17906,app_8087,started,400,480,1.56
c_2813,m_1257,112504,app_8087,started,400,480,1.56
c_2813,m_1257,265816,app_8087,started,400,480,1.56
c_2814,m_745,0,app_971,started,400,400,1.56
c_2814,m_745,9383,app_971,started,400,400,1.56
c_2814,m_745,103772,app_971,started,400,400,1.56
c_2814,m_745,172728,app_971,started,400,400,1.56
c_2814,m_745,206308,app_971,started,400,400,1.56
c_2814,m_745,220931,app_971,started,400,400,1.56
c_2814,m_745,257104,app_971,started,400,400,1.56
c_2814,m_745,347382,app_971,started,400,400,1.56
c_2814,m_745,635082,app_971,started,400,400,1.56
c_2815,m_200,0,app_4265,started,400,400,1.56
c_2815,m_200,32962,app_4265,started,400,400,1.56
c_2815,m_200,44440,app_4265,started,400,400,1.56
c_2815,m_200,129589,app_4265,started,400,400,1.56
c_2815,m_200,280486,app_4265,started,400,400,1.56
c_2815,m_200,445744,app_4265,started,400,400,1.56
c_2816,m_3334,0,app_8779,started,400,400,1.56
c_2816,m_3334,22281,app_8779,started,400,400,1.56
c_2816,m_3334,117435,app_8779,started,400,400,1.56
c_2816,m_3334,269467,app_8779,started,400,400,1.56
c_2816,m_3334,430475,app_8779,started,400,400,1.56
c_2817,m_3379,583902,app_2763,started,400,400,1.56
c_2817,m_3379,589123,app_2763,started,400,400,1.56
c_2817,m_3379,594813,app_2763,started,400,400,1.56
c_2818,m_3413,0,app_1658,started,400,400,1.56
c_2818,m_3413,10585,app_1658,started,400,400,1.56
c_2818,m_3413,50427,app_1658,started,400,400,1.56
c_2818,m_3413,61233,app_1658,started,400,400,1.56
c_2818,m_3413,61556,app_1658,started,400,400,1.56
c_2818,m_3413,105775,app_1658,started,400,400,1.56
c_2818,m_3413,145907,app_1658,started,400,400,1.56
c_2818,m_3413,175116,app_1658,started,400,400,1.56
c_2818,m_3413,208247,app_1658,started,400,400,1.56
c_2818,m_3413,257603,app_1658,started,400,400,1.56
c_2818,m_3413,323189,app_1658,started,400,400,1.56
c_2819,m_4009,0,app_4032,started,400,400,1.56
c_2819,m_4009,9482,app_4032,started,400,400,1.56
c_2819,m_4009,104577,app_4032,started,400,400,1.56
c_2819,m_4009,173970,app_4032,started,400,400,1.56
c_2819,m_4009,207103,app_4032,started,400,400,1.56
c_2819,m_4009,256455,app_4032,started,400,400,1.56
c_2819,m_4009,416402,app_4032,started,400,400,1.56
c_2820,m_1708,0,app_6499,started,400,400,1.56
c_2820,m_1708,23779,app_6499,started,400,400,1.56
c_2820,m_1708,119040,app_6499,started,400,400,1.56
c_2820,m_1708,210555,app_6499,started,400,400,1.56
c_2820,m_1708,271006,app_6499,started,400,400,1.56
c_2820,m_1708,431843,app_6499,started,400,400,1.56
c_2821,m_1417,0,app_1176,started,400,400,1.56
c_2821,m_1417,14723,app_1176,started,400,400,1.56
c_2821,m_1417,110069,app_1176,started,400,400,1.56
c_2821,m_1417,261845,app_1176,started,400,400,1.56
c_2821,m_1417,385789,app_1176,started,400,400,1.56
c_2822,m_2554,0,app_7264,started,800,800,3.13
c_2822,m_2554,29369,app_7264,started,800,800,3.13
c_2822,m_2554,125696,app_7264,started,800,800,3.13
c_2822,m_2554,228209,app_7264,started,800,800,3.13
c_2822,m_2554,339444,app_7264,started,800,800,3.13
c_2823,m_1916,0,app_4130,started,400,400,1.56
c_2823,m_1916,25236,app_4130,started,400,400,1.56
c_2823,m_1916,121240,app_4130,started,400,400,1.56
c_2823,m_1916,234257,app_4130,started,400,400,1.56
c_2823,m_1916,432660,app_4130,started,400,400,1.56
c_2824,m_2619,0,app_5937,started,400,400,1.56
c_2824,m_2619,13292,app_5937,started,400,400,1.56
c_2824,m_2619,108604,app_5937,started,400,400,1.56
c_2824,m_2619,177888,app_5937,started,400,400,1.56
c_2824,m_2619,260417,app_5937,started,400,400,1.56
c_2824,m_2619,384134,app_5937,started,400,400,1.56
c_2825,m_2684,0,app_7097,started,800,800,3.13
c_2825,m_2684,29354,app_7097,started,800,800,3.13
c_2825,m_2684,125678,app_7097,started,800,800,3.13
c_2825,m_2684,276754,app_7097,started,800,800,3.13
c_2825,m_2684,404547,app_7097,started,800,800,3.13
c_2826,m_2876,0,app_9352,started,400,400,1.56
c_2826,m_2876,16575,app_9352,started,400,400,1.56
c_2826,m_2876,111098,app_9352,started,400,400,1.56
c_2826,m_2876,264433,app_9352,started,400,400,1.56
c_2826,m_2876,355918,app_9352,started,400,400,1.56
c_2827,m_1252,0,app_925,started,400,400,1.56
c_2827,m_1252,285400,app_925,started,400,400,1.56
c_2827,m_1252,380615,app_925,started,400,400,1.56
c_2828,m_3219,0,app_8056,started,800,800,3.13
c_2828,m_3219,11795,app_8056,started,800,800,3.13
c_2828,m_3219,106279,app_8056,started,800,800,3.13
c_2828,m_3219,175132,app_8056,started,800,800,3.13
c_2828,m_3219,208736,app_8056,started,800,800,3.13
c_2828,m_3219,245232,app_8056,started,800,800,3.13
c_2828,m_3219,324075,app_8056,started,800,800,3.13
c_2829,m_2039,0,app_9678,started,800,800,3.13
c_2829,m_2039,15626,app_9678,started,800,800,3.13
c_2829,m_2039,110128,app_9678,started,800,800,3.13
c_2829,m_2039,263502,app_9678,started,800,800,3.13
c_2829,m_2039,354968,app_9678,started,800,800,3.13
c_2830,m_2943,0,app_3015,started,800,800,3.13
c_2830,m_2943,240033,app_3015,started,800,800,3.13
c_2830,m_2943,290898,app_3015,started,800,800,3.13
c_2830,m_2943,386505,app_3015,started,800,800,3.13
c_2831,m_879,0,app_565,started,400,400,1.56
c_2831,m_879,285394,app_565,started,400,400,1.56
c_2831,m_879,380609,app_565,started,400,400,1.56
c_2832,m_1197,0,app_7428,started,400,400,1.56
c_2832,m_1197,28118,app_7428,started,400,400,1.56
c_2832,m_1197,121760,app_7428,started,400,400,1.56
c_2832,m_1197,123167,app_7428,started,400,400,1.56
c_2832,m_1197,244121,app_7428,started,400,400,1.56
c_2832,m_1197,371397,app_7428,started,400,400,1.56
c_2833,m_1815,0,app_4038,started,800,800,2.34
c_2833,m_1815,31121,app_4038,started,800,800,2.34
c_2833,m_1815,126378,app_4038,started,800,800,2.34
c_2833,m_1815,279811,app_4038,started,800,800,2.34
c_2833,m_1815,347362,app_4038,started,800,800,2.34
c_2834,m_1856,0,app_5090,started,400,400,1.56
c_2834,m_1856,33270,app_5090,started,400,400,1.56
c_2834,m_1856,128630,app_5090,started,400,400,1.56
c_2834,m_1856,282319,app_5090,started,400,400,1.56
c_2834,m_1856,377388,app_5090,started,400,400,1.56
c_2834,m_1856,591023,app_5090,started,400,400,1.56
c_2835,m_3382,0,app_3405,started,400,400,1.56
c_2835,m_3382,9155,app_3405,started,400,400,1.56
c_2835,m_3382,104225,app_3405,started,400,400,1.56
c_2835,m_3382,173636,app_3405,started,400,400,1.56
c_2835,m_3382,206769,app_3405,started,400,400,1.56
c_2835,m_3382,256128,app_3405,started,400,400,1.56
c_2835,m_3382,415949,app_3405,started,400,400,1.56
c_2836,m_1388,0,app_7458,started,400,400,1.56
c_2836,m_1388,9519,app_7458,started,400,400,1.56
c_2836,m_1388,104618,app_7458,started,400,400,1.56
c_2836,m_1388,174015,app_7458,started,400,400,1.56
c_2836,m_1388,207142,app_7458,started,400,400,1.56
c_2836,m_1388,256493,app_7458,started,400,400,1.56
c_2836,m_1388,416467,app_7458,started,400,400,1.56
c_2837,m_1175,0,app_8007,started,400,400,1.56
c_2837,m_1175,19778,app_8007,started,400,400,1.56
c_2837,m_1175,115436,app_8007,started,400,400,1.56
c_2837,m_1175,266993,app_8007,started,400,400,1.56
c_2837,m_1175,429024,app_8007,started,400,400,1.56
c_2838,m_1803,0,app_9150,started,800,800,3.13
c_2838,m_1803,12754,app_9150,started,800,800,3.13
c_2838,m_1803,107231,app_9150,started,800,800,3.13
c_2838,m_1803,176016,app_9150,started,800,800,3.13
c_2838,m_1803,209628,app_9150,started,800,800,3.13
c_2838,m_1803,260678,app_9150,started,800,800,3.13
c_2838,m_1803,351073,app_9150,started,800,800,3.13
c_2838,m_1803,552688,app_9150,started,800,800,3.13
c_2839,m_334,0,app_2749,started,400,400,1.56
c_2839,m_334,16780,app_2749,started,400,400,1.56
c_2839,m_334,111315,app_2749,started,400,400,1.56
c_2839,m_334,264645,app_2749,started,400,400,1.56
c_2839,m_334,356165,app_2749,started,400,400,1.56
c_2840,m_3768,0,app_4101,started,800,800,3.13
c_2840,m_3768,11789,app_4101,started,800,800,3.13
c_2840,m_3768,106273,app_4101,started,800,800,3.13
c_2840,m_3768,175127,app_4101,started,800,800,3.13
c_2840,m_3768,208729,app_4101,started,800,800,3.13
c_2840,m_3768,259723,app_4101,started,800,800,3.13
c_2840,m_3768,350029,app_4101,started,800,800,3.13
c_2841,m_2153,0,app_4878,started,400,400,1.56
c_2841,m_2153,286881,app_4878,started,400,400,1.56
c_2841,m_2153,318672,app_4878,started,400,400,1.56
c_2842,m_2335,0,app_9515,started,400,400,1.56
c_2842,m_2335,16944,app_9515,started,400,400,1.56
c_2842,m_2335,111470,app_9515,started,400,400,1.56
c_2842,m_2335,233330,app_9515,started,400,400,1.56
c_2842,m_2335,316274,app_9515,started,400,400,1.56
c_2843,m_808,0,app_2557,started,400,400,1.56
c_2843,m_808,14781,app_2557,started,400,400,1.56
c_2843,m_808,109290,app_2557,started,400,400,1.56
c_2843,m_808,158049,app_2557,started,400,400,1.56
c_2843,m_808,162818,app_2557,started,400,400,1.56
c_2843,m_808,177918,app_2557,started,400,400,1.56
c_2843,m_808,262657,app_2557,started,400,400,1.56
c_2843,m_808,353387,app_2557,started,400,400,1.56
c_2843,m_808,642802,app_2557,started,400,400,1.56
c_2844,m_2612,0,app_3405,started,400,400,1.56
c_2844,m_2612,10898,app_3405,started,400,400,1.56
c_2844,m_2612,105367,app_3405,started,400,400,1.56
c_2844,m_2612,174272,app_3405,started,400,400,1.56
c_2844,m_2612,207809,app_3405,started,400,400,1.56
c_2844,m_2612,258704,app_3405,started,400,400,1.56
c_2844,m_2612,349009,app_3405,started,400,400,1.56
c_2845,m_177,0,app_4176,started,800,800,3.13
c_2845,m_177,8915,app_4176,started,800,800,3.13
c_2845,m_177,103984,app_4176,started,800,800,3.13
c_2845,m_177,158056,app_4176,started,800,800,3.13
c_2845,m_177,173398,app_4176,started,800,800,3.13
c_2845,m_177,206527,app_4176,started,800,800,3.13
c_2845,m_177,255898,app_4176,started,800,800,3.13
c_2845,m_177,322146,app_4176,started,800,800,3.13
c_2845,m_177,637482,app_4176,started,800,800,3.13
c_2846,m_107,212400,app_2916,started,800,800,3.13
c_2847,m_3943,0,app_5872,started,400,480,1.56
c_2847,m_3943,26405,app_5872,started,400,480,1.56
c_2847,m_3943,121337,app_5872,started,400,480,1.56
c_2847,m_3943,274795,app_5872,started,400,480,1.56
c_2848,m_1264,0,app_4558,started,400,400,1.56
c_2848,m_1264,13811,app_4558,started,400,400,1.56
c_2848,m_1264,108328,app_4558,started,400,400,1.56
c_2848,m_1264,177017,app_4558,started,400,400,1.56
c_2848,m_1264,210632,app_4558,started,400,400,1.56
c_2848,m_1264,261725,app_4558,started,400,400,1.56
c_2848,m_1264,352305,app_4558,started,400,400,1.56
c_2849,m_3958,0,app_2413,started,400,400,1.56
c_2849,m_3958,158064,app_2413,started,400,400,1.56
c_2849,m_3958,248838,app_2413,started,400,400,1.56
c_2849,m_3958,287000,app_2413,started,400,400,1.56
c_2849,m_3958,382285,app_2413,started,400,400,1.56
c_2849,m_3958,596286,app_2413,started,400,400,1.56
c_2850,m_2477,0,app_7908,started,400,400,1.56
c_2850,m_2477,32473,app_7908,started,400,400,1.56
c_2850,m_2477,129046,app_7908,started,400,400,1.56
c_2850,m_2477,149692,app_7908,started,400,400,1.56
c_2850,m_2477,279978,app_7908,started,400,400,1.56
c_2850,m_2477,323193,app_7908,started,400,400,1.56
c_2851,m_2927,0,app_7048,started,400,400,1.56
c_2851,m_2927,15393,app_7048,started,400,400,1.56
c_2851,m_2927,109892,app_7048,started,400,400,1.56
c_2851,m_2927,263257,app_7048,started,400,400,1.56
c_2851,m_2927,354713,app_7048,started,400,400,1.56
c_2852,m_2182,0,app_9297,started,400,400,1.56
c_2852,m_2182,11155,app_9297,started,400,400,1.56
c_2852,m_2182,105631,app_9297,started,400,400,1.56
c_2852,m_2182,174523,app_9297,started,400,400,1.56
c_2852,m_2182,208065,app_9297,started,400,400,1.56
c_2852,m_2182,258983,app_9297,started,400,400,1.56
c_2852,m_2182,349309,app_9297,started,400,400,1.56
c_2853,m_406,0,app_8384,started,400,400,1.56
c_2853,m_406,26850,app_8384,started,400,400,1.56
c_2853,m_406,81146,app_8384,started,400,400,1.56
c_2853,m_406,92106,app_8384,started,400,400,1.56
c_2853,m_406,122986,app_8384,started,400,400,1.56
c_2853,m_406,274171,app_8384,started,400,400,1.56
c_2853,m_406,345693,app_8384,started,400,400,1.56
c_2854,m_965,0,app_2819,started,800,800,3.13
c_2854,m_965,12875,app_2819,started,800,800,3.13
c_2854,m_965,108172,app_2819,started,800,800,3.13
c_2854,m_965,177453,app_2819,started,800,800,3.13
c_2854,m_965,210623,app_2819,started,800,800,3.13
c_2854,m_965,259996,app_2819,started,800,800,3.13
c_2854,m_965,383353,app_2819,started,800,800,3.13
c_2855,m_266,0,app_4265,started,400,400,1.56
c_2855,m_266,289218,app_4265,started,400,400,1.56
c_2855,m_266,384735,app_4265,started,400,400,1.56
c_2856,m_540,0,app_6731,started,400,400,1.56
c_2856,m_540,12956,app_6731,started,400,400,1.56
c_2856,m_540,79041,app_6731,started,400,400,1.56
c_2856,m_540,107440,app_6731,started,400,400,1.56
c_2856,m_540,176211,app_6731,started,400,400,1.56
c_2856,m_540,209821,app_6731,started,400,400,1.56
c_2856,m_540,260879,app_6731,started,400,400,1.56
c_2856,m_540,345703,app_6731,started,400,400,1.56
c_2857,m_1651,151715,app_3142,started,800,800,3.13
c_2857,m_1651,276461,app_3142,started,800,800,3.13
c_2857,m_1651,404053,app_3142,started,800,800,3.13
c_2858,m_112,0,app_4197,started,400,480,1.56
c_2858,m_112,159391,app_4197,started,400,480,1.56
c_2858,m_112,285462,app_4197,started,400,480,1.56
c_2859,m_3349,0,app_6954,started,400,400,1.56
c_2859,m_3349,283837,app_6954,started,400,400,1.56
c_2859,m_3349,323183,app_6954,started,400,400,1.56
c_2860,m_2176,0,app_8436,started,800,800,3.13
c_2860,m_2176,13746,app_8436,started,800,800,3.13
c_2860,m_2176,109088,app_8436,started,800,800,3.13
c_2860,m_2176,260888,app_8436,started,800,800,3.13
c_2860,m_2176,384888,app_8436,started,800,800,3.13
c_2861,m_2067,0,app_1600,started,400,400,1.56
c_2861,m_2067,9317,app_1600,started,400,400,1.56
c_2861,m_2067,90007,app_1600,started,400,400,1.56
c_2861,m_2067,90366,app_1600,started,400,400,1.56
c_2861,m_2067,103702,app_1600,started,400,400,1.56
c_2861,m_2067,172663,app_1600,started,400,400,1.56
c_2861,m_2067,206236,app_1600,started,400,400,1.56
c_2861,m_2067,257031,app_1600,started,400,400,1.56
c_2861,m_2067,316892,app_1600,started,400,400,1.56
c_2862,m_2720,0,app_2413,started,400,400,1.56
c_2862,m_2720,10902,app_2413,started,400,400,1.56
c_2862,m_2720,106108,app_2413,started,400,400,1.56
c_2862,m_2720,175433,app_2413,started,400,400,1.56
c_2862,m_2720,208599,app_2413,started,400,400,1.56
c_2862,m_2720,257917,app_2413,started,400,400,1.56
c_2862,m_2720,380763,app_2413,started,400,400,1.56
c_2862,m_2720,640251,app_2413,started,400,400,1.56
c_2863,m_395,0,app_7226,started,400,400,1.56
c_2863,m_395,27834,app_7226,started,400,400,1.56
c_2863,m_395,124042,app_7226,started,400,400,1.56
c_2863,m_395,275177,app_7226,started,400,400,1.56
c_2863,m_395,438111,app_7226,started,400,400,1.56
c_2864,m_1814,0,app_8382,started,400,480,1.56
c_2864,m_1814,28238,app_8382,started,400,480,1.56
c_2864,m_1814,124479,app_8382,started,400,480,1.56
c_2864,m_1814,275570,app_8382,started,400,480,1.56
c_2865,m_707,0,app_3988,started,400,400,1.56
c_2865,m_707,23570,app_3988,started,400,400,1.56
c_2865,m_707,41009,app_3988,started,400,400,1.56
c_2865,m_707,118814,app_3988,started,400,400,1.56
c_2865,m_707,270775,app_3988,started,400,400,1.56
c_2865,m_707,336625,app_3988,started,400,400,1.56
c_2866,m_1399,0,app_5821,started,400,400,1.56
c_2866,m_1399,285826,app_5821,started,400,400,1.56
c_2866,m_1399,338920,app_5821,started,400,400,1.56
c_2867,m_1595,0,app_331,started,400,400,1.56
c_2867,m_1595,28392,app_331,started,400,400,1.56
c_2867,m_1595,124648,app_331,started,400,400,1.56
c_2867,m_1595,275728,app_331,started,400,400,1.56
c_2867,m_1595,403407,app_331,started,400,400,1.56
c_2868,m_507,0,app_732,started,800,800,3.13
c_2868,m_507,243008,app_732,started,800,800,3.13
c_2868,m_507,451622,app_732,started,800,800,3.13
c_2869,m_494,0,app_7084,started,2400,2400,9.38
c_2869,m_494,10959,app_7084,started,2400,2400,9.38
c_2869,m_494,105431,app_7084,started,2400,2400,9.38
c_2869,m_494,174335,app_7084,started,2400,2400,9.38
c_2869,m_494,207876,app_7084,started,2400,2400,9.38
c_2869,m_494,258785,app_7084,started,2400,2400,9.38
c_2869,m_494,349100,app_7084,started,2400,2400,9.38
c_2870,m_1842,0,app_1233,started,400,400,1.56
c_2870,m_1842,12569,app_1233,started,400,400,1.56
c_2870,m_1842,107043,app_1233,started,400,400,1.56
c_2870,m_1842,175837,app_1233,started,400,400,1.56
c_2870,m_1842,209452,app_1233,started,400,400,1.56
c_2870,m_1842,260482,app_1233,started,400,400,1.56
c_2870,m_1842,350868,app_1233,started,400,400,1.56
c_2871,m_876,0,app_2286,started,400,400,1.56
c_2871,m_876,13613,app_2286,started,400,400,1.56
c_2871,m_876,108124,app_2286,started,400,400,1.56
c_2871,m_876,176817,app_2286,started,400,400,1.56
c_2871,m_876,210434,app_2286,started,400,400,1.56
c_2871,m_876,261524,app_2286,started,400,400,1.56
c_2871,m_876,352097,app_2286,started,400,400,1.56
c_2872,m_2211,0,app_9678,started,800,800,3.13
c_2872,m_2211,32232,app_9678,started,800,800,3.13
c_2872,m_2211,127539,app_9678,started,800,800,3.13
c_2872,m_2211,158063,app_9678,started,800,800,3.13
c_2872,m_2211,248664,app_9678,started,800,800,3.13
c_2872,m_2211,321946,app_9678,started,800,800,3.13
c_2873,m_2267,0,app_3037,started,800,800,6.25
c_2873,m_2267,287308,app_3037,started,800,800,6.25
c_2873,m_2267,332561,app_3037,started,800,800,6.25
c_2874,m_1399,0,app_700,started,400,400,1.56
c_2874,m_1399,285826,app_700,started,400,400,1.56
c_2874,m_1399,338920,app_700,started,400,400,1.56
c_2875,m_2058,0,app_7718,started,400,400,1.56
c_2875,m_2058,35378,app_7718,started,400,400,1.56
c_2875,m_2058,283024,app_7718,started,400,400,1.56
c_2875,m_2058,449437,app_7718,started,400,400,1.56
c_2876,m_2782,0,app_6783,started,400,400,1.56
c_2876,m_2782,18291,app_6783,started,400,400,1.56
c_2876,m_2782,113854,app_6783,started,400,400,1.56
c_2876,m_2782,265420,app_6783,started,400,400,1.56
c_2876,m_2782,389233,app_6783,started,400,400,1.56
c_2877,m_2031,0,app_3955,started,400,400,1.56
c_2877,m_2031,23352,app_3955,started,400,400,1.56
c_2877,m_2031,118578,app_3955,started,400,400,1.56
c_2877,m_2031,270554,app_3955,started,400,400,1.56
c_2877,m_2031,431516,app_3955,started,400,400,1.56
c_2878,m_3613,0,app_4374,started,400,400,1.56
c_2878,m_3613,286621,app_4374,started,400,400,1.56
c_2878,m_3613,381920,app_4374,started,400,400,1.56
c_2879,m_3262,0,app_2730,started,400,480,1.56
c_2879,m_3262,17141,app_2730,started,400,480,1.56
c_2879,m_3262,111670,app_2730,started,400,480,1.56
c_2879,m_3262,264985,app_2730,started,400,480,1.56
c_2880,m_1945,0,app_3511,started,400,400,1.56
c_2880,m_1945,50426,app_3511,started,400,400,1.56
c_2880,m_1945,50538,app_3511,started,400,400,1.56
c_2880,m_1945,285432,app_3511,started,400,400,1.56
c_2880,m_1945,380647,app_3511,started,400,400,1.56
c_2881,m_3299,338353,app_1225,started,400,400,1.56
c_2881,m_3299,341788,app_1225,started,400,400,1.56
c_2881,m_3299,416137,app_1225,started,400,400,1.56
c_2881,m_3299,550141,app_1225,started,400,400,1.56
c_2881,m_3299,637217,app_1225,started,400,400,1.56
c_2882,m_1703,0,app_4057,started,400,400,1.56
c_2882,m_1703,10914,app_4057,started,400,400,1.56
c_2882,m_1703,70690,app_4057,started,400,400,1.56
c_2882,m_1703,74162,app_4057,started,400,400,1.56
c_2882,m_1703,105383,app_4057,started,400,400,1.56
c_2882,m_1703,129560,app_4057,started,400,400,1.56
c_2882,m_1703,129995,app_4057,started,400,400,1.56
c_2882,m_1703,142597,app_4057,started,400,400,1.56
c_2882,m_1703,174287,app_4057,started,400,400,1.56
c_2882,m_1703,207825,app_4057,started,400,400,1.56
c_2882,m_1703,258721,app_4057,started,400,400,1.56
c_2882,m_1703,349025,app_4057,started,400,400,1.56
c_2883,m_1847,0,app_5067,started,400,400,1.56
c_2883,m_1847,22856,app_5067,started,400,400,1.56
c_2883,m_1847,49241,app_5067,started,400,400,1.56
c_2883,m_1847,117671,app_5067,started,400,400,1.56
c_2883,m_1847,271073,app_5067,started,400,400,1.56
c_2883,m_1847,365191,app_5067,started,400,400,1.56
c_2884,m_3805,0,app_3269,started,400,400,1.56
c_2884,m_3805,34402,app_3269,started,400,400,1.56
c_2884,m_3805,125945,app_3269,started,400,400,1.56
c_2884,m_3805,130170,app_3269,started,400,400,1.56
c_2884,m_3805,281986,app_3269,started,400,400,1.56
c_2884,m_3805,330757,app_3269,started,400,400,1.56
c_2885,m_2636,0,app_4368,started,400,400,1.56
c_2885,m_2636,34493,app_4368,started,400,400,1.56
c_2885,m_2636,151228,app_4368,started,400,400,1.56
c_2885,m_2636,166753,app_4368,started,400,400,1.56
c_2885,m_2636,283606,app_4368,started,400,400,1.56
c_2885,m_2636,378715,app_4368,started,400,400,1.56
c_2886,m_2333,0,app_6815,started,400,400,1.95
c_2886,m_2333,34938,app_6815,started,400,400,1.95
c_2886,m_2333,284075,app_6815,started,400,400,1.95
c_2886,m_2333,379195,app_6815,started,400,400,1.95
c_2887,m_1370,0,app_8719,started,400,400,1.56
c_2887,m_1370,234438,app_8719,started,400,400,1.56
c_2887,m_1370,285858,app_8719,started,400,400,1.56
c_2887,m_1370,381114,app_8719,started,400,400,1.56
c_2888,m_501,0,app_2660,started,800,800,3.13
c_2888,m_501,32444,app_2660,started,800,800,3.13
c_2888,m_501,127768,app_2660,started,800,800,3.13
c_2888,m_501,281444,app_2660,started,800,800,3.13
c_2888,m_501,338800,app_2660,started,800,800,3.13
c_2889,m_3618,0,app_3197,started,400,400,1.56
c_2889,m_3618,284893,app_3197,started,400,400,1.56
c_2889,m_3618,451336,app_3197,started,400,400,1.56
c_2890,m_2961,0,app_2754,started,400,400,1.56
c_2890,m_2961,31383,app_2754,started,400,400,1.56
c_2890,m_2961,127883,app_2754,started,400,400,1.56
c_2890,m_2961,278881,app_2754,started,400,400,1.56
c_2890,m_2961,443157,app_2754,started,400,400,1.56
c_2891,m_1374,0,app_2686,started,800,800,3.13
c_2891,m_1374,19049,app_2686,started,800,800,3.13
c_2891,m_1374,114663,app_2686,started,800,800,3.13
c_2891,m_1374,266192,app_2686,started,800,800,3.13
c_2891,m_1374,427713,app_2686,started,800,800,3.13
c_2892,m_814,0,app_9269,started,400,400,1.56
c_2892,m_814,284944,app_9269,started,400,400,1.56
c_2892,m_814,380149,app_9269,started,400,400,1.56
c_2893,m_798,0,app_147,started,800,800,3.13
c_2893,m_798,11680,app_147,started,800,800,3.13
c_2893,m_798,106159,app_147,started,800,800,3.13
c_2893,m_798,175023,app_147,started,800,800,3.13
c_2893,m_798,208617,app_147,started,800,800,3.13
c_2893,m_798,259605,app_147,started,800,800,3.13
c_2893,m_798,340707,app_147,started,800,800,3.13
c_2893,m_798,638105,app_147,started,800,800,3.13
c_2894,m_3276,0,app_8798,started,400,400,1.56
c_2894,m_3276,7149,app_8798,started,400,400,1.56
c_2894,m_3276,102120,app_8798,started,400,400,1.56
c_2894,m_3276,171543,app_8798,started,400,400,1.56
c_2894,m_3276,204666,app_8798,started,400,400,1.56
c_2894,m_3276,254048,app_8798,started,400,400,1.56
c_2894,m_3276,376107,app_8798,started,400,400,1.56
c_2895,m_1694,0,app_4456,started,400,400,1.56
c_2895,m_1694,32317,app_4456,started,400,400,1.56
c_2895,m_1694,128884,app_4456,started,400,400,1.56
c_2895,m_1694,279825,app_4456,started,400,400,1.56
c_2895,m_1694,444765,app_4456,started,400,400,1.56
c_2896,m_3153,0,app_539,started,400,400,1.56
c_2896,m_3153,10991,app_539,started,400,400,1.56
c_2896,m_3153,105464,app_539,started,400,400,1.56
c_2896,m_3153,174368,app_539,started,400,400,1.56
c_2896,m_3153,207908,app_539,started,400,400,1.56
c_2896,m_3153,258816,app_539,started,400,400,1.56
c_2896,m_3153,349136,app_539,started,400,400,1.56
c_2897,m_129,0,app_602,started,400,400,1.56
c_2897,m_129,27291,app_602,started,400,400,1.56
c_2897,m_129,123459,app_602,started,400,400,1.56
c_2897,m_129,274625,app_602,started,400,400,1.56
c_2897,m_129,401793,app_602,started,400,400,1.56
c_2898,m_3456,0,app_781,started,400,400,1.56
c_2898,m_3456,27014,app_781,started,400,400,1.56
c_2898,m_3456,123160,app_781,started,400,400,1.56
c_2898,m_3456,274336,app_781,started,400,400,1.56
c_2898,m_3456,347352,app_781,started,400,400,1.56
c_2899,m_314,0,app_8519,started,400,400,1.56
c_2899,m_314,10683,app_8519,started,400,400,1.56
c_2899,m_314,105147,app_8519,started,400,400,1.56
c_2899,m_314,174063,app_8519,started,400,400,1.56
c_2899,m_314,207594,app_8519,started,400,400,1.56
c_2899,m_314,258479,app_8519,started,400,400,1.56
c_2899,m_314,324081,app_8519,started,400,400,1.56
c_2900,m_2161,0,app_5652,started,400,400,1.56
c_2900,m_2161,27720,app_5652,started,400,400,1.56
c_2900,m_2161,53473,app_5652,started,400,400,1.56
c_2900,m_2161,123918,app_5652,started,400,400,1.56
c_2900,m_2161,275065,app_5652,started,400,400,1.56
c_2900,m_2161,437669,app_5652,started,400,400,1.56
c_2901,m_2076,0,app_8532,started,1600,1600,6.25
c_2901,m_2076,12711,app_8532,started,1600,1600,6.25
c_2901,m_2076,107189,app_8532,started,1600,1600,6.25
c_2901,m_2076,175974,app_8532,started,1600,1600,6.25
c_2901,m_2076,209588,app_8532,started,1600,1600,6.25
c_2901,m_2076,243768,app_8532,started,1600,1600,6.25
c_2901,m_2076,260628,app_8532,started,1600,1600,6.25
c_2901,m_2076,351028,app_8532,started,1600,1600,6.25
c_2901,m_2076,640061,app_8532,started,1600,1600,6.25
c_2902,m_3626,0,app_9306,started,400,400,1.56
c_2902,m_3626,25237,app_9306,started,400,400,1.56
c_2902,m_3626,120128,app_9306,started,400,400,1.56
c_2902,m_3626,273517,app_9306,started,400,400,1.56
c_2902,m_3626,368082,app_9306,started,400,400,1.56
c_2903,m_2131,0,app_8256,started,400,400,1.56
c_2903,m_2131,228813,app_8256,started,400,400,1.56
c_2903,m_2131,382727,app_8256,started,400,400,1.56
c_2904,m_2742,0,app_9659,started,400,400,1.56
c_2904,m_2742,289073,app_9659,started,400,400,1.56
c_2904,m_2742,384588,app_9659,started,400,400,1.56
c_2905,m_2353,0,app_3238,started,400,400,1.56
c_2905,m_2353,35058,app_3238,started,400,400,1.56
c_2905,m_2353,284197,app_3238,started,400,400,1.56
c_2905,m_2353,379323,app_3238,started,400,400,1.56
c_2906,m_280,0,app_3979,started,800,800,3.13
c_2906,m_280,288426,app_3979,started,800,800,3.13
c_2907,m_2216,0,app_2306,started,400,400,1.56
c_2907,m_2216,35456,app_2306,started,400,400,1.56
c_2907,m_2216,283101,app_2306,started,400,400,1.56
c_2907,m_2216,409781,app_2306,started,400,400,1.56
c_2908,m_970,0,app_8832,started,400,400,1.56
c_2908,m_970,285170,app_8832,started,400,400,1.56
c_2908,m_970,412822,app_8832,started,400,400,1.56
c_2909,m_2401,0,app_4511,started,400,400,1.56
c_2909,m_2401,32171,app_4511,started,400,400,1.56
c_2909,m_2401,128731,app_4511,started,400,400,1.56
c_2909,m_2401,279667,app_4511,started,400,400,1.56
c_2909,m_2401,444474,app_4511,started,400,400,1.56
c_2909,m_2401,660393,app_4511,started,400,400,1.56
c_2910,m_678,0,app_1518,started,400,400,1.56
c_2910,m_678,9376,app_1518,started,400,400,1.56
c_2910,m_678,104452,app_1518,started,400,400,1.56
c_2910,m_678,173861,app_1518,started,400,400,1.56
c_2910,m_678,206990,app_1518,started,400,400,1.56
c_2910,m_678,221818,app_1518,started,400,400,1.56
c_2910,m_678,256348,app_1518,started,400,400,1.56
c_2910,m_678,416267,app_1518,started,400,400,1.56
c_2911,m_645,0,app_732,started,800,800,3.13
c_2911,m_645,28961,app_732,started,800,800,3.13
c_2911,m_645,125243,app_732,started,800,800,3.13
c_2911,m_645,212400,app_732,started,800,800,3.13
c_2911,m_645,259516,app_732,started,800,800,3.13
c_2911,m_645,439157,app_732,started,800,800,3.13
c_2911,m_645,667628,app_732,started,800,800,3.13
c_2912,m_1550,0,app_1127,started,400,400,1.56
c_2912,m_1550,22001,app_1127,started,400,400,1.56
c_2912,m_1550,116781,app_1127,started,400,400,1.56
c_2912,m_1550,270180,app_1127,started,400,400,1.56
c_2912,m_1550,364239,app_1127,started,400,400,1.56
c_2912,m_1550,378628,app_1127,started,400,400,1.56
c_2913,m_809,0,app_9541,started,800,800,3.13
c_2913,m_809,11119,app_9541,started,800,800,3.13
c_2913,m_809,105591,app_9541,started,800,800,3.13
c_2913,m_809,158059,app_9541,started,800,800,3.13
c_2913,m_809,174488,app_9541,started,800,800,3.13
c_2913,m_809,208028,app_9541,started,800,800,3.13
c_2913,m_809,258945,app_9541,started,800,800,3.13
c_2913,m_809,322576,app_9541,started,800,800,3.13
c_2913,m_809,550281,app_9541,started,800,800,3.13
c_2913,m_809,637339,app_9541,started,800,800,3.13
c_2914,m_2719,0,app_5029,started,800,800,3.13
c_2914,m_2719,283624,app_5029,started,800,800,3.13
c_2914,m_2719,410710,app_5029,started,800,800,3.13
c_2915,m_2262,0,app_2241,started,400,400,1.56
c_2915,m_2262,9400,app_2241,started,400,400,1.56
c_2915,m_2262,104478,app_2241,started,400,400,1.56
c_2915,m_2262,173886,app_2241,started,400,400,1.56
c_2915,m_2262,207016,app_2241,started,400,400,1.56
c_2915,m_2262,256372,app_2241,started,400,400,1.56
c_2915,m_2262,416281,app_2241,started,400,400,1.56
c_2916,m_488,0,app_3557,started,400,400,1.56
c_2916,m_488,290014,app_3557,started,400,400,1.56
c_2916,m_488,385590,app_3557,started,400,400,1.56
c_2917,m_3446,0,app_2589,started,400,400,1.56
c_2917,m_3446,15177,app_2589,started,400,400,1.56
c_2917,m_3446,110540,app_2589,started,400,400,1.56
c_2917,m_3446,164037,app_2589,started,400,400,1.56
c_2917,m_3446,262288,app_2589,started,400,400,1.56
c_2918,m_3221,0,app_1866,started,400,400,1.56
c_2918,m_3221,25145,app_1866,started,400,400,1.56
c_2918,m_3221,121139,app_1866,started,400,400,1.56
c_2918,m_3221,272369,app_1866,started,400,400,1.56
c_2918,m_3221,432548,app_1866,started,400,400,1.56
c_2919,m_1722,0,app_9564,started,400,400,1.56
c_2919,m_1722,126841,app_9564,started,400,400,1.56
c_2919,m_1722,136446,app_9564,started,400,400,1.56
c_2919,m_1722,221447,app_9564,started,400,400,1.56
c_2919,m_1722,284479,app_9564,started,400,400,1.56
c_2919,m_1722,451016,app_9564,started,400,400,1.56
c_2920,m_3547,0,app_9081,started,400,400,1.56
c_2920,m_3547,259441,app_9081,started,400,400,1.56
c_2920,m_3547,448349,app_9081,started,400,400,1.56
c_2921,m_3383,0,app_6234,started,1600,1600,6.25
c_2921,m_3383,10718,app_6234,started,1600,1600,6.25
c_2921,m_3383,105920,app_6234,started,1600,1600,6.25
c_2921,m_3383,125927,app_6234,started,1600,1600,6.25
c_2921,m_3383,130188,app_6234,started,1600,1600,6.25
c_2921,m_3383,162841,app_6234,started,1600,1600,6.25
c_2921,m_3383,175255,app_6234,started,1600,1600,6.25
c_2921,m_3383,208399,app_6234,started,1600,1600,6.25
c_2921,m_3383,257743,app_6234,started,1600,1600,6.25
c_2921,m_3383,333205,app_6234,started,1600,1600,6.25
c_2922,m_3658,0,app_8883,started,400,400,1.56
c_2922,m_3658,29961,app_8883,started,400,400,1.56
c_2922,m_3658,125147,app_8883,started,400,400,1.56
c_2922,m_3658,278582,app_8883,started,400,400,1.56
c_2922,m_3658,373689,app_8883,started,400,400,1.56
c_2923,m_2243,0,app_7345,started,400,400,1.56
c_2923,m_2243,14921,app_7345,started,400,400,1.56
c_2923,m_2243,109427,app_7345,started,400,400,1.56
c_2923,m_2243,178052,app_7345,started,400,400,1.56
c_2923,m_2243,262788,app_7345,started,400,400,1.56
c_2923,m_2243,353764,app_7345,started,400,400,1.56
c_2923,m_2243,446895,app_7345,started,400,400,1.56
c_2923,m_2243,555800,app_7345,started,400,400,1.56
c_2924,m_2907,0,app_4338,started,400,400,1.56
c_2924,m_2907,18270,app_4338,started,400,400,1.56
c_2924,m_2907,113832,app_4338,started,400,400,1.56
c_2924,m_2907,265398,app_4338,started,400,400,1.56
c_2924,m_2907,389208,app_4338,started,400,400,1.56
c_2925,m_146,0,app_3911,started,400,400,1.56
c_2925,m_146,35308,app_3911,started,400,400,1.56
c_2925,m_146,282947,app_3911,started,400,400,1.56
c_2925,m_146,449298,app_3911,started,400,400,1.56
c_2926,m_2806,0,app_6433,started,400,400,1.56
c_2926,m_2806,19988,app_6433,started,400,400,1.56
c_2926,m_2806,115653,app_6433,started,400,400,1.56
c_2926,m_2806,267200,app_6433,started,400,400,1.56
c_2926,m_2806,429257,app_6433,started,400,400,1.56
c_2927,m_394,0,app_3430,started,400,400,1.56
c_2927,m_394,10373,app_3430,started,400,400,1.56
c_2927,m_394,104826,app_3430,started,400,400,1.56
c_2927,m_394,173757,app_3430,started,400,400,1.56
c_2927,m_394,207281,app_3430,started,400,400,1.56
c_2927,m_394,258155,app_3430,started,400,400,1.56
c_2927,m_394,348457,app_3430,started,400,400,1.56
c_2928,m_161,0,app_9529,started,400,400,2.34
c_2928,m_161,230017,app_9529,started,400,400,2.34
c_2928,m_161,284519,app_9529,started,400,400,2.34
c_2928,m_161,451067,app_9529,started,400,400,2.34
c_2929,m_1201,0,app_5001,started,400,400,1.56
c_2929,m_1201,25123,app_5001,started,400,400,1.56
c_2929,m_1201,120011,app_5001,started,400,400,1.56
c_2929,m_1201,273400,app_5001,started,400,400,1.56
c_2930,m_2727,0,app_6114,started,400,400,1.56
c_2930,m_2727,9223,app_6114,started,400,400,1.56
c_2930,m_2727,104295,app_6114,started,400,400,1.56
c_2930,m_2727,173710,app_6114,started,400,400,1.56
c_2930,m_2727,206838,app_6114,started,400,400,1.56
c_2930,m_2727,256198,app_6114,started,400,400,1.56
c_2930,m_2727,416024,app_6114,started,400,400,1.56
c_2931,m_2470,0,app_2014,started,400,400,1.56
c_2931,m_2470,285628,app_2014,started,400,400,1.56
c_2931,m_2470,380855,app_2014,started,400,400,1.56
c_2932,m_1629,0,app_2299,started,400,400,1.56
c_2932,m_1629,16752,app_2299,started,400,400,1.56
c_2932,m_1629,111286,app_2299,started,400,400,1.56
c_2932,m_1629,264617,app_2299,started,400,400,1.56
c_2932,m_1629,356135,app_2299,started,400,400,1.56
c_2933,m_1007,0,app_592,started,800,800,3.13
c_2933,m_1007,11873,app_592,started,800,800,3.13
c_2933,m_1007,107137,app_592,started,800,800,3.13
c_2933,m_1007,176439,app_592,started,800,800,3.13
c_2933,m_1007,209596,app_592,started,800,800,3.13
c_2933,m_1007,258899,app_592,started,800,800,3.13
c_2933,m_1007,340533,app_592,started,800,800,3.13
c_2933,m_1007,641615,app_592,started,800,800,3.13
c_2934,m_1900,0,app_7634,started,400,400,1.56
c_2934,m_1900,10650,app_7634,started,400,400,1.56
c_2934,m_1900,50427,app_7634,started,400,400,1.56
c_2934,m_1900,51107,app_7634,started,400,400,1.56
c_2934,m_1900,105845,app_7634,started,400,400,1.56
c_2934,m_1900,175185,app_7634,started,400,400,1.56
c_2934,m_1900,208329,app_7634,started,400,400,1.56
c_2934,m_1900,257671,app_7634,started,400,400,1.56
c_2934,m_1900,380388,app_7634,started,400,400,1.56
c_2935,m_2063,0,app_3619,started,400,480,1.56
c_2935,m_2063,7592,app_3619,started,400,480,1.56
c_2935,m_2063,102578,app_3619,started,400,480,1.56
c_2935,m_2063,172004,app_3619,started,400,480,1.56
c_2935,m_2063,205154,app_3619,started,400,480,1.56
c_2935,m_2063,254512,app_3619,started,400,480,1.56
c_2936,m_627,0,app_5877,started,800,800,3.13
c_2936,m_627,15455,app_5877,started,800,800,3.13
c_2936,m_627,109955,app_5877,started,800,800,3.13
c_2936,m_627,158048,app_5877,started,800,800,3.13
c_2936,m_627,263317,app_5877,started,800,800,3.13
c_2936,m_627,337239,app_5877,started,800,800,3.13
c_2936,m_627,643625,app_5877,started,800,800,3.13
c_2937,m_774,0,app_3503,started,400,480,1.56
c_2937,m_774,22722,app_3503,started,400,480,1.56
c_2937,m_774,117891,app_3503,started,400,480,1.56
c_2937,m_774,141593,app_3503,started,400,480,1.56
c_2937,m_774,269928,app_3503,started,400,480,1.56
c_2937,m_774,658812,app_3503,started,400,480,1.56
c_2938,m_1570,0,app_565,started,400,400,1.56
c_2938,m_1570,22106,app_565,started,400,400,1.56
c_2938,m_1570,116894,app_565,started,400,400,1.56
c_2938,m_1570,270293,app_565,started,400,400,1.56
c_2938,m_1570,339092,app_565,started,400,400,1.56
c_2939,m_1929,0,app_5035,started,800,800,3.13
c_2939,m_1929,34723,app_5035,started,800,800,3.13
c_2939,m_1929,242064,app_5035,started,800,800,3.13
c_2939,m_1929,323189,app_5035,started,800,800,3.13
c_2940,m_594,0,app_2014,started,400,400,1.56
c_2940,m_594,13007,app_2014,started,400,400,1.56
c_2940,m_594,108312,app_2014,started,400,400,1.56
c_2940,m_594,177587,app_2014,started,400,400,1.56
c_2940,m_594,260131,app_2014,started,400,400,1.56
c_2940,m_594,383639,app_2014,started,400,400,1.56
c_2941,m_2096,0,app_8882,started,400,400,1.56
c_2941,m_2096,18177,app_8882,started,400,400,1.56
c_2941,m_2096,112778,app_8882,started,400,400,1.56
c_2941,m_2096,266084,app_8882,started,400,400,1.56
c_2941,m_2096,359380,app_8882,started,400,400,1.56
c_2942,m_3543,0,app_7471,started,400,400,1.56
c_2942,m_3543,13460,app_7471,started,400,400,1.56
c_2942,m_3543,108780,app_7471,started,400,400,1.56
c_2942,m_3543,260592,app_7471,started,400,400,1.56
c_2942,m_3543,384400,app_7471,started,400,400,1.56
c_2943,m_756,1031,app_8523,started,400,480,1.56
c_2943,m_756,19680,app_8523,started,400,480,1.56
c_2943,m_756,115336,app_8523,started,400,480,1.56
c_2943,m_756,125894,app_8523,started,400,480,1.56
c_2943,m_756,130185,app_8523,started,400,480,1.56
c_2943,m_756,162899,app_8523,started,400,480,1.56
c_2943,m_756,266892,app_8523,started,400,480,1.56
c_2943,m_756,334225,app_8523,started,400,480,1.56
c_2943,m_756,336914,app_8523,started,400,480,1.56
c_2944,m_1643,0,app_7475,started,400,400,1.56
c_2944,m_1643,13799,app_7475,started,400,400,1.56
c_2944,m_1643,109142,app_7475,started,400,400,1.56
c_2944,m_1643,260940,app_7475,started,400,400,1.56
c_2944,m_1643,384942,app_7475,started,400,400,1.56
c_2945,m_1441,583900,app_2763,started,400,400,1.56
c_2946,m_3050,0,app_512,started,400,400,1.56
c_2946,m_3050,34346,app_512,started,400,400,1.56
c_2946,m_3050,281924,app_512,started,400,400,1.56
c_2946,m_3050,408657,app_512,started,400,400,1.56
c_2947,m_3005,0,app_2895,started,800,800,3.13
c_2947,m_3005,13688,app_2895,started,800,800,3.13
c_2947,m_3005,109022,app_2895,started,800,800,3.13
c_2947,m_3005,260826,app_2895,started,800,800,3.13
c_2947,m_3005,340544,app_2895,started,800,800,3.13
c_2948,m_3535,0,app_5733,started,400,400,1.56
c_2948,m_3535,19996,app_5733,started,400,400,1.56
c_2948,m_3535,115661,app_5733,started,400,400,1.56
c_2948,m_3535,267208,app_5733,started,400,400,1.56
c_2948,m_3535,429279,app_5733,started,400,400,1.56
c_2949,m_3670,0,app_3457,started,400,400,1.56
c_2949,m_3670,22546,app_3457,started,400,400,1.56
c_2949,m_3670,117351,app_3457,started,400,400,1.56
c_2949,m_3670,212400,app_3457,started,400,400,1.56
c_2949,m_3670,259535,app_3457,started,400,400,1.56
c_2949,m_3670,364845,app_3457,started,400,400,1.56
c_2950,m_840,0,app_1307,started,400,400,1.56
c_2950,m_840,22606,app_1307,started,400,400,1.56
c_2950,m_840,117770,app_1307,started,400,400,1.56
c_2950,m_840,147306,app_1307,started,400,400,1.56
c_2950,m_840,269813,app_1307,started,400,400,1.56
c_2950,m_840,431033,app_1307,started,400,400,1.56
c_2951,m_1984,0,app_7264,started,800,800,3.13
c_2951,m_1984,284937,app_7264,started,800,800,3.13
c_2951,m_1984,380143,app_7264,started,800,800,3.13
c_2952,m_3833,0,app_8817,started,400,400,1.56
c_2952,m_3833,72009,app_8817,started,400,400,1.56
c_2952,m_3833,72959,app_8817,started,400,400,1.56
c_2952,m_3833,129370,app_8817,started,400,400,1.56
c_2952,m_3833,130044,app_8817,started,400,400,1.56
c_2952,m_3833,142359,app_8817,started,400,400,1.56
c_2952,m_3833,213979,app_8817,started,400,400,1.56
c_2952,m_3833,248946,app_8817,started,400,400,1.56
c_2952,m_3833,382908,app_8817,started,400,400,1.56
c_2953,m_2481,0,app_7134,started,400,400,1.56
c_2953,m_2481,12034,app_7134,started,400,400,1.56
c_2953,m_2481,107300,app_7134,started,400,400,1.56
c_2953,m_2481,176597,app_7134,started,400,400,1.56
c_2953,m_2481,209757,app_7134,started,400,400,1.56
c_2953,m_2481,259059,app_7134,started,400,400,1.56
c_2953,m_2481,418583,app_7134,started,400,400,1.56
c_2954,m_1534,0,app_9673,started,400,480,1.56
c_2954,m_1534,26830,app_9673,started,400,480,1.56
c_2954,m_1534,121782,app_9673,started,400,480,1.56
c_2954,m_1534,275244,app_9673,started,400,480,1.56
c_2955,m_1965,578720,app_2856,started,800,800,3.13
c_2955,m_1965,588791,app_2856,started,800,800,3.13
c_2955,m_1965,594534,app_2856,started,800,800,3.13
c_2955,m_1965,664732,app_2856,started,800,800,3.13
c_2956,m_2056,0,app_8775,started,400,400,1.56
c_2956,m_2056,31795,app_8775,started,400,400,1.56
c_2956,m_2056,128315,app_8775,started,400,400,1.56
c_2956,m_2056,238382,app_8775,started,400,400,1.56
c_2956,m_2056,443844,app_8775,started,400,400,1.56
c_2957,m_1349,0,app_8233,stopped,400,480,1.56
c_2957,m_1349,18229,app_8233,stopped,400,480,1.56
c_2957,m_1349,113789,app_8233,stopped,400,480,1.56
c_2957,m_1349,265360,app_8233,stopped,400,480,1.56
c_2958,m_2575,0,app_7414,started,800,800,3.13
c_2958,m_2575,11305,app_7414,started,800,800,3.13
c_2958,m_2575,105784,app_7414,started,800,800,3.13
c_2958,m_2575,174670,app_7414,started,800,800,3.13
c_2958,m_2575,208214,app_7414,started,800,800,3.13
c_2958,m_2575,259137,app_7414,started,800,800,3.13
c_2958,m_2575,349462,app_7414,started,800,800,3.13
c_2959,m_3242,0,app_8200,started,400,400,1.56
c_2959,m_3242,25240,app_8200,started,400,400,1.56
c_2959,m_3242,77023,app_8200,started,400,400,1.56
c_2959,m_3242,80129,app_8200,started,400,400,1.56
c_2959,m_3242,120131,app_8200,started,400,400,1.56
c_2959,m_3242,161057,app_8200,started,400,400,1.56
c_2959,m_3242,273520,app_8200,started,400,400,1.56
c_2959,m_3242,333311,app_8200,started,400,400,1.56
c_2960,m_3460,0,app_5245,started,400,480,1.56
c_2960,m_3460,51502,app_5245,started,400,480,1.56
c_2960,m_3460,290896,app_5245,started,400,480,1.56
c_2961,m_3706,0,app_8799,started,800,800,3.13
c_2961,m_3706,10697,app_8799,started,800,800,3.13
c_2961,m_3706,105161,app_8799,started,800,800,3.13
c_2961,m_3706,158042,app_8799,started,800,800,3.13
c_2961,m_3706,174078,app_8799,started,800,800,3.13
c_2961,m_3706,207611,app_8799,started,800,800,3.13
c_2961,m_3706,248601,app_8799,started,800,800,3.13
c_2961,m_3706,324080,app_8799,started,800,800,3.13
c_2962,m_1949,0,app_6359,started,400,400,1.56
c_2962,m_1949,284885,app_6359,started,400,400,1.56
c_2962,m_1949,451319,app_6359,started,400,400,1.56
c_2963,m_3427,250333,app_3549,started,400,400,1.56
c_2963,m_3427,276882,app_3549,started,400,400,1.56
c_2963,m_3427,336520,app_3549,started,400,400,1.56
c_2964,m_883,0,app_2562,started,800,800,3.13
c_2964,m_883,263676,app_2562,started,800,800,3.13
c_2964,m_883,345050,app_2562,started,800,800,3.13
c_2965,m_2253,0,app_7936,started,400,400,1.56
c_2965,m_2253,24372,app_7936,started,400,400,1.56
c_2965,m_2253,120307,app_7936,started,400,400,1.56
c_2965,m_2253,125867,app_7936,started,400,400,1.56
c_2965,m_2253,129534,app_7936,started,400,400,1.56
c_2965,m_2253,130211,app_7936,started,400,400,1.56
c_2965,m_2253,162899,app_7936,started,400,400,1.56
c_2965,m_2253,225051,app_7936,started,400,400,1.56
c_2965,m_2253,271599,app_7936,started,400,400,1.56
c_2965,m_2253,339272,app_7936,started,400,400,1.56
c_2966,m_2357,0,app_4727,started,400,400,1.56
c_2966,m_2357,29152,app_4727,started,400,400,1.56
c_2966,m_2357,124298,app_4727,started,400,400,1.56
c_2966,m_2357,277727,app_4727,started,400,400,1.56
c_2966,m_2357,372690,app_4727,started,400,400,1.56
c_2967,m_3930,0,app_3166,started,400,400,1.56
c_2967,m_3930,29797,app_3166,started,400,400,1.56
c_2967,m_3930,124975,app_3166,started,400,400,1.56
c_2967,m_3930,278401,app_3166,started,400,400,1.56
c_2967,m_3930,373508,app_3166,started,400,400,1.56
c_2968,m_2041,0,app_8462,started,400,400,1.56
c_2968,m_2041,14707,app_8462,started,400,400,1.56
c_2968,m_2041,109215,app_8462,started,400,400,1.56
c_2968,m_2041,177847,app_8462,started,400,400,1.56
c_2968,m_2041,262584,app_8462,started,400,400,1.56
c_2968,m_2041,353291,app_8462,started,400,400,1.56
c_2969,m_48,0,app_9347,started,400,400,1.56
c_2969,m_48,13847,app_9347,started,400,400,1.56
c_2969,m_48,108381,app_9347,started,400,400,1.56
c_2969,m_48,125904,app_9347,started,400,400,1.56
c_2969,m_48,129529,app_9347,started,400,400,1.56
c_2969,m_48,130199,app_9347,started,400,400,1.56
c_2969,m_48,162848,app_9347,started,400,400,1.56
c_2969,m_48,177052,app_9347,started,400,400,1.56
c_2969,m_48,210667,app_9347,started,400,400,1.56
c_2969,m_48,261777,app_9347,started,400,400,1.56
c_2969,m_48,352342,app_9347,started,400,400,1.56
c_2970,m_2179,0,app_4919,started,400,400,1.56
c_2970,m_2179,9623,app_4919,started,400,400,1.56
c_2970,m_2179,104731,app_4919,started,400,400,1.56
c_2970,m_2179,174120,app_4919,started,400,400,1.56
c_2970,m_2179,207244,app_4919,started,400,400,1.56
c_2970,m_2179,256596,app_4919,started,400,400,1.56
c_2970,m_2179,378456,app_4919,started,400,400,1.56
c_2970,m_2179,638416,app_4919,started,400,400,1.56
c_2971,m_2504,0,app_8202,started,400,400,1.56
c_2971,m_2504,284439,app_8202,started,400,400,1.56
c_2971,m_2504,450985,app_8202,started,400,400,1.56
c_2972,m_3340,0,app_7471,started,400,400,1.56
c_2972,m_3340,287304,app_7471,started,400,400,1.56
c_2972,m_3340,382626,app_7471,started,400,400,1.56
c_2973,m_339,0,app_2692,started,400,400,1.56
c_2973,m_339,9765,app_2692,started,400,400,1.56
c_2973,m_339,104176,app_2692,started,400,400,1.56
c_2973,m_339,173156,app_2692,started,400,400,1.56
c_2973,m_339,206677,app_2692,started,400,400,1.56
c_2973,m_339,257501,app_2692,started,400,400,1.56
c_2973,m_339,347813,app_2692,started,400,400,1.56
c_2974,m_169,0,app_6819,started,400,400,1.56
c_2974,m_169,11336,app_6819,started,400,400,1.56
c_2974,m_169,53469,app_6819,started,400,400,1.56
c_2974,m_169,105817,app_6819,started,400,400,1.56
c_2974,m_169,174701,app_6819,started,400,400,1.56
c_2974,m_169,208248,app_6819,started,400,400,1.56
c_2974,m_169,259170,app_6819,started,400,400,1.56
c_2974,m_169,349494,app_6819,started,400,400,1.56
c_2974,m_169,637609,app_6819,started,400,400,1.56
c_2975,m_1870,0,app_5895,started,400,400,1.56
c_2975,m_1870,12884,app_5895,started,400,400,1.56
c_2975,m_1870,107364,app_5895,started,400,400,1.56
c_2975,m_1870,176144,app_5895,started,400,400,1.56
c_2975,m_1870,209756,app_5895,started,400,400,1.56
c_2975,m_1870,260811,app_5895,started,400,400,1.56
c_2975,m_1870,351214,app_5895,started,400,400,1.56
c_2976,m_584,0,app_5253,started,800,960,3.13
c_2976,m_584,284451,app_5253,started,800,960,3.13
c_2977,m_3628,0,app_9145,started,400,480,1.56
c_2977,m_3628,21277,app_9145,started,400,480,1.56
c_2977,m_3628,116351,app_9145,started,400,480,1.56
c_2977,m_3628,254429,app_9145,started,400,480,1.56
c_2978,m_1081,76509,app_4053,started,400,400,1.56
c_2978,m_1081,158066,app_4053,started,400,400,1.56
c_2978,m_1081,290542,app_4053,started,400,400,1.56
c_2978,m_1081,336931,app_4053,started,400,400,1.56
c_2978,m_1081,386158,app_4053,started,400,400,1.56
c_2979,m_2166,0,app_1116,started,400,400,1.56
c_2979,m_2166,28211,app_1116,started,400,400,1.56
c_2979,m_2166,124450,app_1116,started,400,400,1.56
c_2979,m_2166,275545,app_1116,started,400,400,1.56
c_2979,m_2166,438332,app_1116,started,400,400,1.56
c_2980,m_362,0,app_3567,started,400,400,1.56
c_2980,m_362,9821,app_3567,started,400,400,1.56
c_2980,m_362,104233,app_3567,started,400,400,1.56
c_2980,m_362,173211,app_3567,started,400,400,1.56
c_2980,m_362,179047,app_3567,started,400,400,1.56
c_2980,m_362,206735,app_3567,started,400,400,1.56
c_2980,m_362,257563,app_3567,started,400,400,1.56
c_2980,m_362,347871,app_3567,started,400,400,1.56
c_2980,m_362,635670,app_3567,started,400,400,1.56
c_2981,m_2935,0,app_5744,started,400,400,1.56
c_2981,m_2935,290550,app_5744,started,400,400,1.56
c_2981,m_2935,386166,app_5744,started,400,400,1.56
c_2982,m_1610,163131,app_4142,started,800,800,6.25
c_2982,m_1610,228208,app_4142,started,800,800,6.25
c_2982,m_1610,316898,app_4142,started,800,800,6.25
c_2982,m_1610,447703,app_4142,started,800,800,6.25
c_2983,m_3913,229779,app_8445,started,800,800,6.25
c_2983,m_3913,282113,app_8445,started,800,800,6.25
c_2983,m_3913,448347,app_8445,started,800,800,6.25
c_2984,m_3151,0,app_3124,started,400,400,1.56
c_2984,m_3151,35090,app_3124,started,400,400,1.56
c_2984,m_3151,282715,app_3124,started,400,400,1.56
c_2984,m_3151,448860,app_3124,started,400,400,1.56
c_2985,m_1668,578744,app_1499,started,800,800,3.13
c_2985,m_1668,588754,app_1499,started,800,800,3.13
c_2985,m_1668,594688,app_1499,started,800,800,3.13
c_2985,m_1668,664878,app_1499,started,800,800,3.13
c_2986,m_3551,0,app_9741,started,400,400,1.56
c_2986,m_3551,290240,app_9741,started,400,400,1.56
c_2986,m_3551,385827,app_9741,started,400,400,1.56
c_2987,m_1648,0,app_2965,started,400,400,1.56
c_2987,m_1648,28970,app_2965,started,400,400,1.56
c_2987,m_1648,125249,app_2965,started,400,400,1.56
c_2987,m_1648,164863,app_2965,started,400,400,1.56
c_2987,m_1648,276314,app_2965,started,400,400,1.56
c_2987,m_1648,439171,app_2965,started,400,400,1.56
c_2988,m_568,0,app_1230,started,800,800,3.13
c_2988,m_568,225043,app_1230,started,800,800,3.13
c_2988,m_568,228197,app_1230,started,800,800,3.13
c_2988,m_568,338287,app_1230,started,800,800,3.13
c_2989,m_1534,0,app_447,started,400,480,1.56
c_2989,m_1534,26830,app_447,started,400,480,1.56
c_2989,m_1534,121781,app_447,started,400,480,1.56
c_2989,m_1534,275244,app_447,started,400,480,1.56
c_2990,m_1661,0,app_3436,started,400,400,1.56
c_2990,m_1661,22832,app_3436,started,400,400,1.56
c_2990,m_1661,117648,app_3436,started,400,400,1.56
c_2990,m_1661,271051,app_3436,started,400,400,1.56
c_2990,m_1661,365169,app_3436,started,400,400,1.56
c_2991,m_501,0,app_1552,started,400,400,1.56
c_2991,m_501,32444,app_1552,started,400,400,1.56
c_2991,m_501,127768,app_1552,started,400,400,1.56
c_2991,m_501,281444,app_1552,started,400,400,1.56
c_2991,m_501,338800,app_1552,started,400,400,1.56
c_2992,m_2902,666977,app_3022,started,400,400,1.56
c_2993,m_3709,0,app_8333,started,400,400,1.56
c_2993,m_3709,33059,app_8333,started,400,400,1.56
c_2993,m_3709,129688,app_8333,started,400,400,1.56
c_2993,m_3709,250830,app_8333,started,400,400,1.56
c_2993,m_3709,445900,app_8333,started,400,400,1.56
c_2994,m_2444,0,app_1211,started,400,400,1.56
c_2994,m_2444,32697,app_1211,started,400,400,1.56
c_2994,m_2444,129304,app_1211,started,400,400,1.56
c_2994,m_2444,280226,app_1211,started,400,400,1.56
c_2994,m_2444,406839,app_1211,started,400,400,1.56
c_2995,m_3052,0,app_7993,started,400,480,1.56
c_2995,m_3052,19854,app_7993,started,400,480,1.56
c_2995,m_3052,115511,app_7993,started,400,480,1.56
c_2995,m_3052,267061,app_7993,started,400,480,1.56
c_2996,m_283,0,app_7800,started,400,400,1.56
c_2996,m_283,10930,app_7800,started,400,400,1.56
c_2996,m_283,105401,app_7800,started,400,400,1.56
c_2996,m_283,174306,app_7800,started,400,400,1.56
c_2996,m_283,207841,app_7800,started,400,400,1.56
c_2996,m_283,258739,app_7800,started,400,400,1.56
c_2997,m_2274,0,app_2819,started,800,800,3.13
c_2997,m_2274,283668,app_2819,started,800,800,3.13
c_2997,m_2274,410821,app_2819,started,800,800,3.13
c_2998,m_3477,0,app_4224,started,400,400,1.56
c_2998,m_3477,287153,app_4224,started,400,400,1.56
c_2998,m_3477,382465,app_4224,started,400,400,1.56
c_2998,m_3477,574555,app_4224,started,400,400,1.56
c_2999,m_3021,0,app_6087,started,400,480,1.56
c_2999,m_3021,7336,app_6087,started,400,480,1.56
c_2999,m_3021,102312,app_6087,started,400,480,1.56
c_2999,m_3021,171737,app_6087,started,400,480,1.56
c_2999,m_3021,204861,app_6087,started,400,480,1.56
c_2999,m_3021,254237,app_6087,started,400,480,1.56
c_2999,m_3021,634880,app_6087,started,400,480,1.56
c_3000,m_2437,0,app_7221,started,400,400,1.56
c_3000,m_2437,15724,app_7221,started,400,400,1.56
c_3000,m_2437,110227,app_7221,started,400,400,1.56
c_3000,m_2437,263605,app_7221,started,400,400,1.56
c_3000,m_2437,341070,app_7221,started,400,400,1.56
c_3000,m_2437,447835,app_7221,started,400,400,1.56
c_3001,m_1025,0,app_8081,started,400,400,1.56
c_3001,m_1025,13266,app_8081,started,400,400,1.56
c_3001,m_1025,108575,app_8081,started,400,400,1.56
c_3001,m_1025,177859,app_8081,started,400,400,1.56
c_3001,m_1025,260388,app_8081,started,400,400,1.56
c_3001,m_1025,384049,app_8081,started,400,400,1.56
c_3002,m_2550,0,app_312,started,400,400,1.56
c_3002,m_2550,22391,app_312,started,400,400,1.56
c_3002,m_2550,117549,app_312,started,400,400,1.56
c_3002,m_2550,243008,app_312,started,400,400,1.56
c_3002,m_2550,430682,app_312,started,400,400,1.56
c_3003,m_1167,0,app_1621,started,400,400,1.56
c_3003,m_1167,22651,app_1621,started,400,400,1.56
c_3003,m_1167,117463,app_1621,started,400,400,1.56
c_3003,m_1167,270864,app_1621,started,400,400,1.56
c_3003,m_1167,364955,app_1621,started,400,400,1.56
c_3004,m_2904,0,app_1928,started,400,400,1.56
c_3004,m_2904,28142,app_1928,started,400,400,1.56
c_3004,m_2904,77593,app_1928,started,400,400,1.56
c_3004,m_2904,123192,app_1928,started,400,400,1.56
c_3004,m_2904,276632,app_1928,started,400,400,1.56
c_3004,m_2904,371432,app_1928,started,400,400,1.56
c_3005,m_1568,0,app_3325,started,400,400,1.56
c_3005,m_1568,12812,app_3325,started,400,400,1.56
c_3005,m_1568,108107,app_3325,started,400,400,1.56
c_3005,m_1568,177387,app_3325,started,400,400,1.56
c_3005,m_1568,210552,app_3325,started,400,400,1.56
c_3005,m_1568,259932,app_3325,started,400,400,1.56
c_3005,m_1568,383264,app_3325,started,400,400,1.56
c_3006,m_314,0,app_704,started,400,400,1.56
c_3006,m_314,10683,app_704,started,400,400,1.56
c_3006,m_314,105147,app_704,started,400,400,1.56
c_3006,m_314,174063,app_704,started,400,400,1.56
c_3006,m_314,207594,app_704,started,400,400,1.56
c_3006,m_314,258479,app_704,started,400,400,1.56
c_3006,m_314,324081,app_704,started,400,400,1.56
c_3007,m_116,0,app_8989,started,400,400,1.56
c_3007,m_116,19507,app_8989,started,400,400,1.56
c_3007,m_116,115147,app_8989,started,400,400,1.56
c_3007,m_116,266719,app_8989,started,400,400,1.56
c_3007,m_116,390539,app_8989,started,400,400,1.56
c_3008,m_1273,0,app_5366,started,800,800,3.13
c_3008,m_1273,15516,app_5366,started,800,800,3.13
c_3008,m_1273,110017,app_5366,started,800,800,3.13
c_3008,m_1273,263390,app_5366,started,800,800,3.13
c_3008,m_1273,354850,app_5366,started,800,800,3.13
c_3009,m_118,0,app_9043,started,400,400,1.56
c_3009,m_118,23000,app_9043,started,400,400,1.56
c_3009,m_118,117815,app_9043,started,400,400,1.56
c_3009,m_118,271220,app_9043,started,400,400,1.56
c_3009,m_118,365356,app_9043,started,400,400,1.56
c_3010,m_533,0,app_5853,started,400,480,1.56
c_3010,m_533,290784,app_5853,started,400,480,1.56
c_3011,m_2518,0,app_5412,started,400,400,1.56
c_3011,m_2518,287839,app_5412,started,400,400,1.56
c_3011,m_2518,383199,app_5412,started,400,400,1.56
c_3012,m_1716,0,app_6217,started,400,400,1.56
c_3012,m_1716,14440,app_6217,started,400,400,1.56
c_3012,m_1716,108996,app_6217,started,400,400,1.56
c_3012,m_1716,177639,app_6217,started,400,400,1.56
c_3012,m_1716,215561,app_6217,started,400,400,1.56
c_3012,m_1716,262368,app_6217,started,400,400,1.56
c_3012,m_1716,353036,app_6217,started,400,400,1.56
c_3012,m_1716,555207,app_6217,started,400,400,1.56
c_3012,m_1716,642420,app_6217,started,400,400,1.56
c_3012,m_1716,678053,app_6217,started,400,400,1.56
c_3013,m_4015,0,app_7277,started,400,400,1.56
c_3013,m_4015,25230,app_7277,started,400,400,1.56
c_3013,m_4015,120121,app_7277,started,400,400,1.56
c_3013,m_4015,273509,app_7277,started,400,400,1.56
c_3013,m_4015,368074,app_7277,started,400,400,1.56
c_3014,m_1446,0,app_7681,started,400,400,1.56
c_3014,m_1446,290258,app_7681,started,400,400,1.56
c_3014,m_1446,385844,app_7681,started,400,400,1.56
c_3015,m_640,0,app_3762,started,400,400,1.56
c_3015,m_640,15116,app_3762,started,400,400,1.56
c_3015,m_640,109622,app_3762,started,400,400,1.56
c_3015,m_640,262990,app_3762,started,400,400,1.56
c_3015,m_640,317725,app_3762,started,400,400,1.56
c_3016,m_1411,0,app_6605,started,400,480,1.56
c_3016,m_1411,9375,app_6605,started,400,480,1.56
c_3016,m_1411,103764,app_6605,started,400,480,1.56
c_3016,m_1411,172720,app_6605,started,400,480,1.56
c_3016,m_1411,206300,app_6605,started,400,480,1.56
c_3016,m_1411,257096,app_6605,started,400,480,1.56
c_3017,m_418,0,app_2241,started,400,400,1.56
c_3017,m_418,34505,app_2241,started,400,400,1.56
c_3017,m_418,282100,app_2241,started,400,400,1.56
c_3017,m_418,448326,app_2241,started,400,400,1.56
c_3018,m_1240,0,app_6217,started,400,400,1.56
c_3018,m_1240,35505,app_6217,started,400,400,1.56
c_3018,m_1240,284686,app_6217,started,400,400,1.56
c_3018,m_1240,294728,app_6217,started,400,400,1.56
c_3018,m_1240,379849,app_6217,started,400,400,1.56
c_3019,m_1773,0,app_561,started,400,400,1.56
c_3019,m_1773,22970,app_561,started,400,400,1.56
c_3019,m_1773,117786,app_561,started,400,400,1.56
c_3019,m_1773,271189,app_561,started,400,400,1.56
c_3019,m_1773,365323,app_561,started,400,400,1.56
c_3020,m_2176,0,app_9204,started,400,400,1.56
c_3020,m_2176,13746,app_9204,started,400,400,1.56
c_3020,m_2176,109088,app_9204,started,400,400,1.56
c_3020,m_2176,260888,app_9204,started,400,400,1.56
c_3020,m_2176,384888,app_9204,started,400,400,1.56
c_3021,m_948,0,app_7098,started,400,400,1.56
c_3021,m_948,15032,app_7098,started,400,400,1.56
c_3021,m_948,110389,app_7098,started,400,400,1.56
c_3021,m_948,262153,app_7098,started,400,400,1.56
c_3021,m_948,320736,app_7098,started,400,400,1.56
c_3022,m_1910,0,app_8786,started,400,400,1.56
c_3022,m_1910,12730,app_8786,started,400,400,1.56
c_3022,m_1910,108022,app_8786,started,400,400,1.56
c_3022,m_1910,177305,app_8786,started,400,400,1.56
c_3022,m_1910,210468,app_8786,started,400,400,1.56
c_3022,m_1910,259844,app_8786,started,400,400,1.56
c_3022,m_1910,383100,app_8786,started,400,400,1.56
c_3023,m_414,0,app_1429,started,400,400,1.56
c_3023,m_414,18401,app_1429,started,400,400,1.56
c_3023,m_414,113008,app_1429,started,400,400,1.56
c_3023,m_414,266331,app_1429,started,400,400,1.56
c_3023,m_414,342805,app_1429,started,400,400,1.56
c_3024,m_3435,0,app_180,started,400,400,1.56
c_3024,m_3435,13253,app_180,started,400,400,1.56
c_3024,m_3435,108562,app_180,started,400,400,1.56
c_3024,m_3435,177846,app_180,started,400,400,1.56
c_3024,m_3435,260375,app_180,started,400,400,1.56
c_3024,m_3435,384024,app_180,started,400,400,1.56
c_3025,m_471,0,app_7030,started,400,400,1.56
c_3025,m_471,286870,app_7030,started,400,400,1.56
c_3025,m_471,382160,app_7030,started,400,400,1.56
c_3026,m_1595,0,app_5657,started,400,400,1.56
c_3026,m_1595,28392,app_5657,started,400,400,1.56
c_3026,m_1595,124648,app_5657,started,400,400,1.56
c_3026,m_1595,275728,app_5657,started,400,400,1.56
c_3026,m_1595,403407,app_5657,started,400,400,1.56
c_3027,m_2986,0,app_9597,started,400,400,1.56
c_3027,m_2986,41098,app_9597,started,400,400,1.56
c_3027,m_2986,290826,app_9597,started,400,400,1.56
c_3027,m_2986,386430,app_9597,started,400,400,1.56
c_3028,m_3885,0,app_4345,started,400,400,1.56
c_3028,m_3885,13582,app_4345,started,400,400,1.56
c_3028,m_3885,108092,app_4345,started,400,400,1.56
c_3028,m_3885,176788,app_4345,started,400,400,1.56
c_3028,m_3885,210404,app_4345,started,400,400,1.56
c_3028,m_3885,261493,app_4345,started,400,400,1.56
c_3028,m_3885,352065,app_4345,started,400,400,1.56
c_3029,m_1117,0,app_3707,started,800,800,3.13
c_3029,m_1117,285391,app_3707,started,800,800,3.13
c_3029,m_1117,336125,app_3707,started,800,800,3.13
c_3030,m_1164,0,app_4223,started,400,480,1.56
c_3030,m_1164,25134,app_4223,started,400,480,1.56
c_3030,m_1164,120022,app_4223,started,400,480,1.56
c_3030,m_1164,273411,app_4223,started,400,480,1.56
c_3031,m_3012,163086,app_4142,started,800,800,6.25
c_3031,m_3012,229506,app_4142,started,800,800,6.25
c_3031,m_3012,439798,app_4142,started,800,800,6.25
c_3032,m_1514,44125,app_1215,started,400,400,1.56
c_3032,m_1514,109476,app_1215,started,400,400,1.56
c_3032,m_1514,262839,app_1215,started,400,400,1.56
c_3032,m_1514,353859,app_1215,started,400,400,1.56
c_3032,m_1514,446931,app_1215,started,400,400,1.56
c_3032,m_1514,555867,app_1215,started,400,400,1.56
c_3033,m_3194,64810,app_8132,started,3200,3200,17.97
c_3033,m_3194,66097,app_8132,started,3200,3200,17.97
c_3033,m_3194,71669,app_8132,started,3200,3200,17.97
c_3033,m_3194,73767,app_8132,started,3200,3200,17.97
c_3033,m_3194,81001,app_8132,started,3200,3200,17.97
c_3033,m_3194,122161,app_8132,started,3200,3200,17.97
c_3033,m_3194,127650,app_8132,started,3200,3200,17.97
c_3033,m_3194,134115,app_8132,started,3200,3200,17.97
c_3033,m_3194,137105,app_8132,started,3200,3200,17.97
c_3034,m_261,0,app_6630,started,400,480,1.56
c_3034,m_261,287894,app_6630,started,400,480,1.56
c_3035,m_2156,0,app_2264,started,400,400,1.56
c_3035,m_2156,11564,app_2264,started,400,400,1.56
c_3035,m_2156,106806,app_2264,started,400,400,1.56
c_3035,m_2156,176112,app_2264,started,400,400,1.56
c_3035,m_2156,209276,app_2264,started,400,400,1.56
c_3035,m_2156,258582,app_2264,started,400,400,1.56
c_3035,m_2156,382126,app_2264,started,400,400,1.56
c_3036,m_3132,0,app_7269,started,400,400,1.56
c_3036,m_3132,15701,app_7269,started,400,400,1.56
c_3036,m_3132,111086,app_7269,started,400,400,1.56
c_3036,m_3132,262798,app_7269,started,400,400,1.56
c_3036,m_3132,386357,app_7269,started,400,400,1.56
c_3037,m_994,0,app_2369,started,400,400,1.56
c_3037,m_994,27394,app_2369,started,400,400,1.56
c_3037,m_994,122395,app_2369,started,400,400,1.56
c_3037,m_994,125907,app_2369,started,400,400,1.56
c_3037,m_994,130183,app_2369,started,400,400,1.56
c_3037,m_994,163083,app_2369,started,400,400,1.56
c_3037,m_994,275829,app_2369,started,400,400,1.56
c_3037,m_994,370576,app_2369,started,400,400,1.56
c_3038,m_1656,0,app_9678,started,800,800,3.13
c_3038,m_1656,32016,app_9678,started,800,800,3.13
c_3038,m_1656,128560,app_9678,started,800,800,3.13
c_3038,m_1656,245189,app_9678,started,800,800,3.13
c_3038,m_1656,406468,app_9678,started,800,800,3.13
c_3039,m_156,53207,app_7604,started,400,400,1.56
c_3039,m_156,261881,app_7604,started,400,400,1.56
c_3039,m_156,385839,app_7604,started,400,400,1.56
c_3040,m_3165,0,app_3715,started,400,400,1.56
c_3040,m_3165,22161,app_3715,started,400,400,1.56
c_3040,m_3165,116951,app_3715,started,400,400,1.56
c_3040,m_3165,270352,app_3715,started,400,400,1.56
c_3040,m_3165,364418,app_3715,started,400,400,1.56
c_3041,m_3482,0,app_3423,started,400,400,1.56
c_3041,m_3482,15349,app_3423,started,400,400,1.56
c_3041,m_3482,109848,app_3423,started,400,400,1.56
c_3041,m_3482,263215,app_3423,started,400,400,1.56
c_3041,m_3482,354632,app_3423,started,400,400,1.56
c_3042,m_3945,0,app_8522,started,400,480,1.56
c_3042,m_3945,31070,app_8522,started,400,480,1.56
c_3042,m_3945,127554,app_8522,started,400,480,1.56
c_3042,m_3945,278574,app_8522,started,400,480,1.56
c_3042,m_3945,442606,app_8522,started,400,480,1.56
c_3043,m_1251,0,app_9699,started,400,400,1.56
c_3043,m_1251,16898,app_9699,started,400,400,1.56
c_3043,m_1251,112368,app_9699,started,400,400,1.56
c_3043,m_1251,263994,app_9699,started,400,400,1.56
c_3043,m_1251,425474,app_9699,started,400,400,1.56
c_3044,m_574,0,app_5895,started,400,400,1.56
c_3044,m_574,11588,app_5895,started,400,400,1.56
c_3044,m_574,106831,app_5895,started,400,400,1.56
c_3044,m_574,158039,app_5895,started,400,400,1.56
c_3044,m_574,176136,app_5895,started,400,400,1.56
c_3044,m_574,209300,app_5895,started,400,400,1.56
c_3044,m_574,258607,app_5895,started,400,400,1.56
c_3044,m_574,334296,app_5895,started,400,400,1.56
c_3045,m_2952,341795,app_6763,started,400,400,1.56
c_3045,m_2952,594929,app_6763,stopped,400,400,1.56
c_3045,m_2952,638760,app_6763,started,400,400,1.56
c_3046,m_848,0,app_7876,started,800,800,3.13
c_3046,m_848,283895,app_7876,started,800,800,3.13
c_3046,m_848,411135,app_7876,started,800,800,3.13
c_3047,m_2554,0,app_8012,started,800,800,3.13
c_3047,m_2554,29369,app_8012,started,800,800,3.13
c_3047,m_2554,125696,app_8012,started,800,800,3.13
c_3047,m_2554,228208,app_8012,started,800,800,3.13
c_3047,m_2554,339444,app_8012,started,800,800,3.13
c_3048,m_1797,0,app_9524,started,400,400,1.56
c_3048,m_1797,32433,app_9524,started,400,400,1.56
c_3048,m_1797,63761,app_9524,started,400,400,1.56
c_3048,m_1797,70570,app_9524,started,400,400,1.56
c_3048,m_1797,129005,app_9524,started,400,400,1.56
c_3048,m_1797,279938,app_9524,started,400,400,1.56
c_3048,m_1797,444985,app_9524,started,400,400,1.56
c_3049,m_1213,0,app_1782,started,400,400,1.56
c_3049,m_1213,14736,app_1782,started,400,400,1.56
c_3049,m_1213,110082,app_1782,started,400,400,1.56
c_3049,m_1213,261857,app_1782,started,400,400,1.56
c_3049,m_1213,385798,app_1782,started,400,400,1.56
c_3050,m_1768,0,app_8682,stopped,800,800,3.13
c_3050,m_1768,32739,app_8682,stopped,800,800,3.13
c_3051,m_1588,0,app_8347,started,800,960,3.13
c_3051,m_1588,21681,app_8347,started,800,960,3.13
c_3051,m_1588,116790,app_8347,started,800,960,3.13
c_3051,m_1588,268862,app_8347,started,800,960,3.13
c_3052,m_1243,0,app_7048,started,400,400,1.56
c_3052,m_1243,32587,app_7048,started,400,400,1.56
c_3052,m_1243,127919,app_7048,started,400,400,1.56
c_3052,m_1243,281589,app_7048,started,400,400,1.56
c_3053,m_3655,0,app_8160,started,800,960,1.56
c_3053,m_3655,22803,app_8160,started,800,960,1.56
c_3053,m_3655,117619,app_8160,started,800,960,1.56
c_3053,m_3655,271022,app_8160,started,800,960,1.56
c_3054,m_3370,668035,app_7876,started,800,800,3.13
c_3055,m_2059,0,app_5732,started,800,800,3.13
c_3055,m_2059,32597,app_5732,started,800,800,3.13
c_3055,m_2059,129188,app_5732,started,800,800,3.13
c_3055,m_2059,280114,app_5732,started,800,800,3.13
c_3055,m_2059,445273,app_5732,started,800,800,3.13
c_3056,m_1696,0,app_4909,started,800,800,1.56
c_3056,m_1696,35030,app_4909,started,800,800,1.56
c_3056,m_1696,282654,app_4909,started,800,800,1.56
c_3056,m_1696,448788,app_4909,started,800,800,1.56
c_3057,m_2938,0,app_5877,started,800,800,3.13
c_3057,m_2938,26941,app_5877,started,800,800,3.13
c_3057,m_2938,121906,app_5877,started,800,800,3.13
c_3057,m_2938,275364,app_5877,started,800,800,3.13
c_3057,m_2938,340700,app_5877,started,800,800,3.13
c_3058,m_1059,0,app_2819,started,800,800,3.13
c_3058,m_1059,15934,app_2819,started,800,800,3.13
c_3058,m_1059,110440,app_2819,started,800,800,3.13
c_3058,m_1059,241887,app_2819,started,800,800,3.13
c_3058,m_1059,320267,app_2819,started,800,800,3.13
c_3059,m_3884,0,app_7573,started,1600,1600,9.38
c_3059,m_3884,32565,app_7573,started,1600,1600,9.38
c_3059,m_3884,127889,app_7573,started,1600,1600,9.38
c_3059,m_3884,281566,app_7573,started,1600,1600,9.38
c_3059,m_3884,376600,app_7573,started,1600,1600,9.38
c_3060,m_2106,0,app_282,started,400,400,1.56
c_3060,m_2106,7088,app_282,started,400,400,1.56
c_3060,m_2106,22519,app_282,started,400,400,1.56
c_3060,m_2106,34993,app_282,started,400,400,1.56
c_3061,m_2341,0,app_7813,started,400,400,1.56
c_3061,m_2341,19043,app_7813,started,400,400,1.56
c_3061,m_2341,114657,app_7813,started,400,400,1.56
c_3061,m_2341,266185,app_7813,started,400,400,1.56
c_3061,m_2341,427702,app_7813,started,400,400,1.56
c_3062,m_1762,0,app_7741,started,800,800,3.13
c_3062,m_1762,9247,app_7741,started,800,800,3.13
c_3062,m_1762,103630,app_7741,started,800,800,3.13
c_3062,m_1762,172596,app_7741,started,800,800,3.13
c_3062,m_1762,206167,app_7741,started,800,800,3.13
c_3062,m_1762,256960,app_7741,started,800,800,3.13
c_3062,m_1762,347240,app_7741,started,800,800,3.13
c_3063,m_724,0,app_8213,started,400,480,1.56
c_3063,m_724,285366,app_8213,started,400,480,1.56
c_3063,m_724,318692,app_8213,started,400,480,1.56
c_3064,m_78,0,app_6264,started,400,480,1.56
c_3064,m_78,23146,app_6264,started,400,480,1.56
c_3064,m_78,117966,app_6264,started,400,480,1.56
c_3064,m_78,271370,app_6264,started,400,480,1.56
c_3065,m_393,0,app_1233,started,400,400,1.56
c_3065,m_393,290793,app_1233,started,400,400,1.56
c_3065,m_393,386394,app_1233,started,400,400,1.56
c_3066,m_1107,0,app_1599,started,400,400,1.56
c_3066,m_1107,19946,app_1599,started,400,400,1.56
c_3066,m_1107,115609,app_1599,started,400,400,1.56
c_3066,m_1107,267158,app_1599,started,400,400,1.56
c_3066,m_1107,317255,app_1599,started,400,400,1.56
c_3066,m_1107,429169,app_1599,started,400,400,1.56
c_3067,m_3776,0,app_9093,started,400,400,1.56
c_3067,m_3776,28190,app_9093,started,400,400,1.56
c_3067,m_3776,70858,app_9093,allocated,400,400,1.56
c_3067,m_3776,123242,app_9093,started,400,400,1.56
c_3067,m_3776,276684,app_9093,started,400,400,1.56
c_3067,m_3776,371483,app_9093,started,400,400,1.56
c_3068,m_1557,0,app_8786,started,400,400,1.56
c_3068,m_1557,285564,app_8786,started,400,400,1.56
c_3068,m_1557,380786,app_8786,started,400,400,1.56
c_3069,m_10,0,app_583,started,400,400,1.56
c_3069,m_10,290326,app_583,started,400,400,1.56
c_3069,m_10,385929,app_583,started,400,400,1.56
c_3070,m_1779,0,app_12,started,400,480,1.56
c_3070,m_1779,17574,app_12,started,400,480,1.56
c_3070,m_1779,113074,app_12,started,400,480,1.56
c_3070,m_1779,264684,app_12,started,400,480,1.56
c_3071,m_1282,0,app_4492,started,400,400,1.56
c_3071,m_1282,15485,app_4492,started,400,400,1.56
c_3071,m_1282,109985,app_4492,started,400,400,1.56
c_3071,m_1282,263362,app_4492,started,400,400,1.56
c_3071,m_1282,354820,app_4492,started,400,400,1.56
c_3072,m_774,0,app_6206,started,400,480,1.56
c_3072,m_774,22722,app_6206,started,400,480,1.56
c_3072,m_774,117891,app_6206,started,400,480,1.56
c_3072,m_774,141593,app_6206,started,400,480,1.56
c_3072,m_774,269928,app_6206,started,400,480,1.56
c_3072,m_774,658812,app_6206,started,400,480,1.56
c_3073,m_3079,0,app_4186,started,400,400,3.13
c_3073,m_3079,7789,app_4186,started,400,400,3.13
c_3073,m_3079,102786,app_4186,started,400,400,3.13
c_3073,m_3079,172197,app_4186,started,400,400,3.13
c_3073,m_3079,205359,app_4186,started,400,400,3.13
c_3073,m_3079,225022,app_4186,started,400,400,3.13
c_3074,m_3341,0,app_4894,started,400,400,3.13
c_3074,m_3341,27585,app_4894,started,400,400,3.13
c_3074,m_3341,123770,app_4894,started,400,400,3.13
c_3074,m_3341,274925,app_4894,started,400,400,3.13
c_3074,m_3341,436811,app_4894,started,400,400,3.13
c_3075,m_3833,0,app_8559,started,400,400,1.56
c_3075,m_3833,72010,app_8559,started,400,400,1.56
c_3075,m_3833,72958,app_8559,started,400,400,1.56
c_3075,m_3833,129370,app_8559,started,400,400,1.56
c_3075,m_3833,130044,app_8559,started,400,400,1.56
c_3075,m_3833,142359,app_8559,started,400,400,1.56
c_3075,m_3833,213979,app_8559,started,400,400,1.56
c_3075,m_3833,248947,app_8559,started,400,400,1.56
c_3075,m_3833,382908,app_8559,started,400,400,1.56
c_3076,m_1438,0,app_5420,started,400,400,1.56
c_3076,m_1438,290862,app_5420,started,400,400,1.56
c_3076,m_1438,386466,app_5420,started,400,400,1.56
c_3076,m_1438,659032,app_5420,started,400,400,1.56
c_3077,m_2365,0,app_4492,started,400,400,1.56
c_3077,m_2365,16461,app_4492,started,400,400,1.56
c_3077,m_2365,110984,app_4492,started,400,400,1.56
c_3077,m_2365,264329,app_4492,started,400,400,1.56
c_3077,m_2365,355790,app_4492,started,400,400,1.56
c_3078,m_2733,0,app_3024,started,400,400,1.56
c_3078,m_2733,35055,app_3024,started,400,400,1.56
c_3078,m_2733,53485,app_3024,started,400,400,1.56
c_3078,m_2733,282680,app_3024,started,400,400,1.56
c_3078,m_2733,448815,app_3024,started,400,400,1.56
c_3079,m_3769,331192,app_851,started,400,400,1.56
c_3080,m_244,0,app_683,started,400,400,1.56
c_3080,m_244,19118,app_683,started,400,400,1.56
c_3080,m_244,64742,app_683,started,400,400,1.56
c_3080,m_244,114736,app_683,started,400,400,1.56
c_3080,m_244,125917,app_683,started,400,400,1.56
c_3080,m_244,130186,app_683,started,400,400,1.56
c_3080,m_244,162874,app_683,started,400,400,1.56
c_3080,m_244,266292,app_683,started,400,400,1.56
c_3080,m_244,347356,app_683,started,400,400,1.56
c_3081,m_3111,0,app_4038,started,800,800,2.34
c_3081,m_3111,14098,app_4038,started,800,800,2.34
c_3081,m_3111,108645,app_4038,started,800,800,2.34
c_3081,m_3111,177307,app_4038,started,800,800,2.34
c_3081,m_3111,210913,app_4038,started,800,800,2.34
c_3081,m_3111,262033,app_4038,started,800,800,2.34
c_3081,m_3111,347383,app_4038,started,800,800,2.34
c_3082,m_898,0,app_3012,started,400,400,1.56
c_3082,m_898,290888,app_3012,started,400,400,1.56
c_3082,m_898,386495,app_3012,started,400,400,1.56
c_3083,m_1075,0,app_6026,started,400,400,1.56
c_3083,m_1075,16583,app_6026,started,400,400,1.56
c_3083,m_1075,111106,app_6026,started,400,400,1.56
c_3083,m_1075,264440,app_6026,started,400,400,1.56
c_3083,m_1075,355927,app_6026,started,400,400,1.56
c_3084,m_2449,0,app_3491,started,400,400,1.56
c_3084,m_2449,35162,app_3491,started,400,400,1.56
c_3084,m_2449,282791,app_3491,started,400,400,1.56
c_3084,m_2449,448988,app_3491,started,400,400,1.56
c_3085,m_2921,0,app_1276,started,400,400,1.56
c_3085,m_2921,11379,app_1276,started,400,400,1.56
c_3085,m_2921,105861,app_1276,started,400,400,1.56
c_3085,m_2921,174741,app_1276,started,400,400,1.56
c_3085,m_2921,208289,app_1276,started,400,400,1.56
c_3085,m_2921,259218,app_1276,started,400,400,1.56
c_3085,m_2921,347378,app_1276,started,400,400,1.56
c_3086,m_2528,0,app_8704,started,400,400,1.56
c_3086,m_2528,14233,app_8704,started,400,400,1.56
c_3086,m_2528,109588,app_8704,started,400,400,1.56
c_3086,m_2528,261370,app_8704,started,400,400,1.56
c_3086,m_2528,385331,app_8704,started,400,400,1.56
c_3086,m_2528,588979,app_8704,started,400,400,1.56
c_3087,m_3816,0,app_2975,started,400,400,1.56
c_3087,m_3816,22655,app_2975,started,400,400,1.56
c_3087,m_3816,117820,app_2975,started,400,400,1.56
c_3087,m_3816,269861,app_2975,started,400,400,1.56
c_3087,m_3816,431093,app_2975,started,400,400,1.56
c_3088,m_3341,0,app_6864,started,400,400,1.56
c_3088,m_3341,27585,app_6864,started,400,400,1.56
c_3088,m_3341,123770,app_6864,started,400,400,1.56
c_3088,m_3341,274925,app_6864,started,400,400,1.56
c_3088,m_3341,436811,app_6864,started,400,400,1.56
c_3089,m_2035,0,app_5324,started,800,800,3.13
c_3089,m_2035,286558,app_5324,started,800,800,3.13
c_3089,m_2035,381853,app_5324,started,800,800,3.13
c_3090,m_583,581915,app_7876,started,800,800,3.13
c_3090,m_583,583639,app_7876,started,800,800,3.13
c_3091,m_736,0,app_141,started,800,800,3.13
c_3091,m_736,27400,app_141,started,800,800,3.13
c_3091,m_736,122401,app_141,started,800,800,3.13
c_3091,m_736,275835,app_141,started,800,800,3.13
c_3091,m_736,370582,app_141,started,800,800,3.13
c_3092,m_1842,0,app_8832,started,400,400,1.56
c_3092,m_1842,12569,app_8832,started,400,400,1.56
c_3092,m_1842,107043,app_8832,started,400,400,1.56
c_3092,m_1842,175837,app_8832,started,400,400,1.56
c_3092,m_1842,209452,app_8832,started,400,400,1.56
c_3092,m_1842,260482,app_8832,started,400,400,1.56
c_3092,m_1842,350868,app_8832,started,400,400,1.56
c_3093,m_550,0,app_2346,started,400,400,1.56
c_3093,m_550,243309,app_2346,started,400,400,1.56
c_3094,m_392,0,app_2754,started,400,400,1.56
c_3094,m_392,290203,app_2754,started,400,400,1.56
c_3094,m_392,385787,app_2754,started,400,400,1.56
c_3095,m_3318,0,app_1351,started,400,400,1.56
c_3095,m_3318,11788,app_1351,started,400,400,1.56
c_3095,m_3318,107044,app_1351,started,400,400,1.56
c_3095,m_3318,176351,app_1351,started,400,400,1.56
c_3095,m_3318,209509,app_1351,started,400,400,1.56
c_3095,m_3318,258814,app_1351,started,400,400,1.56
c_3095,m_3318,418137,app_1351,started,400,400,1.56
c_3096,m_3052,0,app_9467,started,400,480,1.56
c_3096,m_3052,19854,app_9467,started,400,480,1.56
c_3096,m_3052,115511,app_9467,started,400,480,1.56
c_3096,m_3052,267061,app_9467,started,400,480,1.56
c_3097,m_2805,123674,app_8183,started,400,400,1.56
c_3097,m_2805,268836,app_8183,started,400,400,1.56
c_3097,m_2805,393215,app_8183,started,400,400,1.56
c_3098,m_2217,0,app_1502,started,400,400,1.56
c_3098,m_2217,10058,app_1502,started,400,400,1.56
c_3098,m_2217,105209,app_1502,started,400,400,1.56
c_3098,m_2217,174576,app_1502,started,400,400,1.56
c_3098,m_2217,207712,app_1502,started,400,400,1.56
c_3098,m_2217,257070,app_1502,started,400,400,1.56
c_3098,m_2217,379304,app_1502,started,400,400,1.56
c_3099,m_2762,0,app_4353,started,400,400,1.56
c_3099,m_2762,286637,app_4353,started,400,400,1.56
c_3099,m_2762,381938,app_4353,started,400,400,1.56
c_3100,m_1028,0,app_3053,started,400,400,1.56
c_3100,m_1028,290167,app_3053,started,400,400,1.56
c_3100,m_1028,385750,app_3053,started,400,400,1.56
c_3101,m_2196,0,app_1748,started,400,400,1.56
c_3101,m_2196,33044,app_1748,started,400,400,1.56
c_3101,m_2196,129672,app_1748,started,400,400,1.56
c_3101,m_2196,280566,app_1748,started,400,400,1.56
c_3101,m_2196,445876,app_1748,started,400,400,1.56
c_3102,m_545,2063,app_5219,started,400,400,1.56
c_3102,m_545,33012,app_5219,started,400,400,1.56
c_3102,m_545,39622,app_5219,started,400,400,1.56
c_3102,m_545,129640,app_5219,started,400,400,1.56
c_3102,m_545,280535,app_5219,started,400,400,1.56
c_3102,m_545,445814,app_5219,started,400,400,1.56
c_3103,m_174,0,app_7331,started,400,400,1.56
c_3103,m_174,9741,app_7331,started,400,400,1.56
c_3103,m_174,104149,app_7331,started,400,400,1.56
c_3103,m_174,173132,app_7331,started,400,400,1.56
c_3103,m_174,206651,app_7331,started,400,400,1.56
c_3103,m_174,257475,app_7331,started,400,400,1.56
c_3103,m_174,347787,app_7331,started,400,400,1.56
c_3104,m_871,0,app_7375,started,400,400,1.56
c_3104,m_871,20679,app_7375,started,400,400,1.56
c_3104,m_871,116083,app_7375,started,400,400,1.56
c_3104,m_871,269477,app_7375,started,400,400,1.56
c_3104,m_871,363487,app_7375,started,400,400,1.56
c_3105,m_3439,0,app_3269,started,400,400,1.56
c_3105,m_3439,29216,app_3269,started,400,400,1.56
c_3105,m_3439,120017,app_3269,started,400,400,1.56
c_3105,m_3439,125870,app_3269,started,400,400,1.56
c_3105,m_3439,129537,app_3269,started,400,400,1.56
c_3105,m_3439,130185,app_3269,started,400,400,1.56
c_3105,m_3439,152097,app_3269,started,400,400,1.56
c_3105,m_3439,164165,app_3269,started,400,400,1.56
c_3105,m_3439,276609,app_3269,started,400,400,1.56
c_3105,m_3439,439562,app_3269,started,400,400,1.56
c_3106,m_3892,0,app_8058,started,400,400,1.56
c_3106,m_3892,13887,app_8058,started,400,400,1.56
c_3106,m_3892,109228,app_8058,started,400,400,1.56
c_3106,m_3892,252977,app_8058,started,400,400,1.56
c_3106,m_3892,384984,app_8058,started,400,400,1.56
c_3107,m_2351,0,app_8828,started,400,400,3.13
c_3107,m_2351,32391,app_8828,started,400,400,3.13
c_3107,m_2351,127709,app_8828,started,400,400,3.13
c_3107,m_2351,281382,app_8828,started,400,400,3.13
c_3107,m_2351,376396,app_8828,started,400,400,3.13
c_3108,m_174,0,app_8430,started,400,400,1.56
c_3108,m_174,9741,app_8430,started,400,400,1.56
c_3108,m_174,104150,app_8430,started,400,400,1.56
c_3108,m_174,173132,app_8430,started,400,400,1.56
c_3108,m_174,206651,app_8430,started,400,400,1.56
c_3108,m_174,257475,app_8430,started,400,400,1.56
c_3108,m_174,347787,app_8430,started,400,400,1.56
c_3109,m_1816,0,app_3765,started,400,480,1.56
c_3109,m_1816,30376,app_3765,started,400,480,1.56
c_3109,m_1816,125571,app_3765,started,400,480,1.56
c_3109,m_1816,279005,app_3765,started,400,480,1.56
c_3110,m_2912,0,app_7375,started,400,400,1.56
c_3110,m_2912,19736,app_7375,started,400,400,1.56
c_3110,m_2912,115393,app_7375,started,400,400,1.56
c_3110,m_2912,266952,app_7375,started,400,400,1.56
c_3110,m_2912,428966,app_7375,started,400,400,1.56
c_3111,m_947,0,app_6034,started,400,400,1.56
c_3111,m_947,9300,app_6034,started,400,400,1.56
c_3111,m_947,104369,app_6034,started,400,400,1.56
c_3111,m_947,173787,app_6034,started,400,400,1.56
c_3111,m_947,206911,app_6034,started,400,400,1.56
c_3111,m_947,256270,app_6034,started,400,400,1.56
c_3111,m_947,416117,app_6034,started,400,400,1.56
c_3112,m_3666,0,app_5696,started,2400,2400,9.38
c_3112,m_3666,28769,app_5696,started,2400,2400,9.38
c_3112,m_3666,125042,app_5696,started,2400,2400,9.38
c_3112,m_3666,276110,app_5696,started,2400,2400,9.38
c_3112,m_3666,403835,app_5696,started,2400,2400,9.38
c_3113,m_665,0,app_9756,started,400,400,1.56
c_3113,m_665,11716,app_9756,started,400,400,1.56
c_3113,m_665,106196,app_9756,started,400,400,1.56
c_3113,m_665,175058,app_9756,started,400,400,1.56
c_3113,m_665,208654,app_9756,started,400,400,1.56
c_3113,m_665,259642,app_9756,started,400,400,1.56
c_3113,m_665,349936,app_9756,started,400,400,1.56
c_3114,m_807,0,app_141,started,800,800,3.13
c_3114,m_807,15929,app_141,started,800,800,3.13
c_3114,m_807,110433,app_141,started,800,800,3.13
c_3114,m_807,263805,app_141,started,800,800,3.13
c_3114,m_807,347373,app_141,started,800,800,3.13
c_3115,m_477,0,app_2174,started,400,480,1.56
c_3115,m_477,15831,app_2174,started,400,480,1.56
c_3115,m_477,111226,app_2174,started,400,480,1.56
c_3115,m_477,262927,app_2174,started,400,480,1.56
c_3116,m_3784,0,app_9419,started,400,400,1.56
c_3116,m_3784,13753,app_9419,started,400,400,1.56
c_3116,m_3784,109094,app_9419,started,400,400,1.56
c_3116,m_3784,253043,app_9419,started,400,400,1.56
c_3116,m_3784,317617,app_9419,started,400,400,1.56
c_3117,m_1266,0,app_9198,started,400,400,1.56
c_3117,m_1266,289416,app_9198,started,400,400,1.56
c_3117,m_1266,384944,app_9198,started,400,400,1.56
c_3118,m_2321,0,app_3824,started,400,400,1.56
c_3118,m_2321,28932,app_3824,started,400,400,1.56
c_3118,m_2321,125213,app_3824,started,400,400,1.56
c_3118,m_2321,276272,app_3824,started,400,400,1.56
c_3118,m_2321,439123,app_3824,started,400,400,1.56
c_3119,m_1674,674430,app_8283,started,400,400,1.56
c_3120,m_3173,0,app_1552,started,400,400,1.56
c_3120,m_3173,10379,app_1552,started,400,400,1.56
c_3120,m_3173,104832,app_1552,started,400,400,1.56
c_3120,m_3173,173763,app_1552,started,400,400,1.56
c_3120,m_3173,207287,app_1552,started,400,400,1.56
c_3120,m_3173,258161,app_1552,started,400,400,1.56
c_3120,m_3173,348464,app_1552,started,400,400,1.56
c_3120,m_3173,636413,app_1552,started,400,400,1.56
c_3121,m_1270,0,app_3860,started,400,400,1.56
c_3121,m_1270,34392,app_3860,started,400,400,1.56
c_3121,m_1270,129804,app_3860,started,400,400,1.56
c_3121,m_1270,283492,app_3860,started,400,400,1.56
c_3121,m_1270,582826,app_3860,started,400,400,1.56
c_3122,m_3103,0,app_7999,started,400,400,1.56
c_3122,m_3103,15477,app_7999,started,400,400,1.56
c_3122,m_3103,109976,app_7999,started,400,400,1.56
c_3122,m_3103,263354,app_7999,started,400,400,1.56
c_3122,m_3103,354811,app_7999,started,400,400,1.56
c_3123,m_1523,0,app_5592,started,400,400,1.56
c_3123,m_1523,23698,app_5592,started,400,400,1.56
c_3123,m_1523,118559,app_5592,started,400,400,1.56
c_3123,m_1523,271964,app_5592,started,400,400,1.56
c_3123,m_1523,366230,app_5592,started,400,400,1.56
c_3124,m_3791,162895,app_5805,started,800,800,6.25
c_3124,m_3791,245212,app_5805,started,800,800,6.25
c_3124,m_3791,344059,app_5805,started,800,800,6.25
c_3125,m_1888,0,app_1680,started,400,400,1.56
c_3125,m_1888,32207,app_1680,started,400,400,1.56
c_3125,m_1888,38367,app_1680,started,400,400,1.56
c_3125,m_1888,127514,app_1680,started,400,400,1.56
c_3125,m_1888,281195,app_1680,started,400,400,1.56
c_3125,m_1888,376178,app_1680,started,400,400,1.56
c_3126,m_3687,0,app_2357,started,400,400,1.56
c_3126,m_3687,33327,app_2357,started,400,400,1.56
c_3126,m_3687,129966,app_2357,started,400,400,1.56
c_3126,m_3687,280844,app_2357,started,400,400,1.56
c_3126,m_3687,446190,app_2357,started,400,400,1.56
c_3127,m_350,365584,app_8174,started,800,800,3.13
c_3128,m_3061,0,app_9564,started,400,400,1.56
c_3128,m_3061,253513,app_9564,started,400,400,1.56
c_3128,m_3061,323775,app_9564,started,400,400,1.56
c_3129,m_1263,0,app_4392,started,800,800,6.25
c_3129,m_1263,286763,app_4392,started,800,800,6.25
c_3129,m_1263,382048,app_4392,started,800,800,6.25
c_3130,m_2394,0,app_3988,started,400,400,1.56
c_3130,m_2394,32132,app_3988,started,400,400,1.56
c_3130,m_2394,127433,app_3988,started,400,400,1.56
c_3130,m_2394,281115,app_3988,started,400,400,1.56
c_3130,m_2394,376101,app_3988,started,400,400,1.56
c_3131,m_3435,0,app_7321,started,400,400,1.56
c_3131,m_3435,13253,app_7321,started,400,400,1.56
c_3131,m_3435,108562,app_7321,started,400,400,1.56
c_3131,m_3435,177846,app_7321,started,400,400,1.56
c_3131,m_3435,260375,app_7321,started,400,400,1.56
c_3131,m_3435,384025,app_7321,started,400,400,1.56
c_3131,m_3435,643448,app_7321,started,400,400,1.56
c_3132,m_1102,0,app_7325,started,400,400,1.56
c_3132,m_1102,23125,app_7325,started,400,400,1.56
c_3132,m_1102,117945,app_7325,started,400,400,1.56
c_3132,m_1102,271348,app_7325,started,400,400,1.56
c_3132,m_1102,365503,app_7325,started,400,400,1.56
c_3132,m_1102,567929,app_7325,started,400,400,1.56
c_3133,m_3473,0,app_4038,started,800,800,2.34
c_3133,m_3473,12623,app_4038,started,800,800,2.34
c_3133,m_3473,107910,app_4038,started,800,800,2.34
c_3133,m_3473,177195,app_4038,started,800,800,2.34
c_3133,m_3473,210362,app_4038,started,800,800,2.34
c_3133,m_3473,259734,app_4038,started,800,800,2.34
c_3133,m_3473,382932,app_4038,started,800,800,2.34
c_3134,m_706,0,app_6993,started,400,400,1.56
c_3134,m_706,13492,app_6993,started,400,400,1.56
c_3134,m_706,107996,app_6993,started,400,400,1.56
c_3134,m_706,176699,app_6993,started,400,400,1.56
c_3134,m_706,210319,app_6993,started,400,400,1.56
c_3134,m_706,261403,app_6993,started,400,400,1.56
c_3134,m_706,324075,app_6993,started,400,400,1.56
c_3135,m_1852,0,app_6601,started,400,400,1.56
c_3135,m_1852,36011,app_6601,started,400,400,1.56
c_3135,m_1852,36268,app_6601,started,400,400,1.56
c_3135,m_1852,228813,app_6601,started,400,400,1.56
c_3135,m_1852,382201,app_6601,started,400,400,1.56
c_3136,m_1074,0,app_8766,started,400,480,1.56
c_3136,m_1074,55364,app_8766,started,400,480,1.56
c_3136,m_1074,156804,app_8766,started,400,480,1.56
c_3136,m_1074,166991,app_8766,started,400,480,1.56
c_3136,m_1074,246223,app_8766,started,400,480,1.56
c_3136,m_1074,603426,app_8766,started,400,480,1.56
c_3137,m_357,0,app_1479,started,400,400,1.56
c_3137,m_357,11690,app_1479,started,400,400,1.56
c_3137,m_357,106941,app_1479,started,400,400,1.56
c_3137,m_357,125917,app_1479,started,400,400,1.56
c_3137,m_357,129513,app_1479,started,400,400,1.56
c_3137,m_357,130198,app_1479,started,400,400,1.56
c_3137,m_357,176243,app_1479,started,400,400,1.56
c_3137,m_357,209406,app_1479,started,400,400,1.56
c_3137,m_357,258713,app_1479,started,400,400,1.56
c_3137,m_357,330692,app_1479,started,400,400,1.56
c_3138,m_1438,0,app_931,started,400,400,1.56
c_3138,m_1438,290862,app_931,started,400,400,1.56
c_3138,m_1438,386466,app_931,started,400,400,1.56
c_3139,m_3671,0,app_5701,started,400,400,1.56
c_3139,m_3671,31376,app_5701,started,400,400,1.56
c_3139,m_3671,127875,app_5701,started,400,400,1.56
c_3139,m_3671,278874,app_5701,started,400,400,1.56
c_3139,m_3671,317256,app_5701,started,400,400,1.56
c_3139,m_3671,678024,app_5701,started,400,400,1.56
c_3140,m_907,0,app_7791,started,800,800,3.13
c_3140,m_907,29686,app_7791,started,800,800,3.13
c_3140,m_907,126039,app_7791,started,800,800,3.13
c_3140,m_907,277143,app_7791,started,800,800,3.13
c_3141,m_3044,0,app_5278,started,400,400,1.56
c_3141,m_3044,13992,app_5278,started,400,400,1.56
c_3141,m_3044,108530,app_5278,started,400,400,1.56
c_3141,m_3044,177202,app_5278,started,400,400,1.56
c_3141,m_3044,210807,app_5278,started,400,400,1.56
c_3141,m_3044,238522,app_5278,started,400,400,1.56
c_3141,m_3044,352513,app_5278,started,400,400,1.56
c_3142,m_247,0,app_9384,started,400,400,1.56
c_3142,m_247,35476,app_9384,started,400,400,1.56
c_3142,m_247,284657,app_9384,started,400,400,1.56
c_3142,m_247,379819,app_9384,started,400,400,1.56
c_3143,m_253,0,app_9136,started,400,480,1.56
c_3143,m_253,18333,app_9136,started,400,480,1.56
c_3143,m_253,113896,app_9136,started,400,480,1.56
c_3143,m_253,265465,app_9136,started,400,480,1.56
c_3144,m_1088,0,app_6980,started,400,480,1.56
c_3144,m_1088,23260,app_6980,started,400,480,1.56
c_3144,m_1088,118476,app_6980,started,400,480,1.56
c_3144,m_1088,249313,app_6980,started,400,480,1.56
c_3145,m_689,583897,app_2763,started,400,400,1.56
c_3145,m_689,588715,app_2763,started,400,400,1.56
c_3145,m_689,594647,app_2763,started,400,400,1.56
c_3145,m_689,664837,app_2763,started,400,400,1.56
c_3146,m_3278,0,app_1551,started,400,480,1.56
c_3146,m_3278,25311,app_1551,started,400,480,1.56
c_3146,m_3278,120202,app_1551,started,400,480,1.56
c_3146,m_3278,153020,app_1551,started,400,480,1.56
c_3146,m_3278,273594,app_1551,started,400,480,1.56
c_3147,m_3267,402498,app_4964,started,400,400,1.56
c_3148,m_3958,0,app_6590,started,400,400,1.56
c_3148,m_3958,158063,app_6590,started,400,400,1.56
c_3148,m_3958,248838,app_6590,started,400,400,1.56
c_3148,m_3958,382286,app_6590,started,400,400,1.56
c_3149,m_2230,0,app_3762,started,400,400,1.56
c_3149,m_2230,13611,app_3762,started,400,400,1.56
c_3149,m_2230,108941,app_3762,started,400,400,1.56
c_3149,m_2230,260751,app_3762,started,400,400,1.56
c_3149,m_2230,340543,app_3762,started,400,400,1.56
c_3150,m_631,0,app_6475,started,400,400,1.56
c_3150,m_631,19720,app_6475,started,400,400,1.56
c_3150,m_631,115377,app_6475,started,400,400,1.56
c_3150,m_631,266935,app_6475,started,400,400,1.56
c_3150,m_631,428918,app_6475,started,400,400,1.56
c_3151,m_3328,0,app_689,started,400,400,1.56
c_3151,m_3328,25509,app_689,started,400,400,1.56
c_3151,m_3328,120408,app_689,started,400,400,1.56
c_3151,m_3328,273859,app_689,started,400,400,1.56
c_3151,m_3328,368376,app_689,started,400,400,1.56
c_3152,m_1997,0,app_329,started,400,400,1.56
c_3152,m_1997,31132,app_329,started,400,400,1.56
c_3152,m_1997,127616,app_329,started,400,400,1.56
c_3152,m_1997,238516,app_329,started,400,400,1.56
c_3152,m_1997,442726,app_329,started,400,400,1.56
c_3153,m_1628,0,app_7951,started,400,400,1.56
c_3153,m_1628,28951,app_7951,started,400,400,1.56
c_3153,m_1628,125232,app_7951,started,400,400,1.56
c_3153,m_1628,250267,app_7951,started,400,400,1.56
c_3153,m_1628,439141,app_7951,started,400,400,1.56
c_3154,m_323,0,app_700,started,400,400,1.56
c_3154,m_323,22374,app_700,started,400,400,1.56
c_3154,m_323,117532,app_700,started,400,400,1.56
c_3154,m_323,269572,app_700,started,400,400,1.56
c_3154,m_323,430627,app_700,started,400,400,1.56
c_3155,m_1824,0,app_7699,started,400,400,1.56
c_3155,m_1824,16603,app_7699,started,400,400,1.56
c_3155,m_1824,111127,app_7699,started,400,400,1.56
c_3155,m_1824,264460,app_7699,started,400,400,1.56
c_3155,m_1824,355951,app_7699,started,400,400,1.56
c_3156,m_287,578614,app_3275,started,1600,1600,11.72
c_3156,m_287,589166,app_3275,started,1600,1600,11.72
c_3156,m_287,594742,app_3275,started,1600,1600,11.72
c_3157,m_3983,0,app_6651,started,400,400,1.56
c_3157,m_3983,10560,app_6651,started,400,400,1.56
c_3157,m_3983,105749,app_6651,started,400,400,1.56
c_3157,m_3983,175091,app_6651,started,400,400,1.56
c_3157,m_3983,208222,app_6651,started,400,400,1.56
c_3157,m_3983,257578,app_6651,started,400,400,1.56
c_3157,m_3983,380242,app_6651,started,400,400,1.56
c_3157,m_3983,639788,app_6651,started,400,400,1.56
c_3158,m_3972,0,app_5420,started,400,400,1.56
c_3158,m_3972,289358,app_5420,started,400,400,1.56
c_3158,m_3972,384882,app_5420,started,400,400,1.56
c_3159,m_2019,340299,app_1499,started,800,800,3.13
c_3160,m_804,0,app_4804,started,400,400,1.56
c_3160,m_804,32141,app_4804,started,400,400,1.56
c_3160,m_804,128699,app_4804,started,400,400,1.56
c_3160,m_804,251376,app_4804,started,400,400,1.56
c_3160,m_804,323193,app_4804,started,400,400,1.56
c_3161,m_3597,0,app_8140,started,400,400,1.56
c_3161,m_3597,213043,app_8140,started,400,400,1.56
c_3161,m_3597,249912,app_8140,started,400,400,1.56
c_3162,m_1725,0,app_7414,started,800,800,3.13
c_3162,m_1725,21839,app_7414,started,800,800,3.13
c_3162,m_1725,116957,app_7414,started,800,800,3.13
c_3162,m_1725,125883,app_7414,started,800,800,3.13
c_3162,m_1725,129532,app_7414,started,800,800,3.13
c_3162,m_1725,130204,app_7414,started,800,800,3.13
c_3162,m_1725,162809,app_7414,started,800,800,3.13
c_3162,m_1725,269026,app_7414,started,800,800,3.13
c_3162,m_1725,429949,app_7414,started,800,800,3.13
c_3163,m_1758,0,app_2965,started,400,400,1.56
c_3163,m_1758,16279,app_2965,started,400,400,1.56
c_3163,m_1758,49250,app_2965,started,400,400,1.56
c_3163,m_1758,110790,app_2965,started,400,400,1.56
c_3163,m_1758,264137,app_2965,started,400,400,1.56
c_3163,m_1758,355606,app_2965,started,400,400,1.56
c_3163,m_1758,448369,app_2965,started,400,400,1.56
c_3163,m_1758,557629,app_2965,started,400,400,1.56
c_3164,m_329,0,app_5684,started,400,400,1.56
c_3164,m_329,10600,app_5684,started,400,400,1.56
c_3164,m_329,105791,app_5684,started,400,400,1.56
c_3164,m_329,175132,app_5684,started,400,400,1.56
c_3164,m_329,208263,app_5684,started,400,400,1.56
c_3164,m_329,257619,app_5684,started,400,400,1.56
c_3164,m_329,380305,app_5684,started,400,400,1.56
c_3165,m_3761,0,app_2157,started,400,480,1.56
c_3165,m_3761,20060,app_2157,started,400,480,1.56
c_3165,m_3761,115729,app_2157,started,400,480,1.56
c_3165,m_3761,267272,app_2157,started,400,480,1.56
c_3166,m_2819,0,app_4896,started,400,400,1.56
c_3166,m_2819,288847,app_4896,started,400,400,1.56
c_3166,m_2819,384341,app_4896,started,400,400,1.56
c_3167,m_1691,0,app_4812,started,400,400,1.56
c_3167,m_1691,31067,app_4812,started,400,400,1.56
c_3167,m_1691,126319,app_4812,started,400,400,1.56
c_3167,m_1691,279753,app_4812,started,400,400,1.56
c_3167,m_1691,374957,app_4812,started,400,400,1.56
c_3168,m_1613,0,app_1391,started,400,480,1.56
c_3168,m_1613,22795,app_1391,started,400,480,1.56
c_3168,m_1613,117612,app_1391,started,400,480,1.56
c_3168,m_1613,271015,app_1391,started,400,480,1.56
c_3169,m_1857,0,app_4957,started,400,480,1.56
c_3169,m_1857,25468,app_4957,started,400,480,1.56
c_3169,m_1857,120366,app_4957,started,400,480,1.56
c_3169,m_1857,273776,app_4957,started,400,480,1.56
c_3170,m_146,0,app_8944,started,400,400,1.56
c_3170,m_146,35308,app_8944,started,400,400,1.56
c_3170,m_146,282947,app_8944,started,400,400,1.56
c_3170,m_146,449297,app_8944,started,400,400,1.56
c_3171,m_1144,0,app_5159,started,400,400,1.56
c_3171,m_1144,11226,app_5159,started,400,400,1.56
c_3171,m_1144,105704,app_5159,started,400,400,1.56
c_3171,m_1144,174593,app_5159,started,400,400,1.56
c_3171,m_1144,208137,app_5159,started,400,400,1.56
c_3171,m_1144,259056,app_5159,started,400,400,1.56
c_3171,m_1144,349382,app_5159,started,400,400,1.56
c_3172,m_3975,0,app_4113,started,400,400,3.13
c_3172,m_3975,289241,app_4113,started,400,400,3.13
c_3172,m_3975,384757,app_4113,started,400,400,3.13
c_3173,m_1714,0,app_7387,started,800,800,3.13
c_3173,m_1714,13508,app_7387,started,800,800,3.13
c_3173,m_1714,108012,app_7387,started,800,800,3.13
c_3173,m_1714,176714,app_7387,started,800,800,3.13
c_3173,m_1714,210333,app_7387,started,800,800,3.13
c_3173,m_1714,261418,app_7387,started,800,800,3.13
c_3173,m_1714,351988,app_7387,started,800,800,3.13
c_3173,m_1714,641191,app_7387,started,800,800,3.13
c_3174,m_283,0,app_8664,started,400,400,1.56
c_3174,m_283,10930,app_8664,started,400,400,1.56
c_3174,m_283,105401,app_8664,started,400,400,1.56
c_3174,m_283,174306,app_8664,started,400,400,1.56
c_3174,m_283,207841,app_8664,started,400,400,1.56
c_3174,m_283,258739,app_8664,started,400,400,1.56
c_3174,m_283,323285,app_8664,started,400,400,1.56
c_3175,m_2427,0,app_943,started,400,400,1.56
c_3175,m_2427,15031,app_943,started,400,400,1.56
c_3175,m_2427,109536,app_943,started,400,400,1.56
c_3175,m_2427,262890,app_943,started,400,400,1.56
c_3175,m_2427,353965,app_943,started,400,400,1.56
c_3175,m_2427,446970,app_943,started,400,400,1.56
c_3175,m_2427,555936,app_943,started,400,400,1.56
c_3176,m_3201,0,app_1658,started,400,400,1.56
c_3176,m_3201,11727,app_1658,started,400,400,1.56
c_3176,m_3201,106210,app_1658,started,400,400,1.56
c_3176,m_3201,175069,app_1658,started,400,400,1.56
c_3176,m_3201,208669,app_1658,started,400,400,1.56
c_3176,m_3201,259655,app_1658,started,400,400,1.56
c_3176,m_3201,349948,app_1658,started,400,400,1.56
c_3177,m_1475,0,app_9263,started,400,400,1.56
c_3177,m_1475,30457,app_9263,started,400,400,1.56
c_3177,m_1475,125655,app_9263,started,400,400,1.56
c_3177,m_1475,279086,app_9263,started,400,400,1.56
c_3177,m_1475,374239,app_9263,started,400,400,1.56
c_3178,m_2862,0,app_5646,started,800,800,3.13
c_3178,m_2862,16889,app_5646,started,800,800,3.13
c_3178,m_2862,111419,app_5646,started,800,800,3.13
c_3178,m_2862,264744,app_5646,started,800,800,3.13
c_3178,m_2862,356282,app_5646,started,800,800,3.13
c_3179,m_2503,0,app_7890,started,800,800,3.13
c_3179,m_2503,29607,app_7890,started,800,800,3.13
c_3179,m_2503,125952,app_7890,started,800,800,3.13
c_3179,m_2503,277027,app_7890,started,800,800,3.13
c_3180,m_603,0,app_6597,started,800,800,3.13
c_3180,m_603,11067,app_6597,started,800,800,3.13
c_3180,m_603,63756,app_6597,started,800,800,3.13
c_3180,m_603,70207,app_6597,started,800,800,3.13
c_3180,m_603,105540,app_6597,started,800,800,3.13
c_3180,m_603,174441,app_6597,started,800,800,3.13
c_3180,m_603,207982,app_6597,started,800,800,3.13
c_3180,m_603,258895,app_6597,started,800,800,3.13
c_3180,m_603,324084,app_6597,started,800,800,3.13
c_3181,m_3102,0,app_4912,started,400,480,1.56
c_3181,m_3102,19341,app_4912,started,400,480,1.56
c_3181,m_3102,114334,app_4912,started,400,480,1.56
c_3181,m_3102,267301,app_4912,started,400,480,1.56
c_3182,m_2140,0,app_6015,started,400,400,1.56
c_3182,m_2140,288337,app_6015,started,400,400,1.56
c_3182,m_2140,336949,app_6015,started,400,400,1.56
c_3183,m_2686,0,app_6510,started,400,400,1.56
c_3183,m_2686,11042,app_6510,started,400,400,1.56
c_3183,m_2686,105516,app_6510,started,400,400,1.56
c_3183,m_2686,174419,app_6510,started,400,400,1.56
c_3183,m_2686,207959,app_6510,started,400,400,1.56
c_3183,m_2686,258870,app_6510,started,400,400,1.56
c_3183,m_2686,349195,app_6510,started,400,400,1.56
c_3184,m_3778,0,app_5219,started,400,400,1.56
c_3185,m_3950,0,app_9733,started,800,800,3.13
c_3185,m_3950,10456,app_9733,started,800,800,3.13
c_3185,m_3950,104910,app_9733,started,800,800,3.13
c_3185,m_3950,173839,app_9733,started,800,800,3.13
c_3185,m_3950,207373,app_9733,started,800,800,3.13
c_3185,m_3950,258244,app_9733,started,800,800,3.13
c_3185,m_3950,348546,app_9733,started,800,800,3.13
c_3186,m_467,0,app_8174,started,800,800,3.13
c_3186,m_467,19145,app_8174,started,800,800,3.13
c_3186,m_467,113771,app_8174,started,800,800,3.13
c_3186,m_467,212397,app_8174,started,800,800,3.13
c_3186,m_467,259531,app_8174,started,800,800,3.13
c_3186,m_467,321986,app_8174,started,800,800,3.13
c_3186,m_467,676689,app_8174,started,800,800,3.13
c_3187,m_3184,0,app_5159,started,400,400,1.56
c_3187,m_3184,35516,app_5159,started,400,400,1.56
c_3187,m_3184,125920,app_5159,started,400,400,1.56
c_3187,m_3184,130112,app_5159,started,400,400,1.56
c_3187,m_3184,162878,app_5159,started,400,400,1.56
c_3187,m_3184,284697,app_5159,started,400,400,1.56
c_3187,m_3184,379861,app_5159,started,400,400,1.56
c_3188,m_1232,0,app_3455,stopped,400,480,1.56
c_3188,m_1232,25058,app_3455,stopped,400,480,1.56
c_3188,m_1232,119945,app_3455,stopped,400,480,1.56
c_3188,m_1232,273337,app_3455,stopped,400,480,1.56
c_3189,m_3950,0,app_7835,started,400,400,1.56
c_3189,m_3950,10456,app_7835,started,400,400,1.56
c_3189,m_3950,104910,app_7835,started,400,400,1.56
c_3189,m_3950,173839,app_7835,started,400,400,1.56
c_3189,m_3950,207373,app_7835,started,400,400,1.56
c_3189,m_3950,258244,app_7835,started,400,400,1.56
c_3189,m_3950,348546,app_7835,started,400,400,1.56
c_3190,m_3179,0,app_2331,started,400,480,1.56
c_3190,m_3179,14732,app_2331,started,400,480,1.56
c_3190,m_3179,109241,app_2331,started,400,480,1.56
c_3190,m_3179,177872,app_2331,started,400,480,1.56
c_3190,m_3179,262610,app_2331,started,400,480,1.56
c_3191,m_1569,0,app_2156,started,400,400,1.56
c_3191,m_1569,34350,app_2156,started,400,400,1.56
c_3191,m_1569,53483,app_2156,started,400,400,1.56
c_3191,m_1569,129761,app_2156,started,400,400,1.56
c_3191,m_1569,283447,app_2156,started,400,400,1.56
c_3191,m_1569,378563,app_2156,started,400,400,1.56
c_3192,m_3093,0,app_1737,started,400,400,1.56
c_3192,m_3093,32843,app_1737,started,400,400,1.56
c_3192,m_3093,129458,app_1737,started,400,400,1.56
c_3192,m_3093,280369,app_1737,started,400,400,1.56
c_3192,m_3093,338310,app_1737,started,400,400,1.56
c_3193,m_48,0,app_133,started,800,800,3.13
c_3194,m_910,0,app_732,started,800,800,3.13
c_3194,m_910,31115,app_732,started,800,800,3.13
c_3194,m_910,127598,app_732,started,800,800,3.13
c_3194,m_910,239966,app_732,started,800,800,3.13
c_3194,m_910,442686,app_732,started,800,800,3.13
c_3195,m_1789,364,app_7097,started,800,960,3.13
c_3195,m_1789,12015,app_7097,started,800,960,3.13
c_3195,m_1789,107281,app_7097,started,800,960,3.13
c_3195,m_1789,176577,app_7097,started,800,960,3.13
c_3195,m_1789,209738,app_7097,started,800,960,3.13
c_3195,m_1789,259039,app_7097,started,800,960,3.13
c_3196,m_2199,0,app_1068,started,400,480,1.56
c_3196,m_2199,31110,app_1068,started,400,480,1.56
c_3196,m_2199,127594,app_1068,started,400,480,1.56
c_3196,m_2199,278613,app_1068,started,400,480,1.56
c_3197,m_3914,0,app_5214,started,400,480,1.56
c_3197,m_3914,289062,app_5214,started,400,480,1.56
c_3198,m_2116,0,app_3300,started,400,400,1.56
c_3198,m_2116,21791,app_3300,started,400,400,1.56
c_3198,m_2116,116907,app_3300,started,400,400,1.56
c_3198,m_2116,268971,app_3300,started,400,400,1.56
c_3198,m_2116,393480,app_3300,started,400,400,1.56
c_3199,m_915,0,app_9566,started,400,400,1.56
c_3199,m_915,32633,app_9566,started,400,400,1.56
c_3199,m_915,129226,app_9566,started,400,400,1.56
c_3199,m_915,280150,app_9566,started,400,400,1.56
c_3199,m_915,445368,app_9566,started,400,400,1.56
c_3200,m_644,0,app_3924,started,400,400,1.56
c_3200,m_644,16362,app_3924,started,400,400,1.56
c_3200,m_644,110880,app_3924,started,400,400,1.56
c_3200,m_644,264227,app_3924,started,400,400,1.56
c_3200,m_644,337526,app_3924,started,400,400,1.56
c_3201,m_3147,0,app_2104,started,400,400,1.56
c_3201,m_3147,22676,app_2104,started,400,400,1.56
c_3201,m_3147,76978,app_2104,started,400,400,1.56
c_3201,m_3147,80129,app_2104,started,400,400,1.56
c_3201,m_3147,117843,app_2104,started,400,400,1.56
c_3201,m_3147,128353,app_2104,started,400,400,1.56
c_3201,m_3147,212295,app_2104,started,400,400,1.56
c_3201,m_3147,212799,app_2104,started,400,400,1.56
c_3201,m_3147,269883,app_2104,started,400,400,1.56
c_3201,m_3147,431149,app_2104,started,400,400,1.56
c_3202,m_1281,0,app_1596,started,400,480,1.56
c_3202,m_1281,285090,app_1596,started,400,480,1.56
c_3202,m_1281,380302,app_1596,started,400,480,1.56
c_3202,m_1281,571462,app_1596,started,400,480,1.56
c_3203,m_3416,0,app_1758,started,400,400,1.56
c_3203,m_3416,29787,app_1758,started,400,400,1.56
c_3203,m_3416,124964,app_1758,started,400,400,1.56
c_3203,m_3416,278390,app_1758,started,400,400,1.56
c_3203,m_3416,373495,app_1758,started,400,400,1.56
c_3204,m_917,686971,app_8632,started,400,400,1.56
c_3205,m_2760,0,app_1725,started,400,400,1.56
c_3205,m_2760,11005,app_1725,started,400,400,1.56
c_3205,m_2760,106213,app_1725,started,400,400,1.56
c_3205,m_2760,175532,app_1725,started,400,400,1.56
c_3205,m_2760,208708,app_1725,started,400,400,1.56
c_3205,m_2760,258020,app_1725,started,400,400,1.56
c_3205,m_2760,380934,app_1725,started,400,400,1.56
c_3206,m_628,0,app_498,started,400,400,1.56
c_3206,m_628,289974,app_498,started,400,400,1.56
c_3206,m_628,385546,app_498,started,400,400,1.56
c_3206,m_628,412040,app_498,started,400,400,1.56
c_3206,m_628,483376,app_498,started,400,400,1.56
c_3207,m_1910,0,app_1658,started,400,400,1.56
c_3207,m_1910,12730,app_1658,started,400,400,1.56
c_3207,m_1910,108022,app_1658,started,400,400,1.56
c_3207,m_1910,177305,app_1658,started,400,400,1.56
c_3207,m_1910,210468,app_1658,started,400,400,1.56
c_3207,m_1910,259844,app_1658,started,400,400,1.56
c_3207,m_1910,383100,app_1658,started,400,400,1.56
c_3208,m_2248,0,app_6095,started,800,800,3.13
c_3208,m_2248,31714,app_6095,started,800,800,3.13
c_3208,m_2248,128236,app_6095,started,800,800,3.13
c_3208,m_2248,279209,app_6095,started,800,800,3.13
c_3208,m_2248,443686,app_6095,started,800,800,3.13
c_3209,m_532,0,app_3422,started,400,400,1.56
c_3209,m_532,77023,app_3422,started,400,400,1.56
c_3209,m_532,80136,app_3422,started,400,400,1.56
c_3209,m_532,212397,app_3422,started,400,400,1.56
c_3209,m_532,259531,app_3422,started,400,400,1.56
c_3209,m_532,286872,app_3422,started,400,400,1.56
c_3209,m_532,382163,app_3422,started,400,400,1.56
c_3209,m_532,667565,app_3422,started,400,400,1.56
c_3210,m_1737,0,app_6089,started,400,400,1.56
c_3210,m_1737,31247,app_6089,started,400,400,1.56
c_3210,m_1737,126505,app_6089,started,400,400,1.56
c_3210,m_1737,233972,app_6089,started,400,400,1.56
c_3211,m_388,0,app_9765,started,400,400,1.56
c_3211,m_388,31177,app_9765,started,400,400,1.56
c_3211,m_388,127662,app_9765,started,400,400,1.56
c_3211,m_388,278680,app_9765,started,400,400,1.56
c_3211,m_388,442802,app_9765,started,400,400,1.56
c_3212,m_2238,0,app_7079,started,800,800,3.13
c_3212,m_2238,10975,app_7079,started,800,800,3.13
c_3212,m_2238,106177,app_7079,started,800,800,3.13
c_3212,m_2238,158045,app_7079,started,800,800,3.13
c_3212,m_2238,175499,app_7079,started,800,800,3.13
c_3212,m_2238,208676,app_7079,started,800,800,3.13
c_3212,m_2238,257986,app_7079,started,800,800,3.13
c_3212,m_2238,337279,app_7079,started,800,800,3.13
c_3212,m_2238,640337,app_7079,started,800,800,3.13
c_3213,m_2600,0,app_6148,started,400,400,1.56
c_3213,m_2600,23853,app_6148,started,400,400,1.56
c_3213,m_2600,119121,app_6148,started,400,400,1.56
c_3213,m_2600,271082,app_6148,started,400,400,1.56
c_3213,m_2600,431879,app_6148,started,400,400,1.56
c_3214,m_2470,0,app_3472,started,400,400,1.56
c_3214,m_2470,285628,app_3472,started,400,400,1.56
c_3214,m_2470,380855,app_3472,started,400,400,1.56
c_3215,m_3170,0,app_5705,started,400,400,1.56
c_3215,m_3170,24037,app_5705,started,400,400,1.56
c_3215,m_3170,119668,app_5705,started,400,400,1.56
c_3215,m_3170,271266,app_5705,started,400,400,1.56
c_3215,m_3170,431989,app_5705,started,400,400,1.56
c_3216,m_409,0,app_2584,started,800,960,3.13
c_3216,m_409,32442,app_2584,started,800,960,3.13
c_3216,m_409,129015,app_2584,started,800,960,3.13
c_3216,m_409,279947,app_2584,started,800,960,3.13
c_3217,m_3988,0,app_4799,started,800,800,3.13
c_3217,m_3988,9443,app_4799,started,800,800,3.13
c_3217,m_3988,104534,app_4799,started,800,800,3.13
c_3217,m_3988,173930,app_4799,started,800,800,3.13
c_3217,m_3988,207059,app_4799,started,800,800,3.13
c_3217,m_3988,256416,app_4799,started,800,800,3.13
c_3217,m_3988,416326,app_4799,started,800,800,3.13
c_3217,m_3988,638182,app_4799,started,800,800,3.13
c_3218,m_3672,0,app_4220,started,800,800,3.13
c_3218,m_3672,125923,app_4220,started,800,800,3.13
c_3218,m_3672,130172,app_4220,started,800,800,3.13
c_3218,m_3672,163129,app_4220,started,800,800,3.13
c_3218,m_3672,287121,app_4220,started,800,800,3.13
c_3218,m_3672,334232,app_4220,started,800,800,3.13
c_3218,m_3672,447993,app_4220,started,800,800,3.13
c_3219,m_597,230039,app_3861,started,400,400,1.56
c_3219,m_597,276527,app_3861,started,400,400,1.56
c_3219,m_597,371334,app_3861,started,400,400,1.56
c_3220,m_1983,0,app_312,started,400,400,1.56
c_3220,m_1983,30723,app_312,started,400,400,1.56
c_3220,m_1983,127184,app_312,started,400,400,1.56
c_3220,m_1983,161055,app_312,started,400,400,1.56
c_3220,m_1983,278202,app_312,started,400,400,1.56
c_3220,m_1983,442027,app_312,started,400,400,1.56
c_3221,m_3460,0,app_9324,started,400,480,1.56
c_3221,m_3460,51502,app_9324,started,400,480,1.56
c_3221,m_3460,290896,app_9324,started,400,480,1.56
c_3222,m_3479,0,app_1443,started,400,480,1.56
c_3222,m_3479,22830,app_1443,started,400,480,1.56
c_3222,m_3479,118001,app_1443,started,400,480,1.56
c_3222,m_3479,136507,app_1443,started,400,480,1.56
c_3222,m_3479,136954,app_1443,started,400,480,1.56
c_3222,m_3479,270034,app_1443,started,400,480,1.56
c_3223,m_109,0,app_2015,started,400,400,1.56
c_3223,m_109,19619,app_2015,started,400,400,1.56
c_3223,m_109,115266,app_2015,started,400,400,1.56
c_3223,m_109,140251,app_2015,started,400,400,1.56
c_3223,m_109,266831,app_2015,started,400,400,1.56
c_3223,m_109,428728,app_2015,started,400,400,1.56
c_3224,m_1259,0,app_3258,started,400,480,1.56
c_3224,m_1259,19611,app_3258,started,400,480,1.56
c_3224,m_1259,115258,app_3258,started,400,480,1.56
c_3224,m_1259,266824,app_3258,started,400,480,1.56
c_3225,m_1076,0,app_7176,started,400,400,1.56
c_3225,m_1076,23329,app_7176,started,400,400,1.56
c_3225,m_1076,118154,app_7176,started,400,400,1.56
c_3225,m_1076,271573,app_7176,started,400,400,1.56
c_3225,m_1076,365764,app_7176,started,400,400,1.56
c_3226,m_3982,0,app_4626,started,400,480,1.56
c_3226,m_3982,284099,app_4626,started,400,480,1.56
c_3227,m_72,0,app_1596,started,400,400,1.56
c_3227,m_72,13321,app_1596,started,400,400,1.56
c_3227,m_72,108636,app_1596,started,400,400,1.56
c_3227,m_72,260447,app_1596,started,400,400,1.56
c_3227,m_72,384175,app_1596,started,400,400,1.56
c_3227,m_72,570059,app_1596,started,400,400,1.56
c_3228,m_2277,0,app_9134,started,400,400,1.56
c_3228,m_2277,29859,app_9134,started,400,400,1.56
c_3228,m_2277,125038,app_9134,started,400,400,1.56
c_3228,m_2277,232414,app_9134,started,400,400,1.56
c_3228,m_2277,319280,app_9134,started,400,400,1.56
c_3229,m_1748,0,app_2415,started,400,400,1.56
c_3229,m_1748,33679,app_2415,started,400,400,1.56
c_3229,m_1748,124638,app_2415,started,400,400,1.56
c_3229,m_1748,129554,app_2415,started,400,400,1.56
c_3229,m_1748,130341,app_2415,started,400,400,1.56
c_3229,m_1748,281227,app_2415,started,400,400,1.56
c_3229,m_1748,324749,app_2415,started,400,400,1.56
c_3230,m_256,0,app_75,started,400,400,1.56
c_3230,m_256,288021,app_75,started,400,400,1.56
c_3230,m_256,333993,app_75,started,400,400,1.56
c_3230,m_256,479931,app_75,started,400,400,1.56
c_3231,m_2605,0,app_1176,started,400,400,1.56
c_3231,m_2605,34931,app_1176,started,400,400,1.56
c_3231,m_2605,212414,app_1176,started,400,400,1.56
c_3231,m_2605,259531,app_1176,started,400,400,1.56
c_3231,m_2605,448629,app_1176,started,400,400,1.56
c_3231,m_2605,667565,app_1176,started,400,400,1.56
c_3232,m_3200,0,app_2576,started,400,400,1.56
c_3232,m_3200,7427,app_2576,started,400,400,1.56
c_3232,m_3200,102409,app_2576,started,400,400,1.56
c_3232,m_3200,171831,app_2576,started,400,400,1.56
c_3232,m_3200,204964,app_2576,started,400,400,1.56
c_3232,m_3200,254335,app_2576,started,400,400,1.56
c_3232,m_3200,334705,app_2576,started,400,400,1.56
c_3233,m_2146,0,app_3142,stopped,800,800,3.13
c_3233,m_2146,9157,app_3142,stopped,800,800,3.13
c_3233,m_2146,103538,app_3142,stopped,800,800,3.13
c_3234,m_2191,0,app_9617,started,800,800,1.56
c_3234,m_2191,21359,app_9617,started,800,800,1.56
c_3234,m_2191,116443,app_9617,started,800,800,1.56
c_3234,m_2191,268548,app_9617,started,800,800,1.56
c_3234,m_2191,429668,app_9617,started,800,800,1.56
c_3235,m_3729,0,app_1725,started,400,400,1.56
c_3235,m_3729,13648,app_1725,started,400,400,1.56
c_3235,m_3729,108980,app_1725,started,400,400,1.56
c_3235,m_3729,260788,app_1725,started,400,400,1.56
c_3235,m_3729,384736,app_1725,started,400,400,1.56
c_3236,m_4001,0,app_8,started,400,400,1.56
c_3236,m_4001,9041,app_8,started,400,400,1.56
c_3236,m_4001,103421,app_8,started,400,400,1.56
c_3236,m_4001,172392,app_8,started,400,400,1.56
c_3236,m_4001,205953,app_8,started,400,400,1.56
c_3236,m_4001,212400,app_8,started,400,400,1.56
c_3236,m_4001,256726,app_8,started,400,400,1.56
c_3236,m_4001,346995,app_8,started,400,400,1.56
c_3236,m_4001,634612,app_8,started,400,400,1.56
c_3237,m_1818,0,app_8493,started,400,400,1.56
c_3237,m_1818,12868,app_8493,started,400,400,1.56
c_3237,m_1818,107348,app_8493,started,400,400,1.56
c_3237,m_1818,176129,app_8493,started,400,400,1.56
c_3237,m_1818,209741,app_8493,started,400,400,1.56
c_3237,m_1818,260797,app_8493,started,400,400,1.56
c_3237,m_1818,351198,app_8493,started,400,400,1.56
c_3238,m_1739,0,app_4518,started,800,800,3.13
c_3238,m_1739,16218,app_4518,started,800,800,3.13
c_3238,m_1739,110728,app_4518,started,800,800,3.13
c_3238,m_1739,264078,app_4518,started,800,800,3.13
c_3238,m_1739,342211,app_4518,started,800,800,3.13
c_3238,m_1739,355556,app_4518,started,800,800,3.13
c_3238,m_1739,385295,app_4518,started,800,800,3.13
c_3238,m_1739,448320,app_4518,started,800,800,3.13
c_3238,m_1739,557534,app_4518,started,800,800,3.13
c_3239,m_2692,0,app_574,started,400,480,1.56
c_3239,m_2692,18987,app_574,started,400,480,1.56
c_3239,m_2692,113611,app_574,started,400,480,1.56
c_3239,m_2692,266929,app_574,started,400,480,1.56
c_3239,m_2692,651939,app_574,started,400,480,1.56
c_3240,m_3633,0,app_8360,started,800,800,3.13
c_3240,m_3633,284908,app_8360,started,800,800,3.13
c_3240,m_3633,339721,app_8360,started,800,800,3.13
c_3241,m_1930,0,app_6475,started,400,400,1.56
c_3241,m_1930,32181,app_6475,started,400,400,1.56
c_3241,m_1930,128741,app_6475,started,400,400,1.56
c_3241,m_1930,233335,app_6475,started,400,400,1.56
c_3241,m_1930,279677,app_6475,started,400,400,1.56
c_3241,m_1930,444492,app_6475,started,400,400,1.56
c_3242,m_248,0,app_4619,started,800,800,3.13
c_3242,m_248,11107,app_4619,started,800,800,3.13
c_3242,m_248,105580,app_4619,started,800,800,3.13
c_3242,m_248,174477,app_4619,started,800,800,3.13
c_3242,m_248,208018,app_4619,started,800,800,3.13
c_3242,m_248,258935,app_4619,started,800,800,3.13
c_3243,m_876,0,app_8045,started,400,400,1.56
c_3243,m_876,13613,app_8045,started,400,400,1.56
c_3243,m_876,108124,app_8045,started,400,400,1.56
c_3243,m_876,176817,app_8045,started,400,400,1.56
c_3243,m_876,210434,app_8045,started,400,400,1.56
c_3243,m_876,261524,app_8045,started,400,400,1.56
c_3243,m_876,352097,app_8045,started,400,400,1.56
c_3244,m_1630,0,app_5648,started,400,400,1.56
c_3244,m_1630,19421,app_5648,started,400,400,1.56
c_3244,m_1630,115057,app_5648,started,400,400,1.56
c_3244,m_1630,221519,app_5648,started,400,400,1.56
c_3244,m_1630,266612,app_5648,started,400,400,1.56
c_3244,m_1630,428379,app_5648,started,400,400,1.56
c_3244,m_1630,678036,app_5648,started,400,400,1.56
c_3245,m_840,0,app_2870,started,800,800,3.13
c_3245,m_840,22606,app_2870,started,800,800,3.13
c_3245,m_840,117770,app_2870,started,800,800,3.13
c_3245,m_840,147306,app_2870,started,800,800,3.13
c_3245,m_840,269813,app_2870,started,800,800,3.13
c_3245,m_840,431033,app_2870,started,800,800,3.13
c_3246,m_1711,161134,app_8508,started,400,400,1.56
c_3246,m_1711,271232,app_8508,started,400,400,1.56
c_3246,m_1711,431957,app_8508,started,400,400,1.56
c_3247,m_2356,0,app_6597,started,800,800,3.13
c_3247,m_2356,32369,app_6597,started,800,800,3.13
c_3247,m_2356,128939,app_6597,started,800,800,3.13
c_3247,m_2356,158049,app_6597,started,800,800,3.13
c_3247,m_2356,279876,app_6597,started,800,800,3.13
c_3247,m_2356,334240,app_6597,started,800,800,3.13
c_3248,m_2064,0,app_8350,started,400,480,1.56
c_3248,m_2064,289426,app_8350,started,400,480,1.56
c_3248,m_2064,384954,app_8350,started,400,480,1.56
c_3249,m_313,0,app_6971,started,400,400,1.56
c_3249,m_313,284900,app_6971,started,400,400,1.56
c_3249,m_313,451345,app_6971,started,400,400,1.56
c_3250,m_3799,0,app_7720,started,400,400,1.56
c_3250,m_3799,15110,app_7720,started,400,400,1.56
c_3250,m_3799,110475,app_7720,started,400,400,1.56
c_3250,m_3799,262229,app_7720,started,400,400,1.56
c_3250,m_3799,386014,app_7720,started,400,400,1.56
c_3250,m_3799,573542,app_7720,started,400,400,1.56
c_3251,m_232,1922,app_6791,started,800,800,3.13
c_3251,m_232,32047,app_6791,started,800,800,3.13
c_3251,m_232,128595,app_6791,started,800,800,3.13
c_3251,m_232,279537,app_6791,started,800,800,3.13
c_3251,m_232,338294,app_6791,started,800,800,3.13
c_3252,m_3658,0,app_166,started,400,400,1.56
c_3252,m_3658,29961,app_166,started,400,400,1.56
c_3252,m_3658,125147,app_166,started,400,400,1.56
c_3252,m_3658,278581,app_166,started,400,400,1.56
c_3252,m_3658,373689,app_166,started,400,400,1.56
c_3253,m_2402,0,app_3037,started,800,800,6.25
c_3253,m_2402,32428,app_3037,started,800,800,6.25
c_3253,m_2402,127750,app_3037,started,800,800,6.25
c_3253,m_2402,281425,app_3037,started,800,800,6.25
c_3253,m_2402,376440,app_3037,started,800,800,6.25
c_3254,m_825,0,app_1845,started,400,400,1.56
c_3254,m_825,34225,app_1845,started,400,400,1.56
c_3254,m_825,240094,app_1845,started,400,400,1.56
c_3254,m_825,447777,app_1845,started,400,400,1.56
c_3255,m_2625,0,app_3155,started,800,800,3.13
c_3255,m_2625,15085,app_3155,started,800,800,3.13
c_3255,m_2625,109590,app_3155,started,800,800,3.13
c_3255,m_2625,262959,app_3155,started,800,800,3.13
c_3255,m_2625,354069,app_3155,started,800,800,3.13
c_3255,m_2625,447008,app_3155,started,800,800,3.13
c_3255,m_2625,556013,app_3155,started,800,800,3.13
c_3255,m_2625,643160,app_3155,started,800,800,3.13
c_3256,m_2356,0,app_4624,started,400,400,1.56
c_3256,m_2356,32369,app_4624,started,400,400,1.56
c_3256,m_2356,128939,app_4624,started,400,400,1.56
c_3256,m_2356,158048,app_4624,started,400,400,1.56
c_3256,m_2356,279876,app_4624,started,400,400,1.56
c_3256,m_2356,334240,app_4624,started,400,400,1.56
c_3257,m_940,0,app_1656,started,400,400,1.56
c_3257,m_940,23315,app_1656,started,400,400,1.56
c_3257,m_940,118539,app_1656,started,400,400,1.56
c_3257,m_940,270517,app_1656,started,400,400,1.56
c_3257,m_940,317241,app_1656,started,400,400,1.56
c_3258,m_2619,0,app_9297,started,400,400,1.56
c_3258,m_2619,13292,app_9297,started,400,400,1.56
c_3258,m_2619,108604,app_9297,started,400,400,1.56
c_3258,m_2619,177888,app_9297,started,400,400,1.56
c_3258,m_2619,260417,app_9297,started,400,400,1.56
c_3258,m_2619,384133,app_9297,started,400,400,1.56
c_3259,m_3674,0,app_647,started,400,400,1.95
c_3259,m_3674,13815,app_647,started,400,400,1.95
c_3259,m_3674,109150,app_647,started,400,400,1.95
c_3259,m_3674,260948,app_647,started,400,400,1.95
c_3259,m_3674,384946,app_647,started,400,400,1.95
c_3260,m_1218,0,app_9617,stopped,800,800,1.56
c_3260,m_1218,284215,app_9617,stopped,800,800,1.56
c_3260,m_1218,450509,app_9617,stopped,800,800,1.56
c_3261,m_2541,0,app_7190,started,400,400,1.56
c_3261,m_2541,11605,app_7190,started,400,400,1.56
c_3261,m_2541,106848,app_7190,started,400,400,1.56
c_3261,m_2541,176153,app_7190,started,400,400,1.56
c_3261,m_2541,209317,app_7190,started,400,400,1.56
c_3261,m_2541,258624,app_7190,started,400,400,1.56
c_3261,m_2541,382214,app_7190,started,400,400,1.56
c_3261,m_2541,641247,app_7190,started,400,400,1.56
c_3262,m_2779,0,app_5595,started,2400,2880,9.38
c_3262,m_2779,34007,app_5595,started,2400,2880,9.38
c_3262,m_2779,83789,app_5595,started,2400,2880,9.38
c_3262,m_2779,121822,app_5595,started,2400,2880,9.38
c_3262,m_2779,223238,app_5595,started,2400,2880,9.38
c_3262,m_2779,223364,app_5595,started,2400,2880,9.38
c_3262,m_2779,281565,app_5595,started,2400,2880,9.38
c_3263,m_78,0,app_8031,started,800,960,3.13
c_3263,m_78,23146,app_8031,started,800,960,3.13
c_3263,m_78,117966,app_8031,started,800,960,3.13
c_3263,m_78,271370,app_8031,started,800,960,3.13
c_3263,m_78,365526,app_8031,started,800,960,3.13
c_3263,m_78,429293,app_8031,started,800,960,3.13
c_3263,m_78,459378,app_8031,started,800,960,3.13
c_3263,m_78,567961,app_8031,started,800,960,3.13
c_3264,m_820,0,app_3172,started,400,400,3.13
c_3264,m_820,31005,app_3172,started,400,400,3.13
c_3264,m_820,127484,app_3172,started,400,400,3.13
c_3264,m_820,278509,app_3172,started,400,400,3.13
c_3264,m_820,442469,app_3172,started,400,400,3.13
c_3265,m_2537,0,app_7896,started,800,800,3.13
c_3265,m_2537,14690,app_7896,started,800,800,3.13
c_3265,m_2537,110031,app_7896,started,800,800,3.13
c_3265,m_2537,254361,app_7896,started,800,800,3.13
c_3265,m_2537,315627,app_7896,started,800,800,3.13
c_3266,m_1790,0,app_2260,started,400,400,1.56
c_3266,m_1790,14416,app_2260,started,400,400,1.56
c_3266,m_1790,109776,app_2260,started,400,400,1.56
c_3266,m_1790,261572,app_2260,started,400,400,1.56
c_3266,m_1790,385581,app_2260,started,400,400,1.56
c_3267,m_1601,0,app_509,started,400,400,1.56
c_3267,m_1601,290409,app_509,started,400,400,1.56
c_3267,m_1601,386019,app_509,started,400,400,1.56
c_3268,m_3365,0,app_9340,started,800,800,3.13
c_3268,m_3365,13475,app_9340,started,800,800,3.13
c_3268,m_3365,108797,app_9340,started,800,800,3.13
c_3268,m_3365,260608,app_9340,started,800,800,3.13
c_3268,m_3365,384411,app_9340,started,800,800,3.13
c_3269,m_3566,0,app_2369,started,400,400,1.56
c_3269,m_3566,12768,app_2369,started,400,400,1.56
c_3269,m_3566,107244,app_2369,started,400,400,1.56
c_3269,m_3566,176029,app_2369,started,400,400,1.56
c_3269,m_3566,209642,app_2369,started,400,400,1.56
c_3269,m_3566,243757,app_2369,started,400,400,1.56
c_3269,m_3566,260692,app_2369,started,400,400,1.56
c_3269,m_3566,640134,app_2369,started,400,400,1.56
c_3270,m_267,0,app_8084,started,400,400,1.56
c_3270,m_267,12588,app_8084,started,400,400,1.56
c_3270,m_267,107877,app_8084,started,400,400,1.56
c_3270,m_267,177162,app_8084,started,400,400,1.56
c_3270,m_267,210329,app_8084,started,400,400,1.56
c_3270,m_267,259701,app_8084,started,400,400,1.56
c_3270,m_267,382888,app_8084,started,400,400,1.56
c_3271,m_2538,595562,app_6140,started,400,400,1.56
c_3271,m_2538,664873,app_6140,started,400,400,1.56
c_3272,m_220,0,app_4369,started,400,400,1.56
c_3272,m_220,14712,app_4369,started,400,400,1.56
c_3272,m_220,109220,app_4369,started,400,400,1.56
c_3272,m_220,177852,app_4369,started,400,400,1.56
c_3272,m_220,262589,app_4369,started,400,400,1.56
c_3272,m_220,347400,app_4369,started,400,400,1.56
c_3272,m_220,642717,app_4369,started,400,400,1.56
c_3273,m_739,0,app_3135,started,400,400,1.56
c_3273,m_739,31047,app_3135,started,400,400,1.56
c_3273,m_739,126295,app_3135,started,400,400,1.56
c_3273,m_739,279731,app_3135,started,400,400,1.56
c_3273,m_739,374934,app_3135,started,400,400,1.56
c_3274,m_376,0,app_2836,started,400,400,1.56
c_3274,m_376,20996,app_2836,started,400,400,1.56
c_3274,m_376,116213,app_2836,started,400,400,1.56
c_3274,m_376,269607,app_2836,started,400,400,1.56
c_3274,m_376,363620,app_2836,started,400,400,1.56
c_3275,m_1085,0,app_4894,started,400,480,3.13
c_3275,m_1085,26950,app_4894,started,400,480,3.13
c_3275,m_1085,121916,app_4894,started,400,480,3.13
c_3275,m_1085,275372,app_4894,started,400,480,3.13
c_3276,m_3462,0,app_7688,started,400,480,1.56
c_3276,m_3462,290927,app_7688,started,400,480,1.56
c_3277,m_79,0,app_5048,started,400,400,1.56
c_3277,m_79,15951,app_5048,started,400,400,1.56
c_3277,m_79,110457,app_5048,started,400,400,1.56
c_3277,m_79,263826,app_5048,started,400,400,1.56
c_3277,m_79,355304,app_5048,started,400,400,1.56
c_3278,m_3008,0,app_3238,started,400,400,1.56
c_3278,m_3008,9409,app_3238,started,400,400,1.56
c_3278,m_3008,104489,app_3238,started,400,400,1.56
c_3278,m_3008,173895,app_3238,started,400,400,1.56
c_3278,m_3008,207025,app_3238,started,400,400,1.56
c_3278,m_3008,256381,app_3238,started,400,400,1.56
c_3278,m_3008,416299,app_3238,started,400,400,1.56
c_3279,m_1622,0,app_141,started,800,800,3.13
c_3279,m_1622,284932,app_141,started,800,800,3.13
c_3279,m_1622,345181,app_141,started,800,800,3.13
c_3280,m_103,0,app_3324,started,400,400,1.56
c_3280,m_103,34159,app_3324,started,400,400,1.56
c_3280,m_103,230132,app_3324,started,400,400,1.56
c_3280,m_103,447673,app_3324,started,400,400,1.56
c_3281,m_693,0,app_4730,started,400,400,1.56
c_3281,m_693,35090,app_4730,started,400,400,1.56
c_3281,m_693,70499,app_4730,started,400,400,1.56
c_3281,m_693,284229,app_4730,started,400,400,1.56
c_3281,m_693,379357,app_4730,started,400,400,1.56
c_3282,m_2754,0,app_2413,started,400,400,1.56
c_3282,m_2754,11173,app_2413,started,400,400,1.56
c_3282,m_2754,105650,app_2413,started,400,400,1.56
c_3282,m_2754,174541,app_2413,started,400,400,1.56
c_3282,m_2754,208083,app_2413,started,400,400,1.56
c_3282,m_2754,259002,app_2413,started,400,400,1.56
c_3282,m_2754,340249,app_2413,started,400,400,1.56
c_3282,m_2754,550368,app_2413,started,400,400,1.56
c_3283,m_2261,287747,app_1714,started,400,400,1.56
c_3283,m_2261,321806,app_1714,started,400,400,1.56
c_3284,m_1177,0,app_7097,started,800,800,3.13
c_3284,m_1177,125910,app_7097,started,800,800,3.13
c_3284,m_1177,129534,app_7097,started,800,800,3.13
c_3284,m_1177,130211,app_7097,started,800,800,3.13
c_3284,m_1177,162877,app_7097,started,800,800,3.13
c_3284,m_1177,287549,app_7097,started,800,800,3.13
c_3284,m_1177,382891,app_7097,started,800,800,3.13
c_3285,m_851,0,app_8949,started,800,800,1.56
c_3285,m_851,11523,app_8949,started,800,800,1.56
c_3285,m_851,106762,app_8949,started,800,800,1.56
c_3285,m_851,176072,app_8949,started,800,800,1.56
c_3285,m_851,209237,app_8949,started,800,800,1.56
c_3285,m_851,258543,app_8949,started,800,800,1.56
c_3285,m_851,382054,app_8949,started,800,800,1.56
c_3285,m_851,641140,app_8949,started,800,800,1.56
c_3286,m_1701,0,app_7561,started,400,400,1.56
c_3286,m_1701,11286,app_7561,started,400,400,1.56
c_3286,m_1701,105765,app_7561,started,400,400,1.56
c_3286,m_1701,174652,app_7561,started,400,400,1.56
c_3286,m_1701,208193,app_7561,started,400,400,1.56
c_3286,m_1701,259117,app_7561,started,400,400,1.56
c_3286,m_1701,349444,app_7561,started,400,400,1.56
c_3287,m_1305,0,app_6841,started,400,400,1.56
c_3287,m_1305,15491,app_6841,started,400,400,1.56
c_3287,m_1305,109992,app_6841,started,400,400,1.56
c_3287,m_1305,263369,app_6841,started,400,400,1.56
c_3287,m_1305,324075,app_6841,started,400,400,1.56
c_3288,m_3161,0,app_1733,started,400,480,1.56
c_3288,m_3161,23839,app_1733,started,400,480,1.56
c_3288,m_3161,70349,app_1733,started,400,480,1.56
c_3288,m_3161,118699,app_1733,started,400,480,1.56
c_3288,m_3161,272103,app_1733,started,400,480,1.56
c_3289,m_4024,0,app_4352,stopped,400,400,1.56
c_3289,m_4024,30099,app_4352,stopped,400,400,1.56
c_3289,m_4024,125285,app_4352,stopped,400,400,1.56
c_3289,m_4024,278723,app_4352,stopped,400,400,1.56
c_3290,m_745,0,app_8461,started,400,400,1.56
c_3290,m_745,9383,app_8461,started,400,400,1.56
c_3290,m_745,103772,app_8461,started,400,400,1.56
c_3290,m_745,172728,app_8461,started,400,400,1.56
c_3290,m_745,206308,app_8461,started,400,400,1.56
c_3290,m_745,220931,app_8461,started,400,400,1.56
c_3290,m_745,257104,app_8461,started,400,400,1.56
c_3290,m_745,347382,app_8461,started,400,400,1.56
c_3291,m_151,228100,app_1411,started,400,400,1.56
c_3291,m_151,281488,app_1411,started,400,400,1.56
c_3291,m_151,447296,app_1411,started,400,400,1.56
c_3292,m_737,0,app_4220,started,800,800,3.13
c_3292,m_737,11533,app_4220,started,800,800,3.13
c_3292,m_737,106771,app_4220,started,800,800,3.13
c_3292,m_737,176081,app_4220,started,800,800,3.13
c_3292,m_737,209246,app_4220,started,800,800,3.13
c_3292,m_737,258552,app_4220,started,800,800,3.13
c_3292,m_737,382064,app_4220,started,800,800,3.13
c_3292,m_737,552740,app_4220,started,800,800,3.13
c_3293,m_2685,0,app_381,started,800,800,3.13
c_3293,m_2685,29286,app_381,started,800,800,3.13
c_3293,m_2685,125604,app_381,started,800,800,3.13
c_3293,m_2685,276686,app_381,started,800,800,3.13
c_3293,m_2685,347395,app_381,started,800,800,3.13
c_3294,m_2808,0,app_2,started,400,480,1.56
c_3294,m_2808,19672,app_2,started,400,480,1.56
c_3294,m_2808,115327,app_2,started,400,480,1.56
c_3294,m_2808,266882,app_2,started,400,480,1.56
c_3295,m_3967,0,app_6322,started,400,480,1.56
c_3295,m_3967,27419,app_6322,started,400,480,1.56
c_3295,m_3967,122423,app_6322,started,400,480,1.56
c_3295,m_3967,275855,app_6322,started,400,480,1.56
c_3296,m_2847,0,app_6954,started,400,400,1.56
c_3296,m_2847,285260,app_6954,started,400,400,1.56
c_3296,m_2847,451733,app_6954,started,400,400,1.56
c_3297,m_1219,337807,app_2435,stopped,100,100,0.38
c_3298,m_2704,0,app_8299,started,800,800,3.13
c_3298,m_2704,125913,app_8299,started,800,800,3.13
c_3298,m_2704,130192,app_8299,started,800,800,3.13
c_3298,m_2704,162799,app_8299,started,800,800,3.13
c_3298,m_2704,285082,app_8299,started,800,800,3.13
c_3298,m_2704,341794,app_8299,started,800,800,3.13
c_3299,m_1411,0,app_9550,started,800,960,3.13
c_3299,m_1411,9375,app_9550,started,800,960,3.13
c_3299,m_1411,103764,app_9550,started,800,960,3.13
c_3299,m_1411,172720,app_9550,started,800,960,3.13
c_3299,m_1411,206300,app_9550,started,800,960,3.13
c_3299,m_1411,257096,app_9550,started,800,960,3.13
c_3300,m_1549,581117,app_263,started,800,800,3.13
c_3300,m_1549,588784,app_263,started,800,800,3.13
c_3300,m_1549,594607,app_263,started,800,800,3.13
c_3300,m_1549,664795,app_263,started,800,800,3.13
c_3301,m_2652,0,app_7908,started,400,400,1.56
c_3301,m_2652,11785,app_7908,started,400,400,1.56
c_3301,m_2652,106268,app_7908,started,400,400,1.56
c_3301,m_2652,175122,app_7908,started,400,400,1.56
c_3301,m_2652,208724,app_7908,started,400,400,1.56
c_3301,m_2652,259718,app_7908,started,400,400,1.56
c_3301,m_2652,350025,app_7908,started,400,400,1.56
c_3302,m_1746,0,app_6651,started,400,400,1.56
c_3302,m_1746,11069,app_6651,started,400,400,1.56
c_3302,m_1746,106279,app_6651,started,400,400,1.56
c_3302,m_1746,175597,app_6651,started,400,400,1.56
c_3302,m_1746,208773,app_6651,started,400,400,1.56
c_3302,m_1746,258085,app_6651,started,400,400,1.56
c_3302,m_1746,381102,app_6651,started,400,400,1.56
c_3302,m_1746,640469,app_6651,started,400,400,1.56
c_3303,m_2953,0,app_7722,started,400,400,1.56
c_3303,m_2953,35490,app_7722,started,400,400,1.56
c_3303,m_2953,284672,app_7722,started,400,400,1.56
c_3303,m_2953,379834,app_7722,started,400,400,1.56
c_3304,m_503,0,app_8384,started,400,400,1.56
c_3304,m_503,13674,app_8384,started,400,400,1.56
c_3304,m_503,108187,app_8384,started,400,400,1.56
c_3304,m_503,176876,app_8384,started,400,400,1.56
c_3304,m_503,210492,app_8384,started,400,400,1.56
c_3304,m_503,261585,app_8384,started,400,400,1.56
c_3304,m_503,352161,app_8384,started,400,400,1.56
c_3304,m_503,641401,app_8384,started,400,400,1.56
c_3305,m_1779,0,app_8811,started,400,480,1.56
c_3305,m_1779,17575,app_8811,started,400,480,1.56
c_3305,m_1779,113074,app_8811,started,400,480,1.56
c_3305,m_1779,264684,app_8811,started,400,480,1.56
c_3306,m_3883,0,app_9529,started,400,400,2.34
c_3306,m_3883,33337,app_9529,started,400,400,2.34
c_3306,m_3883,129977,app_9529,started,400,400,2.34
c_3306,m_3883,221816,app_9529,started,400,400,2.34
c_3306,m_3883,280854,app_9529,started,400,400,2.34
c_3306,m_3883,446206,app_9529,started,400,400,2.34
c_3307,m_37,0,app_8274,started,800,800,3.13
c_3307,m_37,19093,app_8274,started,800,800,3.13
c_3307,m_37,114709,app_8274,started,800,800,3.13
c_3307,m_37,266265,app_8274,started,800,800,3.13
c_3307,m_37,340534,app_8274,started,800,800,3.13
c_3307,m_37,596245,app_8274,started,800,800,3.13
c_3308,m_488,0,app_2413,started,400,400,1.56
c_3308,m_488,290014,app_2413,started,400,400,1.56
c_3308,m_488,385590,app_2413,started,400,400,1.56
c_3308,m_488,483431,app_2413,started,400,400,1.56
c_3309,m_3037,0,app_5526,started,400,400,1.56
c_3309,m_3037,289367,app_5526,started,400,400,1.56
c_3309,m_3037,384891,app_5526,started,400,400,1.56
c_3310,m_497,340165,app_9541,started,800,800,3.13
c_3310,m_497,355549,app_9541,started,800,800,3.13
c_3310,m_497,385278,app_9541,started,800,800,3.13
c_3310,m_497,448313,app_9541,started,800,800,3.13
c_3310,m_497,557504,app_9541,started,800,800,3.13
c_3311,m_1250,554314,app_2903,started,400,400,1.56
c_3312,m_2341,0,app_3122,started,400,400,1.56
c_3312,m_2341,19043,app_3122,started,400,400,1.56
c_3312,m_2341,114657,app_3122,started,400,400,1.56
c_3312,m_2341,266185,app_3122,started,400,400,1.56
c_3312,m_2341,427702,app_3122,started,400,400,1.56
c_3313,m_319,0,app_4898,started,400,400,1.56
c_3313,m_319,8870,app_4898,started,400,400,1.56
c_3313,m_319,103938,app_4898,started,400,400,1.56
c_3313,m_319,173352,app_4898,started,400,400,1.56
c_3313,m_319,206482,app_4898,started,400,400,1.56
c_3313,m_319,255854,app_4898,started,400,400,1.56
c_3313,m_319,415455,app_4898,started,400,400,1.56
c_3313,m_319,637367,app_4898,started,400,400,1.56
c_3314,m_3861,0,app_5102,started,800,800,3.13
c_3314,m_3861,30052,app_5102,started,800,800,3.13
c_3314,m_3861,125237,app_5102,started,800,800,3.13
c_3314,m_3861,278672,app_5102,started,800,800,3.13
c_3314,m_3861,339078,app_5102,started,800,800,3.13
c_3315,m_3846,0,app_1225,started,400,400,1.56
c_3315,m_3846,28172,app_1225,started,400,400,1.56
c_3315,m_3846,124412,app_1225,started,400,400,1.56
c_3315,m_3846,275507,app_1225,started,400,400,1.56
c_3316,m_1136,0,app_5302,started,400,400,1.56
c_3316,m_1136,33063,app_5302,started,400,400,1.56
c_3316,m_1136,128418,app_5302,started,400,400,1.56
c_3316,m_1136,282102,app_5302,started,400,400,1.56
c_3316,m_1136,377170,app_5302,started,400,400,1.56
c_3317,m_3983,0,app_3755,started,400,400,1.56
c_3317,m_3983,10560,app_3755,started,400,400,1.56
c_3317,m_3983,105749,app_3755,started,400,400,1.56
c_3317,m_3983,175091,app_3755,started,400,400,1.56
c_3317,m_3983,208222,app_3755,started,400,400,1.56
c_3317,m_3983,257578,app_3755,started,400,400,1.56
c_3317,m_3983,380242,app_3755,started,400,400,1.56
c_3318,m_1115,35235,app_2087,started,400,400,3.13
c_3318,m_1115,232826,app_2087,started,400,400,3.13
c_3318,m_1115,416328,app_2087,started,400,400,3.13
c_3319,m_148,0,app_2131,started,400,400,1.56
c_3319,m_148,9457,app_2131,started,400,400,1.56
c_3319,m_148,103852,app_2131,started,400,400,1.56
c_3319,m_148,172797,app_2131,started,400,400,1.56
c_3319,m_148,206378,app_2131,started,400,400,1.56
c_3319,m_148,257180,app_2131,started,400,400,1.56
c_3319,m_148,347471,app_2131,started,400,400,1.56
c_3319,m_148,635176,app_2131,started,400,400,1.56
c_3320,m_1159,0,app_8893,started,400,400,1.56
c_3320,m_1159,25363,app_8893,started,400,400,1.56
c_3320,m_1159,120257,app_8893,started,400,400,1.56
c_3320,m_1159,273651,app_8893,started,400,400,1.56
c_3320,m_1159,317597,app_8893,started,400,400,1.56
c_3321,m_1972,0,app_1552,started,400,400,1.56
c_3321,m_1972,12751,app_1552,started,400,400,1.56
c_3321,m_1972,107227,app_1552,started,400,400,1.56
c_3321,m_1972,176012,app_1552,started,400,400,1.56
c_3321,m_1972,209625,app_1552,started,400,400,1.56
c_3321,m_1972,260674,app_1552,started,400,400,1.56
c_3321,m_1972,351069,app_1552,started,400,400,1.56
c_3321,m_1972,638512,app_1552,started,400,400,1.56
c_3322,m_2245,0,app_7791,started,800,800,3.13
c_3322,m_2245,11748,app_7791,started,800,800,3.13
c_3322,m_2245,107001,app_7791,started,800,800,3.13
c_3322,m_2245,125864,app_7791,started,800,800,3.13
c_3322,m_2245,129531,app_7791,started,800,800,3.13
c_3322,m_2245,130204,app_7791,started,800,800,3.13
c_3322,m_2245,162874,app_7791,started,800,800,3.13
c_3322,m_2245,176307,app_7791,started,800,800,3.13
c_3322,m_2245,209465,app_7791,started,800,800,3.13
c_3322,m_2245,258772,app_7791,started,800,800,3.13
c_3323,m_2805,0,app_5263,started,400,400,1.56
c_3323,m_2805,21655,app_5263,started,400,400,1.56
c_3323,m_2805,116763,app_5263,started,400,400,1.56
c_3323,m_2805,124132,app_5263,started,400,400,1.56
c_3323,m_2805,268836,app_5263,started,400,400,1.56
c_3323,m_2805,393215,app_5263,started,400,400,1.56
c_3323,m_2805,677836,app_5263,started,400,400,1.56
c_3324,m_1321,0,app_7732,started,400,400,1.56
c_3324,m_1321,158045,app_7732,started,400,400,1.56
c_3324,m_1321,248779,app_7732,started,400,400,1.56
c_3324,m_1321,337233,app_7732,started,400,400,1.56
c_3325,m_3270,0,app_7235,started,400,400,1.56
c_3325,m_3270,32613,app_7235,started,400,400,1.56
c_3325,m_3270,127947,app_7235,started,400,400,1.56
c_3325,m_3270,281617,app_7235,started,400,400,1.56
c_3325,m_3270,376655,app_7235,started,400,400,1.56
c_3326,m_3173,0,app_7235,started,400,400,1.56
c_3326,m_3173,10379,app_7235,started,400,400,1.56
c_3326,m_3173,104832,app_7235,started,400,400,1.56
c_3326,m_3173,173763,app_7235,started,400,400,1.56
c_3326,m_3173,207287,app_7235,started,400,400,1.56
c_3326,m_3173,258161,app_7235,started,400,400,1.56
c_3326,m_3173,348464,app_7235,started,400,400,1.56
c_3327,m_1627,0,app_3275,started,1600,1600,11.72
c_3327,m_1627,10964,app_3275,started,1600,1600,11.72
c_3327,m_1627,105436,app_3275,started,1600,1600,11.72
c_3327,m_1627,174339,app_3275,started,1600,1600,11.72
c_3327,m_1627,207880,app_3275,started,1600,1600,11.72
c_3327,m_1627,258789,app_3275,started,1600,1600,11.72
c_3327,m_1627,349104,app_3275,started,1600,1600,11.72
c_3328,m_3611,0,app_4259,started,400,400,1.56
c_3328,m_3611,26410,app_4259,started,400,400,1.56
c_3328,m_3611,59355,app_4259,started,400,400,1.56
c_3328,m_3611,121342,app_4259,started,400,400,1.56
c_3328,m_3611,274800,app_4259,started,400,400,1.56
c_3328,m_3611,369469,app_4259,started,400,400,1.56
c_3328,m_3611,668705,app_4259,started,400,400,1.56
c_3329,m_2303,0,app_7432,started,400,480,1.56
c_3329,m_2303,9422,app_7432,started,400,480,1.56
c_3329,m_2303,103816,app_7432,started,400,480,1.56
c_3329,m_2303,172765,app_7432,started,400,480,1.56
c_3329,m_2303,206345,app_7432,started,400,480,1.56
c_3329,m_2303,257144,app_7432,started,400,480,1.56
c_3330,m_3018,39167,app_8047,started,400,400,1.56
c_3330,m_3018,276413,app_8047,started,400,400,1.56
c_3330,m_3018,344185,app_8047,started,400,400,1.56
c_3331,m_1855,0,app_6411,started,400,480,1.56
c_3331,m_1855,284089,app_6411,started,400,480,1.56
c_3332,m_1435,0,app_9112,started,400,400,1.56
c_3332,m_1435,13594,app_9112,started,400,400,1.56
c_3332,m_1435,108105,app_9112,started,400,400,1.56
c_3332,m_1435,176799,app_9112,started,400,400,1.56
c_3332,m_1435,210415,app_9112,started,400,400,1.56
c_3332,m_1435,261504,app_9112,started,400,400,1.56
c_3332,m_1435,352077,app_9112,started,400,400,1.56
c_3333,m_1865,0,app_8075,started,400,400,1.56
c_3333,m_1865,15238,app_8075,started,400,400,1.56
c_3333,m_1865,109738,app_8075,started,400,400,1.56
c_3333,m_1865,251057,app_8075,started,400,400,1.56
c_3333,m_1865,354421,app_8075,started,400,400,1.56
c_3334,m_1050,0,app_7700,started,800,800,3.13
c_3334,m_1050,283950,app_7700,started,800,800,3.13
c_3334,m_1050,411248,app_7700,started,800,800,3.13
c_3335,m_1947,0,app_7475,started,400,400,1.56
c_3335,m_1947,11706,app_7475,started,400,400,1.56
c_3335,m_1947,106956,app_7475,started,400,400,1.56
c_3335,m_1947,176258,app_7475,started,400,400,1.56
c_3335,m_1947,209423,app_7475,started,400,400,1.56
c_3335,m_1947,258731,app_7475,started,400,400,1.56
c_3335,m_1947,417993,app_7475,started,400,400,1.56
c_3335,m_1947,641383,app_7475,started,400,400,1.56
c_3336,m_664,0,app_1575,started,400,400,1.56
c_3336,m_664,18239,app_1575,started,400,400,1.56
c_3336,m_664,113800,app_1575,started,400,400,1.56
c_3336,m_664,265370,app_1575,started,400,400,1.56
c_3336,m_664,426815,app_1575,started,400,400,1.56
c_3337,m_3598,0,app_1611,started,400,400,1.56
c_3337,m_3598,33861,app_1611,started,400,400,1.56
c_3337,m_3598,281407,app_1611,started,400,400,1.56
c_3337,m_3598,408285,app_1611,started,400,400,1.56
c_3338,m_2488,0,app_2503,started,400,400,1.56
c_3338,m_2488,19751,app_2503,started,400,400,1.56
c_3338,m_2488,115408,app_2503,started,400,400,1.56
c_3338,m_2488,266967,app_2503,started,400,400,1.56
c_3338,m_2488,428981,app_2503,started,400,400,1.56
c_3339,m_499,0,app_56,started,400,400,1.56
c_3339,m_499,23398,app_56,started,400,400,1.56
c_3339,m_499,118628,app_56,started,400,400,1.56
c_3339,m_499,212221,app_56,started,400,400,1.56
c_3339,m_499,270600,app_56,started,400,400,1.56
c_3339,m_499,319702,app_56,started,400,400,1.56
c_3340,m_3029,0,app_6586,started,400,480,1.56
c_3340,m_3029,21934,app_6586,started,400,480,1.56
c_3340,m_3029,116711,app_6586,started,400,480,1.56
c_3340,m_3029,270112,app_6586,started,400,480,1.56
c_3340,m_3029,364162,app_6586,started,400,480,1.56
c_3340,m_3029,566246,app_6586,started,400,480,1.56
c_3341,m_3219,0,app_3514,started,400,400,1.56
c_3341,m_3219,11795,app_3514,started,400,400,1.56
c_3341,m_3219,106279,app_3514,started,400,400,1.56
c_3341,m_3219,175132,app_3514,started,400,400,1.56
c_3341,m_3219,208736,app_3514,started,400,400,1.56
c_3341,m_3219,245232,app_3514,started,400,400,1.56
c_3341,m_3219,324075,app_3514,started,400,400,1.56
c_3341,m_3219,638556,app_3514,started,400,400,1.56
c_3342,m_1491,0,app_3366,started,400,400,1.56
c_3342,m_1491,34556,app_3366,started,400,400,1.56
c_3342,m_1491,283671,app_3366,started,400,400,1.56
c_3342,m_1491,378787,app_3366,started,400,400,1.56
c_3343,m_3608,0,app_1244,started,800,800,3.13
c_3343,m_3608,35202,app_1244,started,800,800,3.13
c_3343,m_3608,105608,app_1244,started,800,800,3.13
c_3343,m_3608,282835,app_1244,started,800,800,3.13
c_3343,m_3608,449082,app_1244,started,800,800,3.13
c_3344,m_3044,0,app_3026,started,400,400,1.56
c_3344,m_3044,13992,app_3026,started,400,400,1.56
c_3344,m_3044,108530,app_3026,started,400,400,1.56
c_3344,m_3044,177202,app_3026,started,400,400,1.56
c_3344,m_3044,210807,app_3026,started,400,400,1.56
c_3344,m_3044,238522,app_3026,started,400,400,1.56
c_3344,m_3044,261924,app_3026,started,400,400,1.56
c_3344,m_3044,352513,app_3026,started,400,400,1.56
c_3345,m_2063,0,app_8281,started,400,480,1.56
c_3345,m_2063,7592,app_8281,started,400,480,1.56
c_3345,m_2063,102578,app_8281,started,400,480,1.56
c_3345,m_2063,172004,app_8281,started,400,480,1.56
c_3345,m_2063,205154,app_8281,started,400,480,1.56
c_3345,m_2063,254512,app_8281,started,400,480,1.56
c_3345,m_2063,635237,app_8281,started,400,480,1.56
c_3346,m_720,0,app_1552,started,400,400,1.56
c_3346,m_720,10946,app_1552,started,400,400,1.56
c_3346,m_720,106148,app_1552,started,400,400,1.56
c_3346,m_720,175471,app_1552,started,400,400,1.56
c_3346,m_720,208640,app_1552,started,400,400,1.56
c_3346,m_720,257958,app_1552,started,400,400,1.56
c_3346,m_720,339476,app_1552,started,400,400,1.56
c_3346,m_720,640300,app_1552,started,400,400,1.56
c_3347,m_138,0,app_1502,started,400,400,1.56
c_3347,m_138,34880,app_1502,started,400,400,1.56
c_3347,m_138,282485,app_1502,started,400,400,1.56
c_3347,m_138,409317,app_1502,started,400,400,1.56
c_3348,m_2691,0,app_8637,started,400,400,1.56
c_3348,m_2691,22303,app_8637,started,400,400,1.56
c_3348,m_2691,117459,app_8637,started,400,400,1.56
c_3348,m_2691,269490,app_8637,started,400,400,1.56
c_3348,m_2691,394352,app_8637,started,400,400,1.56
c_3349,m_1921,0,app_840,started,400,400,1.56
c_3349,m_1921,284794,app_840,started,400,400,1.56
c_3349,m_1921,412150,app_840,started,400,400,1.56
c_3350,m_1344,0,app_2488,started,400,400,1.56
c_3350,m_1344,284978,app_2488,started,400,400,1.56
c_3350,m_1344,412488,app_2488,started,400,400,1.56
c_3351,m_3986,0,app_498,started,400,400,1.56
c_3351,m_3986,34274,app_498,started,400,400,1.56
c_3351,m_3986,125916,app_498,started,400,400,1.56
c_3351,m_3986,130182,app_498,started,400,400,1.56
c_3351,m_3986,162846,app_498,started,400,400,1.56
c_3351,m_3986,281847,app_498,started,400,400,1.56
c_3351,m_3986,408609,app_498,started,400,400,1.56
c_3352,m_1724,0,app_8618,started,400,400,1.56
c_3352,m_1724,34105,app_8618,started,400,400,1.56
c_3352,m_1724,129504,app_8618,started,400,400,1.56
c_3352,m_1724,234497,app_8618,started,400,400,1.56
c_3352,m_1724,378320,app_8618,started,400,400,1.56
c_3353,m_2581,0,app_9464,started,400,480,1.56
c_3353,m_2581,23242,app_9464,started,400,480,1.56
c_3353,m_2581,118457,app_9464,started,400,480,1.56
c_3354,m_2350,0,app_5219,started,400,400,1.56
c_3354,m_2350,32485,app_5219,started,400,400,1.56
c_3354,m_2350,60787,app_5219,started,400,400,1.56
c_3354,m_2350,125931,app_5219,started,400,400,1.56
c_3354,m_2350,129060,app_5219,started,400,400,1.56
c_3354,m_2350,130192,app_5219,started,400,400,1.56
c_3354,m_2350,163130,app_5219,started,400,400,1.56
c_3354,m_2350,279991,app_5219,started,400,400,1.56
c_3354,m_2350,341794,app_5219,started,400,400,1.56
c_3354,m_2350,445076,app_5219,started,400,400,1.56
c_3355,m_3629,0,app_7475,started,400,400,1.56
c_3355,m_3629,34687,app_7475,started,400,400,1.56
c_3355,m_3629,249205,app_7475,started,400,400,1.56
c_3355,m_3629,378933,app_7475,started,400,400,1.56
c_3355,m_3629,596261,app_7475,started,400,400,1.56
c_3356,m_1313,82047,app_5581,started,400,400,1.56
c_3356,m_1313,266739,app_5581,started,400,400,1.56
c_3356,m_1313,390585,app_5581,started,400,400,1.56
c_3357,m_2465,0,app_5898,started,400,400,1.56
c_3357,m_2465,42216,app_5898,started,400,400,1.56
c_3357,m_2465,287396,app_5898,started,400,400,1.56
c_3357,m_2465,382730,app_5898,started,400,400,1.56
c_3358,m_61,0,app_3074,stopped,400,400,1.56
c_3358,m_61,8425,app_3074,stopped,400,400,1.56
c_3358,m_61,103467,app_3074,stopped,400,400,1.56
c_3358,m_61,172849,app_3074,stopped,400,400,1.56
c_3358,m_61,206023,app_3074,stopped,400,400,1.56
c_3358,m_61,255375,app_3074,stopped,400,400,1.56
c_3358,m_61,340701,app_3074,stopped,400,400,1.56
c_3359,m_919,0,app_8274,started,800,800,3.13
c_3359,m_919,13741,app_8274,started,800,800,3.13
c_3359,m_919,109082,app_8274,started,800,800,3.13
c_3359,m_919,260882,app_8274,started,800,800,3.13
c_3359,m_919,384871,app_8274,started,800,800,3.13
c_3359,m_919,596292,app_8274,started,800,800,3.13
c_3360,m_3687,0,app_3123,started,400,400,1.56
c_3360,m_3687,33327,app_3123,started,400,400,1.56
c_3360,m_3687,129966,app_3123,started,400,400,1.56
c_3360,m_3687,280844,app_3123,started,400,400,1.56
c_3360,m_3687,446190,app_3123,started,400,400,1.56
c_3361,m_2897,0,app_3590,started,400,400,1.95
c_3361,m_2897,22875,app_3590,started,400,400,1.95
c_3361,m_2897,117690,app_3590,started,400,400,1.95
c_3361,m_2897,221384,app_3590,started,400,400,1.95
c_3361,m_2897,271092,app_3590,started,400,400,1.95
c_3361,m_2897,365210,app_3590,started,400,400,1.95
c_3362,m_4015,0,app_4908,started,800,800,3.13
c_3362,m_4015,25230,app_4908,started,800,800,3.13
c_3362,m_4015,120121,app_4908,started,800,800,3.13
c_3362,m_4015,273509,app_4908,started,800,800,3.13
c_3362,m_4015,368074,app_4908,started,800,800,3.13
c_3363,m_2894,0,app_7908,started,400,400,1.56
c_3363,m_2894,9423,app_7908,started,400,400,1.56
c_3363,m_2894,104513,app_7908,started,400,400,1.56
c_3363,m_2894,173910,app_7908,started,400,400,1.56
c_3363,m_2894,207040,app_7908,started,400,400,1.56
c_3363,m_2894,256396,app_7908,started,400,400,1.56
c_3363,m_2894,416315,app_7908,started,400,400,1.56
c_3364,m_3709,0,app_4817,started,400,400,1.56
c_3364,m_3709,33059,app_4817,started,400,400,1.56
c_3364,m_3709,129689,app_4817,started,400,400,1.56
c_3364,m_3709,250830,app_4817,started,400,400,1.56
c_3364,m_3709,445900,app_4817,started,400,400,1.56
c_3365,m_3172,0,app_3539,started,400,400,1.56
c_3365,m_3172,33963,app_3539,started,400,400,1.56
c_3365,m_3172,216042,app_3539,started,400,400,1.56
c_3365,m_3172,216099,app_3539,started,400,400,1.56
c_3365,m_3172,229178,app_3539,started,400,400,1.56
c_3365,m_3172,281506,app_3539,started,400,400,1.56
c_3365,m_3172,408358,app_3539,started,400,400,1.56
c_3366,m_3989,0,app_6923,started,400,400,1.56
c_3366,m_3989,17224,app_6923,started,400,400,1.56
c_3366,m_3989,111756,app_6923,started,400,400,1.56
c_3366,m_3989,265068,app_6923,started,400,400,1.56
c_3366,m_3989,357571,app_6923,started,400,400,1.56
c_3367,m_3791,0,app_4265,started,400,400,1.56
c_3367,m_3791,29926,app_4265,started,400,400,1.56
c_3367,m_3791,125112,app_4265,started,400,400,1.56
c_3367,m_3791,162894,app_4265,started,400,400,1.56
c_3367,m_3791,245212,app_4265,started,400,400,1.56
c_3367,m_3791,344059,app_4265,started,400,400,1.56
c_3368,m_3952,0,app_9278,started,400,400,1.56
c_3369,m_1771,0,app_6791,started,800,800,3.13
c_3369,m_1771,27077,app_6791,started,800,800,3.13
c_3369,m_1771,123228,app_6791,started,800,800,3.13
c_3369,m_1771,142051,app_6791,started,800,800,3.13
c_3369,m_1771,274401,app_6791,started,800,800,3.13
c_3369,m_1771,436200,app_6791,started,800,800,3.13
c_3370,m_1374,0,app_1134,started,400,400,1.56
c_3370,m_1374,19049,app_1134,started,400,400,1.56
c_3370,m_1374,114663,app_1134,started,400,400,1.56
c_3370,m_1374,266192,app_1134,started,400,400,1.56
c_3370,m_1374,427713,app_1134,started,400,400,1.56
c_3371,m_168,0,app_7107,started,400,480,1.56
c_3371,m_168,8324,app_7107,started,400,480,1.56
c_3371,m_168,103363,app_7107,started,400,480,1.56
c_3371,m_168,125864,app_7107,started,400,480,1.56
c_3371,m_168,129528,app_7107,started,400,480,1.56
c_3371,m_168,130162,app_7107,started,400,480,1.56
c_3371,m_168,162886,app_7107,started,400,480,1.56
c_3371,m_168,172744,app_7107,started,400,480,1.56
c_3371,m_168,205921,app_7107,started,400,480,1.56
c_3371,m_168,255273,app_7107,started,400,480,1.56
c_3371,m_168,552691,app_7107,started,400,480,1.56
c_3372,m_3359,0,app_9681,started,400,400,1.56
c_3372,m_3359,11048,app_9681,started,400,400,1.56
c_3372,m_3359,105522,app_9681,started,400,400,1.56
c_3372,m_3359,174425,app_9681,started,400,400,1.56
c_3372,m_3359,207965,app_9681,started,400,400,1.56
c_3372,m_3359,258877,app_9681,started,400,400,1.56
c_3372,m_3359,349202,app_9681,started,400,400,1.56
c_3373,m_2906,0,app_200,started,400,400,1.56
c_3373,m_2906,285212,app_200,started,400,400,1.56
c_3373,m_2906,451642,app_200,started,400,400,1.56
c_3374,m_775,0,app_5614,started,400,400,1.56
c_3374,m_775,285388,app_5614,started,400,400,1.56
c_3374,m_775,380603,app_5614,started,400,400,1.56
c_3375,m_3479,0,app_1840,started,400,480,1.56
c_3375,m_3479,22830,app_1840,started,400,480,1.56
c_3375,m_3479,118001,app_1840,started,400,480,1.56
c_3375,m_3479,136507,app_1840,started,400,480,1.56
c_3375,m_3479,136954,app_1840,started,400,480,1.56
c_3375,m_3479,270034,app_1840,started,400,480,1.56
c_3376,m_53,0,app_8742,started,800,800,3.13
c_3376,m_53,287834,app_8742,started,800,800,3.13
c_3376,m_53,383194,app_8742,started,800,800,3.13
c_3377,m_3426,0,app_7864,started,400,400,1.56
c_3377,m_3426,284974,app_7864,started,400,400,1.56
c_3377,m_3426,342185,app_7864,started,400,400,1.56
c_3378,m_867,0,app_6411,started,400,400,1.56
c_3378,m_867,25453,app_6411,started,400,400,1.56
c_3378,m_867,120350,app_6411,started,400,400,1.56
c_3378,m_867,273749,app_6411,started,400,400,1.56
c_3378,m_867,368316,app_6411,started,400,400,1.56
c_3379,m_872,0,app_3388,started,400,400,1.56
c_3379,m_872,20014,app_3388,started,400,400,1.56
c_3379,m_872,115391,app_3388,started,400,400,1.56
c_3379,m_872,268009,app_3388,started,400,400,1.56
c_3379,m_872,337633,app_3388,started,400,400,1.56
c_3380,m_680,0,app_4799,started,800,800,3.13
c_3380,m_680,14060,app_4799,started,800,800,3.13
c_3380,m_680,108603,app_4799,started,800,800,3.13
c_3380,m_680,177269,app_4799,started,800,800,3.13
c_3380,m_680,210873,app_4799,started,800,800,3.13
c_3380,m_680,261994,app_4799,started,800,800,3.13
c_3380,m_680,418630,app_4799,started,800,800,3.13
c_3380,m_680,641908,app_4799,started,800,800,3.13
c_3381,m_3320,0,app_2129,started,400,400,1.56
c_3381,m_3320,13498,app_2129,started,400,400,1.56
c_3381,m_3320,108003,app_2129,started,400,400,1.56
c_3381,m_3320,125917,app_2129,started,400,400,1.56
c_3381,m_3320,130112,app_2129,started,400,400,1.56
c_3381,m_3320,176707,app_2129,started,400,400,1.56
c_3381,m_3320,210325,app_2129,started,400,400,1.56
c_3381,m_3320,261410,app_2129,started,400,400,1.56
c_3381,m_3320,330711,app_2129,started,400,400,1.56
c_3382,m_677,0,app_562,started,800,800,3.13
c_3383,m_775,0,app_6976,started,400,400,1.56
c_3383,m_775,285388,app_6976,started,400,400,1.56
c_3383,m_775,380603,app_6976,started,400,400,1.56
c_3384,m_2309,0,app_1134,started,400,400,1.56
c_3384,m_2309,17823,app_1134,started,400,400,1.56
c_3384,m_2309,112417,app_1134,started,400,400,1.56
c_3384,m_2309,265728,app_1134,started,400,400,1.56
c_3384,m_2309,358944,app_1134,started,400,400,1.56
c_3385,m_3248,0,app_4532,started,400,400,1.56
c_3385,m_3248,30572,app_4532,started,400,400,1.56
c_3385,m_3248,62558,app_4532,started,400,400,1.56
c_3385,m_3248,125774,app_4532,started,400,400,1.56
c_3385,m_3248,279214,app_4532,started,400,400,1.56
c_3385,m_3248,374365,app_4532,started,400,400,1.56
c_3386,m_3541,0,app_3767,started,400,480,1.56
c_3387,m_3182,0,app_559,started,400,400,1.56
c_3387,m_3182,15101,app_559,started,400,400,1.56
c_3387,m_3182,109606,app_559,started,400,400,1.56
c_3387,m_3182,262974,app_559,started,400,400,1.56
c_3387,m_3182,354095,app_559,started,400,400,1.56
c_3387,m_3182,447019,app_559,started,400,400,1.56
c_3387,m_3182,556032,app_559,started,400,400,1.56
c_3388,m_1218,0,app_9185,started,400,400,1.56
c_3388,m_1218,284215,app_9185,started,400,400,1.56
c_3388,m_1218,450509,app_9185,started,400,400,1.56
c_3389,m_1367,0,app_5035,started,800,800,3.13
c_3389,m_1367,30148,app_5035,started,800,800,3.13
c_3389,m_1367,125332,app_5035,started,800,800,3.13
c_3389,m_1367,278772,app_5035,started,800,800,3.13
c_3389,m_1367,373918,app_5035,started,800,800,3.13
c_3390,m_2185,0,app_2737,started,400,400,1.56
c_3390,m_2185,12666,app_2737,started,400,400,1.56
c_3390,m_2185,107955,app_2737,started,400,400,1.56
c_3390,m_2185,177240,app_2737,started,400,400,1.56
c_3390,m_2185,210406,app_2737,started,400,400,1.56
c_3390,m_2185,259778,app_2737,started,400,400,1.56
c_3390,m_2185,382995,app_2737,started,400,400,1.56
c_3390,m_2185,589090,app_2737,started,400,400,1.56
c_3391,m_1104,0,app_4265,started,400,400,1.56
c_3391,m_1104,285046,app_4265,started,400,400,1.56
c_3391,m_1104,380254,app_4265,started,400,400,1.56
c_3392,m_36,0,app_380,started,400,400,1.56
c_3392,m_36,50416,app_380,started,400,400,1.56
c_3392,m_36,287600,app_380,started,400,400,1.56
c_3392,m_36,382945,app_380,started,400,400,1.56
c_3392,m_36,645670,app_380,started,400,400,1.56
c_3393,m_904,0,app_5389,started,400,400,1.56
c_3393,m_904,22846,app_5389,started,400,400,1.56
c_3393,m_904,117662,app_5389,started,400,400,1.56
c_3393,m_904,271063,app_5389,started,400,400,1.56
c_3393,m_904,365182,app_5389,started,400,400,1.56
c_3394,m_1021,0,app_5219,started,400,400,1.56
c_3395,m_1818,0,app_8274,started,800,800,3.13
c_3395,m_1818,12868,app_8274,started,800,800,3.13
c_3395,m_1818,107349,app_8274,started,800,800,3.13
c_3395,m_1818,176129,app_8274,started,800,800,3.13
c_3395,m_1818,209741,app_8274,started,800,800,3.13
c_3395,m_1818,260797,app_8274,started,800,800,3.13
c_3395,m_1818,351198,app_8274,started,800,800,3.13
c_3395,m_1818,640274,app_8274,started,800,800,3.13
c_3396,m_1421,0,app_4474,started,800,800,3.13
c_3396,m_1421,285307,app_4474,started,800,800,3.13
c_3396,m_1421,380513,app_4474,started,800,800,3.13
c_3397,m_3689,0,app_2356,started,400,400,1.56
c_3397,m_3689,13783,app_2356,started,400,400,1.56
c_3397,m_3689,109126,app_2356,started,400,400,1.56
c_3397,m_3689,251375,app_2356,started,400,400,1.56
c_3397,m_3689,384931,app_2356,started,400,400,1.56
c_3398,m_3590,0,app_552,started,800,800,3.13
c_3398,m_3590,28070,app_552,started,800,800,3.13
c_3398,m_3590,124294,app_552,started,800,800,3.13
c_3398,m_3590,275409,app_552,started,800,800,3.13
c_3398,m_3590,402693,app_552,started,800,800,3.13
c_3399,m_2134,0,app_5244,started,400,400,1.56
c_3399,m_2134,289399,app_5244,started,400,400,1.56
c_3399,m_2134,384927,app_5244,started,400,400,1.56
c_3400,m_1950,44110,app_1215,started,400,400,1.56
c_3400,m_1950,123337,app_1215,started,400,400,1.56
c_3400,m_1950,274509,app_1215,started,400,400,1.56
c_3400,m_1950,436352,app_1215,started,400,400,1.56
c_3401,m_3412,0,app_4964,started,400,400,1.56
c_3401,m_3412,10546,app_4964,started,400,400,1.56
c_3401,m_3412,105733,app_4964,started,400,400,1.56
c_3401,m_3412,175074,app_4964,started,400,400,1.56
c_3401,m_3412,208205,app_4964,started,400,400,1.56
c_3401,m_3412,257561,app_4964,started,400,400,1.56
c_3401,m_3412,380210,app_4964,started,400,400,1.56
c_3402,m_888,0,app_5614,started,400,400,1.56
c_3402,m_888,285413,app_5614,started,400,400,1.56
c_3402,m_888,380629,app_5614,started,400,400,1.56
c_3403,m_459,0,app_2642,started,400,400,1.56
c_3403,m_459,34239,app_2642,started,400,400,1.56
c_3403,m_459,129644,app_2642,started,400,400,1.56
c_3403,m_459,283332,app_2642,started,400,400,1.56
c_3403,m_459,378447,app_2642,started,400,400,1.56
c_3404,m_2151,0,app_3032,started,800,800,3.13
c_3404,m_2151,12363,app_3032,started,800,800,3.13
c_3404,m_2151,107642,app_3032,started,800,800,3.13
c_3404,m_2151,176927,app_3032,started,800,800,3.13
c_3404,m_2151,210086,app_3032,started,800,800,3.13
c_3404,m_2151,259469,app_3032,started,800,800,3.13
c_3405,m_1813,323838,app_6067,started,400,400,1.56
c_3406,m_67,595566,app_6140,started,400,400,1.56
c_3406,m_67,664751,app_6140,started,400,400,1.56
c_3407,m_2297,0,app_4812,started,400,400,1.56
c_3407,m_2297,24206,app_4812,started,400,400,1.56
c_3407,m_2297,120119,app_4812,started,400,400,1.56
c_3407,m_2297,271428,app_4812,started,400,400,1.56
c_3407,m_2297,397869,app_4812,started,400,400,1.56
c_3408,m_309,0,app_2164,started,800,960,3.13
c_3408,m_309,22862,app_2164,started,800,960,3.13
c_3408,m_309,117676,app_2164,started,800,960,3.13
c_3408,m_309,271078,app_2164,started,800,960,3.13
c_3408,m_309,559009,app_2164,started,800,960,3.13
c_3409,m_1297,0,app_9723,started,400,400,1.56
c_3409,m_1297,10630,app_9723,started,400,400,1.56
c_3409,m_1297,105823,app_9723,started,400,400,1.56
c_3409,m_1297,175164,app_9723,started,400,400,1.56
c_3409,m_1297,208293,app_9723,started,400,400,1.56
c_3409,m_1297,257650,app_9723,started,400,400,1.56
c_3409,m_1297,380358,app_9723,started,400,400,1.56
c_3410,m_3679,0,app_3073,started,400,400,1.56
c_3410,m_3679,33807,app_3073,started,400,400,1.56
c_3410,m_3679,281354,app_3073,started,400,400,1.56
c_3410,m_3679,408234,app_3073,started,400,400,1.56
c_3411,m_2247,0,app_2466,started,400,400,1.56
c_3411,m_2247,22892,app_2466,started,400,400,1.56
c_3411,m_2247,117707,app_2466,started,400,400,1.56
c_3411,m_2247,271109,app_2466,started,400,400,1.56
c_3411,m_2247,365227,app_2466,started,400,400,1.56
c_3411,m_2247,567565,app_2466,started,400,400,1.56
c_3412,m_2553,1923,app_704,started,400,400,1.56
c_3412,m_2553,13707,app_704,started,400,400,1.56
c_3412,m_2553,38693,app_704,started,400,400,1.56
c_3412,m_2553,108221,app_704,started,400,400,1.56
c_3412,m_2553,176908,app_704,started,400,400,1.56
c_3412,m_2553,210524,app_704,started,400,400,1.56
c_3412,m_2553,238064,app_704,started,400,400,1.56
c_3412,m_2553,352196,app_704,started,400,400,1.56
c_3413,m_1596,578718,app_5805,started,800,800,6.25
c_3413,m_1596,581830,app_5805,started,800,800,6.25
c_3414,m_3460,0,app_1878,started,800,960,3.13
c_3415,m_719,0,app_6071,started,400,400,1.56
c_3415,m_719,22530,app_6071,started,400,400,1.56
c_3415,m_719,68439,app_6071,started,400,400,1.56
c_3415,m_719,68672,app_6071,started,400,400,1.56
c_3415,m_719,117336,app_6071,started,400,400,1.56
c_3415,m_719,270735,app_6071,started,400,400,1.56
c_3415,m_719,364831,app_6071,started,400,400,1.56
c_3416,m_2582,0,app_7097,started,800,800,3.13
c_3417,m_3719,0,app_8202,started,400,400,1.56
c_3417,m_3719,31166,app_8202,started,400,400,1.56
c_3417,m_3719,53483,app_8202,started,400,400,1.56
c_3417,m_3719,127651,app_8202,started,400,400,1.56
c_3417,m_3719,278668,app_8202,started,400,400,1.56
c_3417,m_3719,442790,app_8202,started,400,400,1.56
c_3418,m_2094,0,app_1870,started,1600,1920,6.25
c_3418,m_2094,285222,app_1870,started,1600,1920,6.25
c_3419,m_2415,0,app_5936,started,400,400,1.56
c_3419,m_2415,10522,app_5936,started,400,400,1.56
c_3419,m_2415,104976,app_5936,started,400,400,1.56
c_3419,m_2415,125910,app_5936,started,400,400,1.56
c_3419,m_2415,130183,app_5936,started,400,400,1.56
c_3419,m_2415,162836,app_5936,started,400,400,1.56
c_3419,m_2415,173904,app_5936,started,400,400,1.56
c_3419,m_2415,207437,app_5936,started,400,400,1.56
c_3419,m_2415,258314,app_5936,started,400,400,1.56
c_3419,m_2415,348615,app_5936,started,400,400,1.56
c_3419,m_2415,636590,app_5936,started,400,400,1.56
c_3420,m_1606,0,app_8058,started,400,400,1.56
c_3420,m_1606,27103,app_8058,started,400,400,1.56
c_3420,m_1606,123255,app_8058,started,400,400,1.56
c_3420,m_1606,274428,app_8058,started,400,400,1.56
c_3420,m_1606,436261,app_8058,started,400,400,1.56
c_3421,m_1541,0,app_9059,started,400,400,1.95
c_3421,m_1541,290956,app_9059,started,400,400,1.95
c_3421,m_1541,386564,app_9059,started,400,400,1.95
c_3422,m_3868,0,app_2497,started,400,400,1.56
c_3422,m_3868,80668,app_2497,started,400,400,1.56
c_3422,m_3868,285099,app_2497,started,400,400,1.56
c_3422,m_3868,412752,app_2497,started,400,400,1.56
c_3423,m_1095,0,app_2941,started,400,400,1.56
c_3423,m_1095,15432,app_2941,started,400,400,1.56
c_3423,m_1095,109932,app_2941,started,400,400,1.56
c_3423,m_1095,263295,app_2941,started,400,400,1.56
c_3423,m_1095,354767,app_2941,started,400,400,1.56
c_3424,m_3320,0,app_2645,started,800,800,3.13
c_3424,m_3320,13498,app_2645,started,800,800,3.13
c_3424,m_3320,108003,app_2645,started,800,800,3.13
c_3424,m_3320,125917,app_2645,started,800,800,3.13
c_3424,m_3320,130112,app_2645,started,800,800,3.13
c_3424,m_3320,176707,app_2645,started,800,800,3.13
c_3424,m_3320,210325,app_2645,started,800,800,3.13
c_3424,m_3320,261410,app_2645,started,800,800,3.13
c_3424,m_3320,330711,app_2645,started,800,800,3.13
c_3424,m_3320,641182,app_2645,started,800,800,3.13
c_3425,m_2330,0,app_4205,started,800,800,1.56
c_3425,m_2330,24649,app_4205,started,800,800,1.56
c_3425,m_2330,120607,app_4205,started,800,800,1.56
c_3425,m_2330,271882,app_4205,started,800,800,1.56
c_3425,m_2330,315717,app_4205,started,800,800,1.56
c_3426,m_3856,0,app_3707,started,800,800,3.13
c_3426,m_3856,290244,app_3707,started,800,800,3.13
c_3426,m_3856,339065,app_3707,started,800,800,3.13
c_3427,m_1697,0,app_9599,started,400,400,1.56
c_3427,m_1697,79036,app_9599,started,400,400,1.56
c_3427,m_1697,289388,app_9599,started,400,400,1.56
c_3427,m_1697,338916,app_9599,started,400,400,1.56
c_3428,m_1496,0,app_8858,started,400,480,1.56
c_3428,m_1496,22665,app_8858,started,400,480,1.56
c_3428,m_1496,117832,app_8858,started,400,480,1.56
c_3428,m_1496,269871,app_8858,started,400,480,1.56
c_3429,m_3337,337729,app_9352,started,400,400,1.56
c_3430,m_3285,0,app_7547,started,400,400,1.56
c_3430,m_3285,9087,app_7547,started,400,400,1.56
c_3430,m_3285,104158,app_7547,started,400,400,1.56
c_3430,m_3285,158039,app_7547,started,400,400,1.56
c_3430,m_3285,173571,app_7547,started,400,400,1.56
c_3430,m_3285,206701,app_7547,started,400,400,1.56
c_3430,m_3285,256063,app_7547,started,400,400,1.56
c_3430,m_3285,321988,app_7547,started,400,400,1.56
c_3431,m_3622,323784,app_9200,started,400,400,1.56
c_3431,m_3622,344362,app_9200,started,400,400,1.56
c_3432,m_3193,0,app_7475,started,400,400,1.56
c_3432,m_3193,32530,app_7475,started,400,400,1.56
c_3432,m_3193,127854,app_7475,started,400,400,1.56
c_3432,m_3193,245278,app_7475,started,400,400,1.56
c_3432,m_3193,376564,app_7475,started,400,400,1.56
c_3433,m_1401,686966,app_8632,started,400,400,1.56
c_3434,m_470,0,app_8394,started,400,400,1.56
c_3434,m_470,34522,app_8394,started,400,400,1.56
c_3434,m_470,105607,app_8394,started,400,400,1.56
c_3434,m_470,283635,app_8394,started,400,400,1.56
c_3434,m_470,378751,app_8394,started,400,400,1.56
c_3435,m_3567,163120,app_5805,started,800,800,6.25
c_3435,m_3567,283890,app_5805,started,800,800,6.25
c_3435,m_3567,411127,app_5805,started,800,800,6.25
c_3436,m_157,0,app_3715,started,400,400,1.56
c_3436,m_157,30123,app_3715,started,400,400,1.56
c_3436,m_157,125307,app_3715,started,400,400,1.56
c_3436,m_157,278746,app_3715,started,400,400,1.56
c_3436,m_157,373885,app_3715,started,400,400,1.56
c_3437,m_3486,0,app_7766,started,400,400,1.56
c_3437,m_3486,12455,app_7766,started,400,400,1.56
c_3437,m_3486,49300,app_7766,started,400,400,1.56
c_3437,m_3486,106929,app_7766,started,400,400,1.56
c_3437,m_3486,175729,app_7766,started,400,400,1.56
c_3437,m_3486,209343,app_7766,started,400,400,1.56
c_3437,m_3486,260366,app_7766,started,400,400,1.56
c_3437,m_3486,350753,app_7766,started,400,400,1.56
c_3438,m_63,0,app_5611,started,400,400,1.56
c_3438,m_63,12785,app_5611,started,400,400,1.56
c_3438,m_63,108080,app_5611,started,400,400,1.56
c_3438,m_63,177362,app_5611,started,400,400,1.56
c_3438,m_63,210525,app_5611,started,400,400,1.56
c_3438,m_63,259902,app_5611,started,400,400,1.56
c_3438,m_63,383207,app_5611,started,400,400,1.56
c_3439,m_691,0,app_1687,started,400,400,1.56
c_3439,m_691,19973,app_1687,started,400,400,1.56
c_3439,m_691,115350,app_1687,started,400,400,1.56
c_3439,m_691,212356,app_1687,started,400,400,1.56
c_3439,m_691,212536,app_1687,started,400,400,1.56
c_3439,m_691,259437,app_1687,started,400,400,1.56
c_3439,m_691,362717,app_1687,started,400,400,1.56
c_3440,m_2529,0,app_7122,started,800,800,3.13
c_3440,m_2529,125913,app_7122,started,800,800,3.13
c_3440,m_2529,129556,app_7122,started,800,800,3.13
c_3440,m_2529,130191,app_7122,started,800,800,3.13
c_3440,m_2529,162841,app_7122,started,800,800,3.13
c_3440,m_2529,280457,app_7122,started,800,800,3.13
c_3440,m_2529,341794,app_7122,started,800,800,3.13
c_3441,m_1507,582751,app_7876,started,800,800,3.13
c_3441,m_1507,636992,app_7876,started,800,800,3.13
c_3442,m_2314,0,app_7394,started,400,400,1.56
c_3442,m_2314,35101,app_7394,started,400,400,1.56
c_3442,m_2314,282727,app_7394,started,400,400,1.56
c_3442,m_2314,448890,app_7394,started,400,400,1.56
c_3443,m_519,0,app_5338,started,400,400,1.56
c_3443,m_519,289473,app_5338,started,400,400,1.56
c_3443,m_519,385002,app_5338,started,400,400,1.56
c_3444,m_2918,0,app_684,started,400,400,1.56
c_3444,m_2918,20265,app_684,started,400,400,1.56
c_3444,m_2918,115960,app_684,started,400,400,1.56
c_3444,m_2918,226815,app_684,started,400,400,1.56
c_3444,m_2918,268013,app_684,started,400,400,1.56
c_3444,m_2918,429475,app_684,started,400,400,1.56
c_3445,m_2495,0,app_141,started,800,800,3.13
c_3445,m_2495,27006,app_141,started,800,800,3.13
c_3445,m_2495,123153,app_141,started,800,800,3.13
c_3445,m_2495,274328,app_141,started,800,800,3.13
c_3445,m_2495,347352,app_141,started,800,800,3.13
c_3446,m_453,0,app_5615,started,400,400,1.56
c_3446,m_453,33219,app_5615,started,400,400,1.56
c_3446,m_453,129858,app_5615,started,400,400,1.56
c_3446,m_453,280737,app_5615,started,400,400,1.56
c_3446,m_453,446040,app_5615,started,400,400,1.56
c_3447,m_3095,0,app_4784,started,400,400,1.56
c_3447,m_3095,165516,app_4784,started,400,400,1.56
c_3447,m_3095,284142,app_4784,started,400,400,1.56
c_3447,m_3095,317224,app_4784,started,400,400,1.56
c_3448,m_3763,0,app_4265,started,400,400,1.56
c_3448,m_3763,290951,app_4265,started,400,400,1.56
c_3448,m_3763,386559,app_4265,started,400,400,1.56
c_3449,m_1371,0,app_3032,started,800,800,3.13
c_3449,m_1371,29778,app_3032,started,800,800,3.13
c_3449,m_1371,124956,app_3032,started,800,800,3.13
c_3449,m_1371,278381,app_3032,started,800,800,3.13
c_3450,m_157,0,app_8126,started,400,400,3.13
c_3450,m_157,30123,app_8126,started,400,400,3.13
c_3450,m_157,125307,app_8126,started,400,400,3.13
c_3450,m_157,278746,app_8126,started,400,400,3.13
c_3450,m_157,373885,app_8126,started,400,400,3.13
c_3451,m_3548,0,app_840,started,400,400,1.56
c_3451,m_3548,14038,app_840,started,400,400,1.56
c_3451,m_3548,108580,app_840,started,400,400,1.56
c_3451,m_3548,177248,app_840,started,400,400,1.56
c_3451,m_3548,210852,app_840,started,400,400,1.56
c_3451,m_3548,261972,app_840,started,400,400,1.56
c_3451,m_3548,352561,app_840,started,400,400,1.56
c_3452,m_1658,0,app_5594,started,400,400,1.56
c_3452,m_1658,16227,app_5594,started,400,400,1.56
c_3452,m_1658,110736,app_5594,started,400,400,1.56
c_3452,m_1658,264086,app_5594,started,400,400,1.56
c_3452,m_1658,355561,app_5594,started,400,400,1.56
c_3452,m_1658,385303,app_5594,started,400,400,1.56
c_3452,m_1658,448326,app_5594,started,400,400,1.56
c_3452,m_1658,557546,app_5594,started,400,400,1.56
c_3453,m_2990,0,app_2051,started,400,400,1.56
c_3453,m_2990,290666,app_2051,started,400,400,1.56
c_3453,m_2990,386271,app_2051,started,400,400,1.56
c_3454,m_1246,0,app_6819,started,400,400,1.56
c_3454,m_1246,11076,app_6819,started,400,400,1.56
c_3454,m_1246,50259,app_6819,started,400,400,1.56
c_3454,m_1246,105548,app_6819,started,400,400,1.56
c_3454,m_1246,174449,app_6819,started,400,400,1.56
c_3454,m_1246,207989,app_6819,started,400,400,1.56
c_3454,m_1246,258904,app_6819,started,400,400,1.56
c_3454,m_1246,349230,app_6819,started,400,400,1.56
c_3454,m_1246,637286,app_6819,started,400,400,1.56
c_3455,m_1202,0,app_5916,started,400,480,1.56
c_3455,m_1202,22424,app_5916,started,400,480,1.56
c_3455,m_1202,117582,app_5916,started,400,480,1.56
c_3455,m_1202,269625,app_5916,started,400,480,1.56
c_3456,m_620,0,app_5017,started,400,400,1.56
c_3456,m_620,221816,app_5017,started,400,400,1.56
c_3456,m_620,285246,app_5017,started,400,400,1.56
c_3456,m_620,451715,app_5017,started,400,400,1.56
c_3457,m_3739,0,app_6056,started,400,400,1.56
c_3457,m_3739,290337,app_6056,started,400,400,1.56
c_3457,m_3739,385939,app_6056,started,400,400,1.56
c_3458,m_3051,0,app_1810,started,400,400,1.56
c_3458,m_3051,13637,app_1810,started,400,400,1.56
c_3458,m_3051,108149,app_1810,started,400,400,1.56
c_3458,m_3051,176841,app_1810,started,400,400,1.56
c_3458,m_3051,210457,app_1810,started,400,400,1.56
c_3458,m_3051,261548,app_1810,started,400,400,1.56
c_3458,m_3051,352122,app_1810,started,400,400,1.56
c_3459,m_2258,0,app_3238,started,400,400,1.56
c_3459,m_2258,21365,app_3238,started,400,400,1.56
c_3459,m_2258,116449,app_3238,started,400,400,1.56
c_3459,m_2258,268554,app_3238,started,400,400,1.56
c_3459,m_2258,429674,app_3238,started,400,400,1.56
c_3460,m_1271,0,app_3001,started,400,400,1.56
c_3460,m_1271,20862,app_3001,started,400,400,1.56
c_3460,m_1271,116161,app_3001,started,400,400,1.56
c_3460,m_1271,269555,app_3001,started,400,400,1.56
c_3460,m_1271,323954,app_3001,started,400,400,1.56
c_3461,m_926,0,app_8819,started,400,400,1.56
c_3461,m_926,18300,app_8819,started,400,400,1.56
c_3461,m_926,113864,app_8819,started,400,400,1.56
c_3461,m_926,265436,app_8819,started,400,400,1.56
c_3461,m_926,339690,app_8819,started,400,400,1.56
c_3462,m_680,0,app_4619,started,800,800,3.13
c_3462,m_680,14060,app_4619,started,800,800,3.13
c_3462,m_680,108603,app_4619,started,800,800,3.13
c_3462,m_680,177269,app_4619,started,800,800,3.13
c_3462,m_680,210873,app_4619,started,800,800,3.13
c_3462,m_680,261994,app_4619,started,800,800,3.13
c_3463,m_16,0,app_3815,started,400,400,1.56
c_3463,m_16,12796,app_3815,started,400,400,1.56
c_3463,m_16,107274,app_3815,started,400,400,1.56
c_3463,m_16,176058,app_3815,started,400,400,1.56
c_3463,m_16,209671,app_3815,started,400,400,1.56
c_3463,m_16,260725,app_3815,started,400,400,1.56
c_3463,m_16,351117,app_3815,started,400,400,1.56
c_3464,m_72,0,app_3073,started,400,400,1.56
c_3464,m_72,13322,app_3073,started,400,400,1.56
c_3464,m_72,108636,app_3073,started,400,400,1.56
c_3464,m_72,260447,app_3073,started,400,400,1.56
c_3464,m_72,384175,app_3073,started,400,400,1.56
c_3464,m_72,570059,app_3073,started,400,400,1.56
c_3465,m_1788,0,app_623,started,400,480,1.56
c_3465,m_1788,25339,app_623,started,400,480,1.56
c_3465,m_1788,121353,app_623,started,400,480,1.56
c_3465,m_1788,249138,app_623,started,400,480,1.56
c_3465,m_1788,432825,app_623,started,400,480,1.56
c_3466,m_1733,0,app_8661,started,800,800,3.13
c_3466,m_1733,29108,app_8661,started,800,800,3.13
c_3466,m_1733,125395,app_8661,started,800,800,3.13
c_3466,m_1733,276470,app_8661,started,800,800,3.13
c_3466,m_1733,337556,app_8661,started,800,800,3.13
c_3467,m_2845,0,app_6255,started,400,400,1.56
c_3467,m_2845,34414,app_6255,started,400,400,1.56
c_3467,m_2845,129824,app_6255,started,400,400,1.56
c_3467,m_2845,231565,app_6255,started,400,400,1.56
c_3467,m_2845,378632,app_6255,started,400,400,1.56
c_3468,m_3558,162845,app_5805,started,800,800,6.25
c_3468,m_3558,290964,app_5805,started,800,800,6.25
c_3468,m_3558,386572,app_5805,started,800,800,6.25
c_3469,m_3801,162554,app_2324,started,800,800,6.25
c_3469,m_3801,282387,app_2324,started,800,800,6.25
c_3469,m_3801,409162,app_2324,started,800,800,6.25
c_3470,m_3927,0,app_141,started,800,800,3.13
c_3470,m_3927,9246,app_141,started,800,800,3.13
c_3470,m_3927,104321,app_141,started,800,800,3.13
c_3470,m_3927,173734,app_141,started,800,800,3.13
c_3470,m_3927,206861,app_141,started,800,800,3.13
c_3470,m_3927,256222,app_141,started,800,800,3.13
c_3470,m_3927,324080,app_141,started,800,800,3.13
c_3470,m_3927,637932,app_141,started,800,800,3.13
c_3471,m_2892,163640,app_2324,started,800,800,6.25
c_3471,m_2892,219613,app_2324,started,800,800,6.25
c_3471,m_2892,229280,app_2324,started,800,800,6.25
c_3471,m_2892,330702,app_2324,started,800,800,6.25
c_3471,m_2892,336925,app_2324,started,800,800,6.25
c_3472,m_281,0,app_5834,started,400,400,1.56
c_3472,m_281,26265,app_5834,started,400,400,1.56
c_3472,m_281,121190,app_5834,started,400,400,1.56
c_3472,m_281,274648,app_5834,started,400,400,1.56
c_3472,m_281,369303,app_5834,started,400,400,1.56
c_3473,m_3029,0,app_8179,started,800,960,3.13
c_3473,m_3029,21934,app_8179,started,800,960,3.13
c_3473,m_3029,116711,app_8179,started,800,960,3.13
c_3473,m_3029,270112,app_8179,started,800,960,3.13
c_3474,m_241,0,app_8913,started,400,400,1.56
c_3474,m_241,25488,app_8913,started,400,400,1.56
c_3474,m_241,120387,app_8913,started,400,400,1.56
c_3474,m_241,273829,app_8913,started,400,400,1.56
c_3474,m_241,368355,app_8913,started,400,400,1.56
c_3475,m_2537,0,app_9306,started,400,400,1.56
c_3475,m_2537,14690,app_9306,started,400,400,1.56
c_3475,m_2537,110031,app_9306,started,400,400,1.56
c_3475,m_2537,254360,app_9306,started,400,400,1.56
c_3475,m_2537,315627,app_9306,started,400,400,1.56
c_3475,m_2537,385767,app_9306,started,400,400,1.56
c_3476,m_3502,0,app_6911,started,400,400,1.56
c_3476,m_3502,10815,app_6911,started,400,400,1.56
c_3476,m_3502,105279,app_6911,started,400,400,1.56
c_3476,m_3502,174190,app_6911,started,400,400,1.56
c_3476,m_3502,207730,app_6911,started,400,400,1.56
c_3476,m_3502,258617,app_6911,started,400,400,1.56
c_3476,m_3502,348925,app_6911,started,400,400,1.56
c_3476,m_3502,636961,app_6911,started,400,400,1.56
c_3477,m_898,0,app_8875,started,400,400,1.56
c_3477,m_898,290888,app_8875,started,400,400,1.56
c_3477,m_898,386495,app_8875,started,400,400,1.56
c_3478,m_3741,578041,app_4142,started,800,800,6.25
c_3478,m_3741,588799,app_4142,started,800,800,6.25
c_3478,m_3741,594543,app_4142,started,800,800,6.25
c_3478,m_3741,664741,app_4142,started,800,800,6.25
c_3479,m_330,0,app_521,started,400,400,1.56
c_3479,m_330,16953,app_521,started,400,400,1.56
c_3479,m_330,112413,app_521,started,400,400,1.56
c_3479,m_330,212207,app_521,started,400,400,1.56
c_3479,m_330,264040,app_521,started,400,400,1.56
c_3479,m_330,425489,app_521,started,400,400,1.56
c_3479,m_330,676758,app_521,started,400,400,1.56
c_3480,m_58,0,app_5732,started,800,800,3.13
c_3480,m_58,13361,app_5732,started,800,800,3.13
c_3480,m_58,108675,app_5732,started,800,800,3.13
c_3480,m_58,260485,app_5732,started,800,800,3.13
c_3480,m_58,384267,app_5732,started,800,800,3.13
c_3481,m_1125,0,app_4520,started,400,400,1.56
c_3481,m_1125,9609,app_4520,started,400,400,1.56
c_3481,m_1125,64739,app_4520,started,400,400,1.56
c_3481,m_1125,71893,app_4520,started,400,400,1.56
c_3481,m_1125,72340,app_4520,started,400,400,1.56
c_3481,m_1125,104716,app_4520,started,400,400,1.56
c_3481,m_1125,174105,app_4520,started,400,400,1.56
c_3481,m_1125,207230,app_4520,started,400,400,1.56
c_3481,m_1125,256581,app_4520,started,400,400,1.56
c_3481,m_1125,378436,app_4520,started,400,400,1.56
c_3482,m_1957,0,app_9733,started,800,800,3.13
c_3482,m_1957,15341,app_9733,started,800,800,3.13
c_3482,m_1957,109840,app_9733,started,800,800,3.13
c_3482,m_1957,263208,app_9733,started,800,800,3.13
c_3482,m_1957,342212,app_9733,started,800,800,3.13
c_3483,m_1998,589150,app_4748,started,400,400,1.56
c_3483,m_1998,594835,app_4748,started,400,400,1.56
c_3484,m_1832,0,app_7221,started,400,400,1.56
c_3484,m_1832,12698,app_7221,started,400,400,1.56
c_3484,m_1832,107988,app_7221,started,400,400,1.56
c_3484,m_1832,177273,app_7221,started,400,400,1.56
c_3484,m_1832,210437,app_7221,started,400,400,1.56
c_3484,m_1832,259812,app_7221,started,400,400,1.56
c_3484,m_1832,383051,app_7221,started,400,400,1.56
c_3484,m_1832,642704,app_7221,started,400,400,1.56
c_3485,m_2301,0,app_329,started,400,400,1.56
c_3485,m_2301,27082,app_329,started,400,400,1.56
c_3485,m_2301,123233,app_329,started,400,400,1.56
c_3485,m_2301,238523,app_329,started,400,400,1.56
c_3485,m_2301,400755,app_329,started,400,400,1.56
c_3486,m_1600,0,app_1190,started,400,400,1.56
c_3486,m_1600,15639,app_1190,started,400,400,1.56
c_3486,m_1600,110140,app_1190,started,400,400,1.56
c_3486,m_1600,263513,app_1190,started,400,400,1.56
c_3486,m_1600,354980,app_1190,started,400,400,1.56
c_3487,m_2485,0,app_4312,started,800,800,3.13
c_3487,m_2485,287116,app_4312,started,800,800,3.13
c_3487,m_2485,339077,app_4312,started,800,800,3.13
c_3487,m_2485,382402,app_4312,started,800,800,3.13
c_3488,m_1510,0,app_1046,started,400,400,1.56
c_3488,m_1510,24126,app_1046,started,400,400,1.56
c_3488,m_1510,119002,app_1046,started,400,400,1.56
c_3488,m_1510,239963,app_1046,started,400,400,1.56
c_3488,m_1510,366775,app_1046,started,400,400,1.56
c_3489,m_926,0,app_1209,started,400,400,1.56
c_3489,m_926,18300,app_1209,started,400,400,1.56
c_3489,m_926,113864,app_1209,started,400,400,1.56
c_3489,m_926,265436,app_1209,started,400,400,1.56
c_3489,m_926,339690,app_1209,started,400,400,1.56
c_3490,m_3143,0,app_6984,started,400,400,1.56
c_3490,m_3143,8900,app_6984,started,400,400,1.56
c_3490,m_3143,103969,app_6984,started,400,400,1.56
c_3490,m_3143,173383,app_6984,started,400,400,1.56
c_3490,m_3143,206512,app_6984,started,400,400,1.56
c_3490,m_3143,255884,app_6984,started,400,400,1.56
c_3490,m_3143,337551,app_6984,started,400,400,1.56
c_3490,m_3143,637446,app_6984,started,400,400,1.56
c_3491,m_3474,0,app_9678,started,800,800,3.13
c_3491,m_3474,9050,app_9678,started,800,800,3.13
c_3491,m_3474,104121,app_9678,started,800,800,3.13
c_3491,m_3474,173537,app_9678,started,800,800,3.13
c_3491,m_3474,206665,app_9678,started,800,800,3.13
c_3491,m_3474,256029,app_9678,started,800,800,3.13
c_3491,m_3474,415811,app_9678,started,800,800,3.13
c_3492,m_1340,117484,app_1714,started,400,400,1.56
c_3492,m_1340,269516,app_1714,started,400,400,1.56
c_3492,m_1340,394393,app_1714,started,400,400,1.56
c_3493,m_1228,0,app_4683,started,400,400,1.56
c_3493,m_1228,17268,app_4683,started,400,400,1.56
c_3493,m_1228,111803,app_4683,started,400,400,1.56
c_3493,m_1228,239967,app_4683,started,400,400,1.56
c_3493,m_1228,265113,app_4683,started,400,400,1.56
c_3493,m_1228,357691,app_4683,started,400,400,1.56
c_3494,m_1892,0,app_732,started,800,800,3.13
c_3494,m_1892,32337,app_732,started,800,800,3.13
c_3494,m_1892,128905,app_732,started,800,800,3.13
c_3494,m_1892,234263,app_732,started,800,800,3.13
c_3494,m_1892,444817,app_732,started,800,800,3.13
c_3495,m_3629,258256,app_7890,started,800,800,3.13
c_3495,m_3629,378933,app_7890,started,800,800,3.13
c_3496,m_419,0,app_7835,started,400,400,1.56
c_3496,m_419,287523,app_7835,started,400,400,1.56
c_3496,m_419,342192,app_7835,started,400,400,1.56
c_3497,m_1724,0,app_8719,started,400,400,1.56
c_3497,m_1724,34105,app_8719,started,400,400,1.56
c_3497,m_1724,129504,app_8719,started,400,400,1.56
c_3497,m_1724,234497,app_8719,started,400,400,1.56
c_3497,m_1724,283203,app_8719,started,400,400,1.56
c_3497,m_1724,378320,app_8719,started,400,400,1.56
c_3498,m_638,0,app_4949,started,400,400,1.56
c_3498,m_638,15372,app_4949,started,400,400,1.56
c_3498,m_638,109870,app_4949,started,400,400,1.56
c_3498,m_638,245307,app_4949,started,400,400,1.56
c_3498,m_638,354670,app_4949,started,400,400,1.56
c_3499,m_68,0,app_9698,started,400,480,1.56
c_3499,m_68,22336,app_9698,started,400,480,1.56
c_3499,m_68,117493,app_9698,started,400,480,1.56
c_3499,m_68,269534,app_9698,started,400,480,1.56
c_3500,m_3233,0,app_8727,started,800,800,3.13
c_3500,m_3233,22121,app_8727,started,800,800,3.13
c_3500,m_3233,116908,app_8727,started,800,800,3.13
c_3500,m_3233,270310,app_8727,started,800,800,3.13
c_3500,m_3233,364375,app_8727,started,800,800,3.13
c_3501,m_3211,0,app_2661,started,400,400,1.56
c_3501,m_3211,17433,app_2661,started,400,400,1.56
c_3501,m_3211,112926,app_2661,started,400,400,1.56
c_3501,m_3211,264539,app_2661,started,400,400,1.56
c_3501,m_3211,425975,app_2661,started,400,400,1.56
c_3502,m_81,0,app_8627,started,400,400,1.56
c_3502,m_81,290470,app_8627,started,400,400,1.56
c_3502,m_81,386082,app_8627,started,400,400,1.56
c_3503,m_1612,0,app_966,started,800,800,3.13
c_3503,m_1612,27067,app_966,started,800,800,3.13
c_3503,m_1612,125897,app_966,started,800,800,3.13
c_3503,m_1612,129523,app_966,started,800,800,3.13
c_3503,m_1612,130211,app_966,started,800,800,3.13
c_3503,m_1612,162836,app_966,started,800,800,3.13
c_3503,m_1612,274390,app_966,started,800,800,3.13
c_3503,m_1612,436180,app_966,started,800,800,3.13
c_3504,m_2365,0,app_5937,started,400,400,1.56
c_3504,m_2365,16461,app_5937,started,400,400,1.56
c_3504,m_2365,110984,app_5937,started,400,400,1.56
c_3504,m_2365,264329,app_5937,started,400,400,1.56
c_3504,m_2365,355790,app_5937,started,400,400,1.56
c_3504,m_2365,385522,app_5937,started,400,400,1.56
c_3504,m_2365,557912,app_5937,started,400,400,1.56
c_3505,m_3349,0,app_9044,stopped,400,400,1.56
c_3505,m_3349,283837,app_9044,stopped,400,400,1.56
c_3505,m_3349,323183,app_9044,stopped,400,400,1.56
c_3506,m_492,54926,app_418,started,400,400,1.56
c_3506,m_492,286947,app_418,started,400,400,1.56
c_3506,m_492,382235,app_418,started,400,400,1.56
c_3506,m_492,447763,app_418,started,400,400,1.56
c_3507,m_2033,0,app_9681,started,400,400,1.56
c_3507,m_2033,14477,app_9681,started,400,400,1.56
c_3507,m_2033,109843,app_9681,started,400,400,1.56
c_3507,m_2033,261636,app_9681,started,400,400,1.56
c_3507,m_2033,385647,app_9681,started,400,400,1.56
c_3508,m_360,0,app_5087,started,400,480,1.56
c_3508,m_360,26259,app_5087,started,400,480,1.56
c_3508,m_360,121184,app_5087,started,400,480,1.56
c_3508,m_360,274642,app_5087,started,400,480,1.56
c_3509,m_332,0,app_3707,started,800,800,3.13
c_3509,m_332,14094,app_3707,started,800,800,3.13
c_3509,m_332,108640,app_3707,started,800,800,3.13
c_3509,m_332,177302,app_3707,started,800,800,3.13
c_3509,m_332,210908,app_3707,started,800,800,3.13
c_3509,m_332,262029,app_3707,started,800,800,3.13
c_3509,m_332,341059,app_3707,started,800,800,3.13
c_3510,m_3515,0,app_3680,started,400,400,1.56
c_3510,m_3515,286898,app_3680,started,400,400,1.56
c_3510,m_3515,382187,app_3680,started,400,400,1.56
c_3511,m_1595,0,app_2346,started,400,400,1.56
c_3511,m_1595,28392,app_2346,started,400,400,1.56
c_3511,m_1595,124648,app_2346,started,400,400,1.56
c_3511,m_1595,275728,app_2346,started,400,400,1.56
c_3511,m_1595,403407,app_2346,started,400,400,1.56
c_3512,m_2841,0,app_7899,started,800,800,3.13
c_3512,m_2841,30158,app_7899,started,800,800,3.13
c_3512,m_2841,125342,app_7899,started,800,800,3.13
c_3512,m_2841,278782,app_7899,started,800,800,3.13
c_3512,m_2841,320201,app_7899,started,800,800,3.13
c_3513,m_576,0,app_2856,started,800,800,3.13
c_3513,m_576,13445,app_2856,started,800,800,3.13
c_3513,m_576,108763,app_2856,started,800,800,3.13
c_3513,m_576,165626,app_2856,started,800,800,3.13
c_3513,m_576,165934,app_2856,started,800,800,3.13
c_3513,m_576,260576,app_2856,started,800,800,3.13
c_3513,m_576,323304,app_2856,started,800,800,3.13
c_3513,m_576,384387,app_2856,started,800,800,3.13
c_3513,m_576,552247,app_2856,started,800,800,3.13
c_3514,m_3316,0,app_9131,started,400,480,1.56
c_3514,m_3316,16997,app_9131,started,400,480,1.56
c_3514,m_3316,111521,app_9131,started,400,480,1.56
c_3514,m_3316,264841,app_9131,started,400,480,1.56
c_3514,m_3316,356553,app_9131,started,400,480,1.56
c_3514,m_3316,421520,app_9131,started,400,480,1.56
c_3514,m_3316,449641,app_9131,started,400,480,1.56
c_3514,m_3316,558712,app_9131,started,400,480,1.56
c_3515,m_2810,0,app_460,started,400,400,1.56
c_3515,m_2810,19058,app_460,started,400,400,1.56
c_3515,m_2810,114673,app_460,started,400,400,1.56
c_3515,m_2810,226815,app_460,started,400,400,1.56
c_3515,m_2810,266215,app_460,started,400,400,1.56
c_3515,m_2810,427724,app_460,started,400,400,1.56
c_3516,m_2074,0,app_6031,started,400,400,1.56
c_3516,m_2074,11011,app_6031,started,400,400,1.56
c_3516,m_2074,106219,app_6031,started,400,400,1.56
c_3516,m_2074,175539,app_6031,started,400,400,1.56
c_3516,m_2074,208714,app_6031,started,400,400,1.56
c_3516,m_2074,258026,app_6031,started,400,400,1.56
c_3516,m_2074,380941,app_6031,started,400,400,1.56
c_3517,m_589,0,app_2856,started,800,800,3.13
c_3517,m_589,13890,app_2856,started,800,800,3.13
c_3517,m_589,108424,app_2856,started,800,800,3.13
c_3517,m_589,177093,app_2856,started,800,800,3.13
c_3517,m_589,210708,app_2856,started,800,800,3.13
c_3517,m_589,261818,app_2856,started,800,800,3.13
c_3517,m_589,352383,app_2856,started,800,800,3.13
c_3518,m_1051,0,app_4930,started,400,480,1.56
c_3518,m_1051,35052,app_4930,started,400,480,1.56
c_3518,m_1051,282677,app_4930,started,400,480,1.56
c_3519,m_2268,0,app_7475,started,400,400,1.56
c_3519,m_2268,11122,app_7475,started,400,400,1.56
c_3519,m_2268,105595,app_7475,started,400,400,1.56
c_3519,m_2268,125838,app_7475,started,400,400,1.56
c_3519,m_2268,129526,app_7475,started,400,400,1.56
c_3519,m_2268,130195,app_7475,started,400,400,1.56
c_3519,m_2268,163121,app_7475,started,400,400,1.56
c_3519,m_2268,174491,app_7475,started,400,400,1.56
c_3519,m_2268,208032,app_7475,started,400,400,1.56
c_3519,m_2268,258949,app_7475,started,400,400,1.56
c_3519,m_2268,347344,app_7475,started,400,400,1.56
c_3519,m_2268,637343,app_7475,started,400,400,1.56
c_3520,m_2888,0,app_5866,started,400,400,1.56
c_3520,m_2888,32882,app_5866,started,400,400,1.56
c_3520,m_2888,129499,app_5866,started,400,400,1.56
c_3520,m_2888,216016,app_5866,started,400,400,1.56
c_3520,m_2888,216735,app_5866,started,400,400,1.56
c_3520,m_2888,255063,app_5866,started,400,400,1.56
c_3520,m_2888,407114,app_5866,started,400,400,1.56
c_3520,m_2888,678053,app_5866,started,400,400,1.56
c_3521,m_3298,0,app_6984,started,400,400,1.56
c_3521,m_3298,9324,app_6984,started,400,400,1.56
c_3521,m_3298,104394,app_6984,started,400,400,1.56
c_3521,m_3298,173809,app_6984,started,400,400,1.56
c_3521,m_3298,206937,app_6984,started,400,400,1.56
c_3521,m_3298,256293,app_6984,started,400,400,1.56
c_3521,m_3298,416142,app_6984,started,400,400,1.56
c_3521,m_3298,638024,app_6984,started,400,400,1.56
c_3522,m_2092,0,app_5900,started,400,400,1.56
c_3522,m_2092,35404,app_5900,started,400,400,1.56
c_3522,m_2092,283050,app_5900,started,400,400,1.56
c_3523,m_2547,0,app_7475,started,400,400,1.56
c_3523,m_2547,35470,app_7475,started,400,400,1.56
c_3523,m_2547,44441,app_7475,started,400,400,1.56
c_3523,m_2547,284651,app_7475,started,400,400,1.56
c_3523,m_2547,379812,app_7475,started,400,400,1.56
c_3524,m_3227,0,app_417,started,400,400,1.56
c_3524,m_3227,31699,app_417,started,400,400,1.56
c_3524,m_3227,126983,app_417,started,400,400,1.56
c_3524,m_3227,280682,app_417,started,400,400,1.56
c_3524,m_3227,338909,app_417,started,400,400,1.56
c_3525,m_1122,0,app_7586,started,400,480,1.56
c_3525,m_1122,7797,app_7586,started,400,480,1.56
c_3525,m_1122,102795,app_7586,started,400,480,1.56
c_3525,m_1122,172208,app_7586,started,400,480,1.56
c_3525,m_1122,205367,app_7586,started,400,480,1.56
c_3525,m_1122,228077,app_7586,started,400,480,1.56
c_3526,m_3372,0,app_1276,started,400,400,1.56
c_3526,m_3372,11813,app_1276,started,400,400,1.56
c_3526,m_3372,107070,app_1276,started,400,400,1.56
c_3526,m_3372,176377,app_1276,started,400,400,1.56
c_3526,m_3372,209536,app_1276,started,400,400,1.56
c_3526,m_3372,258840,app_1276,started,400,400,1.56
c_3526,m_3372,338305,app_1276,started,400,400,1.56
c_3527,m_3665,0,app_1948,started,400,480,1.56
c_3527,m_3665,22742,app_1948,started,400,480,1.56
c_3527,m_3665,117556,app_1948,started,400,480,1.56
c_3527,m_3665,270962,app_1948,started,400,480,1.56
c_3528,m_423,0,app_4474,started,800,800,3.13
c_3528,m_423,32193,app_4474,started,800,800,3.13
c_3528,m_423,128753,app_4474,started,800,800,3.13
c_3528,m_423,158038,app_4474,started,800,800,3.13
c_3528,m_423,164919,app_4474,started,800,800,3.13
c_3528,m_423,279690,app_4474,started,800,800,3.13
c_3528,m_423,324074,app_4474,started,800,800,3.13
c_3529,m_1036,0,app_6266,started,400,400,1.56
c_3529,m_1036,285354,app_6266,started,400,400,1.56
c_3529,m_1036,380568,app_6266,started,400,400,1.56
c_3530,m_1934,0,app_2965,started,400,400,1.56
c_3530,m_1934,33013,app_2965,started,400,400,1.56
c_3530,m_1934,62034,app_2965,started,400,400,1.56
c_3530,m_1934,128363,app_2965,started,400,400,1.56
c_3530,m_1934,282049,app_2965,started,400,400,1.56
c_3530,m_1934,377116,app_2965,started,400,400,1.56
c_3531,m_3494,0,app_8695,started,400,400,1.56
c_3531,m_3494,21029,app_8695,started,400,400,1.56
c_3531,m_3494,116227,app_8695,started,400,400,1.56
c_3531,m_3494,269621,app_8695,started,400,400,1.56
c_3531,m_3494,363634,app_8695,started,400,400,1.56
c_3532,m_1048,0,app_9617,started,800,800,1.56
c_3532,m_1048,20016,app_9617,started,800,800,1.56
c_3532,m_1048,115683,app_9617,started,800,800,1.56
c_3532,m_1048,267229,app_9617,started,800,800,1.56
c_3532,m_1048,429288,app_9617,started,800,800,1.56
c_3533,m_3950,0,app_2562,stopped,800,800,3.13
c_3533,m_3950,10456,app_2562,stopped,800,800,3.13
c_3533,m_3950,104910,app_2562,stopped,800,800,3.13
c_3533,m_3950,173839,app_2562,stopped,800,800,3.13
c_3533,m_3950,207372,app_2562,stopped,800,800,3.13
c_3533,m_3950,258244,app_2562,stopped,800,800,3.13
c_3533,m_3950,348546,app_2562,stopped,800,800,3.13
c_3534,m_1269,0,app_6597,started,800,800,3.13
c_3534,m_1269,9490,app_6597,started,800,800,3.13
c_3534,m_1269,104585,app_6597,started,800,800,3.13
c_3534,m_1269,173978,app_6597,started,800,800,3.13
c_3534,m_1269,207111,app_6597,started,800,800,3.13
c_3534,m_1269,256463,app_6597,started,800,800,3.13
c_3534,m_1269,416417,app_6597,started,800,800,3.13
c_3535,m_640,556199,app_594,started,400,400,1.56
c_3536,m_2425,0,app_2290,started,400,400,1.56
c_3536,m_2425,14086,app_2290,started,400,400,1.56
c_3536,m_2425,108632,app_2290,started,400,400,1.56
c_3536,m_2425,125907,app_2290,started,400,400,1.56
c_3536,m_2425,129532,app_2290,started,400,400,1.56
c_3536,m_2425,129990,app_2290,started,400,400,1.56
c_3536,m_2425,162855,app_2290,started,400,400,1.56
c_3536,m_2425,177294,app_2290,started,400,400,1.56
c_3536,m_2425,210899,app_2290,started,400,400,1.56
c_3536,m_2425,262021,app_2290,started,400,400,1.56
c_3536,m_2425,418657,app_2290,started,400,400,1.56
c_3537,m_283,0,app_1391,started,400,400,1.56
c_3537,m_283,10931,app_1391,started,400,400,1.56
c_3537,m_283,105401,app_1391,started,400,400,1.56
c_3537,m_283,174306,app_1391,started,400,400,1.56
c_3537,m_283,207841,app_1391,started,400,400,1.56
c_3537,m_283,258739,app_1391,started,400,400,1.56
c_3537,m_283,323286,app_1391,started,400,400,1.56
c_3538,m_2089,0,app_7598,started,400,400,1.56
c_3538,m_2089,285061,app_7598,started,400,400,1.56
c_3538,m_2089,337558,app_7598,started,400,400,1.56
c_3538,m_2089,338508,app_7598,started,400,400,1.56
c_3539,m_236,0,app_3456,started,800,800,6.25
c_3539,m_236,10884,app_3456,started,800,800,6.25
c_3539,m_236,105353,app_3456,started,800,800,6.25
c_3539,m_236,174258,app_3456,started,800,800,6.25
c_3539,m_236,207796,app_3456,started,800,800,6.25
c_3539,m_236,258689,app_3456,started,800,800,6.25
c_3539,m_236,348994,app_3456,started,800,800,6.25
c_3540,m_766,0,app_9767,stopped,400,400,1.56
c_3540,m_766,289780,app_9767,stopped,400,400,1.56
c_3540,m_766,385337,app_9767,stopped,400,400,1.56
c_3541,m_1293,0,app_5219,started,400,400,1.56
c_3541,m_1293,12362,app_5219,started,400,400,1.56
c_3541,m_1293,106835,app_5219,started,400,400,1.56
c_3541,m_1293,175642,app_5219,started,400,400,1.56
c_3541,m_1293,209253,app_5219,started,400,400,1.56
c_3541,m_1293,260273,app_5219,started,400,400,1.56
c_3541,m_1293,350657,app_5219,started,400,400,1.56
c_3541,m_1293,438264,app_5219,started,400,400,1.56
c_3541,m_1293,639609,app_5219,started,400,400,1.56
c_3542,m_3636,0,app_1596,started,400,400,1.56
c_3542,m_3636,49335,app_1596,started,400,400,1.56
c_3542,m_3636,289284,app_1596,started,400,400,1.56
c_3542,m_3636,338886,app_1596,started,400,400,1.56
c_3543,m_2423,0,app_5428,started,400,400,3.13
c_3543,m_2423,13702,app_5428,started,400,400,3.13
c_3543,m_2423,71974,app_5428,started,400,400,3.13
c_3543,m_2423,72213,app_5428,started,400,400,3.13
c_3543,m_2423,108216,app_5428,started,400,400,3.13
c_3543,m_2423,129602,app_5428,started,400,400,3.13
c_3543,m_2423,131179,app_5428,started,400,400,3.13
c_3543,m_2423,176903,app_5428,started,400,400,3.13
c_3543,m_2423,210519,app_5428,started,400,400,3.13
c_3543,m_2423,261615,app_5428,started,400,400,3.13
c_3543,m_2423,352191,app_5428,started,400,400,3.13
c_3544,m_3235,0,app_6780,started,400,400,1.56
c_3544,m_3235,14752,app_6780,started,400,400,1.56
c_3544,m_3235,53485,app_6780,started,400,400,1.56
c_3544,m_3235,110100,app_6780,started,400,400,1.56
c_3544,m_3235,261874,app_6780,started,400,400,1.56
c_3544,m_3235,385826,app_6780,started,400,400,1.56
c_3545,m_2426,0,app_4604,started,400,400,1.56
c_3545,m_2426,27047,app_4604,started,400,400,1.56
c_3545,m_2426,123197,app_4604,started,400,400,1.56
c_3545,m_2426,274371,app_4604,started,400,400,1.56
c_3545,m_2426,436119,app_4604,started,400,400,1.56
c_3546,m_3848,0,app_3755,started,400,400,1.56
c_3546,m_3848,286986,app_3755,started,400,400,1.56
c_3546,m_3848,337552,app_3755,started,400,400,1.56
c_3547,m_3890,0,app_3558,started,400,480,1.56
c_3547,m_3890,19961,app_3558,started,400,480,1.56
c_3547,m_3890,115625,app_3558,started,400,480,1.56
c_3547,m_3890,267173,app_3558,started,400,480,1.56
c_3548,m_3618,0,app_8990,started,800,800,3.13
c_3548,m_3618,284893,app_8990,started,800,800,3.13
c_3548,m_3618,451336,app_8990,started,800,800,3.13
c_3549,m_3168,0,app_8178,started,400,400,1.56
c_3549,m_3168,290571,app_8178,started,400,400,1.56
c_3549,m_3168,386190,app_8178,started,400,400,1.56
c_3550,m_1805,0,app_329,started,400,400,1.56
c_3550,m_1805,34573,app_329,started,400,400,1.56
c_3550,m_1805,283688,app_329,started,400,400,1.56
c_3550,m_1805,378804,app_329,started,400,400,1.56
c_3550,m_1805,570930,app_329,started,400,400,1.56
c_3551,m_3669,669622,app_8000,started,400,400,1.56
c_3552,m_2492,49046,app_1215,started,400,400,1.56
c_3552,m_2492,105396,app_1215,started,400,400,1.56
c_3552,m_2492,174758,app_1215,started,400,400,1.56
c_3552,m_2492,207892,app_1215,started,400,400,1.56
c_3552,m_2492,224374,app_1215,started,400,400,1.56
c_3552,m_2492,257246,app_1215,started,400,400,1.56
c_3552,m_2492,323182,app_1215,started,400,400,1.56
c_3553,m_1280,0,app_207,started,400,400,1.56
c_3553,m_1280,12299,app_207,started,400,400,1.56
c_3553,m_1280,106771,app_207,started,400,400,1.56
c_3553,m_1280,175581,app_207,started,400,400,1.56
c_3553,m_1280,209193,app_207,started,400,400,1.56
c_3553,m_1280,260210,app_207,started,400,400,1.56
c_3553,m_1280,350595,app_207,started,400,400,1.56
c_3554,m_1957,0,app_8980,started,400,400,1.56
c_3554,m_1957,15341,app_8980,started,400,400,1.56
c_3554,m_1957,109840,app_8980,started,400,400,1.56
c_3554,m_1957,263208,app_8980,started,400,400,1.56
c_3554,m_1957,342212,app_8980,started,400,400,1.56
c_3555,m_2320,0,app_3294,started,400,400,1.56
c_3555,m_2320,16648,app_3294,started,400,400,1.56
c_3555,m_2320,111179,app_3294,started,400,400,1.56
c_3555,m_2320,244121,app_3294,started,400,400,1.56
c_3555,m_2320,356001,app_3294,started,400,400,1.56
c_3556,m_3857,0,app_498,started,400,400,1.56
c_3556,m_3857,286308,app_498,started,400,400,1.56
c_3556,m_3857,381588,app_498,started,400,400,1.56
c_3556,m_3857,408046,app_498,started,400,400,1.56
c_3556,m_3857,477695,app_498,started,400,400,1.56
c_3557,m_2602,0,app_2965,started,400,400,1.56
c_3557,m_2602,29496,app_2965,started,400,400,1.56
c_3557,m_2602,125832,app_2965,started,400,400,1.56
c_3557,m_2602,276909,app_2965,started,400,400,1.56
c_3557,m_2602,439928,app_2965,started,400,400,1.56
c_3558,m_2307,0,app_71,started,400,400,3.13
c_3558,m_2307,287297,app_71,started,400,400,3.13
c_3558,m_2307,382619,app_71,started,400,400,3.13
c_3559,m_1233,0,app_8751,started,400,400,1.56
c_3559,m_1233,31192,app_8751,started,400,400,1.56
c_3559,m_1233,126450,app_8751,started,400,400,1.56
c_3559,m_1233,279882,app_8751,started,400,400,1.56
c_3559,m_1233,342187,app_8751,started,400,400,1.56
c_3560,m_1405,0,app_8035,started,400,400,1.56
c_3560,m_1405,22869,app_8035,started,400,400,1.56
c_3560,m_1405,118040,app_8035,started,400,400,1.56
c_3560,m_1405,164037,app_8035,started,400,400,1.56
c_3560,m_1405,270070,app_8035,started,400,400,1.56
c_3560,m_1405,431241,app_8035,started,400,400,1.56
c_3561,m_1903,0,app_4075,started,800,800,3.13
c_3561,m_1903,34329,app_4075,started,800,800,3.13
c_3561,m_1903,281908,app_4075,started,800,800,3.13
c_3561,m_1903,447975,app_4075,started,800,800,3.13
c_3562,m_2489,0,app_5657,started,400,400,1.56
c_3562,m_2489,15497,app_5657,started,400,400,1.56
c_3562,m_2489,109998,app_5657,started,400,400,1.56
c_3562,m_2489,263375,app_5657,started,400,400,1.56
c_3562,m_2489,354834,app_5657,started,400,400,1.56
c_3563,m_3846,0,app_5219,started,400,400,1.56
c_3564,m_3038,0,app_2413,started,400,400,1.56
c_3565,m_3021,0,app_152,started,400,480,1.56
c_3565,m_3021,7336,app_152,started,400,480,1.56
c_3565,m_3021,102311,app_152,started,400,480,1.56
c_3565,m_3021,171737,app_152,started,400,480,1.56
c_3565,m_3021,204861,app_152,started,400,480,1.56
c_3565,m_3021,254237,app_152,started,400,480,1.56
c_3566,m_1908,0,app_7475,started,400,400,1.56
c_3566,m_1908,13430,app_7475,started,400,400,1.56
c_3566,m_1908,108748,app_7475,started,400,400,1.56
c_3566,m_1908,260561,app_7475,started,400,400,1.56
c_3566,m_1908,384353,app_7475,started,400,400,1.56
c_3567,m_2619,0,app_2413,started,400,400,1.56
c_3567,m_2619,13292,app_2413,started,400,400,1.56
c_3567,m_2619,108604,app_2413,started,400,400,1.56
c_3567,m_2619,177888,app_2413,started,400,400,1.56
c_3567,m_2619,260417,app_2413,started,400,400,1.56
c_3567,m_2619,384133,app_2413,started,400,400,1.56
c_3568,m_2389,0,app_4369,started,400,400,1.56
c_3568,m_2389,30070,app_4369,started,400,400,1.56
c_3568,m_2389,125255,app_4369,started,400,400,1.56
c_3568,m_2389,278691,app_4369,started,400,400,1.56
c_3568,m_2389,373829,app_4369,started,400,400,1.56
c_3569,m_1275,0,app_1748,started,400,400,1.56
c_3569,m_1275,29851,app_1748,started,400,400,1.56
c_3569,m_1275,43242,app_1748,started,400,400,1.56
c_3569,m_1275,46817,app_1748,started,400,400,1.56
c_3569,m_1275,46885,app_1748,started,400,400,1.56
c_3569,m_1275,126232,app_1748,started,400,400,1.56
c_3569,m_1275,277312,app_1748,started,400,400,1.56
c_3569,m_1275,405187,app_1748,started,400,400,1.56
c_3569,m_1275,449107,app_1748,started,400,400,1.56
c_3570,m_2606,0,app_2875,started,400,400,1.56
c_3570,m_2606,17312,app_2875,started,400,400,1.56
c_3570,m_2606,111847,app_2875,started,400,400,1.56
c_3570,m_2606,265158,app_2875,started,400,400,1.56
c_3570,m_2606,357790,app_2875,started,400,400,1.56
c_3571,m_374,0,app_7876,stopped,800,800,3.13
c_3571,m_374,58027,app_7876,stopped,800,800,3.13
c_3571,m_374,221936,app_7876,stopped,800,800,3.13
c_3571,m_374,226251,app_7876,stopped,800,800,3.13
c_3571,m_374,246206,app_7876,stopped,800,800,3.13
c_3571,m_374,325209,app_7876,stopped,800,800,3.13
c_3571,m_374,666051,app_7876,stopped,800,800,3.13
c_3571,m_374,678012,app_7876,stopped,800,800,3.13
c_3572,m_1048,0,app_1604,started,800,800,1.56
c_3572,m_1048,20016,app_1604,started,800,800,1.56
c_3572,m_1048,115683,app_1604,started,800,800,1.56
c_3572,m_1048,267229,app_1604,started,800,800,1.56
c_3572,m_1048,429288,app_1604,started,800,800,1.56
c_3572,m_1048,658812,app_1604,started,800,800,1.56
c_3573,m_1230,0,app_6221,started,400,400,1.56
c_3573,m_1230,11371,app_6221,started,400,400,1.56
c_3573,m_1230,106602,app_6221,started,400,400,1.56
c_3573,m_1230,175919,app_6221,started,400,400,1.56
c_3573,m_1230,209085,app_6221,started,400,400,1.56
c_3573,m_1230,258390,app_6221,started,400,400,1.56
c_3573,m_1230,381738,app_6221,started,400,400,1.56
c_3574,m_1285,334500,app_1274,started,400,400,1.56
c_3575,m_3418,0,app_7134,started,400,400,1.56
c_3575,m_3418,32099,app_7134,started,400,400,1.56
c_3575,m_3418,127399,app_7134,started,400,400,1.56
c_3575,m_3418,281080,app_7134,started,400,400,1.56
c_3575,m_3418,321951,app_7134,started,400,400,1.56
c_3576,m_1966,593705,app_1676,started,400,400,1.56
c_3576,m_1966,594539,app_1676,started,400,400,1.56
c_3576,m_1966,664736,app_1676,started,400,400,1.56
c_3577,m_1643,0,app_3163,started,400,400,1.56
c_3577,m_1643,13799,app_3163,started,400,400,1.56
c_3577,m_1643,109142,app_3163,started,400,400,1.56
c_3577,m_1643,260940,app_3163,started,400,400,1.56
c_3577,m_1643,384942,app_3163,started,400,400,1.56
c_3578,m_3460,0,app_2061,started,400,480,1.56
c_3578,m_3460,51502,app_2061,started,400,480,1.56
c_3578,m_3460,290896,app_2061,started,400,480,1.56
c_3579,m_3347,0,app_943,started,400,400,1.56
c_3579,m_3347,13312,app_943,started,400,400,1.56
c_3579,m_3347,108626,app_943,started,400,400,1.56
c_3579,m_3347,177910,app_943,started,400,400,1.56
c_3579,m_3347,260436,app_943,started,400,400,1.56
c_3579,m_3347,384165,app_943,started,400,400,1.56
c_3580,m_3875,0,app_1200,started,400,480,1.56
c_3580,m_3875,21697,app_1200,started,400,480,1.56
c_3580,m_3875,116806,app_1200,started,400,480,1.56
c_3580,m_3875,268877,app_1200,started,400,480,1.56
c_3581,m_3967,0,app_2990,started,400,480,1.56
c_3581,m_3967,27419,app_2990,started,400,480,1.56
c_3581,m_3967,122423,app_2990,started,400,480,1.56
c_3581,m_3967,275855,app_2990,started,400,480,1.56
c_3582,m_2226,0,app_4152,started,400,480,1.56
c_3582,m_2226,287411,app_4152,started,400,480,1.56
c_3583,m_3628,0,app_4109,started,400,480,1.56
c_3583,m_3628,21276,app_4109,started,400,480,1.56
c_3583,m_3628,116351,app_4109,started,400,480,1.56
c_3583,m_3628,254429,app_4109,started,400,480,1.56
c_3584,m_2956,0,app_7625,started,400,400,1.56
c_3584,m_2956,11850,app_7625,started,400,400,1.56
c_3584,m_2956,82507,app_7625,started,400,400,1.56
c_3584,m_2956,107110,app_7625,started,400,400,1.56
c_3584,m_2956,125904,app_7625,started,400,400,1.56
c_3584,m_2956,130163,app_7625,started,400,400,1.56
c_3584,m_2956,176416,app_7625,started,400,400,1.56
c_3584,m_2956,209572,app_7625,started,400,400,1.56
c_3584,m_2956,258876,app_7625,started,400,400,1.56
c_3584,m_2956,330692,app_7625,started,400,400,1.56
c_3584,m_2956,589083,app_7625,started,400,400,1.56
c_3585,m_3785,0,app_6266,started,400,400,1.56
c_3585,m_3785,32381,app_6266,started,400,400,1.56
c_3585,m_3785,50427,app_6266,started,400,400,1.56
c_3585,m_3785,51108,app_6266,started,400,400,1.56
c_3585,m_3785,128952,app_6266,started,400,400,1.56
c_3585,m_3785,279888,app_6266,started,400,400,1.56
c_3585,m_3785,444928,app_6266,started,400,400,1.56
c_3586,m_1697,339758,app_5226,started,400,400,1.56
c_3586,m_1697,384915,app_5226,started,400,400,1.56
c_3587,m_3938,0,app_4113,started,400,400,3.13
c_3587,m_3938,20467,app_4113,started,400,400,3.13
c_3587,m_3938,115863,app_4113,started,400,400,3.13
c_3587,m_3938,269262,app_4113,started,400,400,3.13
c_3587,m_3938,363264,app_4113,started,400,400,3.13
c_3588,m_3259,0,app_8330,started,400,480,1.56
c_3588,m_3259,22956,app_8330,started,400,480,1.56
c_3588,m_3259,117771,app_8330,started,400,480,1.56
c_3588,m_3259,271175,app_8330,started,400,480,1.56
c_3589,m_2579,0,app_7092,started,400,400,1.56
c_3589,m_2579,13297,app_7092,started,400,400,1.56
c_3589,m_2579,108610,app_7092,started,400,400,1.56
c_3589,m_2579,177893,app_7092,started,400,400,1.56
c_3589,m_2579,260422,app_7092,started,400,400,1.56
c_3589,m_2579,384139,app_7092,started,400,400,1.56
c_3590,m_2064,0,app_5666,started,400,480,1.56
c_3590,m_2064,289426,app_5666,started,400,480,1.56
c_3591,m_2574,0,app_1157,started,400,400,1.56
c_3591,m_2574,284641,app_1157,started,400,400,1.56
c_3591,m_2574,451208,app_1157,started,400,400,1.56
c_3592,m_2314,0,app_5420,started,400,400,1.56
c_3592,m_2314,35101,app_5420,started,400,400,1.56
c_3592,m_2314,282727,app_5420,started,400,400,1.56
c_3592,m_2314,448890,app_5420,started,400,400,1.56
c_3593,m_3873,0,app_2126,started,400,400,1.56
c_3593,m_3873,21926,app_2126,started,400,400,1.56
c_3593,m_3873,116702,app_2126,started,400,400,1.56
c_3593,m_3873,270103,app_2126,started,400,400,1.56
c_3593,m_3873,364153,app_2126,started,400,400,1.56
c_3593,m_3873,457870,app_2126,started,400,400,1.56
c_3593,m_3873,564048,app_2126,started,400,400,1.56
c_3594,m_1771,0,app_3548,started,800,800,3.13
c_3594,m_1771,27077,app_3548,started,800,800,3.13
c_3594,m_1771,123228,app_3548,started,800,800,3.13
c_3594,m_1771,142051,app_3548,started,800,800,3.13
c_3594,m_1771,274401,app_3548,started,800,800,3.13
c_3594,m_1771,436201,app_3548,started,800,800,3.13
c_3595,m_3015,0,app_6905,started,400,480,1.56
c_3595,m_3015,7734,app_6905,started,400,480,1.56
c_3595,m_3015,102726,app_6905,started,400,480,1.56
c_3595,m_3015,172141,app_6905,started,400,480,1.56
c_3595,m_3015,205300,app_6905,started,400,480,1.56
c_3595,m_3015,254666,app_6905,started,400,480,1.56
c_3596,m_2409,0,app_5877,started,800,800,3.13
c_3596,m_2409,12685,app_5877,started,800,800,3.13
c_3596,m_2409,107974,app_5877,started,800,800,3.13
c_3596,m_2409,177259,app_5877,started,800,800,3.13
c_3596,m_2409,210425,app_5877,started,800,800,3.13
c_3596,m_2409,259797,app_5877,started,800,800,3.13
c_3596,m_2409,383027,app_5877,started,800,800,3.13
c_3596,m_2409,642687,app_5877,started,800,800,3.13
c_3597,m_2010,0,app_2833,started,400,400,1.56
c_3597,m_2010,359567,app_2833,started,400,400,1.56
c_3598,m_2788,0,app_4397,started,400,400,1.56
c_3598,m_2788,32967,app_4397,started,400,400,1.56
c_3598,m_2788,129594,app_4397,started,400,400,1.56
c_3598,m_2788,280491,app_4397,started,400,400,1.56
c_3598,m_2788,445749,app_4397,started,400,400,1.56
c_3599,m_1563,0,app_1499,started,800,800,3.13
c_3599,m_1563,28115,app_1499,started,800,800,3.13
c_3599,m_1563,124343,app_1499,started,800,800,3.13
c_3599,m_1563,275452,app_1499,started,800,800,3.13
c_3599,m_1563,339087,app_1499,started,800,800,3.13
c_3600,m_1679,0,app_122,started,400,400,1.56
c_3600,m_1679,19056,app_122,started,400,400,1.56
c_3600,m_1679,114670,app_122,started,400,400,1.56
c_3600,m_1679,266212,app_122,started,400,400,1.56
c_3600,m_1679,427721,app_122,started,400,400,1.56
c_3601,m_1856,0,app_4644,started,400,400,1.56
c_3601,m_1856,33270,app_4644,started,400,400,1.56
c_3601,m_1856,128630,app_4644,started,400,400,1.56
c_3601,m_1856,282319,app_4644,started,400,400,1.56
c_3601,m_1856,377388,app_4644,started,400,400,1.56
c_3602,m_659,0,app_1885,started,400,400,1.56
c_3602,m_659,49250,app_1885,started,400,400,1.56
c_3602,m_659,285007,app_1885,started,400,400,1.56
c_3602,m_659,380213,app_1885,started,400,400,1.56
c_3603,m_3419,0,app_9541,started,800,800,3.13
c_3603,m_3419,34261,app_9541,started,800,800,3.13
c_3603,m_3419,158032,app_9541,started,800,800,3.13
c_3603,m_3419,248884,app_9541,started,800,800,3.13
c_3603,m_3419,281833,app_9541,started,800,800,3.13
c_3603,m_3419,408605,app_9541,started,800,800,3.13
c_3604,m_93,0,app_6485,started,400,400,1.56
c_3604,m_93,33734,app_6485,started,400,400,1.56
c_3604,m_93,130399,app_6485,started,400,400,1.56
c_3604,m_93,281281,app_6485,started,400,400,1.56
c_3604,m_93,347356,app_6485,started,400,400,1.56
c_3605,m_1329,0,app_943,started,400,400,1.56
c_3605,m_1329,26817,app_943,started,400,400,1.56
c_3605,m_1329,122951,app_943,started,400,400,1.56
c_3605,m_1329,274133,app_943,started,400,400,1.56
c_3605,m_1329,338298,app_943,started,400,400,1.56
c_3606,m_210,0,app_7807,started,800,800,3.13
c_3606,m_210,27027,app_7807,started,800,800,3.13
c_3606,m_210,123174,app_7807,started,800,800,3.13
c_3606,m_210,245208,app_7807,started,800,800,3.13
c_3606,m_210,342205,app_7807,started,800,800,3.13
c_3607,m_652,0,app_8870,started,400,400,1.56
c_3607,m_652,15199,app_8870,started,400,400,1.56
c_3607,m_652,110563,app_8870,started,400,400,1.56
c_3607,m_652,262309,app_8870,started,400,400,1.56
c_3607,m_652,422064,app_8870,started,400,400,1.56
c_3608,m_1358,0,app_9428,started,400,480,1.56
c_3608,m_1358,289798,app_9428,started,400,480,1.56
c_3608,m_1358,385357,app_9428,started,400,480,1.56
c_3609,m_2849,0,app_6636,started,400,400,1.56
c_3609,m_2849,58001,app_6636,started,400,400,1.56
c_3609,m_2849,246239,app_6636,started,400,400,1.56
c_3609,m_2849,383614,app_6636,started,400,400,1.56
c_3609,m_2849,664009,app_6636,started,400,400,1.56
c_3609,m_2849,666135,app_6636,started,400,400,1.56
c_3609,m_2849,678052,app_6636,started,400,400,1.56
c_3610,m_580,0,app_1552,started,400,400,1.56
c_3610,m_580,13206,app_1552,started,400,400,1.56
c_3610,m_580,108513,app_1552,started,400,400,1.56
c_3610,m_580,177797,app_1552,started,400,400,1.56
c_3610,m_580,260328,app_1552,started,400,400,1.56
c_3610,m_580,383935,app_1552,started,400,400,1.56
c_3610,m_580,643381,app_1552,started,400,400,1.56
c_3611,m_2226,0,app_6470,started,400,480,1.56
c_3611,m_2226,287411,app_6470,started,400,480,1.56
c_3612,m_1133,0,app_2413,started,400,400,1.56
c_3612,m_1133,12445,app_2413,started,400,400,1.56
c_3612,m_1133,106918,app_2413,started,400,400,1.56
c_3612,m_1133,158060,app_2413,started,400,400,1.56
c_3612,m_1133,175718,app_2413,started,400,400,1.56
c_3612,m_1133,209332,app_2413,started,400,400,1.56
c_3612,m_1133,260355,app_2413,started,400,400,1.56
c_3612,m_1133,321994,app_2413,started,400,400,1.56
c_3612,m_1133,552246,app_2413,started,400,400,1.56
c_3613,m_3917,0,app_1037,started,400,400,1.56
c_3613,m_3917,23464,app_1037,started,400,400,1.56
c_3613,m_3917,118694,app_1037,started,400,400,1.56
c_3613,m_3917,166932,app_1037,started,400,400,1.56
c_3613,m_3917,270668,app_1037,started,400,400,1.56
c_3613,m_3917,431617,app_1037,started,400,400,1.56
c_3614,m_1806,0,app_6686,started,400,400,1.56
c_3614,m_1806,289111,app_6686,started,400,400,1.56
c_3614,m_1806,384628,app_6686,started,400,400,1.56
c_3615,m_1518,298711,app_3275,started,1600,1600,11.72
c_3615,m_1518,365496,app_3275,started,1600,1600,11.72
c_3616,m_1632,0,app_1871,started,400,400,1.56
c_3616,m_1632,284172,app_1871,started,400,400,1.56
c_3616,m_1632,450438,app_1871,started,400,400,1.56
c_3616,m_1632,678048,app_1871,started,400,400,1.56
c_3617,m_1658,0,app_3303,started,800,800,3.13
c_3617,m_1658,16227,app_3303,started,800,800,3.13
c_3617,m_1658,110736,app_3303,started,800,800,3.13
c_3617,m_1658,264086,app_3303,started,800,800,3.13
c_3617,m_1658,355561,app_3303,started,800,800,3.13
c_3617,m_1658,385303,app_3303,started,800,800,3.13
c_3617,m_1658,448326,app_3303,started,800,800,3.13
c_3617,m_1658,557546,app_3303,started,800,800,3.13
c_3618,m_943,0,app_3665,started,400,400,1.56
c_3618,m_943,285531,app_3665,started,400,400,1.56
c_3618,m_943,380753,app_3665,started,400,400,1.56
c_3619,m_824,0,app_3071,started,400,400,1.56
c_3619,m_824,30970,app_3071,started,400,400,1.56
c_3619,m_824,127448,app_3071,started,400,400,1.56
c_3619,m_824,278472,app_3071,started,400,400,1.56
c_3619,m_824,442411,app_3071,started,400,400,1.56
c_3620,m_34,0,app_1119,started,800,800,4.69
c_3620,m_34,10961,app_1119,started,800,800,4.69
c_3620,m_34,106163,app_1119,started,800,800,4.69
c_3620,m_34,175486,app_1119,started,800,800,4.69
c_3620,m_34,208660,app_1119,started,800,800,4.69
c_3620,m_34,233337,app_1119,started,800,800,4.69
c_3620,m_34,324084,app_1119,started,800,800,4.69
c_3621,m_2788,0,app_4265,started,400,400,1.56
c_3621,m_2788,32967,app_4265,started,400,400,1.56
c_3621,m_2788,129594,app_4265,started,400,400,1.56
c_3621,m_2788,280491,app_4265,started,400,400,1.56
c_3621,m_2788,445749,app_4265,started,400,400,1.56
c_3622,m_390,0,app_7186,started,400,400,1.56
c_3622,m_390,34944,app_7186,started,400,400,1.56
c_3622,m_390,284081,app_7186,started,400,400,1.56
c_3622,m_390,379200,app_7186,started,400,400,1.56
c_3622,m_390,676095,app_7186,started,400,400,1.56
c_3623,m_557,0,app_5254,started,400,400,1.56
c_3623,m_557,25497,app_5254,started,400,400,1.56
c_3623,m_557,120396,app_5254,started,400,400,1.56
c_3623,m_557,273840,app_5254,started,400,400,1.56
c_3623,m_557,368364,app_5254,started,400,400,1.56
c_3624,m_3733,0,app_2264,started,400,400,1.56
c_3624,m_3733,12106,app_2264,started,400,400,1.56
c_3624,m_3733,107375,app_2264,started,400,400,1.56
c_3624,m_3733,176672,app_2264,started,400,400,1.56
c_3624,m_3733,209830,app_2264,started,400,400,1.56
c_3624,m_3733,259140,app_2264,started,400,400,1.56
c_3624,m_3733,418750,app_2264,started,400,400,1.56
c_3625,m_833,0,app_9070,started,400,400,1.56
c_3625,m_833,76976,app_9070,started,400,400,1.56
c_3625,m_833,80136,app_9070,started,400,400,1.56
c_3625,m_833,212397,app_9070,started,400,400,1.56
c_3625,m_833,259531,app_9070,started,400,400,1.56
c_3625,m_833,374831,app_9070,started,400,400,1.56
c_3626,m_2560,0,app_5271,started,400,400,1.56
c_3626,m_2560,7600,app_5271,started,400,400,1.56
c_3626,m_2560,102585,app_5271,started,400,400,1.56
c_3626,m_2560,172012,app_5271,started,400,400,1.56
c_3626,m_2560,205162,app_5271,started,400,400,1.56
c_3626,m_2560,211039,app_5271,started,400,400,1.56
c_3626,m_2560,254520,app_5271,started,400,400,1.56
c_3626,m_2560,376559,app_5271,started,400,400,1.56
c_3627,m_1309,0,app_5558,started,400,400,1.56
c_3627,m_1309,11807,app_5558,started,400,400,1.56
c_3627,m_1309,106293,app_5558,started,400,400,1.56
c_3627,m_1309,175147,app_5558,started,400,400,1.56
c_3627,m_1309,208748,app_5558,started,400,400,1.56
c_3627,m_1309,259742,app_5558,started,400,400,1.56
c_3627,m_1309,350049,app_5558,started,400,400,1.56
c_3628,m_2573,0,app_8574,started,400,400,1.56
c_3628,m_2573,15191,app_8574,started,400,400,1.56
c_3628,m_2573,110555,app_8574,started,400,400,1.56
c_3628,m_2573,262301,app_8574,started,400,400,1.56
c_3628,m_2573,386056,app_8574,started,400,400,1.56
c_3629,m_1789,196,app_2562,started,800,800,3.13
c_3629,m_1789,259039,app_2562,started,800,800,3.13
c_3629,m_1789,338286,app_2562,started,800,800,3.13
c_3630,m_94,595598,app_7134,started,400,400,1.56
c_3631,m_3227,0,app_7643,started,400,400,1.56
c_3631,m_3227,31699,app_7643,started,400,400,1.56
c_3631,m_3227,126983,app_7643,started,400,400,1.56
c_3631,m_3227,280682,app_7643,started,400,400,1.56
c_3631,m_3227,338909,app_7643,started,400,400,1.56
c_3632,m_307,0,app_6107,started,400,480,1.56
c_3632,m_307,16529,app_6107,started,400,480,1.56
c_3632,m_307,111054,app_6107,started,400,480,1.56
c_3632,m_307,264392,app_6107,started,400,480,1.56
c_3633,m_794,0,app_460,started,400,400,1.56
c_3633,m_794,29728,app_460,started,400,400,1.56
c_3633,m_794,124905,app_460,started,400,400,1.56
c_3633,m_794,226815,app_460,started,400,400,1.56
c_3633,m_794,278331,app_460,started,400,400,1.56
c_3633,m_794,316638,app_460,started,400,400,1.56
c_3633,m_794,373434,app_460,started,400,400,1.56
c_3633,m_794,667627,app_460,started,400,400,1.56
c_3634,m_3443,0,app_8949,started,800,960,1.56
c_3634,m_3443,20312,app_8949,started,800,960,1.56
c_3634,m_3443,116012,app_8949,started,800,960,1.56
c_3634,m_3443,125873,app_8949,started,800,960,1.56
c_3634,m_3443,130108,app_8949,started,800,960,1.56
c_3634,m_3443,162865,app_8949,started,800,960,1.56
c_3634,m_3443,268139,app_8949,started,800,960,1.56
c_3634,m_3443,344046,app_8949,started,800,960,1.56
c_3634,m_3443,382626,app_8949,started,800,960,1.56
c_3634,m_3443,593767,app_8949,started,800,960,1.56
c_3635,m_2776,0,app_4822,started,400,400,1.56
c_3635,m_2776,16371,app_4822,started,400,400,1.56
c_3635,m_2776,110889,app_4822,started,400,400,1.56
c_3635,m_2776,264236,app_4822,started,400,400,1.56
c_3635,m_2776,355681,app_4822,started,400,400,1.56
c_3635,m_2776,385439,app_4822,started,400,400,1.56
c_3636,m_2963,0,app_5360,started,400,400,1.56
c_3636,m_2963,11627,app_5360,started,400,400,1.56
c_3636,m_2963,106873,app_5360,started,400,400,1.56
c_3636,m_2963,176177,app_5360,started,400,400,1.56
c_3636,m_2963,209340,app_5360,started,400,400,1.56
c_3636,m_2963,258647,app_5360,started,400,400,1.56
c_3636,m_2963,382261,app_5360,started,400,400,1.56
c_3637,m_3935,0,app_8578,started,400,400,1.56
c_3637,m_3935,29953,app_8578,started,400,400,1.56
c_3637,m_3935,125139,app_8578,started,400,400,1.56
c_3637,m_3935,278574,app_8578,started,400,400,1.56
c_3637,m_3935,347357,app_8578,started,400,400,1.56
c_3638,m_3064,0,app_3649,started,400,400,1.56
c_3638,m_3064,283654,app_3649,started,400,400,1.56
c_3638,m_3064,410799,app_3649,started,400,400,1.56
c_3639,m_850,0,app_5204,started,400,480,1.56
c_3639,m_850,23387,app_5204,started,400,480,1.56
c_3639,m_850,118218,app_5204,started,400,480,1.56
c_3639,m_850,271632,app_5204,started,400,480,1.56
c_3640,m_216,0,app_5102,started,800,800,3.13
c_3640,m_216,34940,app_5102,started,800,800,3.13
c_3640,m_216,282541,app_5102,started,800,800,3.13
c_3640,m_216,338896,app_5102,started,800,800,3.13
c_3641,m_1040,0,app_6446,started,400,480,1.56
c_3641,m_1040,19630,app_6446,started,400,480,1.56
c_3641,m_1040,58003,app_6446,started,400,480,1.56
c_3641,m_1040,115279,app_6446,started,400,480,1.56
c_3641,m_1040,225817,app_6446,started,400,480,1.56
c_3641,m_1040,246227,app_6446,started,400,480,1.56
c_3641,m_1040,663978,app_6446,started,400,480,1.56
c_3641,m_1040,666105,app_6446,started,400,480,1.56
c_3641,m_1040,678161,app_6446,started,400,480,1.56
c_3642,m_1378,0,app_5877,started,800,800,3.13
c_3642,m_1378,33803,app_5877,started,800,800,3.13
c_3642,m_1378,281350,app_5877,started,800,800,3.13
c_3642,m_1378,340700,app_5877,started,800,800,3.13
c_3643,m_3959,0,app_3180,started,400,400,1.56
c_3643,m_3959,34197,app_3180,started,400,400,1.56
c_3643,m_3959,281765,app_3180,started,400,400,1.56
c_3643,m_3959,408571,app_3180,started,400,400,1.56
c_3644,m_2409,0,app_263,started,800,800,3.13
c_3644,m_2409,12685,app_263,started,800,800,3.13
c_3644,m_2409,107974,app_263,started,800,800,3.13
c_3644,m_2409,177260,app_263,started,800,800,3.13
c_3644,m_2409,210425,app_263,started,800,800,3.13
c_3644,m_2409,259797,app_263,started,800,800,3.13
c_3644,m_2409,383027,app_263,started,800,800,3.13
c_3644,m_2409,642687,app_263,started,800,800,3.13
c_3645,m_3446,0,app_5245,started,400,400,1.56
c_3645,m_3446,15177,app_5245,started,400,400,1.56
c_3645,m_3446,110540,app_5245,started,400,400,1.56
c_3645,m_3446,164037,app_5245,started,400,400,1.56
c_3645,m_3446,262288,app_5245,started,400,400,1.56
c_3646,m_1301,0,app_17,started,400,400,1.56
c_3646,m_1301,15463,app_17,started,400,400,1.56
c_3646,m_1301,109963,app_17,started,400,400,1.56
c_3646,m_1301,246170,app_17,started,400,400,1.56
c_3646,m_1301,354798,app_17,started,400,400,1.56
c_3646,m_1301,643635,app_17,started,400,400,1.56
c_3647,m_2127,0,app_3136,started,400,400,1.56
c_3647,m_2127,287423,app_3136,started,400,400,1.56
c_3647,m_2127,382753,app_3136,started,400,400,1.56
c_3648,m_314,0,app_3641,started,400,400,1.56
c_3648,m_314,10683,app_3641,started,400,400,1.56
c_3648,m_314,105147,app_3641,started,400,400,1.56
c_3648,m_314,174063,app_3641,started,400,400,1.56
c_3648,m_314,207594,app_3641,started,400,400,1.56
c_3648,m_314,258479,app_3641,started,400,400,1.56
c_3649,m_3701,0,app_9011,started,400,400,1.56
c_3649,m_3701,20929,app_9011,started,400,400,1.56
c_3649,m_3701,116187,app_9011,started,400,400,1.56
c_3649,m_3701,269581,app_9011,started,400,400,1.56
c_3649,m_3701,363590,app_9011,started,400,400,1.56
c_3650,m_3889,0,app_5023,started,400,400,1.56
c_3650,m_3889,23017,app_5023,started,400,400,1.56
c_3650,m_3889,117832,app_5023,started,400,400,1.56
c_3650,m_3889,271237,app_5023,started,400,400,1.56
c_3650,m_3889,365374,app_5023,started,400,400,1.56
c_3651,m_3572,0,app_1526,started,400,400,1.95
c_3651,m_3572,13661,app_1526,started,400,400,1.95
c_3651,m_3572,108994,app_1526,started,400,400,1.95
c_3651,m_3572,260800,app_1526,started,400,400,1.95
c_3651,m_3572,384751,app_1526,started,400,400,1.95
c_3652,m_3947,0,app_2096,started,400,480,1.56
c_3652,m_3947,23008,app_2096,started,400,480,1.56
c_3652,m_3947,117824,app_2096,started,400,480,1.56
c_3652,m_3947,137330,app_2096,started,400,480,1.56
c_3652,m_3947,271228,app_2096,started,400,480,1.56
c_3652,m_3947,297676,app_2096,started,400,480,1.56
c_3653,m_2994,0,app_4650,started,800,800,3.13
c_3653,m_2994,9236,app_4650,started,800,800,3.13
c_3653,m_2994,104310,app_4650,started,800,800,3.13
c_3653,m_2994,173723,app_4650,started,800,800,3.13
c_3653,m_2994,206851,app_4650,started,800,800,3.13
c_3653,m_2994,256213,app_4650,started,800,800,3.13
c_3653,m_2994,416041,app_4650,started,800,800,3.13
c_3654,m_2088,0,app_1513,started,400,400,1.56
c_3654,m_2088,29865,app_1513,started,400,400,1.56
c_3654,m_2088,126248,app_1513,started,400,400,1.56
c_3654,m_2088,218048,app_1513,started,400,400,1.56
c_3654,m_2088,277326,app_1513,started,400,400,1.56
c_3654,m_2088,323290,app_1513,started,400,400,1.56
c_3655,m_2007,0,app_3557,started,400,400,1.56
c_3655,m_2007,34251,app_3557,started,400,400,1.56
c_3655,m_2007,158048,app_3557,started,400,400,1.56
c_3655,m_2007,248606,app_3557,started,400,400,1.56
c_3655,m_2007,336930,app_3557,started,400,400,1.56
c_3656,m_2224,0,app_9006,started,400,400,1.56
c_3656,m_2224,24066,app_9006,started,400,400,1.56
c_3656,m_2224,119747,app_9006,started,400,400,1.56
c_3656,m_2224,271294,app_9006,started,400,400,1.56
c_3656,m_2224,432036,app_9006,started,400,400,1.56
c_3657,m_1768,0,app_1276,started,400,400,1.56
c_3657,m_1768,32739,app_1276,started,400,400,1.56
c_3657,m_1768,38988,app_1276,started,400,400,1.56
c_3657,m_1768,125931,app_1276,started,400,400,1.56
c_3657,m_1768,129347,app_1276,started,400,400,1.56
c_3657,m_1768,130177,app_1276,started,400,400,1.56
c_3657,m_1768,162818,app_1276,started,400,400,1.56
c_3657,m_1768,280268,app_1276,started,400,400,1.56
c_3657,m_1768,445536,app_1276,started,400,400,1.56
c_3658,m_16,0,app_6031,started,400,400,1.56
c_3658,m_16,12796,app_6031,started,400,400,1.56
c_3658,m_16,107274,app_6031,started,400,400,1.56
c_3658,m_16,176058,app_6031,started,400,400,1.56
c_3658,m_16,209671,app_6031,started,400,400,1.56
c_3658,m_16,260725,app_6031,started,400,400,1.56
c_3658,m_16,351117,app_6031,started,400,400,1.56
c_3659,m_109,0,app_9129,started,400,400,1.56
c_3659,m_109,19619,app_9129,started,400,400,1.56
c_3659,m_109,115266,app_9129,started,400,400,1.56
c_3659,m_109,140252,app_9129,started,400,400,1.56
c_3659,m_109,266831,app_9129,started,400,400,1.56
c_3659,m_109,428728,app_9129,started,400,400,1.56
c_3660,m_3027,0,app_141,started,800,800,3.13
c_3660,m_3027,9046,app_141,started,800,800,3.13
c_3660,m_3027,104117,app_141,started,800,800,3.13
c_3660,m_3027,173532,app_141,started,800,800,3.13
c_3660,m_3027,206661,app_141,started,800,800,3.13
c_3660,m_3027,256025,app_141,started,800,800,3.13
c_3660,m_3027,415788,app_141,started,800,800,3.13
c_3660,m_3027,637674,app_141,started,800,800,3.13
c_3661,m_2303,0,app_5335,started,400,480,1.56
c_3661,m_2303,9422,app_5335,started,400,480,1.56
c_3661,m_2303,103816,app_5335,started,400,480,1.56
c_3661,m_2303,172765,app_5335,started,400,480,1.56
c_3661,m_2303,206345,app_5335,started,400,480,1.56
c_3661,m_2303,257144,app_5335,started,400,480,1.56
c_3662,m_2027,0,app_823,started,400,480,1.56
c_3662,m_2027,31843,app_823,started,400,480,1.56
c_3662,m_2027,128363,app_823,started,400,480,1.56
c_3662,m_2027,279332,app_823,started,400,480,1.56
c_3663,m_1065,0,app_7586,started,400,400,1.56
c_3663,m_1065,18945,app_7586,started,400,400,1.56
c_3663,m_1065,114557,app_7586,started,400,400,1.56
c_3663,m_1065,266089,app_7586,started,400,400,1.56
c_3663,m_1065,390166,app_7586,started,400,400,1.56
c_3664,m_3759,0,app_3136,started,400,400,1.56
c_3664,m_3759,10171,app_3136,started,400,400,1.56
c_3664,m_3759,105330,app_3136,started,400,400,1.56
c_3664,m_3759,174696,app_3136,started,400,400,1.56
c_3664,m_3759,207821,app_3136,started,400,400,1.56
c_3664,m_3759,257180,app_3136,started,400,400,1.56
c_3664,m_3759,379509,app_3136,started,400,400,1.56
c_3664,m_3759,639230,app_3136,started,400,400,1.56
c_3665,m_3180,0,app_263,started,800,800,3.13
c_3665,m_3180,15080,app_263,started,800,800,3.13
c_3665,m_3180,109585,app_263,started,800,800,3.13
c_3665,m_3180,262954,app_263,started,800,800,3.13
c_3665,m_3180,342028,app_263,started,800,800,3.13
c_3665,m_3180,447004,app_263,started,800,800,3.13
c_3665,m_3180,556004,app_263,started,800,800,3.13
c_3665,m_3180,643153,app_263,started,800,800,3.13
c_3666,m_3271,0,app_240,started,400,400,1.56
c_3666,m_3271,20591,app_240,started,400,400,1.56
c_3666,m_3271,53485,app_240,started,400,400,1.56
c_3666,m_3271,115999,app_240,started,400,400,1.56
c_3666,m_3271,269391,app_240,started,400,400,1.56
c_3666,m_3271,363394,app_240,started,400,400,1.56
c_3666,m_3271,676091,app_240,started,400,400,1.56
c_3667,m_3171,0,app_6790,started,800,800,6.25
c_3667,m_3171,34232,app_6790,started,800,800,6.25
c_3667,m_3171,281802,app_6790,started,800,800,6.25
c_3667,m_3171,335788,app_6790,started,800,800,6.25
c_3667,m_3171,338801,app_6790,started,800,800,6.25
c_3668,m_3866,0,app_5201,started,400,400,1.56
c_3668,m_3866,121823,app_5201,started,400,400,1.56
c_3668,m_3866,289548,app_5201,started,400,400,1.56
c_3668,m_3866,385080,app_5201,started,400,400,1.56
c_3669,m_602,0,app_6584,started,400,400,1.56
c_3669,m_602,27221,app_6584,started,400,400,1.56
c_3669,m_602,123385,app_6584,started,400,400,1.56
c_3669,m_602,274552,app_6584,started,400,400,1.56
c_3669,m_602,436378,app_6584,started,400,400,1.56
c_3670,m_2862,0,app_6710,started,800,800,3.13
c_3670,m_2862,16888,app_6710,started,800,800,3.13
c_3670,m_2862,111418,app_6710,started,800,800,3.13
c_3670,m_2862,264744,app_6710,started,800,800,3.13
c_3670,m_2862,356282,app_6710,started,800,800,3.13
c_3671,m_2182,0,app_5745,started,400,400,1.56
c_3671,m_2182,11155,app_5745,started,400,400,1.56
c_3671,m_2182,105631,app_5745,started,400,400,1.56
c_3671,m_2182,174523,app_5745,started,400,400,1.56
c_3671,m_2182,208065,app_5745,started,400,400,1.56
c_3671,m_2182,258983,app_5745,started,400,400,1.56
c_3671,m_2182,349309,app_5745,started,400,400,1.56
c_3671,m_2182,550340,app_5745,started,400,400,1.56
c_3671,m_2182,637385,app_5745,started,400,400,1.56
c_3672,m_1804,0,app_5310,started,400,400,1.56
c_3672,m_1804,20604,app_5310,started,400,400,1.56
c_3672,m_1804,116013,app_5310,started,400,400,1.56
c_3672,m_1804,269406,app_5310,started,400,400,1.56
c_3672,m_1804,363407,app_5310,started,400,400,1.56
c_3672,m_1804,565289,app_5310,started,400,400,1.56
c_3673,m_1965,578720,app_1499,started,800,800,3.13
c_3673,m_1965,588791,app_1499,started,800,800,3.13
c_3673,m_1965,594534,app_1499,started,800,800,3.13
c_3673,m_1965,664731,app_1499,started,800,800,3.13
c_3674,m_2312,331011,app_1274,started,400,400,1.56
c_3674,m_2312,331272,app_1274,started,400,400,1.56
c_3675,m_3196,0,app_9441,started,400,400,1.56
c_3675,m_3196,7839,app_9441,started,400,400,1.56
c_3675,m_3196,102837,app_9441,started,400,400,1.56
c_3675,m_3196,172248,app_9441,started,400,400,1.56
c_3675,m_3196,205412,app_9441,started,400,400,1.56
c_3675,m_3196,237084,app_9441,started,400,400,1.56
c_3675,m_3196,376771,app_9441,started,400,400,1.56
c_3676,m_3295,0,app_3707,started,800,800,3.13
c_3676,m_3295,29360,app_3707,started,800,800,3.13
c_3676,m_3295,125686,app_3707,started,800,800,3.13
c_3676,m_3295,232385,app_3707,started,800,800,3.13
c_3676,m_3295,404552,app_3707,started,800,800,3.13
c_3677,m_1827,0,app_2290,started,400,400,1.56
c_3677,m_1827,290510,app_2290,started,400,400,1.56
c_3677,m_1827,386125,app_2290,started,400,400,1.56
c_3678,m_20,0,app_6733,started,400,400,1.56
c_3678,m_20,31681,app_6733,started,400,400,1.56
c_3678,m_20,64742,app_6733,started,400,400,1.56
c_3678,m_20,124581,app_6733,started,400,400,1.56
c_3678,m_20,129560,app_6733,started,400,400,1.56
c_3678,m_20,130216,app_6733,started,400,400,1.56
c_3678,m_20,162877,app_6733,started,400,400,1.56
c_3678,m_20,279176,app_6733,started,400,400,1.56
c_3678,m_20,443608,app_6733,started,400,400,1.56
c_3679,m_3715,0,app_6661,started,400,400,1.56
c_3679,m_3715,12525,app_6661,started,400,400,1.56
c_3679,m_3715,106999,app_6661,started,400,400,1.56
c_3679,m_3715,158060,app_6661,started,400,400,1.56
c_3679,m_3715,175795,app_6661,started,400,400,1.56
c_3679,m_3715,209410,app_6661,started,400,400,1.56
c_3679,m_3715,260440,app_6661,started,400,400,1.56
c_3679,m_3715,322886,app_6661,started,400,400,1.56
c_3680,m_1908,0,app_9733,started,800,800,3.13
c_3680,m_1908,13430,app_9733,started,800,800,3.13
c_3680,m_1908,108748,app_9733,started,800,800,3.13
c_3680,m_1908,260561,app_9733,started,800,800,3.13
c_3680,m_1908,384353,app_9733,started,800,800,3.13
c_3681,m_324,0,app_2965,started,400,400,1.56
c_3681,m_324,32580,app_2965,started,400,400,1.56
c_3681,m_324,129170,app_2965,started,400,400,1.56
c_3681,m_324,280096,app_2965,started,400,400,1.56
c_3681,m_324,323970,app_2965,started,400,400,1.56
c_3682,m_2418,0,app_2965,started,400,400,1.56
c_3682,m_2418,12853,app_2965,started,400,400,1.56
c_3682,m_2418,107332,app_2965,started,400,400,1.56
c_3682,m_2418,176113,app_2965,started,400,400,1.56
c_3682,m_2418,209725,app_2965,started,400,400,1.56
c_3682,m_2418,260780,app_2965,started,400,400,1.56
c_3682,m_2418,351182,app_2965,started,400,400,1.56
c_3683,m_820,0,app_6491,started,400,400,1.56
c_3683,m_820,31005,app_6491,started,400,400,1.56
c_3683,m_820,127484,app_6491,started,400,400,1.56
c_3683,m_820,278509,app_6491,started,400,400,1.56
c_3683,m_820,442469,app_6491,started,400,400,1.56
c_3684,m_3531,0,app_353,started,400,400,1.56
c_3684,m_3531,11373,app_353,started,400,400,1.56
c_3684,m_3531,105854,app_353,started,400,400,1.56
c_3684,m_3531,174736,app_353,started,400,400,1.56
c_3684,m_3531,208283,app_353,started,400,400,1.56
c_3684,m_3531,259212,app_353,started,400,400,1.56
c_3684,m_3531,317242,app_353,started,400,400,1.56
c_3685,m_3643,0,app_56,started,400,400,1.56
c_3685,m_3643,18153,app_56,started,400,400,1.56
c_3685,m_3643,113710,app_56,started,400,400,1.56
c_3685,m_3643,265284,app_56,started,400,400,1.56
c_3685,m_3643,426716,app_56,started,400,400,1.56
c_3686,m_897,0,app_2879,started,400,400,1.56
c_3686,m_897,14861,app_2879,started,400,400,1.56
c_3686,m_897,109367,app_2879,started,400,400,1.56
c_3686,m_897,177996,app_2879,started,400,400,1.56
c_3686,m_897,262731,app_2879,started,400,400,1.56
c_3686,m_897,353657,app_2879,started,400,400,1.56
c_3686,m_897,446856,app_2879,started,400,400,1.56
c_3686,m_897,555723,app_2879,started,400,400,1.56
c_3687,m_282,0,app_3774,started,400,400,1.56
c_3687,m_282,14849,app_3774,started,400,400,1.56
c_3687,m_282,95406,app_3774,started,400,400,1.56
c_3687,m_282,109356,app_3774,started,400,400,1.56
c_3687,m_282,177984,app_3774,started,400,400,1.56
c_3687,m_282,262720,app_3774,started,400,400,1.56
c_3687,m_282,353636,app_3774,started,400,400,1.56
c_3687,m_282,446849,app_3774,started,400,400,1.56
c_3687,m_282,555708,app_3774,started,400,400,1.56
c_3688,m_2537,0,app_6095,started,800,800,3.13
c_3688,m_2537,14691,app_6095,started,800,800,3.13
c_3688,m_2537,110031,app_6095,started,800,800,3.13
c_3688,m_2537,254361,app_6095,started,800,800,3.13
c_3688,m_2537,315627,app_6095,started,800,800,3.13
c_3689,m_1309,0,app_2297,started,400,400,1.56
c_3689,m_1309,11807,app_2297,started,400,400,1.56
c_3689,m_1309,106293,app_2297,started,400,400,1.56
c_3689,m_1309,175147,app_2297,started,400,400,1.56
c_3689,m_1309,208748,app_2297,started,400,400,1.56
c_3689,m_1309,259742,app_2297,started,400,400,1.56
c_3689,m_1309,350049,app_2297,started,400,400,1.56
c_3690,m_624,0,app_1658,started,400,400,1.56
c_3690,m_624,35540,app_1658,started,400,400,1.56
c_3690,m_624,284724,app_1658,started,400,400,1.56
c_3690,m_624,379887,app_1658,started,400,400,1.56
c_3691,m_1432,0,app_1859,started,400,400,1.56
c_3691,m_1432,25161,app_1859,started,400,400,1.56
c_3691,m_1432,121155,app_1859,started,400,400,1.56
c_3691,m_1432,272384,app_1859,started,400,400,1.56
c_3691,m_1432,432596,app_1859,started,400,400,1.56
c_3692,m_1767,0,app_6445,started,400,400,1.56
c_3692,m_1767,23155,app_6445,started,400,400,1.56
c_3692,m_1767,117975,app_6445,started,400,400,1.56
c_3692,m_1767,271394,app_6445,started,400,400,1.56
c_3692,m_1767,365536,app_6445,started,400,400,1.56
c_3693,m_1442,0,app_8360,started,800,800,3.13
c_3693,m_1442,19102,app_8360,started,800,800,3.13
c_3693,m_1442,114718,app_8360,started,800,800,3.13
c_3693,m_1442,266274,app_8360,started,800,800,3.13
c_3693,m_1442,341058,app_8360,started,800,800,3.13
c_3694,m_2952,0,app_528,started,400,400,1.56
c_3694,m_2952,9861,app_528,started,400,400,1.56
c_3694,m_2952,104987,app_528,started,400,400,1.56
c_3694,m_2952,174371,app_528,started,400,400,1.56
c_3694,m_2952,207501,app_528,started,400,400,1.56
c_3694,m_2952,256865,app_528,started,400,400,1.56
c_3694,m_2952,340757,app_528,started,400,400,1.56
c_3694,m_2952,594930,app_528,started,400,400,1.56
c_3695,m_2329,0,app_3991,started,400,400,1.56
c_3695,m_2329,65469,app_3991,started,400,400,1.56
c_3695,m_2329,290659,app_3991,started,400,400,1.56
c_3695,m_2329,386264,app_3991,started,400,400,1.56
c_3696,m_3541,0,app_6997,started,400,480,1.56
c_3696,m_3541,20580,app_6997,started,400,480,1.56
c_3696,m_3541,116080,app_6997,started,400,480,1.56
c_3696,m_3541,268217,app_6997,started,400,480,1.56
c_3697,m_2671,0,app_6999,started,400,480,1.56
c_3697,m_2671,23888,app_6999,started,400,480,1.56
c_3697,m_2671,118751,app_6999,started,400,480,1.56
c_3697,m_2671,272155,app_6999,started,400,480,1.56
c_3698,m_3682,0,app_9677,started,400,400,1.56
c_3698,m_3682,18914,app_9677,started,400,400,1.56
c_3698,m_3682,114524,app_9677,started,400,400,1.56
c_3698,m_3682,266058,app_9677,started,400,400,1.56
c_3698,m_3682,390114,app_9677,started,400,400,1.56
c_3699,m_3530,0,app_459,started,800,800,3.13
c_3699,m_3530,9552,app_459,started,800,800,3.13
c_3699,m_3530,104652,app_459,started,800,800,3.13
c_3699,m_3530,125899,app_459,started,800,800,3.13
c_3699,m_3530,130108,app_459,started,800,800,3.13
c_3699,m_3530,162016,app_459,started,800,800,3.13
c_3699,m_3530,162619,app_459,started,800,800,3.13
c_3699,m_3530,174049,app_459,started,800,800,3.13
c_3699,m_3530,207175,app_459,started,800,800,3.13
c_3699,m_3530,256526,app_459,started,800,800,3.13
c_3700,m_376,0,app_2745,started,400,400,1.56
c_3700,m_376,20996,app_2745,started,400,400,1.56
c_3700,m_376,116213,app_2745,started,400,400,1.56
c_3700,m_376,269607,app_2745,started,400,400,1.56
c_3700,m_376,363620,app_2745,started,400,400,1.56
c_3701,m_2502,0,app_5584,started,400,400,1.56
c_3701,m_2502,279720,app_5584,started,400,400,1.56
c_3701,m_2502,444540,app_5584,started,400,400,1.56
c_3702,m_2112,0,app_4077,started,400,400,1.56
c_3702,m_2112,8055,app_4077,started,400,400,1.56
c_3702,m_2112,103071,app_4077,started,400,400,1.56
c_3702,m_2112,172471,app_4077,started,400,400,1.56
c_3702,m_2112,205640,app_4077,started,400,400,1.56
c_3702,m_2112,254997,app_4077,started,400,400,1.56
c_3702,m_2112,377130,app_4077,started,400,400,1.56
c_3702,m_2112,635881,app_4077,started,400,400,1.56
c_3703,m_3552,0,app_4259,started,400,400,1.56
c_3703,m_3552,19343,app_4259,started,400,400,1.56
c_3703,m_3552,114339,app_4259,started,400,400,1.56
c_3703,m_3552,240587,app_4259,started,400,400,1.56
c_3703,m_3552,360848,app_4259,started,400,400,1.56
c_3704,m_2405,0,app_2128,started,400,400,1.56
c_3704,m_2405,76969,app_2128,started,400,400,1.56
c_3704,m_2405,80073,app_2128,started,400,400,1.56
c_3704,m_2405,161031,app_2128,started,400,400,1.56
c_3704,m_2405,287668,app_2128,started,400,400,1.56
c_3704,m_2405,383016,app_2128,started,400,400,1.56
c_3705,m_1027,0,app_2324,started,800,800,6.25
c_3705,m_1027,284953,app_2324,started,800,800,6.25
c_3705,m_1027,412442,app_2324,started,800,800,6.25
c_3706,m_3739,0,app_184,started,400,400,1.56
c_3706,m_3739,290337,app_184,started,400,400,1.56
c_3706,m_3739,385939,app_184,started,400,400,1.56
c_3707,m_3866,0,app_2051,started,400,400,1.56
c_3707,m_3866,121823,app_2051,started,400,400,1.56
c_3707,m_3866,289548,app_2051,started,400,400,1.56
c_3707,m_3866,385079,app_2051,started,400,400,1.56
c_3708,m_3132,0,app_721,started,400,400,1.56
c_3708,m_3132,15701,app_721,started,400,400,1.56
c_3708,m_3132,111086,app_721,started,400,400,1.56
c_3708,m_3132,262798,app_721,started,400,400,1.56
c_3708,m_3132,386357,app_721,started,400,400,1.56
c_3709,m_3665,0,app_5146,started,400,480,1.56
c_3709,m_3665,22742,app_5146,started,400,480,1.56
c_3709,m_3665,117556,app_5146,started,400,480,1.56
c_3709,m_3665,270962,app_5146,started,400,480,1.56
c_3710,m_3274,0,app_7248,started,400,400,1.56
c_3710,m_3274,22714,app_7248,started,400,400,1.56
c_3710,m_3274,117883,app_7248,started,400,400,1.56
c_3710,m_3274,269920,app_7248,started,400,400,1.56
c_3710,m_3274,394707,app_7248,started,400,400,1.56
c_3710,m_3274,678033,app_7248,started,400,400,1.56
c_3711,m_1426,0,app_1254,started,800,800,3.13
c_3711,m_1426,25282,app_1254,started,800,800,3.13
c_3711,m_1426,120173,app_1254,started,800,800,3.13
c_3711,m_1426,273563,app_1254,started,800,800,3.13
c_3711,m_1426,368130,app_1254,started,800,800,3.13
c_3712,m_995,0,app_9317,started,400,400,1.56
c_3712,m_995,9524,app_9317,started,400,400,1.56
c_3712,m_995,104623,app_9317,started,400,400,1.56
c_3712,m_995,174021,app_9317,started,400,400,1.56
c_3712,m_995,207147,app_9317,started,400,400,1.56
c_3712,m_995,256498,app_9317,started,400,400,1.56
c_3712,m_995,378279,app_9317,started,400,400,1.56
c_3712,m_995,638287,app_9317,started,400,400,1.56
c_3713,m_2349,0,app_2023,started,800,800,6.25
c_3713,m_2349,13052,app_2023,started,800,800,6.25
c_3713,m_2349,108356,app_2023,started,800,800,6.25
c_3713,m_2349,177635,app_2023,started,800,800,6.25
c_3713,m_2349,260178,app_2023,started,800,800,6.25
c_3714,m_1432,0,app_1986,started,400,400,1.56
c_3714,m_1432,25161,app_1986,started,400,400,1.56
c_3714,m_1432,121155,app_1986,started,400,400,1.56
c_3714,m_1432,272384,app_1986,started,400,400,1.56
c_3714,m_1432,432596,app_1986,started,400,400,1.56
c_3715,m_750,556465,app_5744,started,400,400,1.56
c_3715,m_750,639539,app_5744,started,400,400,1.56
c_3716,m_1279,0,app_4176,started,800,800,3.13
c_3716,m_1279,26918,app_4176,started,800,800,3.13
c_3716,m_1279,123063,app_4176,started,800,800,3.13
c_3716,m_1279,274245,app_4176,started,800,800,3.13
c_3716,m_1279,435898,app_4176,started,800,800,3.13
c_3717,m_3506,0,app_5573,started,1600,1600,6.25
c_3717,m_3506,15185,app_5573,started,1600,1600,6.25
c_3717,m_3506,109683,app_5573,started,1600,1600,6.25
c_3717,m_3506,263057,app_5573,started,1600,1600,6.25
c_3717,m_3506,354310,app_5573,started,1600,1600,6.25
c_3717,m_3506,447083,app_5573,started,1600,1600,6.25
c_3717,m_3506,556147,app_5573,started,1600,1600,6.25
c_3717,m_3506,643282,app_5573,started,1600,1600,6.25
c_3718,m_4028,0,app_9419,started,400,400,1.56
c_3718,m_4028,14832,app_9419,started,400,400,1.56
c_3718,m_4028,109338,app_9419,started,400,400,1.56
c_3718,m_4028,177967,app_9419,started,400,400,1.56
c_3718,m_4028,262704,app_9419,started,400,400,1.56
c_3718,m_4028,342016,app_9419,started,400,400,1.56
c_3719,m_3241,0,app_5863,started,400,400,1.56
c_3719,m_3241,28091,app_5863,started,400,400,1.56
c_3719,m_3241,123140,app_5863,started,400,400,1.56
c_3719,m_3241,276574,app_5863,started,400,400,1.56
c_3719,m_3241,371366,app_5863,started,400,400,1.56
c_3720,m_3885,0,app_7908,started,400,400,1.56
c_3720,m_3885,13582,app_7908,started,400,400,1.56
c_3720,m_3885,108092,app_7908,started,400,400,1.56
c_3720,m_3885,176788,app_7908,started,400,400,1.56
c_3720,m_3885,210404,app_7908,started,400,400,1.56
c_3720,m_3885,261493,app_7908,started,400,400,1.56
c_3720,m_3885,352065,app_7908,started,400,400,1.56
c_3721,m_1414,0,app_442,started,800,800,3.13
c_3721,m_1414,34313,app_442,started,800,800,3.13
c_3721,m_1414,125928,app_442,started,800,800,3.13
c_3721,m_1414,130189,app_442,started,800,800,3.13
c_3721,m_1414,162907,app_442,started,800,800,3.13
c_3721,m_1414,248725,app_442,started,800,800,3.13
c_3721,m_1414,340757,app_442,started,800,800,3.13
c_3722,m_3863,0,app_3755,started,400,400,1.56
c_3722,m_3863,284755,app_3755,started,400,400,1.56
c_3722,m_3863,379919,app_3755,started,400,400,1.56
c_3723,m_3744,0,app_7103,started,400,400,1.56
c_3723,m_3744,22063,app_7103,started,400,400,1.56
c_3723,m_3744,76982,app_7103,started,400,400,1.56
c_3723,m_3744,80130,app_7103,started,400,400,1.56
c_3723,m_3744,116846,app_7103,started,400,400,1.56
c_3723,m_3744,212413,app_7103,started,400,400,1.56
c_3723,m_3744,259533,app_7103,started,400,400,1.56
c_3723,m_3744,364310,app_7103,started,400,400,1.56
c_3723,m_3744,667566,app_7103,started,400,400,1.56
c_3724,m_2883,0,app_8988,started,800,800,3.13
c_3724,m_2883,31184,app_8988,started,800,800,3.13
c_3724,m_2883,126442,app_8988,started,800,800,3.13
c_3724,m_2883,279875,app_8988,started,800,800,3.13
c_3724,m_2883,375115,app_8988,started,800,800,3.13
c_3725,m_528,0,app_1977,started,400,400,1.56
c_3725,m_528,16379,app_1977,started,400,400,1.56
c_3725,m_528,110898,app_1977,started,400,400,1.56
c_3725,m_528,264245,app_1977,started,400,400,1.56
c_3725,m_528,355688,app_1977,started,400,400,1.56
c_3725,m_528,385449,app_1977,started,400,400,1.56
c_3726,m_2259,668281,app_7876,started,800,800,3.13
c_3727,m_2085,120249,app_779,started,400,400,1.56
c_3727,m_2085,275900,app_779,started,400,400,1.56
c_3727,m_2085,370657,app_779,started,400,400,1.56
c_3727,m_2085,676094,app_779,started,400,400,1.56
c_3728,m_766,0,app_6505,stopped,400,400,1.56
c_3728,m_766,289780,app_6505,stopped,400,400,1.56
c_3728,m_766,385337,app_6505,stopped,400,400,1.56
c_3729,m_1721,0,app_9363,started,800,800,3.13
c_3729,m_1721,22432,app_9363,started,800,800,3.13
c_3729,m_1721,117589,app_9363,started,800,800,3.13
c_3729,m_1721,269633,app_9363,started,800,800,3.13
c_3729,m_1721,430768,app_9363,started,800,800,3.13
c_3730,m_779,0,app_5366,started,800,800,3.13
c_3730,m_779,125906,app_5366,started,800,800,3.13
c_3730,m_779,130166,app_5366,started,800,800,3.13
c_3730,m_779,162874,app_5366,started,800,800,3.13
c_3730,m_779,286580,app_5366,started,800,800,3.13
c_3730,m_779,381874,app_5366,started,800,800,3.13
c_3731,m_578,0,app_3943,started,400,400,1.56
c_3731,m_578,27202,app_3943,started,400,400,1.56
c_3731,m_578,122190,app_3943,started,400,400,1.56
c_3731,m_578,275629,app_3943,started,400,400,1.56
c_3731,m_578,370360,app_3943,started,400,400,1.56
c_3732,m_4031,0,app_2791,started,400,400,1.56
c_3732,m_4031,290944,app_2791,started,400,400,1.56
c_3732,m_4031,386553,app_2791,started,400,400,1.56
c_3733,m_1461,423,app_7835,started,400,400,1.56
c_3733,m_1461,11858,app_7835,started,400,400,1.56
c_3733,m_1461,107118,app_7835,started,400,400,1.56
c_3733,m_1461,176424,app_7835,started,400,400,1.56
c_3733,m_1461,209580,app_7835,started,400,400,1.56
c_3733,m_1461,258883,app_7835,started,400,400,1.56
c_3733,m_1461,418299,app_7835,started,400,400,1.56
c_3734,m_3253,212343,app_1230,started,800,800,3.13
c_3735,m_2327,0,app_4817,started,400,400,1.56
c_3735,m_2327,31423,app_4817,started,400,400,1.56
c_3735,m_2327,38985,app_4817,started,400,400,1.56
c_3735,m_2327,125945,app_4817,started,400,400,1.56
c_3735,m_2327,127926,app_4817,started,400,400,1.56
c_3735,m_2327,130170,app_4817,started,400,400,1.56
c_3735,m_2327,162632,app_4817,started,400,400,1.56
c_3735,m_2327,278923,app_4817,started,400,400,1.56
c_3735,m_2327,443198,app_4817,started,400,400,1.56
c_3736,m_3918,0,app_4474,started,800,800,3.13
c_3736,m_3918,12871,app_4474,started,800,800,3.13
c_3736,m_3918,108168,app_4474,started,800,800,3.13
c_3736,m_3918,158048,app_4474,started,800,800,3.13
c_3736,m_3918,177449,app_4474,started,800,800,3.13
c_3736,m_3918,210619,app_4474,started,800,800,3.13
c_3736,m_3918,259992,app_4474,started,800,800,3.13
c_3736,m_3918,323193,app_4474,started,800,800,3.13
c_3737,m_2219,0,app_3680,started,400,400,1.56
c_3737,m_2219,16441,app_3680,started,400,400,1.56
c_3737,m_2219,110963,app_3680,started,400,400,1.56
c_3737,m_2219,264309,app_3680,started,400,400,1.56
c_3737,m_2219,355750,app_3680,started,400,400,1.56
c_3738,m_2059,0,app_6911,started,400,400,1.56
c_3738,m_2059,32597,app_6911,started,400,400,1.56
c_3738,m_2059,129188,app_6911,started,400,400,1.56
c_3738,m_2059,280114,app_6911,started,400,400,1.56
c_3738,m_2059,445273,app_6911,started,400,400,1.56
c_3739,m_3720,0,app_1596,started,400,480,1.56
c_3739,m_3720,284999,app_1596,started,400,480,1.56
c_3739,m_3720,315931,app_1596,started,400,480,1.56
c_3739,m_3720,574136,app_1596,started,400,480,1.56
c_3740,m_3763,0,app_5546,started,400,400,1.56
c_3740,m_3763,290951,app_5546,started,400,400,1.56
c_3740,m_3763,386560,app_5546,started,400,400,1.56
c_3741,m_1552,0,app_6217,started,400,400,1.56
c_3741,m_1552,14433,app_6217,started,400,400,1.56
c_3741,m_1552,109794,app_6217,started,400,400,1.56
c_3741,m_1552,261591,app_6217,started,400,400,1.56
c_3741,m_1552,385613,app_6217,started,400,400,1.56
c_3741,m_1552,654902,app_6217,started,400,400,1.56
c_3742,m_453,0,app_1032,started,400,400,1.56
c_3742,m_453,33219,app_1032,started,400,400,1.56
c_3742,m_453,129858,app_1032,started,400,400,1.56
c_3742,m_453,280737,app_1032,started,400,400,1.56
c_3742,m_453,446040,app_1032,started,400,400,1.56
c_3743,m_1445,0,app_1176,started,400,400,1.56
c_3743,m_1445,240029,app_1176,started,400,400,1.56
c_3743,m_1445,384513,app_1176,started,400,400,1.56
c_3744,m_2402,0,app_5652,started,400,400,1.56
c_3744,m_2402,32428,app_5652,started,400,400,1.56
c_3744,m_2402,127750,app_5652,started,400,400,1.56
c_3744,m_2402,281425,app_5652,started,400,400,1.56
c_3744,m_2402,376440,app_5652,started,400,400,1.56
c_3745,m_1399,0,app_1441,started,400,400,1.56
c_3745,m_1399,285826,app_1441,started,400,400,1.56
c_3745,m_1399,338920,app_1441,started,400,400,1.56
c_3746,m_536,0,app_3641,started,400,400,1.56
c_3746,m_536,15693,app_3641,started,400,400,1.56
c_3746,m_536,110195,app_3641,started,400,400,1.56
c_3746,m_536,263572,app_3641,started,400,400,1.56
c_3746,m_536,355041,app_3641,started,400,400,1.56
c_3747,m_567,0,app_728,started,400,400,1.56
c_3747,m_567,290990,app_728,started,400,400,1.56
c_3747,m_567,386597,app_728,started,400,400,1.56
c_3748,m_1737,0,app_4160,started,400,400,1.56
c_3748,m_1737,31247,app_4160,started,400,400,1.56
c_3748,m_1737,126505,app_4160,started,400,400,1.56
c_3749,m_55,0,app_7487,started,400,400,1.56
c_3749,m_55,8891,app_7487,started,400,400,1.56
c_3749,m_55,103960,app_7487,started,400,400,1.56
c_3749,m_55,173374,app_7487,started,400,400,1.56
c_3749,m_55,206503,app_7487,started,400,400,1.56
c_3749,m_55,255875,app_7487,started,400,400,1.56
c_3749,m_55,337521,app_7487,started,400,400,1.56
c_3749,m_55,637425,app_7487,started,400,400,1.56
c_3750,m_3317,593707,app_1676,started,400,400,1.56
c_3751,m_1566,0,app_2968,started,400,400,1.56
c_3751,m_1566,31207,app_2968,started,400,400,1.56
c_3751,m_1566,127690,app_2968,started,400,400,1.56
c_3751,m_1566,219145,app_2968,started,400,400,1.56
c_3751,m_1566,278708,app_2968,started,400,400,1.56
c_3751,m_1566,442868,app_2968,started,400,400,1.56
c_3752,m_3746,0,app_8266,started,400,400,1.56
c_3752,m_3746,26763,app_8266,started,400,400,1.56
c_3752,m_3746,122895,app_8266,started,400,400,1.56
c_3752,m_3746,274070,app_8266,started,400,400,1.56
c_3752,m_3746,401314,app_8266,started,400,400,1.56
c_3753,m_2949,0,app_2018,started,400,400,1.56
c_3753,m_2949,34007,app_2018,started,400,400,1.56
c_3753,m_2949,129403,app_2018,started,400,400,1.56
c_3753,m_2949,283100,app_2018,started,400,400,1.56
c_3753,m_2949,378217,app_2018,started,400,400,1.56
c_3754,m_1248,0,app_8197,started,400,400,1.56
c_3754,m_1248,26979,app_8197,started,400,400,1.56
c_3754,m_1248,123126,app_8197,started,400,400,1.56
c_3754,m_1248,274303,app_8197,started,400,400,1.56
c_3754,m_1248,435991,app_8197,started,400,400,1.56
c_3755,m_2710,0,app_3788,started,400,400,1.56
c_3755,m_2710,284190,app_3788,started,400,400,1.56
c_3755,m_2710,450470,app_3788,started,400,400,1.56
c_3756,m_200,0,app_4738,started,400,400,1.56
c_3756,m_200,32962,app_4738,started,400,400,1.56
c_3756,m_200,44440,app_4738,started,400,400,1.56
c_3756,m_200,129589,app_4738,started,400,400,1.56
c_3756,m_200,280486,app_4738,started,400,400,1.56
c_3756,m_200,445744,app_4738,started,400,400,1.56
c_3757,m_3042,0,app_5877,started,800,800,3.13
c_3757,m_3042,24141,app_5877,started,800,800,3.13
c_3757,m_3042,119924,app_5877,started,800,800,3.13
c_3757,m_3042,271366,app_5877,started,800,800,3.13
c_3757,m_3042,397674,app_5877,started,800,800,3.13
c_3757,m_3042,660628,app_5877,started,800,800,3.13
c_3758,m_3745,0,app_7709,started,400,400,1.56
c_3758,m_3745,19373,app_7709,started,400,400,1.56
c_3758,m_3745,115007,app_7709,started,400,400,1.56
c_3758,m_3745,212207,app_7709,started,400,400,1.56
c_3758,m_3745,266561,app_7709,started,400,400,1.56
c_3758,m_3745,322941,app_7709,started,400,400,1.56
c_3759,m_2853,0,app_7596,started,400,400,1.56
c_3759,m_2853,283854,app_7596,started,400,400,1.56
c_3759,m_2853,449966,app_7596,started,400,400,1.56
c_3760,m_2550,0,app_1528,started,400,400,1.56
c_3760,m_2550,22391,app_1528,started,400,400,1.56
c_3760,m_2550,117549,app_1528,started,400,400,1.56
c_3760,m_2550,243008,app_1528,started,400,400,1.56
c_3760,m_2550,430682,app_1528,started,400,400,1.56
c_3761,m_2378,0,app_3315,started,400,400,1.56
c_3761,m_2378,22456,app_3315,started,400,400,1.56
c_3761,m_2378,41558,app_3315,started,400,400,1.56
c_3761,m_2378,117259,app_3315,started,400,400,1.56
c_3761,m_2378,270654,app_3315,started,400,400,1.56
c_3761,m_2378,364752,app_3315,started,400,400,1.56
c_3762,m_347,596816,app_2989,started,400,400,1.56
c_3763,m_3678,0,app_4038,started,800,800,2.34
c_3763,m_3678,12760,app_4038,started,800,800,2.34
c_3763,m_3678,108053,app_4038,started,800,800,2.34
c_3763,m_3678,177335,app_4038,started,800,800,2.34
c_3763,m_3678,210498,app_4038,started,800,800,2.34
c_3763,m_3678,259875,app_4038,started,800,800,2.34
c_3763,m_3678,383159,app_4038,started,800,800,2.34
c_3764,m_2768,0,app_141,started,800,800,3.13
c_3764,m_2768,24212,app_141,started,800,800,3.13
c_3764,m_2768,120129,app_141,started,800,800,3.13
c_3764,m_2768,271434,app_141,started,800,800,3.13
c_3764,m_2768,347361,app_141,started,800,800,3.13
c_3765,m_3460,0,app_8803,started,400,480,1.56
c_3765,m_3460,51502,app_8803,started,400,480,1.56
c_3765,m_3460,290896,app_8803,started,400,480,1.56
c_3766,m_149,0,app_7606,started,400,400,1.56
c_3766,m_149,9838,app_7606,started,400,400,1.56
c_3766,m_149,104251,app_7606,started,400,400,1.56
c_3766,m_149,173228,app_7606,started,400,400,1.56
c_3766,m_149,206751,app_7606,started,400,400,1.56
c_3766,m_149,257580,app_7606,started,400,400,1.56
c_3766,m_149,347889,app_7606,started,400,400,1.56
c_3767,m_2444,0,app_2752,started,800,800,3.13
c_3767,m_2444,32697,app_2752,started,800,800,3.13
c_3767,m_2444,129304,app_2752,started,800,800,3.13
c_3767,m_2444,280226,app_2752,started,800,800,3.13
c_3767,m_2444,406839,app_2752,started,800,800,3.13
c_3768,m_1659,0,app_7416,started,400,400,1.56
c_3768,m_1659,9065,app_7416,started,400,400,1.56
c_3768,m_1659,104138,app_7416,started,400,400,1.56
c_3768,m_1659,173552,app_7416,started,400,400,1.56
c_3768,m_1659,206681,app_7416,started,400,400,1.56
c_3768,m_1659,256044,app_7416,started,400,400,1.56
c_3768,m_1659,415838,app_7416,started,400,400,1.56
c_3768,m_1659,637700,app_7416,started,400,400,1.56
c_3769,m_3896,0,app_2175,started,400,400,1.56
c_3769,m_3896,165310,app_2175,started,400,400,1.56
c_3770,m_3635,0,app_7980,started,400,400,1.56
c_3770,m_3635,27795,app_7980,started,400,400,1.56
c_3770,m_3635,122822,app_7980,started,400,400,1.56
c_3770,m_3635,158231,app_7980,started,400,400,1.56
c_3770,m_3635,276248,app_7980,started,400,400,1.56
c_3770,m_3635,371042,app_7980,started,400,400,1.56
c_3771,m_1066,231568,app_4989,started,400,400,1.56
c_3771,m_1066,276217,app_4989,started,400,400,1.56
c_3771,m_1066,371011,app_4989,started,400,400,1.56
c_3772,m_3429,0,app_6791,started,800,800,3.13
c_3772,m_3429,13828,app_6791,started,800,800,3.13
c_3772,m_3429,108347,app_6791,started,800,800,3.13
c_3772,m_3429,177034,app_6791,started,800,800,3.13
c_3772,m_3429,210649,app_6791,started,800,800,3.13
c_3772,m_3429,261757,app_6791,started,800,800,3.13
c_3772,m_3429,352322,app_6791,started,800,800,3.13
c_3773,m_2952,0,app_2125,started,400,400,1.56
c_3773,m_2952,9861,app_2125,started,400,400,1.56
c_3773,m_2952,104987,app_2125,started,400,400,1.56
c_3773,m_2952,174371,app_2125,started,400,400,1.56
c_3773,m_2952,207501,app_2125,started,400,400,1.56
c_3773,m_2952,256865,app_2125,started,400,400,1.56
c_3773,m_2952,340757,app_2125,started,400,400,1.56
c_3773,m_2952,594930,app_2125,started,400,400,1.56
c_3774,m_3075,0,app_1675,started,800,800,3.13
c_3774,m_3075,285036,app_1675,started,800,800,3.13
c_3774,m_3075,380243,app_1675,started,800,800,3.13
c_3775,m_557,0,app_711,started,400,400,1.56
c_3775,m_557,25497,app_711,started,400,400,1.56
c_3775,m_557,120396,app_711,started,400,400,1.56
c_3775,m_557,273840,app_711,started,400,400,1.56
c_3775,m_557,368364,app_711,started,400,400,1.56
c_3776,m_2896,0,app_6584,started,400,400,1.56
c_3776,m_2896,33566,app_6584,started,400,400,1.56
c_3776,m_2896,130218,app_6584,started,400,400,1.56
c_3776,m_2896,281112,app_6584,started,400,400,1.56
c_3776,m_2896,340684,app_6584,started,400,400,1.56
c_3776,m_2896,407891,app_6584,started,400,400,1.56
c_3777,m_2935,0,app_3371,started,400,400,1.56
c_3777,m_2935,290550,app_3371,started,400,400,1.56
c_3777,m_2935,386167,app_3371,started,400,400,1.56
c_3778,m_254,0,app_8727,started,800,800,3.13
c_3778,m_254,285408,app_8727,started,800,800,3.13
c_3778,m_254,413063,app_8727,started,800,800,3.13
c_3779,m_1630,0,app_2128,started,400,400,1.56
c_3779,m_1630,19421,app_2128,started,400,400,1.56
c_3779,m_1630,115057,app_2128,started,400,400,1.56
c_3779,m_1630,221519,app_2128,started,400,400,1.56
c_3779,m_1630,266612,app_2128,started,400,400,1.56
c_3779,m_1630,428379,app_2128,started,400,400,1.56
c_3779,m_1630,678036,app_2128,started,400,400,1.56
c_3780,m_3460,0,app_2454,started,400,480,1.56
c_3780,m_3460,51502,app_2454,started,400,480,1.56
c_3780,m_3460,290895,app_2454,started,400,480,1.56
c_3781,m_3751,0,app_8197,started,400,400,1.56
c_3781,m_3751,27074,app_8197,started,400,400,1.56
c_3781,m_3751,123224,app_8197,started,400,400,1.56
c_3781,m_3751,274397,app_8197,started,400,400,1.56
c_3781,m_3751,436188,app_8197,started,400,400,1.56
c_3782,m_3142,0,app_3988,started,400,400,1.56
c_3782,m_3142,9127,app_3988,started,400,400,1.56
c_3782,m_3142,53677,app_3988,started,400,400,1.56
c_3782,m_3142,104196,app_3988,started,400,400,1.56
c_3782,m_3142,126847,app_3988,started,400,400,1.56
c_3782,m_3142,173608,app_3988,started,400,400,1.56
c_3782,m_3142,206741,app_3988,started,400,400,1.56
c_3782,m_3142,212381,app_3988,started,400,400,1.56
c_3782,m_3142,256100,app_3988,started,400,400,1.56
c_3782,m_3142,415908,app_3988,started,400,400,1.56
c_3783,m_3309,0,app_2641,started,400,400,1.56
c_3783,m_3309,35525,app_2641,started,400,400,1.56
c_3783,m_3309,250272,app_2641,started,400,400,1.56
c_3783,m_3309,379870,app_2641,started,400,400,1.56
c_3784,m_3467,0,app_1222,started,400,480,1.56
c_3784,m_3467,30506,app_1222,started,400,480,1.56
c_3784,m_3467,125702,app_1222,started,400,480,1.56
c_3784,m_3467,279136,app_1222,started,400,480,1.56
c_3785,m_2962,581129,app_263,started,800,800,3.13
c_3785,m_2962,589119,app_263,started,800,800,3.13
c_3785,m_2962,594830,app_263,started,800,800,3.13
c_3786,m_999,0,app_1596,started,400,480,1.56
c_3786,m_999,32573,app_1596,started,400,480,1.56
c_3786,m_999,127897,app_1596,started,400,480,1.56
c_3786,m_999,281573,app_1596,started,400,480,1.56
c_3786,m_999,571900,app_1596,started,400,480,1.56
c_3786,m_999,580027,app_1596,started,400,480,1.56
c_3787,m_2899,0,app_5598,started,400,400,1.56
c_3787,m_2899,31055,app_5598,started,400,400,1.56
c_3787,m_2899,127537,app_5598,started,400,400,1.56
c_3787,m_2899,278559,app_5598,started,400,400,1.56
c_3787,m_2899,442581,app_5598,started,400,400,1.56
c_3788,m_826,0,app_7447,started,400,400,1.56
c_3788,m_826,8785,app_7447,started,400,400,1.56
c_3788,m_826,103163,app_7447,started,400,400,1.56
c_3788,m_826,172143,app_7447,started,400,400,1.56
c_3788,m_826,205676,app_7447,started,400,400,1.56
c_3788,m_826,256460,app_7447,started,400,400,1.56
c_3788,m_826,346705,app_7447,started,400,400,1.56
c_3789,m_1732,0,app_2497,started,400,400,1.56
c_3789,m_1732,12894,app_2497,started,400,400,1.56
c_3789,m_1732,44440,app_2497,started,400,400,1.56
c_3789,m_1732,108193,app_2497,started,400,400,1.56
c_3789,m_1732,177474,app_2497,started,400,400,1.56
c_3789,m_1732,210643,app_2497,started,400,400,1.56
c_3789,m_1732,260016,app_2497,started,400,400,1.56
c_3789,m_1732,318708,app_2497,started,400,400,1.56
c_3790,m_2656,0,app_9515,started,400,400,1.56
c_3790,m_2656,22459,app_9515,started,400,400,1.56
c_3790,m_2656,36779,app_9515,started,400,400,1.56
c_3790,m_2656,117263,app_9515,started,400,400,1.56
c_3790,m_2656,270657,app_9515,started,400,400,1.56
c_3790,m_2656,364754,app_9515,started,400,400,1.56
c_3791,m_3593,0,app_8056,started,800,800,3.13
c_3791,m_3593,12040,app_8056,started,800,800,3.13
c_3791,m_3593,107307,app_8056,started,800,800,3.13
c_3791,m_3593,176603,app_8056,started,800,800,3.13
c_3791,m_3593,209764,app_8056,started,800,800,3.13
c_3791,m_3593,259066,app_8056,started,800,800,3.13
c_3791,m_3593,418603,app_8056,started,800,800,3.13
c_3791,m_3593,660856,app_8056,started,800,800,3.13
c_3791,m_3593,678026,app_8056,started,800,800,3.13
c_3792,m_4026,0,app_1868,started,400,400,1.56
c_3792,m_4026,285201,app_1868,started,400,400,1.56
c_3792,m_4026,317233,app_1868,started,400,400,1.56
c_3793,m_3619,0,app_6012,started,400,400,1.56
c_3793,m_3619,25304,app_6012,started,400,400,1.56
c_3793,m_3619,121313,app_6012,started,400,400,1.56
c_3793,m_3619,272546,app_6012,started,400,400,1.56
c_3793,m_3619,432759,app_6012,started,400,400,1.56
c_3794,m_3476,0,app_284,started,400,400,1.56
c_3794,m_3476,22920,app_284,started,400,400,1.56
c_3794,m_3476,117736,app_284,started,400,400,1.56
c_3794,m_3476,271141,app_284,started,400,400,1.56
c_3794,m_3476,365264,app_284,started,400,400,1.56
c_3795,m_2360,0,app_8492,started,400,400,1.56
c_3795,m_2360,10974,app_8492,started,400,400,1.56
c_3795,m_2360,105446,app_8492,started,400,400,1.56
c_3795,m_2360,174349,app_8492,started,400,400,1.56
c_3795,m_2360,207890,app_8492,started,400,400,1.56
c_3795,m_2360,258799,app_8492,started,400,400,1.56
c_3795,m_2360,337550,app_8492,started,400,400,1.56
c_3796,m_2054,0,app_9652,started,400,400,1.56
c_3796,m_2054,9508,app_9652,started,400,400,1.56
c_3796,m_2054,104605,app_9652,started,400,400,1.56
c_3796,m_2054,173996,app_9652,started,400,400,1.56
c_3796,m_2054,207131,app_9652,started,400,400,1.56
c_3796,m_2054,256481,app_9652,started,400,400,1.56
c_3796,m_2054,416455,app_9652,started,400,400,1.56
c_3797,m_940,0,app_5751,started,400,400,1.56
c_3797,m_940,23315,app_5751,started,400,400,1.56
c_3797,m_940,118539,app_5751,started,400,400,1.56
c_3797,m_940,270517,app_5751,started,400,400,1.56
c_3797,m_940,317241,app_5751,started,400,400,1.56
c_3797,m_940,323776,app_5751,started,400,400,1.56
c_3798,m_1824,0,app_5633,started,400,400,1.56
c_3798,m_1824,16603,app_5633,started,400,400,1.56
c_3798,m_1824,111127,app_5633,started,400,400,1.56
c_3798,m_1824,264460,app_5633,started,400,400,1.56
c_3798,m_1824,355951,app_5633,started,400,400,1.56
c_3799,m_1970,0,app_7244,started,400,400,1.56
c_3799,m_1970,285454,app_7244,started,400,400,1.56
c_3799,m_1970,452010,app_7244,started,400,400,1.56
c_3800,m_1808,593420,app_498,started,400,400,1.56
c_3800,m_1808,594576,app_498,started,400,400,1.56
c_3800,m_1808,664774,app_498,started,400,400,1.56
c_3801,m_151,0,app_5652,started,400,400,1.56
c_3801,m_151,33943,app_5652,started,400,400,1.56
c_3801,m_151,227832,app_5652,started,400,400,1.56
c_3801,m_151,281488,app_5652,started,400,400,1.56
c_3801,m_151,447296,app_5652,started,400,400,1.56
c_3802,m_2974,0,app_2645,started,800,800,3.13
c_3802,m_2974,15008,app_2645,started,800,800,3.13
c_3802,m_2974,44440,app_2645,started,800,800,3.13
c_3802,m_2974,109514,app_2645,started,800,800,3.13
c_3802,m_2974,262873,app_2645,started,800,800,3.13
c_3802,m_2974,353930,app_2645,started,800,800,3.13
c_3802,m_2974,446958,app_2645,started,800,800,3.13
c_3802,m_2974,555913,app_2645,started,800,800,3.13
c_3802,m_2974,643068,app_2645,started,800,800,3.13
c_3803,m_34,332671,app_4142,started,800,800,6.25
c_3803,m_34,380849,app_4142,started,800,800,6.25
c_3804,m_967,0,app_9317,started,400,400,1.56
c_3804,m_967,35084,app_9317,started,400,400,1.56
c_3804,m_967,284222,app_9317,started,400,400,1.56
c_3804,m_967,337522,app_9317,started,400,400,1.56
c_3805,m_964,0,app_3514,started,400,400,1.56
c_3805,m_964,285446,app_3514,started,400,400,1.56
c_3805,m_964,380662,app_3514,started,400,400,1.56
c_3806,m_2866,0,app_4128,started,800,800,6.25
c_3806,m_2866,12923,app_4128,started,800,800,6.25
c_3806,m_2866,107403,app_4128,started,800,800,6.25
c_3806,m_2866,176179,app_4128,started,800,800,6.25
c_3806,m_2866,209791,app_4128,started,800,800,6.25
c_3806,m_2866,260848,app_4128,started,800,800,6.25
c_3806,m_2866,351258,app_4128,started,800,800,6.25
c_3807,m_1965,581105,app_263,started,800,800,3.13
c_3807,m_1965,588791,app_263,started,800,800,3.13
c_3807,m_1965,594534,app_263,started,800,800,3.13
c_3807,m_1965,664732,app_263,started,800,800,3.13
c_3808,m_3750,0,app_7050,started,400,400,1.56
c_3808,m_3750,30696,app_7050,started,400,400,1.56
c_3808,m_3750,127155,app_7050,started,400,400,1.56
c_3808,m_3750,278175,app_7050,started,400,400,1.56
c_3808,m_3750,441966,app_7050,started,400,400,1.56
c_3809,m_2146,0,app_1149,started,400,400,1.56
c_3809,m_2146,9157,app_1149,started,400,400,1.56
c_3809,m_2146,103538,app_1149,started,400,400,1.56
c_3809,m_2146,164043,app_1149,started,400,400,1.56
c_3809,m_2146,172500,app_1149,started,400,400,1.56
c_3809,m_2146,206067,app_1149,started,400,400,1.56
c_3809,m_2146,256854,app_1149,started,400,400,1.56
c_3809,m_2146,347118,app_1149,started,400,400,1.56
c_3809,m_2146,376420,app_1149,started,400,400,1.56
c_3810,m_488,0,app_9297,started,400,400,1.56
c_3810,m_488,290014,app_9297,started,400,400,1.56
c_3810,m_488,385590,app_9297,started,400,400,1.56
c_3811,m_3131,0,app_1295,started,400,400,1.95
c_3811,m_3131,24717,app_1295,started,400,400,1.95
c_3811,m_3131,120663,app_1295,started,400,400,1.95
c_3811,m_3131,150933,app_1295,started,400,400,1.95
c_3811,m_3131,271931,app_1295,started,400,400,1.95
c_3811,m_3131,398937,app_1295,started,400,400,1.95
c_3812,m_1887,0,app_6954,started,400,400,1.56
c_3812,m_1887,20221,app_6954,started,400,400,1.56
c_3812,m_1887,115913,app_6954,started,400,400,1.56
c_3812,m_1887,267854,app_6954,started,400,400,1.56
c_3812,m_1887,429464,app_6954,started,400,400,1.56
c_3813,m_1807,0,app_2742,started,400,400,1.56
c_3813,m_1807,25356,app_2742,started,400,400,1.56
c_3813,m_1807,51408,app_2742,started,400,400,1.56
c_3813,m_1807,120249,app_2742,started,400,400,1.56
c_3813,m_1807,246204,app_2742,started,400,400,1.56
c_3813,m_1807,368211,app_2742,started,400,400,1.56
c_3813,m_1807,678027,app_2742,started,400,400,1.56
c_3814,m_1739,0,app_8012,started,800,800,3.13
c_3814,m_1739,16219,app_8012,started,800,800,3.13
c_3814,m_1739,110728,app_8012,started,800,800,3.13
c_3814,m_1739,264078,app_8012,started,800,800,3.13
c_3814,m_1739,342211,app_8012,started,800,800,3.13
c_3814,m_1739,355556,app_8012,started,800,800,3.13
c_3814,m_1739,385295,app_8012,started,800,800,3.13
c_3814,m_1739,448320,app_8012,started,800,800,3.13
c_3814,m_1739,557534,app_8012,started,800,800,3.13
c_3815,m_456,0,app_9215,started,400,480,1.56
c_3815,m_456,23894,app_9215,started,400,480,1.56
c_3815,m_456,118757,app_9215,started,400,480,1.56
c_3815,m_456,272161,app_9215,started,400,480,1.56
c_3815,m_456,366488,app_9215,started,400,480,1.56
c_3816,m_1326,0,app_2362,started,800,800,6.25
c_3816,m_1326,26813,app_2362,started,800,800,6.25
c_3816,m_1326,125903,app_2362,started,800,800,6.25
c_3816,m_1326,129529,app_2362,started,800,800,6.25
c_3816,m_1326,129990,app_2362,started,800,800,6.25
c_3816,m_1326,162854,app_2362,started,800,800,6.25
c_3816,m_1326,274128,app_2362,started,800,800,6.25
c_3816,m_1326,435697,app_2362,started,800,800,6.25
c_3817,m_3096,0,app_7983,started,400,400,1.56
c_3817,m_3096,32150,app_7983,started,400,400,1.56
c_3817,m_3096,128709,app_7983,started,400,400,1.56
c_3817,m_3096,219550,app_7983,started,400,400,1.56
c_3817,m_3096,279646,app_7983,started,400,400,1.56
c_3817,m_3096,444432,app_7983,started,400,400,1.56
c_3818,m_1568,0,app_5765,started,400,400,1.56
c_3818,m_1568,12812,app_5765,started,400,400,1.56
c_3818,m_1568,108107,app_5765,started,400,400,1.56
c_3818,m_1568,177387,app_5765,started,400,400,1.56
c_3818,m_1568,210552,app_5765,started,400,400,1.56
c_3818,m_1568,259932,app_5765,started,400,400,1.56
c_3818,m_1568,383264,app_5765,started,400,400,1.56
c_3819,m_1088,0,app_1028,started,400,480,1.56
c_3819,m_1088,23260,app_1028,started,400,480,1.56
c_3819,m_1088,118476,app_1028,started,400,480,1.56
c_3819,m_1088,249312,app_1028,started,400,480,1.56
c_3820,m_2156,0,app_2497,started,400,400,1.56
c_3820,m_2156,11564,app_2497,started,400,400,1.56
c_3820,m_2156,106806,app_2497,started,400,400,1.56
c_3820,m_2156,176112,app_2497,started,400,400,1.56
c_3820,m_2156,209276,app_2497,started,400,400,1.56
c_3820,m_2156,258582,app_2497,started,400,400,1.56
c_3820,m_2156,382126,app_2497,started,400,400,1.56
c_3821,m_3506,0,app_2941,started,400,400,1.56
c_3821,m_3506,15185,app_2941,started,400,400,1.56
c_3821,m_3506,109683,app_2941,started,400,400,1.56
c_3821,m_3506,263057,app_2941,started,400,400,1.56
c_3821,m_3506,354310,app_2941,started,400,400,1.56
c_3821,m_3506,447083,app_2941,started,400,400,1.56
c_3821,m_3506,556147,app_2941,started,400,400,1.56
c_3822,m_3467,0,app_3,started,400,480,1.56
c_3822,m_3467,30506,app_3,started,400,480,1.56
c_3822,m_3467,125702,app_3,started,400,480,1.56
c_3822,m_3467,279136,app_3,started,400,480,1.56
c_3823,m_2575,0,app_392,started,400,400,1.56
c_3823,m_2575,11305,app_392,started,400,400,1.56
c_3823,m_2575,105784,app_392,started,400,400,1.56
c_3823,m_2575,174670,app_392,started,400,400,1.56
c_3823,m_2575,208214,app_392,started,400,400,1.56
c_3823,m_2575,259137,app_392,started,400,400,1.56
c_3823,m_2575,349462,app_392,started,400,400,1.56
c_3824,m_361,0,app_6223,started,400,480,1.56
c_3824,m_361,9749,app_6223,started,400,480,1.56
c_3824,m_361,104158,app_6223,started,400,480,1.56
c_3824,m_361,173139,app_6223,started,400,480,1.56
c_3824,m_361,206659,app_6223,started,400,480,1.56
c_3824,m_361,257483,app_6223,started,400,480,1.56
c_3825,m_2540,0,app_6472,started,400,400,1.56
c_3825,m_2540,30723,app_6472,started,400,400,1.56
c_3826,m_2684,0,app_888,started,800,800,3.13
c_3826,m_2684,29354,app_888,started,800,800,3.13
c_3826,m_2684,125678,app_888,started,800,800,3.13
c_3826,m_2684,276754,app_888,started,800,800,3.13
c_3826,m_2684,404546,app_888,started,800,800,3.13
c_3827,m_2100,0,app_1941,started,400,400,1.56
c_3827,m_2100,12558,app_1941,started,400,400,1.56
c_3827,m_2100,44436,app_1941,started,400,400,1.56
c_3827,m_2100,107032,app_1941,started,400,400,1.56
c_3827,m_2100,175826,app_1941,started,400,400,1.56
c_3827,m_2100,209441,app_1941,started,400,400,1.56
c_3827,m_2100,260472,app_1941,started,400,400,1.56
c_3827,m_2100,350856,app_1941,started,400,400,1.56
c_3828,m_2210,0,app_1797,started,800,800,3.13
c_3828,m_2210,21493,app_1797,started,800,800,3.13
c_3828,m_2210,116582,app_1797,started,800,800,3.13
c_3828,m_2210,268675,app_1797,started,800,800,3.13
c_3829,m_1943,337733,app_7048,started,400,400,1.56
c_3830,m_1893,0,app_5763,started,400,400,1.56
c_3830,m_1893,14310,app_5763,started,400,400,1.56
c_3830,m_1893,109668,app_5763,started,400,400,1.56
c_3830,m_1893,261447,app_5763,started,400,400,1.56
c_3830,m_1893,385423,app_5763,started,400,400,1.56
c_3831,m_775,0,app_7092,started,400,400,1.56
c_3831,m_775,285388,app_7092,started,400,400,1.56
c_3831,m_775,380603,app_7092,started,400,400,1.56
c_3832,m_3758,0,app_6496,started,3200,3200,25
c_3832,m_3758,27274,app_6496,started,3200,3200,25
c_3832,m_3758,66111,app_6496,started,3200,3200,25
c_3832,m_3758,122266,app_6496,started,3200,3200,25
c_3832,m_3758,275710,app_6496,started,3200,3200,25
c_3832,m_3758,323782,app_6496,started,3200,3200,25
c_3833,m_1044,0,app_3934,started,400,400,1.56
c_3833,m_1044,23413,app_3934,started,400,400,1.56
c_3833,m_1044,118640,app_3934,started,400,400,1.56
c_3833,m_1044,270615,app_3934,started,400,400,1.56
c_3833,m_1044,431549,app_3934,started,400,400,1.56
c_3834,m_1628,0,app_8779,started,400,400,1.56
c_3834,m_1628,28951,app_8779,started,400,400,1.56
c_3834,m_1628,125232,app_8779,started,400,400,1.56
c_3834,m_1628,250267,app_8779,started,400,400,1.56
c_3834,m_1628,439141,app_8779,started,400,400,1.56
c_3835,m_3660,0,app_552,started,800,800,3.13
c_3835,m_3660,12422,app_552,started,800,800,3.13
c_3835,m_3660,106895,app_552,started,800,800,3.13
c_3835,m_3660,175697,app_552,started,800,800,3.13
c_3835,m_3660,209310,app_552,started,800,800,3.13
c_3835,m_3660,260333,app_552,started,800,800,3.13
c_3835,m_3660,350719,app_552,started,800,800,3.13
c_3835,m_3660,639689,app_552,started,800,800,3.13
c_3836,m_3950,644652,app_7507,started,400,400,1.56
c_3837,m_1292,0,app_4619,started,800,800,3.13
c_3837,m_1292,12158,app_4619,started,800,800,3.13
c_3837,m_1292,107429,app_4619,started,800,800,3.13
c_3837,m_1292,176723,app_4619,started,800,800,3.13
c_3837,m_1292,209879,app_4619,started,800,800,3.13
c_3837,m_1292,259189,app_4619,started,800,800,3.13
c_3838,m_3639,0,app_5099,started,400,400,1.56
c_3838,m_3639,290842,app_5099,started,400,400,1.56
c_3838,m_3639,386446,app_5099,started,400,400,1.56
c_3838,m_3639,555850,app_5099,started,400,400,1.56
c_3839,m_132,0,app_1276,started,400,400,1.56
c_3839,m_132,32240,app_1276,started,400,400,1.56
c_3839,m_132,128803,app_1276,started,400,400,1.56
c_3839,m_132,279748,app_1276,started,400,400,1.56
c_3839,m_132,342032,app_1276,started,400,400,1.56
c_3840,m_2084,0,app_3521,started,400,400,1.56
c_3840,m_2084,7309,app_3521,started,400,400,1.56
c_3840,m_2084,75106,app_3521,started,400,400,1.56
c_3840,m_2084,102281,app_3521,started,400,400,1.56
c_3840,m_2084,171707,app_3521,started,400,400,1.56
c_3840,m_2084,204831,app_3521,started,400,400,1.56
c_3840,m_2084,254208,app_3521,started,400,400,1.56
c_3840,m_2084,317225,app_3521,started,400,400,1.56
c_3841,m_2930,0,app_1872,started,400,400,1.56
c_3841,m_2930,23030,app_1872,started,400,400,1.56
c_3841,m_2930,117846,app_1872,started,400,400,1.56
c_3841,m_2930,250508,app_1872,started,400,400,1.56
c_3841,m_2930,365388,app_1872,started,400,400,1.56
c_3842,m_3917,0,app_2341,started,400,400,1.56
c_3842,m_3917,23464,app_2341,started,400,400,1.56
c_3842,m_3917,118694,app_2341,started,400,400,1.56
c_3842,m_3917,166932,app_2341,started,400,400,1.56
c_3842,m_3917,270668,app_2341,started,400,400,1.56
c_3842,m_3917,431617,app_2341,started,400,400,1.56
c_3843,m_1695,0,app_4393,started,400,480,1.56
c_3843,m_1695,25031,app_4393,started,400,480,1.56
c_3843,m_1695,58008,app_4393,started,400,480,1.56
c_3843,m_1695,121019,app_4393,started,400,480,1.56
c_3843,m_1695,272252,app_4393,started,400,480,1.56
c_3844,m_2061,0,app_5788,started,400,400,1.56
c_3844,m_2061,26933,app_5788,started,400,400,1.56
c_3844,m_2061,123078,app_5788,started,400,400,1.56
c_3844,m_2061,274259,app_5788,started,400,400,1.56
c_3844,m_2061,435927,app_5788,started,400,400,1.56
c_3845,m_3185,0,app_7281,started,400,400,1.56
c_3845,m_3185,9502,app_7281,started,400,400,1.56
c_3845,m_3185,104599,app_7281,started,400,400,1.56
c_3845,m_3185,173991,app_7281,started,400,400,1.56
c_3845,m_3185,207124,app_7281,started,400,400,1.56
c_3845,m_3185,256476,app_7281,started,400,400,1.56
c_3845,m_3185,416444,app_7281,started,400,400,1.56
c_3846,m_2515,298689,app_9490,started,400,400,1.56
c_3846,m_2515,298997,app_9490,started,400,400,1.56
c_3846,m_2515,381813,app_9490,started,400,400,1.56
c_3847,m_1573,0,app_7260,started,400,400,1.56
c_3847,m_1573,9578,app_7260,started,400,400,1.56
c_3847,m_1573,104683,app_7260,started,400,400,1.56
c_3847,m_1573,174076,app_7260,started,400,400,1.56
c_3847,m_1573,207202,app_7260,started,400,400,1.56
c_3847,m_1573,253449,app_7260,started,400,400,1.56
c_3847,m_1573,338286,app_7260,started,400,400,1.56
c_3847,m_1573,647089,app_7260,started,400,400,1.56
c_3848,m_3726,337757,app_8205,started,400,400,1.56
c_3849,m_2952,0,app_943,started,400,400,1.56
c_3849,m_2952,9861,app_943,started,400,400,1.56
c_3849,m_2952,104987,app_943,started,400,400,1.56
c_3849,m_2952,174371,app_943,started,400,400,1.56
c_3849,m_2952,207501,app_943,started,400,400,1.56
c_3849,m_2952,256865,app_943,started,400,400,1.56
c_3849,m_2952,340757,app_943,started,400,400,1.56
c_3849,m_2952,594931,app_943,started,400,400,1.56
c_3850,m_2871,0,app_1215,started,400,400,1.56
c_3850,m_2871,9274,app_1215,started,400,400,1.56
c_3850,m_2871,104345,app_1215,started,400,400,1.56
c_3850,m_2871,173758,app_1215,started,400,400,1.56
c_3850,m_2871,206885,app_1215,started,400,400,1.56
c_3850,m_2871,250811,app_1215,started,400,400,1.56
c_3850,m_2871,323285,app_1215,started,400,400,1.56
c_3851,m_2597,0,app_3026,started,400,400,1.56
c_3851,m_2597,286032,app_3026,started,400,400,1.56
c_3851,m_2597,381312,app_3026,started,400,400,1.56
c_3852,m_2183,0,app_5968,started,400,400,1.56
c_3852,m_2183,14209,app_5968,started,400,400,1.56
c_3852,m_2183,108758,app_5968,started,400,400,1.56
c_3852,m_2183,177413,app_5968,started,400,400,1.56
c_3852,m_2183,262142,app_5968,started,400,400,1.56
c_3852,m_2183,352767,app_5968,started,400,400,1.56
c_3853,m_3692,0,app_7173,started,400,400,1.56
c_3853,m_3692,8050,app_7173,started,400,400,1.56
c_3853,m_3692,103065,app_7173,started,400,400,1.56
c_3853,m_3692,172465,app_7173,started,400,400,1.56
c_3853,m_3692,205635,app_7173,started,400,400,1.56
c_3853,m_3692,254991,app_7173,started,400,400,1.56
c_3853,m_3692,317242,app_7173,started,400,400,1.56
c_3854,m_77,162845,app_5805,started,800,800,6.25
c_3854,m_77,289264,app_5805,started,800,800,6.25
c_3854,m_77,339716,app_5805,started,800,800,6.25
c_3855,m_1970,0,app_2115,started,800,800,1.56
c_3855,m_1970,285454,app_2115,started,800,800,1.56
c_3855,m_1970,452010,app_2115,started,800,800,1.56
c_3856,m_2777,0,app_7516,started,400,400,1.56
c_3856,m_2777,28845,app_7516,started,400,400,1.56
c_3856,m_2777,125122,app_7516,started,400,400,1.56
c_3856,m_2777,276186,app_7516,started,400,400,1.56
c_3856,m_2777,438924,app_7516,started,400,400,1.56
c_3857,m_3304,0,app_7387,started,800,800,3.13
c_3857,m_3304,10883,app_7387,started,800,800,3.13
c_3857,m_3304,106088,app_7387,started,800,800,3.13
c_3857,m_3304,158063,app_7387,started,800,800,3.13
c_3857,m_3304,175413,app_7387,started,800,800,3.13
c_3857,m_3304,208574,app_7387,started,800,800,3.13
c_3857,m_3304,248607,app_7387,started,800,800,3.13
c_3857,m_3304,324084,app_7387,started,800,800,3.13
c_3858,m_2581,0,app_4412,started,400,480,1.56
c_3858,m_2581,23242,app_4412,started,400,480,1.56
c_3858,m_2581,118457,app_4412,started,400,480,1.56
c_3858,m_2581,165350,app_4412,started,400,480,1.56
c_3858,m_2581,270443,app_4412,started,400,480,1.56
c_3859,m_2211,0,app_3514,started,400,400,1.56
c_3859,m_2211,32232,app_3514,started,400,400,1.56
c_3859,m_2211,127539,app_3514,started,400,400,1.56
c_3859,m_2211,158063,app_3514,started,400,400,1.56
c_3859,m_2211,248665,app_3514,started,400,400,1.56
c_3859,m_2211,281219,app_3514,started,400,400,1.56
c_3859,m_2211,321946,app_3514,started,400,400,1.56
c_3859,m_2211,596286,app_3514,started,400,400,1.56
c_3860,m_1893,0,app_4606,started,400,400,1.56
c_3860,m_1893,14310,app_4606,started,400,400,1.56
c_3860,m_1893,109668,app_4606,started,400,400,1.56
c_3860,m_1893,261447,app_4606,started,400,400,1.56
c_3860,m_1893,385423,app_4606,started,400,400,1.56
c_3861,m_1330,0,app_5603,started,400,400,1.56
