timestamp,hour_of_day,day_of_week,is_weekend,service_type,active_users,previous_hour_cpu,network_utilization,memory_usage,cpu_load,svc_Compute,svc_Database,svc_Media,svc_Web,,,,,,,,,,,,,
01-01-2024 00:00,0,0,0,Web,244,25,5.725048793,9.175679598,7.263382136,0,0,0,1,,,,,,,,,,,,,
01-01-2024 00:00,0,0,0,Database,57,35,1,9.546971871,10.63012972,0,1,0,0,,,,,,,,,,,,,
01-01-2024 00:00,0,0,0,Media,212,30,5.422297494,11.93333103,9.900869562,0,0,1,0,,,,,,,,,,,,,
01-01-2024 00:00,0,0,0,Compute,218,40,1,18.8658373,19.99505875,1,0,0,0,,,,,,,,,,,,,
01-01-2024 01:00,1,0,0,Web,229,7.263382136,1,5.799619277,2.689197731,0,0,0,1,,,,,,,,,,,,,
01-01-2024 01:00,1,0,0,Database,185,10.63012972,1,9.875197581,5.864743796,0,1,0,0,,,,,,,,,,,,,
01-01-2024 01:00,1,0,0,Media,165,9.900869562,1.827220322,7.16023097,5.918816739,0,0,1,0,,,,,,,,,,,,,
01-01-2024 01:00,1,0,0,Compute,233,19.99505875,1,19.01413395,12.2912277,1,0,0,0,,,,,,,,,,,,,
01-01-2024 02:00,2,0,0,Web,179,2.689197731,6.667086675,4.473586037,2.364315702,0,0,0,timestamp,hour_of_day,day_of_week,is_weekend,service_type,active_users,previous_hour_cpu,network_utilization,memory_usage,cpu_load,svc_Compute,svc_Database,svc_Media,svc_Web
01-01-2024 02:00,2,0,0,Database,204,5.864743796,3.764076545,1,4.732384754,0,1,0,0,,,,,,,,,,,,,
01-01-2024 02:00,2,0,0,Media,273,5.918816739,2.694144432,4.196754255,8.069168335,0,0,1,0,,,,,,,,,,,,,
01-01-2024 02:00,2,0,0,Compute,222,12.2912277,1.799461218,12.27659178,10.34220784,1,0,0,0,,,,,,,,,,,,,
01-01-2024 03:00,3,0,0,Web,334,2.364315702,7.175679016,6.299853385,6.051030341,0,0,0,1,,,,,,,,,,,,,
01-01-2024 03:00,3,0,0,Database,137,4.732384754,1,4.565064448,7.58418243,0,1,0,0,,,,,,,,,,,,,
01-01-2024 03:00,3,0,0,Media,231,8.069168335,10.8702486,7.425832644,12.81077307,0,0,1,0,,,,,,,,,,,,,
01-01-2024 03:00,3,0,0,Compute,118,10.34220784,5.610603581,9.144585922,9.992439602,1,0,0,0,,,,,,,,,,,,,
01-01-2024 04:00,4,0,0,Web,432,6.051030341,6.475037601,7.902270513,10.937848,0,0,0,1,,,,,,,,,,,,,
01-01-2024 04:00,4,0,0,Database,385,7.58418243,1,4.404675411,11.18520083,0,1,0,0,,,,,,,,,,,,,
01-01-2024 04:00,4,0,0,Media,243,12.81077307,16.63262162,11.7457018,13.14823395,0,0,1,0,,,,,,,,,,,,,
01-01-2024 04:00,4,0,0,Compute,282,9.992439602,4.311131678,14.61129745,14.24580691,1,0,0,0,,,,,,,,,,,,,
01-01-2024 05:00,5,0,0,Web,536,10.937848,13.09131053,7.152916165,10.12368418,0,0,0,1,,,,,,,,,,,,,
01-01-2024 05:00,5,0,0,Database,304,11.18520083,7.562470594,12.89727564,17.38221765,0,1,0,0,,,,,,,,,,,,,
01-01-2024 05:00,5,0,0,Media,438,13.14823395,22.00757258,16.15669465,15.87665202,0,0,1,0,,,,,,,,,,,,,
01-01-2024 05:00,5,0,0,Compute,366,14.24580691,2.764437638,8.824614795,18.3222971,1,0,0,0,,,,,,,,,,,,,
01-01-2024 06:00,6,0,0,Web,538,10.12368418,17.70803337,11.48244327,11.6274663,0,0,0,1,,,,,,,,,,,,,
01-01-2024 06:00,6,0,0,Database,466,17.38221765,14.80529217,19.96675756,25.16683935,0,1,0,0,,,,,,,,,,,,,
01-01-2024 06:00,6,0,0,Media,421,15.87665202,31.65797759,11.37988602,17.85879322,0,0,1,0,,,,,,,,,,,,,
01-01-2024 06:00,6,0,0,Compute,563,18.3222971,16.01229711,17.66658424,18.73987019,1,0,0,0,,,,,,,,,,,,,
01-01-2024 07:00,7,0,0,Web,752,11.6274663,27.35253645,11.82190709,13.56869301,0,0,0,1,,,,,,,,,,,,,
01-01-2024 07:00,7,0,0,Database,618,25.16683935,13.80322186,29.6607919,27.35726627,0,1,0,0,,,,,,,,,,,,,
01-01-2024 07:00,7,0,0,Media,518,17.85879322,51.79593788,20.43213316,23.00252521,0,0,1,0,,,,,,,,,,,,,
01-01-2024 07:00,7,0,0,Compute,666,18.73987019,14.05618473,31.14545518,29.75558073,1,0,0,0,,,,,,,,,,,,,
01-01-2024 08:00,8,0,0,Web,904,13.56869301,30.88114062,14.18629652,18.52415969,0,0,0,1,,,,,,,,,,,,,
01-01-2024 08:00,8,0,0,Database,754,27.35726627,13.80439027,20.67846599,31.24904844,0,1,0,0,,,,,,,,,,,,,
01-01-2024 08:00,8,0,0,Media,728,23.00252521,71.21616936,33.28213146,29.75906812,0,0,1,0,,,,,,,,,,,,,
01-01-2024 08:00,8,0,0,Compute,736,29.75558073,26.51493821,19.63148497,33.12902363,1,0,0,0,,,,,,,,,,,,,
01-01-2024 09:00,9,0,0,Web,1034,18.52415969,44.29604557,17.96008572,24.00996814,0,0,0,1,,,,,,,,,,,,,
01-01-2024 09:00,9,0,0,Database,885,31.24904844,17.32173124,30.95010729,37.15840781,0,1,0,0,,,,,,,,,,,,,
01-01-2024 09:00,9,0,0,Media,666,29.75906812,76.33964957,25.9060866,30.7308433,0,0,1,0,,,,,,,,,,,,,
01-01-2024 09:00,9,0,0,Compute,810,33.12902363,24.07528117,35.59872088,44.23047444,1,0,0,0,,,,,,,,,,,,,
01-01-2024 10:00,10,0,0,Web,1147,24.00996814,47.10627004,31.27837929,26.78176513,0,0,0,1,,,,,,,,,,,,,
01-01-2024 10:00,10,0,0,Database,949,37.15840781,27.53135655,36.63638144,38.71775222,0,1,0,0,,,,,,,,,,,,,
01-01-2024 10:00,10,0,0,Media,870,30.7308433,79.05016616,27.22125929,35.10636479,0,0,1,0,,,,,,,,,,,,,
01-01-2024 10:00,10,0,0,Compute,846,44.23047444,35.00507521,32.38066458,44.10872338,1,0,0,0,,,,,,,,,,,,,
01-01-2024 11:00,11,0,0,Web,1445,26.78176513,57.40989281,26.65591832,31.91820192,0,0,0,1,,,,,,,,,,,,,
01-01-2024 11:00,11,0,0,Database,1050,38.71775222,33.52182461,36.5871539,44.97748567,0,1,0,0,,,,,,,,,,,,,
01-01-2024 11:00,11,0,0,Media,980,35.10636479,77.84879801,37.34685956,43.07520213,0,0,1,0,,,,,,,,,,,,,
01-01-2024 11:00,11,0,0,Compute,836,44.10872338,36.42291201,54.12782151,55.56842191,1,0,0,0,,,,,,,,,,,,,
01-01-2024 12:00,12,0,0,Web,1348,31.91820192,54.50413969,28.06778384,38.2305489,0,0,0,1,,,,,,,,,,,,,
01-01-2024 12:00,12,0,0,Database,1037,44.97748567,28.6716729,39.31231717,46.27388781,0,1,0,0,,,,,,,,,,,,,
01-01-2024 12:00,12,0,0,Media,1013,43.07520213,91.68635615,39.48889768,46.03124477,0,0,1,0,,,,,,,,,,,,,
01-01-2024 12:00,12,0,0,Compute,822,55.56842191,33.22445122,43.48980179,55.13261514,1,0,0,0,,,,,,,,,,,,,
01-01-2024 13:00,13,0,0,Web,1329,38.2305489,53.36803641,33.24808704,34.8052669,0,0,0,1,,,,,,,,,,,,,
01-01-2024 13:00,13,0,0,Database,1002,46.27388781,35.01378913,38.52537673,46.86596365,0,1,0,0,,,,,,,,,,,,,
01-01-2024 13:00,13,0,0,Media,1043,46.03124477,86.52028694,39.34898197,47.02000551,0,0,1,0,,,,,,,,,,,,,
01-01-2024 13:00,13,0,0,Compute,982,55.13261514,34.57805964,48.74034097,56.51064416,1,0,0,0,,,,,,,,,,,,,
01-01-2024 14:00,14,0,0,Web,1386,34.8052669,68.36199785,40.03466332,35.25266726,0,0,0,1,,,,,,,,,,,,,
01-01-2024 14:00,14,0,0,Database,918,46.86596365,26.53535232,34.1537537,47.06767259,0,1,0,0,,,,,,,,,,,,,
01-01-2024 14:00,14,0,0,Media,1011,47.02000551,85.19592998,36.53434141,46.4125609,0,0,1,0,,,,,,,,,,,,,
01-01-2024 14:00,14,0,0,Compute,814,56.51064416,36.67131939,42.52272128,55.02632815,1,0,0,0,,,,,,,,,,,,,
01-01-2024 15:00,15,0,0,Web,1249,35.25266726,48.64553589,21.25127664,33.27316495,0,0,0,1,,,,,,,,,,,,,
01-01-2024 15:00,15,0,0,Database,1116,47.06767259,37.1749487,31.77572562,42.54455051,0,1,0,0,,,,,,,,,,,,,
01-01-2024 15:00,15,0,0,Media,1178,46.4125609,85.67892093,30.63981997,37.77978329,0,0,1,0,,,,,,,,,,,,,
01-01-2024 15:00,15,0,0,Compute,1084,55.02632815,41.20719596,41.84568648,50.38446807,1,0,0,0,,,,,,,,,,,,,
01-01-2024 16:00,16,0,0,Web,1259,33.27316495,44.33872439,25.08776631,30.14477431,0,0,0,1,,,,,,,,,,,,,
01-01-2024 16:00,16,0,0,Database,863,42.54455051,22.82996562,36.60650048,41.97390696,0,1,0,0,,,,,,,,,,,,,
01-01-2024 16:00,16,0,0,Media,920,37.77978329,78.5785872,34.64639691,40.02903482,0,0,1,0,,,,,,,,,,,,,
01-01-2024 16:00,16,0,0,Compute,887,50.38446807,35.72460693,39.03941629,49.32429226,1,0,0,0,,,,,,,,,,,,,
01-01-2024 17:00,17,0,0,Web,1092,30.14477431,46.92923276,35.56801334,34.4406985,0,0,0,1,,,,,,,,,,,,,
01-01-2024 17:00,17,0,0,Database,738,41.97390696,23.81374613,35.39112779,36.03124232,0,1,0,0,,,,,,,,,,,,,
01-01-2024 17:00,17,0,0,Media,838,40.02903482,69.77210169,28.80472956,29.52350074,0,0,1,0,,,,,,,,,,,,,
01-01-2024 17:00,17,0,0,Compute,711,49.32429226,30.26233399,38.38389266,43.91649864,1,0,0,0,,,,,,,,,,,,,
01-01-2024 18:00,18,0,0,Web,931,34.4406985,38.52738391,21.27180095,26.21142408,0,0,0,1,,,,,,,,,,,,,
01-01-2024 18:00,18,0,0,Database,821,36.03124232,19.76484778,21.47919888,26.38423522,0,1,0,0,,,,,,,,,,,,,
01-01-2024 18:00,18,0,0,Media,727,29.52350074,58.28683445,16.56842314,27.75918855,0,0,1,0,,,,,,,,,,,,,
01-01-2024 18:00,18,0,0,Compute,841,43.91649864,23.53375479,33.23615282,35.03628326,1,0,0,0,,,,,,,,,,,,,
01-01-2024 19:00,19,0,0,Web,795,26.21142408,36.50022297,14.29721173,18.39416049,0,0,0,1,,,,,,,,,,,,,
01-01-2024 19:00,19,0,0,Database,646,26.38423522,17.19543339,32.58369213,32.79299362,0,1,0,0,,,,,,,,,,,,,
01-01-2024 19:00,19,0,0,Media,739,27.75918855,43.51714523,25.63021283,26.25677661,0,0,1,0,,,,,,,,,,,,,
01-01-2024 19:00,19,0,0,Compute,605,35.03628326,14.10848188,30.02511518,30.66679934,1,0,0,0,,,,,,,,,,,,,
01-01-2024 20:00,20,0,0,Web,707,18.39416049,25.98977359,18.38263016,16.11487269,0,0,0,1,,,,,,,,,,,,,
01-01-2024 20:00,20,0,0,Database,642,32.79299362,10.78294846,16.92888562,27.31417252,0,1,0,0,,,,,,,,,,,,,
01-01-2024 20:00,20,0,0,Media,402,26.25677661,36.54081202,22.63291662,19.51529752,0,0,1,0,,,,,,,,,,,,,
01-01-2024 20:00,20,0,0,Compute,440,30.66679934,8.740818351,20.50291256,23.96680492,1,0,0,0,,,,,,,,,,,,,
01-01-2024 21:00,21,0,0,Web,446,16.11487269,18.04380736,16.81003274,14.33974659,0,0,0,1,,,,,,,,,,,,,
01-01-2024 21:00,21,0,0,Database,216,27.31417252,9.569451427,18.02478111,20.86664332,0,1,0,0,,,,,,,,,,,,,
01-01-2024 21:00,21,0,0,Media,529,19.51529752,25.45453161,6.083829416,9.939109549,0,0,1,0,,,,,,,,,,,,,
01-01-2024 21:00,21,0,0,Compute,273,23.96680492,14.23291993,23.08004257,25.41954838,1,0,0,0,,,,,,,,,,,,,
01-01-2024 22:00,22,0,0,Web,330,14.33974659,9.951186665,15.38447119,13.07127643,0,0,0,1,,,,,,,,,,,,,
01-01-2024 22:00,22,0,0,Database,335,20.86664332,3.655754881,10.05376387,15.89075874,0,1,0,0,,,,,,,,,,,,,
01-01-2024 22:00,22,0,0,Media,304,9.939109549,7.887514437,14.27496181,12.08901743,0,0,1,0,,,,,,,,,,,,,
01-01-2024 22:00,22,0,0,Compute,307,25.41954838,1.74661429,15.78627901,22.07133168,1,0,0,0,,,,,,,,,,,,,
01-01-2024 23:00,23,0,0,Web,296,13.07127643,10.66404084,9.445164775,11.05818889,0,0,0,1,,,,,,,,,,,,,
01-01-2024 23:00,23,0,0,Database,322,15.89075874,13.64788444,13.99597832,13.85824978,0,1,0,0,,,,,,,,,,,,,
01-01-2024 23:00,23,0,0,Media,237,12.08901743,3.740359675,9.239310298,3.320344531,0,0,1,0,,,,,,,,,,,,,
01-01-2024 23:00,23,0,0,Compute,262,22.07133168,1,8.770285385,17.85802771,1,0,0,0,,,,,,,,,,,,,
02-01-2024 00:00,0,1,0,Web,92,11.05818889,3.643164425,5.596698309,4.515472806,0,0,0,1,,,,,,,,,,,,,
02-01-2024 00:00,0,1,0,Database,235,13.85824978,1,1,5.012933028,0,1,0,0,,,,,,,,,,,,,
02-01-2024 00:00,0,1,0,Media,175,3.320344531,2.224544977,8.900822579,7.168244793,0,0,1,0,,,,,,,,,,,,,
02-01-2024 00:00,0,1,0,Compute,274,17.85802771,1,12.12091357,11.76547618,1,0,0,0,,,,,,,,,,,,,
02-01-2024 01:00,1,1,0,Web,185,4.515472806,1,7.930930919,5.469196491,0,0,0,1,,,,,,,,,,,,,
02-01-2024 01:00,1,1,0,Database,241,5.012933028,4.14759521,4.37969068,5.705716881,0,1,0,0,,,,,,,,,,,,,
02-01-2024 01:00,1,1,0,Media,40,7.168244793,1,1,2.402644214,0,0,1,0,,,,,,,,,,,,,
02-01-2024 01:00,1,1,0,Compute,145,11.76547618,1,8.371683866,11.18967074,1,0,0,0,,,,,,,,,,,,,
02-01-2024 02:00,2,1,0,Web,307,5.469196491,7.790154659,7.784586439,9.483691974,0,0,0,1,,,,,,,,,,,,,
02-01-2024 02:00,2,1,0,Database,220,5.705716881,1,1.618165958,4.700902785,0,1,0,0,,,,,,,,,,,,,
02-01-2024 02:00,2,1,0,Media,142,2.402644214,10.13718697,7.027960562,4.486612334,0,0,1,0,,,,,,,,,,,,,
02-01-2024 02:00,2,1,0,Compute,103,11.18967074,3.054968917,4.838674178,10.58923522,1,0,0,0,,,,,,,,,,,,,
02-01-2024 03:00,3,1,0,Web,269,9.483691974,1,5.528294731,2.135419723,0,0,0,1,,,,,,,,,,,,,
02-01-2024 03:00,3,1,0,Database,210,4.700902785,4.149071147,1.910024993,5.326068353,0,1,0,0,,,,,,,,,,,,,
02-01-2024 03:00,3,1,0,Media,238,4.486612334,12.63216511,8.601539134,8.416296139,0,0,1,0,,,,,,,,,,,,,
02-01-2024 03:00,3,1,0,Compute,226,10.58923522,1.022051064,9.902926039,6.628278086,1,0,0,0,,,,,,,,,,,,,
02-01-2024 04:00,4,1,0,Web,464,2.135419723,10.53067603,6.895129614,8.729034982,0,0,0,1,,,,,,,,,,,,,
02-01-2024 04:00,4,1,0,Database,473,5.326068353,5.194351249,15.08922238,17.42552687,0,1,0,0,,,,,,,,,,,,,
02-01-2024 04:00,4,1,0,Media,403,8.416296139,13.05088061,8.150258472,8.021149391,0,0,1,0,,,,,,,,,,,,,
02-01-2024 04:00,4,1,0,Compute,342,6.628278086,1,2.506414913,10.42904104,1,0,0,0,,,,,,,,,,,,,
02-01-2024 05:00,5,1,0,Web,410,8.729034982,24.68615581,7.48128161,10.18123289,0,0,0,1,,,,,,,,,,,,,
02-01-2024 05:00,5,1,0,Database,488,17.42552687,5.464608818,13.79667592,14.59510837,0,1,0,0,,,,,,,,,,,,,
02-01-2024 05:00,5,1,0,Media,377,8.021149391,20.80370758,14.21625912,13.8112643,0,0,1,0,,,,,,,,,,,,,
02-01-2024 05:00,5,1,0,Compute,485,10.42904104,22.98836863,12.07958499,14.18144558,1,0,0,0,,,,,,,,,,,,,
02-01-2024 06:00,6,1,0,Web,662,10.18123289,25.13931412,16.45933258,18.93323749,0,0,0,1,,,,,,,,,,,,,
02-01-2024 06:00,6,1,0,Database,491,14.59510837,13.26922112,13.93405164,20.06115439,0,1,0,0,,,,,,,,,,,,,
02-01-2024 06:00,6,1,0,Media,428,13.8112643,35.18580001,21.30333549,19.95551467,0,0,1,0,,,,,,,,,,,,,
02-01-2024 06:00,6,1,0,Compute,473,14.18144558,19.50135473,19.3765458,24.24851532,1,0,0,0,,,,,,,,,,,,,
02-01-2024 07:00,7,1,0,Web,653,18.93323749,22.52469585,7.954266196,18.72648727,0,0,0,1,,,,,,,,,,,,,
02-01-2024 07:00,7,1,0,Database,709,20.06115439,7.48748272,21.51779608,28.70084354,0,1,0,0,,,,,,,,,,,,,
02-01-2024 07:00,7,1,0,Media,362,19.95551467,47.17442136,27.83629337,21.35839214,0,0,1,0,,,,,,,,,,,,,
02-01-2024 07:00,7,1,0,Compute,555,24.24851532,18.51338319,20.49493063,31.45736946,1,0,0,0,,,,,,,,,,,,,
02-01-2024 08:00,8,1,0,Web,963,18.72648727,39.48779748,22.14800349,22.33503412,0,0,0,1,,,,,,,,,,,,,
02-01-2024 08:00,8,1,0,Database,756,28.70084354,27.02697041,29.24978153,30.186494,0,1,0,0,,,,,,,,,,,,,
02-01-2024 08:00,8,1,0,Media,625,21.35839214,55.6901371,25.8881203,24.17056818,0,0,1,0,,,,,,,,,,,,,
02-01-2024 08:00,8,1,0,Compute,815,31.45736946,25.83380999,35.73633864,35.19547804,1,0,0,0,,,,,,,,,,,,,
02-01-2024 09:00,9,1,0,Web,1120,22.33503412,40.29438952,24.8203938,30.90291259,0,0,0,1,,,,,,,,,,,,,
02-01-2024 09:00,9,1,0,Database,764,30.186494,25.68735451,25.84879526,37.77862535,0,1,0,0,,,,,,,,,,,,,
02-01-2024 09:00,9,1,0,Media,756,24.17056818,63.56717112,19.5236268,34.23608003,0,0,1,0,,,,,,,,,,,,,
02-01-2024 09:00,9,1,0,Compute,665,35.19547804,29.10386687,34.41281755,39.32018111,1,0,0,0,,,,,,,,,,,,,
02-01-2024 10:00,10,1,0,Web,1203,30.90291259,46.17052323,26.48620906,30.20312482,0,0,0,1,,,,,,,,,,,,,
02-01-2024 10:00,10,1,0,Database,939,37.77862535,28.38926893,38.5742999,43.56958605,0,1,0,0,,,,,,,,,,,,,
02-01-2024 10:00,10,1,0,Media,906,34.23608003,75.28438906,35.53027756,42.21018146,0,0,1,0,,,,,,,,,,,,,
02-01-2024 10:00,10,1,0,Compute,822,39.32018111,29.69814906,31.96411528,43.46117933,1,0,0,0,,,,,,,,,,,,,
02-01-2024 11:00,11,1,0,Web,1313,30.20312482,52.15308573,28.50655276,33.29645238,0,0,0,1,,,,,,,,,,,,,
02-01-2024 11:00,11,1,0,Database,1018,43.56958605,24.72580033,39.94936121,47.75053464,0,1,0,0,,,,,,,,,,,,,
02-01-2024 11:00,11,1,0,Media,990,42.21018146,83.63124189,28.89412868,40.80780908,0,0,1,0,,,,,,,,,,,,,
02-01-2024 11:00,11,1,0,Compute,967,43.46117933,30.04639565,41.35084115,47.75466774,1,0,0,0,,,,,,,,,,,,,
02-01-2024 12:00,12,1,0,Web,1486,33.29645238,60.79504648,31.23436497,37.9346286,0,0,0,1,,,,,,,,,,,,,
02-01-2024 12:00,12,1,0,Database,793,47.75053464,24.12822229,36.8045184,44.68192244,0,1,0,0,,,,,,,,,,,,,
02-01-2024 12:00,12,1,0,Media,1043,40.80780908,84.27934516,35.44230556,47.23384052,0,0,1,0,,,,,,,,,,,,,
02-01-2024 12:00,12,1,0,Compute,1005,47.75466774,40.56369714,44.54538097,58.15868025,1,0,0,0,,,,,,,,,,,,,
02-01-2024 13:00,13,1,0,Web,1545,37.9346286,57.88196697,21.03734592,30.7783797,0,0,0,1,,,,,,,,,,,,,
02-01-2024 13:00,13,1,0,Database,958,44.68192244,21.1251897,43.77118068,50.35828447,0,1,0,0,,,,,,,,,,,,,
02-01-2024 13:00,13,1,0,Media,1041,47.23384052,86.86206232,40.43725581,41.57584347,0,0,1,0,,,,,,,,,,,,,
02-01-2024 13:00,13,1,0,Compute,949,58.15868025,42.24049682,52.49031109,58.1630649,1,0,0,0,,,,,,,,,,,,,
02-01-2024 14:00,14,1,0,Web,1244,30.7783797,60.15415535,25.76182702,35.17536379,0,0,0,1,,,,,,,,,,,,,
02-01-2024 14:00,14,1,0,Database,872,50.35828447,23.07571414,39.39419331,50.14186933,0,1,0,0,,,,,,,,,,,,,
02-01-2024 14:00,14,1,0,Media,1043,41.57584347,95.72255643,33.37915192,42.15889309,0,0,1,0,,,,,,,,,,,,,
02-01-2024 14:00,14,1,0,Compute,951,58.1630649,36.22018686,48.69584479,56.02375412,1,0,0,0,,,,,,,,,,,,,
02-01-2024 15:00,15,1,0,Web,1357,35.17536379,62.79397531,25.49927596,31.9362697,0,0,0,1,,,,,,,,,,,,,
02-01-2024 15:00,15,1,0,Database,863,50.14186933,40.73702082,40.39022046,39.93702645,0,1,0,0,,,,,,,,,,,,,
02-01-2024 15:00,15,1,0,Media,913,42.15889309,82.54002842,28.01553338,34.4205521,0,0,1,0,,,,,,,,,,,,,
02-01-2024 15:00,15,1,0,Compute,931,56.02375412,39.94304495,45.03434149,50.25423167,1,0,0,0,,,,,,,,,,,,,
02-01-2024 16:00,16,1,0,Web,1104,31.9362697,52.0730051,36.2918575,33.03660891,0,0,0,1,,,,,,,,,,,,,
02-01-2024 16:00,16,1,0,Database,855,39.93702645,16.95324369,37.90192902,41.69517877,0,1,0,0,,,,,,,,,,,,,
02-01-2024 16:00,16,1,0,Media,895,34.4205521,75.94894148,37.12403462,34.97968772,0,0,1,0,,,,,,,,,,,,,
02-01-2024 16:00,16,1,0,Compute,1016,50.25423167,35.73913694,41.43225587,45.98025789,1,0,0,0,,,,,,,,,,,,,
02-01-2024 17:00,17,1,0,Web,1030,33.03660891,43.38104148,29.85396483,29.41634057,0,0,0,1,,,,,,,,,,,,,
02-01-2024 17:00,17,1,0,Database,664,41.69517877,20.78829531,29.7494979,39.24610621,0,1,0,0,,,,,,,,,,,,,
02-01-2024 17:00,17,1,0,Media,793,34.97968772,69.91033418,17.65863713,28.37796528,0,0,1,0,,,,,,,,,,,,,
02-01-2024 17:00,17,1,0,Compute,758,45.98025789,31.36184878,34.42008288,36.80083145,1,0,0,0,,,,,,,,,,,,,
02-01-2024 18:00,18,1,0,Web,898,29.41634057,39.51132447,21.46124404,21.31530877,0,0,0,1,,,,,,,,,,,,,
02-01-2024 18:00,18,1,0,Database,894,39.24610621,18.04764603,32.27703103,36.14849231,0,1,0,0,,,,,,,,,,,,,
02-01-2024 18:00,18,1,0,Media,768,28.37796528,54.04024244,30.90113346,30.46380403,0,0,1,0,,,,,,,,,,,,,
02-01-2024 18:00,18,1,0,Compute,668,36.80083145,32.6682531,34.12160187,36.42164116,1,0,0,0,,,,,,,,,,,,,
02-01-2024 19:00,19,1,0,Web,763,21.31530877,28.7711925,17.452639,19.05450601,0,0,0,1,,,,,,,,,,,,,
02-01-2024 19:00,19,1,0,Database,676,36.14849231,11.08791833,16.48270234,23.28179121,0,1,0,0,,,,,,,,,,,,,
02-01-2024 19:00,19,1,0,Media,414,30.46380403,43.99447673,15.65565586,22.72503568,0,0,1,0,,,,,,,,,,,,,
02-01-2024 19:00,19,1,0,Compute,689,36.42164116,19.71522729,23.39143921,32.37022834,1,0,0,0,,,,,,,,,,,,,
02-01-2024 20:00,20,1,0,Web,728,19.05450601,25.02817344,8.193130891,13.9240358,0,0,0,1,,,,,,,,,,,,,
02-01-2024 20:00,20,1,0,Database,478,23.28179121,14.62603256,20.92893946,24.68650191,0,1,0,0,,,,,,,,,,,,,
02-01-2024 20:00,20,1,0,Media,413,22.72503568,27.27368835,16.28554562,20.15094786,0,0,1,0,,,,,,,,,,,,,
02-01-2024 20:00,20,1,0,Compute,371,32.37022834,9.71221769,23.66359264,29.49106138,1,0,0,0,,,,,,,,,,,,,
02-01-2024 21:00,21,1,0,Web,492,13.9240358,7.51680655,4.681104311,16.24006552,0,0,0,1,,,,,,,,,,,,,
02-01-2024 21:00,21,1,0,Database,326,24.68650191,11.3365862,21.2584857,23.68016208,0,1,0,0,,,,,,,,,,,,,
02-01-2024 21:00,21,1,0,Media,308,20.15094786,22.79137165,12.7810148,12.92912934,0,0,1,0,,,,,,,,,,,,,
02-01-2024 21:00,21,1,0,Compute,443,29.49106138,10.79059542,19.65086442,21.80975237,1,0,0,0,,,,,,,,,,,,,
02-01-2024 22:00,22,1,0,Web,437,16.24006552,1,5.01768847,13.52608994,0,0,0,1,,,,,,,,,,,,,
02-01-2024 22:00,22,1,0,Database,397,23.68016208,1,12.36184932,19.346284,0,1,0,0,,,,,,,,,,,,,
02-01-2024 22:00,22,1,0,Media,325,12.92912934,15.76168271,19.49740524,14.47885547,0,0,1,0,,,,,,,,,,,,,
02-01-2024 22:00,22,1,0,Compute,287,21.80975237,4.361540857,11.98416071,14.04512417,1,0,0,0,,,,,,,,,,,,,
02-01-2024 23:00,23,1,0,Web,199,13.52608994,9.699481304,19.70792671,14.78500364,0,0,0,1,,,,,,,,,,,,,
02-01-2024 23:00,23,1,0,Database,179,19.346284,4.222347064,15.10597517,14.76172886,0,1,0,0,,,,,,,,,,,,,
02-01-2024 23:00,23,1,0,Media,353,14.47885547,9.213388247,13.01936864,11.83448434,0,0,1,0,,,,,,,,,,,,,
02-01-2024 23:00,23,1,0,Compute,280,14.04512417,1,5.920676136,6.571990384,1,0,0,0,,,,,,,,,,,,,
03-01-2024 00:00,0,2,0,Web,118,14.78500364,7.818328213,17.8597613,12.87503522,0,0,0,1,,,,,,,,,,,,,
03-01-2024 00:00,0,2,0,Database,234,14.76172886,1.52509899,11.54784216,13.52897581,0,1,0,0,,,,,,,,,,,,,
03-01-2024 00:00,0,2,0,Media,126,11.83448434,1,7.984700607,9.109596345,0,0,1,0,,,,,,,,,,,,,
03-01-2024 00:00,0,2,0,Compute,209,6.571990384,5.152550117,14.00481709,8.017144031,1,0,0,0,,,,,,,,,,,,,
03-01-2024 01:00,1,2,0,Web,200,12.87503522,1,6.734702137,7.715120735,0,0,0,1,,,,,,,,,,,,,
03-01-2024 01:00,1,2,0,Database,113,13.52897581,1,3.967832046,8.179088321,0,1,0,0,,,,,,,,,,,,,
03-01-2024 01:00,1,2,0,Media,240,9.109596345,1,1,7.951193066,0,0,1,0,,,,,,,,,,,,,
03-01-2024 01:00,1,2,0,Compute,279,8.017144031,1,13.60801101,11.18195722,1,0,0,0,,,,,,,,,,,,,
03-01-2024 02:00,2,2,0,Web,152,7.715120735,2.918625383,3.767785052,2.811018156,0,0,0,1,,,,,,,,,,,,,
03-01-2024 02:00,2,2,0,Database,316,8.179088321,1,8.932757751,11.13137927,0,1,0,0,,,,,,,,,,,,,
03-01-2024 02:00,2,2,0,Media,188,7.951193066,1,5.651236235,7.599493196,0,0,1,0,,,,,,,,,,,,,
03-01-2024 02:00,2,2,0,Compute,233,11.18195722,2.238747646,4.200144192,7.896951209,1,0,0,0,,,,,,,,,,,,,
03-01-2024 03:00,3,2,0,Web,248,2.811018156,1,6.781255718,6.692281913,0,0,0,1,,,,,,,,,,,,,
03-01-2024 03:00,3,2,0,Database,215,11.13137927,1,7.639516147,14.45627553,0,1,0,0,,,,,,,,,,,,,
03-01-2024 03:00,3,2,0,Media,104,7.599493196,5.440802553,7.175150272,8.295860188,0,0,1,0,,,,,,,,,,,,,
03-01-2024 03:00,3,2,0,Compute,350,7.896951209,10.48668293,3.595921147,2.367277235,1,0,0,0,,,,,,,,,,,,,
03-01-2024 04:00,4,2,0,Web,285,6.692281913,4.315066334,3.430327038,7.578699655,0,0,0,1,,,,,,,,,,,,,
03-01-2024 04:00,4,2,0,Database,291,14.45627553,2.713702157,22.44520069,17.75959293,0,1,0,0,,,,,,,,,,,,,
03-01-2024 04:00,4,2,0,Media,469,8.295860188,12.7137016,16.0543041,10.63475293,0,0,1,0,,,,,,,,,,,,,
03-01-2024 04:00,4,2,0,Compute,327,2.367277235,10.11429225,23.73168728,12.96032067,1,0,0,0,,,,,,,,,,,,,
03-01-2024 05:00,5,2,0,Web,443,7.578699655,12.55124909,10.6028381,14.17666852,0,0,0,1,,,,,,,,,,,,,
03-01-2024 05:00,5,2,0,Database,472,17.75959293,7.569926109,16.1237354,17.658155,0,1,0,0,,,,,,,,,,,,,
03-01-2024 05:00,5,2,0,Media,426,10.63475293,25.83286334,5.158180306,15.18358593,0,0,1,0,,,,,,,,,,,,,
03-01-2024 05:00,5,2,0,Compute,321,12.96032067,10.41990502,11.59256037,13.91318276,1,0,0,0,,,,,,,,,,,,,
03-01-2024 06:00,6,2,0,Web,589,14.17666852,20.2007099,10.03801551,18.12554845,0,0,0,1,,,,,,,,,,,,,
03-01-2024 06:00,6,2,0,Database,449,17.658155,6.078249575,19.13407757,21.19837698,0,1,0,0,,,,,,,,,,,,,
03-01-2024 06:00,6,2,0,Media,554,15.18358593,23.56018577,8.149434493,18.49084648,0,0,1,0,,,,,,,,,,,,,
03-01-2024 06:00,6,2,0,Compute,495,13.91318276,14.68370682,18.41947283,22.15665092,1,0,0,0,,,,,,,,,,,,,
03-01-2024 07:00,7,2,0,Web,818,18.12554845,24.14014204,14.57376595,22.37433594,0,0,0,1,,,,,,,,,,,,,
03-01-2024 07:00,7,2,0,Database,512,21.19837698,12.84330281,28.07118212,27.16634425,0,1,0,0,,,,,,,,,,,,,
03-01-2024 07:00,7,2,0,Media,399,18.49084648,42.21135556,11.55197619,17.51073303,0,0,1,0,,,,,,,,,,,,,
03-01-2024 07:00,7,2,0,Compute,567,22.15665092,25.24669805,23.95968486,29.6549061,1,0,0,0,,,,,,,,,,,,,
03-01-2024 08:00,8,2,0,Web,901,22.37433594,30.086361,19.69609486,20.91834436,0,0,0,1,,,,,,,,,,,,,
03-01-2024 08:00,8,2,0,Database,734,27.16634425,26.82366621,26.75952878,32.17564557,0,1,0,0,,,,,,,,,,,,,
03-01-2024 08:00,8,2,0,Media,653,17.51073303,50.2617748,26.34301385,32.05263488,0,0,1,0,,,,,,,,,,,,,
03-01-2024 08:00,8,2,0,Compute,709,29.6549061,27.1615474,24.91015028,32.84373374,1,0,0,0,,,,,,,,,,,,,
03-01-2024 09:00,9,2,0,Web,1144,20.91834436,50.78753879,24.33949112,23.98808299,0,0,0,1,,,,,,,,,,,,,
03-01-2024 09:00,9,2,0,Database,914,32.17564557,13.09600786,38.18479372,38.50715161,0,1,0,0,,,,,,,,,,,,,
03-01-2024 09:00,9,2,0,Media,774,32.05263488,64.6427539,26.11472495,30.16214295,0,0,1,0,,,,,,,,,,,,,
03-01-2024 09:00,9,2,0,Compute,786,32.84373374,32.06896159,39.14996018,46.85745807,1,0,0,0,,,,,,,,,,,,,
03-01-2024 10:00,10,2,0,Web,1205,23.98808299,53.45482377,24.82631184,29.1791119,0,0,0,1,,,,,,,,,,,,,
03-01-2024 10:00,10,2,0,Database,976,38.50715161,28.55433615,40.93849677,46.7059017,0,1,0,0,,,,,,,,,,,,,
03-01-2024 10:00,10,2,0,Media,790,30.16214295,81.14964835,33.36057786,34.82284706,0,0,1,0,,,,,,,,,,,,,
03-01-2024 10:00,10,2,0,Compute,899,46.85745807,40.14366692,45.39931503,51.10146846,1,0,0,0,,,,,,,,,,,,,
03-01-2024 11:00,11,2,0,Web,1342,29.1791119,41.32779023,27.66826353,30.97046882,0,0,0,1,,,,,,,,,,,,,
03-01-2024 11:00,11,2,0,Database,977,46.7059017,30.24922406,23.17161287,35.37113706,0,1,0,0,,,,,,,,,,,,,
03-01-2024 11:00,11,2,0,Media,984,34.82284706,90.82384811,26.82489495,34.90976837,0,0,1,0,,,,,,,,,,,,,
03-01-2024 11:00,11,2,0,Compute,907,51.10146846,39.36068896,50.22101811,59.09258532,1,0,0,0,,,,,,,,,,,,,
03-01-2024 12:00,12,2,0,Web,1508,30.97046882,58.42913753,24.89263356,34.0023641,0,0,0,1,,,,,,,,,,,,,
03-01-2024 12:00,12,2,0,Database,983,35.37113706,25.77792692,33.79427913,40.96189107,0,1,0,0,,,,,,,,,,,,,
03-01-2024 12:00,12,2,0,Media,1060,34.90976837,87.93575253,32.75940192,39.87127637,0,0,1,0,,,,,,,,,,,,,
03-01-2024 12:00,12,2,0,Compute,1004,59.09258532,34.11057836,45.30986682,58.0102538,1,0,0,0,,,,,,,,,,,,,
03-01-2024 13:00,13,2,0,Web,1488,34.0023641,62.21906355,22.81917498,33.51358041,0,0,0,1,,,,,,,,,,,,,
03-01-2024 13:00,13,2,0,Database,1037,40.96189107,33.67791546,36.95650481,42.398327,0,1,0,0,,,,,,,,,,,,,
03-01-2024 13:00,13,2,0,Media,1029,39.87127637,91.65520077,31.24212262,43.36376354,0,0,1,0,,,,,,,,,,,,,
03-01-2024 13:00,13,2,0,Compute,975,58.0102538,47.39637255,50.27828647,55.05419297,1,0,0,0,,,,,,,,,,,,,
03-01-2024 14:00,14,2,0,Web,1523,33.51358041,60.7413756,32.0221249,38.18948426,0,0,0,1,,,,,,,,,,,,,
03-01-2024 14:00,14,2,0,Database,1047,42.398327,33.60765305,40.62303701,47.17644736,0,1,0,0,,,,,,,,,,,,,
03-01-2024 14:00,14,2,0,Media,981,43.36376354,91.63621407,32.08122466,39.69307873,0,0,1,0,,,,,,,,,,,,,
03-01-2024 14:00,14,2,0,Compute,986,55.05419297,37.44430921,50.42553356,56.17084305,1,0,0,0,,,,,,,,,,,,,
03-01-2024 15:00,15,2,0,Web,1380,38.18948426,63.19228607,25.17342962,35.42668467,0,0,0,1,,,,,,,,,,,,,
03-01-2024 15:00,15,2,0,Database,906,47.17644736,22.88515525,31.06824219,41.46872592,0,1,0,0,,,,,,,,,,,,,
03-01-2024 15:00,15,2,0,Media,950,39.69307873,87.069653,31.62677408,38.79306112,0,0,1,0,,,,,,,,,,,,,
03-01-2024 15:00,15,2,0,Compute,973,56.17084305,40.40118142,48.03172872,54.57931164,1,0,0,0,,,,,,,,,,,,,
03-01-2024 16:00,16,2,0,Web,1055,35.42668467,51.39350307,17.38972129,30.7183077,0,0,0,1,,,,,,,,,,,,,
03-01-2024 16:00,16,2,0,Database,882,41.46872592,26.62047696,43.54514116,45.64071011,0,1,0,0,,,,,,,,,,,,,
03-01-2024 16:00,16,2,0,Media,842,38.79306112,76.8128419,30.78306609,38.69969016,0,0,1,0,,,,,,,,,,,,,
03-01-2024 16:00,16,2,0,Compute,961,54.57931164,37.52914247,44.6172351,48.69943593,1,0,0,0,,,,,,,,,,,,,
03-01-2024 17:00,17,2,0,Web,1023,30.7183077,45.50962944,29.33658579,31.22625931,0,0,0,1,,,,,,,,,,,,,
03-01-2024 17:00,17,2,0,Database,739,45.64071011,25.21297232,29.90077524,37.70755947,0,1,0,0,,,,,,,,,,,,,
03-01-2024 17:00,17,2,0,Media,723,38.69969016,66.47965708,25.40981828,35.73745929,0,0,1,0,,,,,,,,,,,,,
03-01-2024 17:00,17,2,0,Compute,808,48.69943593,37.36007283,39.12444938,52.51024942,1,0,0,0,,,,,,,,,,,,,
03-01-2024 18:00,18,2,0,Web,967,31.22625931,39.98820544,23.38241727,26.95179484,0,0,0,1,,,,,,,,,,,,,
03-01-2024 18:00,18,2,0,Database,691,37.70755947,24.54345854,31.20973974,38.86544037,0,1,0,0,,,,,,,,,,,,,
03-01-2024 18:00,18,2,0,Media,651,35.73745929,58.92197563,21.42266622,30.24766639,0,0,1,0,,,,,,,,,,,,,
03-01-2024 18:00,18,2,0,Compute,819,52.51024942,19.60329609,34.53355834,41.55423663,1,0,0,0,,,,,,,,,,,,,
03-01-2024 19:00,19,2,0,Web,781,26.95179484,31.13393023,10.76411909,16.95956593,0,0,0,1,,,,,,,,,,,,,
03-01-2024 19:00,19,2,0,Database,705,38.86544037,22.17650078,30.92605344,39.14399268,0,1,0,0,,,,,,,,,,,,,
03-01-2024 19:00,19,2,0,Media,619,30.24766639,45.30958242,23.07232542,25.10817366,0,0,1,0,,,,,,,,,,,,,
03-01-2024 19:00,19,2,0,Compute,608,41.55423663,12.28187399,22.59658708,33.16355967,1,0,0,0,,,,,,,,,,,,,
03-01-2024 20:00,20,2,0,Web,696,16.95956593,22.27795678,10.78900981,15.49807695,0,0,0,1,,,,,,,,,,,,,
03-01-2024 20:00,20,2,0,Database,560,39.14399268,17.2491791,20.53886679,27.25069004,0,1,0,0,,,,,,,,,,,,,
03-01-2024 20:00,20,2,0,Media,622,25.10817366,39.56294295,22.82131188,22.26665627,0,0,1,0,,,,,,,,,,,,,
03-01-2024 20:00,20,2,0,Compute,586,33.16355967,17.42192196,27.44666613,29.47444464,1,0,0,0,,,,,,,,,,,,,
03-01-2024 21:00,21,2,0,Web,412,15.49807695,11.02700272,7.625679518,15.35168871,0,0,0,1,,,,,,,,,,,,,
03-01-2024 21:00,21,2,0,Database,504,27.25069004,6.141628082,25.03917621,22.458333,0,1,0,0,,,,,,,,,,,,,
03-01-2024 21:00,21,2,0,Media,307,22.26665627,22.89494358,14.08917479,16.09535248,0,0,1,0,,,,,,,,,,,,,
03-01-2024 21:00,21,2,0,Compute,490,29.47444464,5.056864253,19.50021779,21.28479988,1,0,0,0,,,,,,,,,,,,,
03-01-2024 22:00,22,2,0,Web,411,15.35168871,7.607649754,6.259198705,10.89229654,0,0,0,1,,,,,,,,,,,,,
03-01-2024 22:00,22,2,0,Database,302,22.458333,3.901168271,19.55247312,14.66718606,0,1,0,0,,,,,,,,,,,,,
03-01-2024 22:00,22,2,0,Media,297,16.09535248,11.86482772,1.680882737,6.1855437,0,0,1,0,,,,,,,,,,,,,
03-01-2024 22:00,22,2,0,Compute,262,21.28479988,12.30008562,16.96788948,20.73840069,1,0,0,0,,,,,,,,,,,,,
03-01-2024 23:00,23,2,0,Web,285,10.89229654,4.038219145,6.522990283,8.091971852,0,0,0,1,,,,,,,,,,,,,
03-01-2024 23:00,23,2,0,Database,391,14.66718606,1,1,4.068064225,0,1,0,0,,,,,,,,,,,,,
03-01-2024 23:00,23,2,0,Media,254,6.1855437,4.107627265,10.3289016,9.925356248,0,0,1,0,,,,,,,,,,,,,
03-01-2024 23:00,23,2,0,Compute,335,20.73840069,7.492779787,14.91995107,16.68672911,1,0,0,0,,,,,,,,,,,,,
04-01-2024 00:00,0,3,0,Web,242,8.091971852,1.575290824,6.592363942,4.471878337,0,0,0,1,,,,,,,,,,,,,
04-01-2024 00:00,0,3,0,Database,213,4.068064225,1,1,11.22254501,0,1,0,0,,,,,,,,,,,,,
04-01-2024 00:00,0,3,0,Media,118,9.925356248,1,4.380392016,6.351558464,0,0,1,0,,,,,,,,,,,,,
04-01-2024 00:00,0,3,0,Compute,134,16.68672911,9.690193213,16.80181488,8.20249237,1,0,0,0,,,,,,,,,,,,,
04-01-2024 01:00,1,3,0,Web,167,4.471878337,1,1,3.777219713,0,0,0,1,,,,,,,,,,,,,
04-01-2024 01:00,1,3,0,Database,190,11.22254501,1,3.96336613,5.062080302,0,1,0,0,,,,,,,,,,,,,
04-01-2024 01:00,1,3,0,Media,139,6.351558464,2.087359794,7.018543658,6.533770902,0,0,1,0,,,,,,,,,,,,,
04-01-2024 01:00,1,3,0,Compute,94,8.20249237,3.164289573,5.821631454,10.61468028,1,0,0,0,,,,,,,,,,,,,
04-01-2024 02:00,2,3,0,Web,219,3.777219713,2.849043922,1,1,0,0,0,1,,,,,,,,,,,,,
04-01-2024 02:00,2,3,0,Database,262,5.062080302,5.548666461,11.76195649,6.629224619,0,1,0,0,,,,,,,,,,,,,
04-01-2024 02:00,2,3,0,Media,193,6.533770902,11.33576082,15.25241202,8.843809507,0,0,1,0,,,,,,,,,,,,,
04-01-2024 02:00,2,3,0,Compute,115,10.61468028,1,11.45397013,6.487405864,1,0,0,0,,,,,,,,,,,,,
04-01-2024 03:00,3,3,0,Web,174,1,3.507254353,5.122243881,4.048631815,0,0,0,1,,,,,,,,,,,,,
04-01-2024 03:00,3,3,0,Database,201,6.629224619,1,3.096205103,6.99476866,0,1,0,0,,,,,,,,,,,,,
04-01-2024 03:00,3,3,0,Media,436,8.843809507,3.583469489,11.54735746,9.412142639,0,0,1,0,,,,,,,,,,,,,
04-01-2024 03:00,3,3,0,Compute,238,6.487405864,1,1,7.892732254,1,0,0,0,,,,,,,,,,,,,
04-01-2024 04:00,4,3,0,Web,230,4.048631815,15.41157496,1,1.307855332,0,0,0,1,,,,,,,,,,,,,
04-01-2024 04:00,4,3,0,Database,313,6.99476866,8.306192411,14.80486421,15.48345165,0,1,0,0,,,,,,,,,,,,,
04-01-2024 04:00,4,3,0,Media,245,9.412142639,10.29695839,13.43696187,12.37894698,0,0,1,0,,,,,,,,,,,,,
04-01-2024 04:00,4,3,0,Compute,361,7.892732254,1,10.50404015,14.94382428,1,0,0,0,,,,,,,,,,,,,
04-01-2024 05:00,5,3,0,Web,405,1.307855332,11.03737085,9.775297865,9.961480459,0,0,0,1,,,,,,,,,,,,,
04-01-2024 05:00,5,3,0,Database,402,15.48345165,15.2594006,18.37411578,18.70747402,0,1,0,0,,,,,,,,,,,,,
04-01-2024 05:00,5,3,0,Media,502,12.37894698,19.84511748,16.37407792,11.34086245,0,0,1,0,,,,,,,,,,,,,
04-01-2024 05:00,5,3,0,Compute,483,14.94382428,1,14.45033104,18.93991595,1,0,0,0,,,,,,,,,,,,,
04-01-2024 06:00,6,3,0,Web,630,9.961480459,29.81939193,12.28462717,9.900506151,0,0,0,1,,,,,,,,,,,,,
04-01-2024 06:00,6,3,0,Database,432,18.70747402,7.975290673,16.22885757,22.50638077,0,1,0,0,,,,,,,,,,,,,
04-01-2024 06:00,6,3,0,Media,558,11.34086245,30.94198058,21.60030433,17.22554372,0,0,1,0,,,,,,,,,,,,,
04-01-2024 06:00,6,3,0,Compute,576,18.93991595,12.58783081,23.89631699,24.36847641,1,0,0,0,,,,,,,,,,,,,
04-01-2024 07:00,7,3,0,Web,796,9.900506151,33.31040767,11.21510696,17.1286299,0,0,0,1,,,,,,,,,,,,,
04-01-2024 07:00,7,3,0,Database,652,22.50638077,22.24672401,30.294033,28.40725928,0,1,0,0,,,,,,,,,,,,,
04-01-2024 07:00,7,3,0,Media,570,17.22554372,45.11677658,17.41730869,23.42554288,0,0,1,0,,,,,,,,,,,,,
04-01-2024 07:00,7,3,0,Compute,552,24.36847641,18.90985436,31.16427313,34.95233003,1,0,0,0,,,,,,,,,,,,,
04-01-2024 08:00,8,3,0,Web,1050,17.1286299,41.74376463,5.273311298,15.6820255,0,0,0,1,,,,,,,,,,,,,
04-01-2024 08:00,8,3,0,Database,708,28.40725928,18.76611712,22.68453622,32.92955368,0,1,0,0,,,,,,,,,,,,,
04-01-2024 08:00,8,3,0,Media,863,23.42554288,54.45158748,26.02841162,29.82304169,0,0,1,0,,,,,,,,,,,,,
04-01-2024 08:00,8,3,0,Compute,671,34.95233003,29.40379644,27.38840859,31.00923165,1,0,0,0,,,,,,,,,,,,,
04-01-2024 09:00,9,3,0,Web,973,15.6820255,40.17324403,14.54720882,22.5612557,0,0,0,1,,,,,,,,,,,,,
04-01-2024 09:00,9,3,0,Database,804,32.92955368,26.26927535,28.68313642,30.85418196,0,1,0,0,,,,,,,,,,,,,
04-01-2024 09:00,9,3,0,Media,779,29.82304169,73.66450967,17.06341515,24.76363489,0,0,1,0,,,,,,,,,,,,,
04-01-2024 09:00,9,3,0,Compute,577,31.00923165,34.02285151,29.03327391,39.70973768,1,0,0,0,,,,,,,,,,,,,
04-01-2024 10:00,10,3,0,Web,1170,22.5612557,60.39433263,27.59789986,29.80712728,0,0,0,1,,,,,,,,,,,,,
04-01-2024 10:00,10,3,0,Database,866,30.85418196,31.55866953,28.89159692,40.9786104,0,1,0,0,,,,,,,,,,,,,
04-01-2024 10:00,10,3,0,Media,822,24.76363489,69.00538343,27.15740843,32.05458778,0,0,1,0,,,,,,,,,,,,,
04-01-2024 10:00,10,3,0,Compute,901,39.70973768,26.1976478,43.2958273,49.5577553,1,0,0,0,,,,,,,,,,,,,
04-01-2024 11:00,11,3,0,Web,1309,29.80712728,50.60693204,21.74560111,34.42065432,0,0,0,1,,,,,,,,,,,,,
04-01-2024 11:00,11,3,0,Database,1016,40.9786104,37.28785509,40.48849949,45.69483901,0,1,0,0,,,,,,,,,,,,,
04-01-2024 11:00,11,3,0,Media,983,32.05458778,82.90212038,44.56983795,39.67865393,0,0,1,0,,,,,,,,,,,,,
04-01-2024 11:00,11,3,0,Compute,882,49.5577553,34.68693112,47.02805661,53.26128529,1,0,0,0,,,,,,,,,,,,,
04-01-2024 12:00,12,3,0,Web,1296,34.42065432,55.31634788,36.49853191,41.40136239,0,0,0,1,,,,,,,,,,,,,
04-01-2024 12:00,12,3,0,Database,1059,45.69483901,32.30025175,39.20163937,47.30960606,0,1,0,0,,,,,,,,,,,,,
04-01-2024 12:00,12,3,0,Media,883,39.67865393,90.79755049,43.36673142,42.01754375,0,0,1,0,,,,,,,,,,,,,
04-01-2024 12:00,12,3,0,Compute,956,53.26128529,38.04870314,43.56220991,53.18067035,1,0,0,0,,,,,,,,,,,,,
04-01-2024 13:00,13,3,0,Web,1369,41.40136239,64.31000025,26.51404727,39.34927492,0,0,0,1,,,,,,,,,,,,,
04-01-2024 13:00,13,3,0,Database,969,47.30960606,36.64315533,37.7440565,49.70824487,0,1,0,0,,,,,,,,,,,,,
04-01-2024 13:00,13,3,0,Media,1099,42.01754375,94.14560536,32.09166478,44.88315751,0,0,1,0,,,,,,,,,,,,,
04-01-2024 13:00,13,3,0,Compute,1032,53.18067035,41.82267245,42.81026123,50.47935385,1,0,0,0,,,,,,,,,,,,,
04-01-2024 14:00,14,3,0,Web,1424,39.34927492,66.34583175,31.96532879,36.23576838,0,0,0,1,,,,,,,,,,,,,
04-01-2024 14:00,14,3,0,Database,1084,49.70824487,28.66563226,32.76358968,40.03922812,0,1,0,0,,,,,,,,,,,,,
04-01-2024 14:00,14,3,0,Media,846,44.88315751,83.03382289,41.15686772,42.54333721,0,0,1,0,,,,,,,,,,,,,
04-01-2024 14:00,14,3,0,Compute,1013,50.47935385,46.7054847,40.88252987,51.2590329,1,0,0,0,,,,,,,,,,,,,
04-01-2024 15:00,15,3,0,Web,1276,36.23576838,65.29234992,22.42523809,35.18836535,0,0,0,1,,,,,,,,,,,,,
04-01-2024 15:00,15,3,0,Database,994,40.03922812,20.94128391,39.78906251,44.10220761,0,1,0,0,,,,,,,,,,,,,
04-01-2024 15:00,15,3,0,Media,1041,42.54333721,81.5128651,32.63566143,39.35522293,0,0,1,0,,,,,,,,,,,,,
04-01-2024 15:00,15,3,0,Compute,899,51.2590329,40.57924878,47.33777063,54.48722733,1,0,0,0,,,,,,,,,,,,,
04-01-2024 16:00,16,3,0,Web,1223,35.18836535,62.36186264,26.62250078,33.29164206,0,0,0,1,,,,,,,,,,,,,
04-01-2024 16:00,16,3,0,Database,757,44.10220761,21.34580769,45.37513113,46.94529568,0,1,0,0,,,,,,,,,,,,,
04-01-2024 16:00,16,3,0,Media,1061,39.35522293,76.95991609,38.20009143,40.37121813,0,0,1,0,,,,,,,,,,,,,
04-01-2024 16:00,16,3,0,Compute,865,54.48722733,41.148067,43.82539944,49.72150241,1,0,0,0,,,,,,,,,,,,,
04-01-2024 17:00,17,3,0,Web,1114,33.29164206,49.60575373,25.57925095,26.21357965,0,0,0,1,,,,,,,,,,,,,
04-01-2024 17:00,17,3,0,Database,852,46.94529568,17.85505416,35.33693502,42.84782064,0,1,0,0,,,,,,,,,,,,,
04-01-2024 17:00,17,3,0,Media,730,40.37121813,67.08275608,26.39374701,29.93641479,0,0,1,0,,,,,,,,,,,,,
04-01-2024 17:00,17,3,0,Compute,764,49.72150241,35.60420326,26.08972138,36.56351913,1,0,0,0,,,,,,,,,,,,,
04-01-2024 18:00,18,3,0,Web,902,26.21357965,44.95809876,16.15210985,25.5468842,0,0,0,1,,,,,,,,,,,,,
04-01-2024 18:00,18,3,0,Database,692,42.84782064,26.46448618,40.46282403,36.65847631,0,1,0,0,,,,,,,,,,,,,
04-01-2024 18:00,18,3,0,Media,679,29.93641479,59.19634827,21.81654517,27.19850025,0,0,1,0,,,,,,,,,,,,,
04-01-2024 18:00,18,3,0,Compute,695,36.56351913,24.60533144,36.99053164,36.61389016,1,0,0,0,,,,,,,,,,,,,
04-01-2024 19:00,19,3,0,Web,983,25.5468842,31.78659711,25.55138001,21.65894874,0,0,0,1,,,,,,,,,,,,,
04-01-2024 19:00,19,3,0,Database,677,36.65847631,17.29852978,20.37713114,27.99078592,0,1,0,0,,,,,,,,,,,,,
04-01-2024 19:00,19,3,0,Media,679,27.19850025,38.19870817,16.03676204,24.92039457,0,0,1,0,,,,,,,,,,,,,
04-01-2024 19:00,19,3,0,Compute,485,36.61389016,25.62521961,24.11095671,27.8506062,1,0,0,0,,,,,,,,,,,,,
04-01-2024 20:00,20,3,0,Web,643,21.65894874,21.42143366,8.350470016,10.72177866,0,0,0,1,,,,,,,,,,,,,
04-01-2024 20:00,20,3,0,Database,664,27.99078592,19.64697773,15.05468995,19.54988278,0,1,0,0,,,,,,,,,,,,,
04-01-2024 20:00,20,3,0,Media,532,24.92039457,35.00286066,19.52042139,22.42598075,0,0,1,0,,,,,,,,,,,,,
04-01-2024 20:00,20,3,0,Compute,558,27.8506062,7.958604014,23.80636663,23.87544978,1,0,0,0,,,,,,,,,,,,,
04-01-2024 21:00,21,3,0,Web,526,10.72177866,14.88657362,8.237745068,12.59166755,0,0,0,1,,,,,,,,,,,,,
04-01-2024 21:00,21,3,0,Database,350,19.54988278,1.980056823,11.16330274,14.79736671,0,1,0,0,,,,,,,,,,,,,
04-01-2024 21:00,21,3,0,Media,425,22.42598075,16.59260466,14.24321099,13.40623871,0,0,1,0,,,,,,,,,,,,,
04-01-2024 21:00,21,3,0,Compute,354,23.87544978,11.65144973,21.5313813,19.09505222,1,0,0,0,,,,,,,,,,,,,
04-01-2024 22:00,22,3,0,Web,358,12.59166755,8.571128616,1.506985946,11.68912392,0,0,0,1,,,,,,,,,,,,,
04-01-2024 22:00,22,3,0,Database,476,14.79736671,7.13404018,12.13718466,13.95944939,0,1,0,0,,,,,,,,,,,,,
04-01-2024 22:00,22,3,0,Media,388,13.40623871,14.2316513,1,5.813218052,0,0,1,0,,,,,,,,,,,,,
04-01-2024 22:00,22,3,0,Compute,259,19.09505222,1,15.7239317,19.98191678,1,0,0,0,,,,,,,,,,,,,
04-01-2024 23:00,23,3,0,Web,178,11.68912392,3.07731725,1,1,0,0,0,1,,,,,,,,,,,,,
04-01-2024 23:00,23,3,0,Database,219,13.95944939,1.157676826,16.7676888,14.08659936,0,1,0,0,,,,,,,,,,,,,
04-01-2024 23:00,23,3,0,Media,82,5.813218052,7.57581468,10.39317627,9.613806303,0,0,1,0,,,,,,,,,,,,,
04-01-2024 23:00,23,3,0,Compute,332,19.98191678,1,16.46067854,9.912537638,1,0,0,0,,,,,,,,,,,,,
05-01-2024 00:00,0,4,0,Web,280,1,8.604068445,1,1,0,0,0,1,,,,,,,,,,,,,
05-01-2024 00:00,0,4,0,Database,192,14.08659936,1,11.00169456,11.82808589,0,1,0,0,,,,,,,,,,,,,
05-01-2024 00:00,0,4,0,Media,322,9.613806303,1,1,6.653476447,0,0,1,0,,,,,,,,,,,,,
05-01-2024 00:00,0,4,0,Compute,257,9.912537638,1,2.468064326,10.27799686,1,0,0,0,,,,,,,,,,,,,
05-01-2024 01:00,1,4,0,Web,153,1,1,1,2.903591218,0,0,0,1,,,,,,,,,,,,,
05-01-2024 01:00,1,4,0,Database,141,11.82808589,1,12.17986331,10.52162125,0,1,0,0,,,,,,,,,,,,,
05-01-2024 01:00,1,4,0,Media,168,6.653476447,1,2.329370311,6.583142048,0,0,1,0,,,,,,,,,,,,,
05-01-2024 01:00,1,4,0,Compute,124,10.27799686,1,1.011405564,6.665059722,1,0,0,0,,,,,,,,,,,,,
05-01-2024 02:00,2,4,0,Web,278,2.903591218,1,1,1,0,0,0,1,,,,,,,,,,,,,
05-01-2024 02:00,2,4,0,Database,240,10.52162125,1,1.307121538,8.378257245,0,1,0,0,,,,,,,,,,,,,
05-01-2024 02:00,2,4,0,Media,215,6.583142048,3.261970716,1,9.692129616,0,0,1,0,,,,,,,,,,,,,
05-01-2024 02:00,2,4,0,Compute,308,6.665059722,1,8.848254048,7.820522429,1,0,0,0,,,,,,,,,,,,,
05-01-2024 03:00,3,4,0,Web,270,1,8.733066893,1,1,0,0,0,1,,,,,,,,,,,,,
05-01-2024 03:00,3,4,0,Database,174,8.378257245,1,1.329099553,8.088080667,0,1,0,0,,,,,,,,,,,,,
05-01-2024 03:00,3,4,0,Media,239,9.692129616,8.291548925,7.073398182,6.542957871,0,0,1,0,,,,,,,,,,,,,
05-01-2024 03:00,3,4,0,Compute,279,7.820522429,1,15.73117717,11.08247571,1,0,0,0,,,,,,,,,,,,,
05-01-2024 04:00,4,4,0,Web,371,1,1.677978318,14.14730968,10.69311817,0,0,0,1,,,,,,,,,,,,,
05-01-2024 04:00,4,4,0,Database,292,8.088080667,5.36971344,15.59785032,15.95945165,0,1,0,0,,,,,,,,,,,,,
05-01-2024 04:00,4,4,0,Media,299,6.542957871,11.91832422,8.750512125,8.938395145,0,0,1,0,,,,,,,,,,,,,
05-01-2024 04:00,4,4,0,Compute,313,11.08247571,8.518511246,9.424432923,14.27849298,1,0,0,0,,,,,,,,,,,,,
05-01-2024 05:00,5,4,0,Web,733,10.69311817,11.19904956,7.005771778,6.717319625,0,0,0,1,,,,,,,,,,,,,
05-01-2024 05:00,5,4,0,Database,446,15.95945165,13.37753288,17.71377413,17.25453533,0,1,0,0,,,,,,,,,,,,,
05-01-2024 05:00,5,4,0,Media,415,8.938395145,30.45226149,4.971450729,16.88075565,0,0,1,0,,,,,,,,,,,,,
05-01-2024 05:00,5,4,0,Compute,430,14.27849298,5.846150592,13.65317734,21.80315331,1,0,0,0,,,,,,,,,,,,,
05-01-2024 06:00,6,4,0,Web,656,6.717319625,27.65800445,12.79130104,13.71650198,0,0,0,1,,,,,,,,,,,,,
05-01-2024 06:00,6,4,0,Database,355,17.25453533,10.09880502,20.56801506,24.15869109,0,1,0,0,,,,,,,,,,,,,
05-01-2024 06:00,6,4,0,Media,378,16.88075565,36.59511303,7.543554734,20.23527781,0,0,1,0,,,,,,,,,,,,,
05-01-2024 06:00,6,4,0,Compute,377,21.80315331,20.67130983,20.73288102,24.95241925,1,0,0,0,,,,,,,,,,,,,
05-01-2024 07:00,7,4,0,Web,785,13.71650198,36.36441384,11.86829256,16.34670981,0,0,0,1,,,,,,,,,,,,,
05-01-2024 07:00,7,4,0,Database,642,24.15869109,7.164114547,21.05457972,25.88278283,0,1,0,0,,,,,,,,,,,,,
05-01-2024 07:00,7,4,0,Media,631,20.23527781,45.64310796,18.11965234,17.77937233,0,0,1,0,,,,,,,,,,,,,
05-01-2024 07:00,7,4,0,Compute,790,24.95241925,28.9914385,22.48639507,26.93769815,1,0,0,0,,,,,,,,,,,,,
05-01-2024 08:00,8,4,0,Web,1050,16.34670981,37.77456814,17.81916194,19.90975556,0,0,0,1,,,,,,,,,,,,,
05-01-2024 08:00,8,4,0,Database,726,25.88278283,10.8920238,24.67611459,29.45105436,0,1,0,0,,,,,,,,,,,,,
05-01-2024 08:00,8,4,0,Media,714,17.77937233,48.57160258,22.28594023,27.28896221,0,0,1,0,,,,,,,,,,,,,
05-01-2024 08:00,8,4,0,Compute,782,26.93769815,23.77337867,28.1096707,36.48674246,1,0,0,0,,,,,,,,,,,,,
05-01-2024 09:00,9,4,0,Web,979,19.90975556,51.14210406,16.99603184,22.52620851,0,0,0,1,,,,,,,,,,,,,
05-01-2024 09:00,9,4,0,Database,748,29.45105436,23.7397378,30.28137907,38.15840457,0,1,0,0,,,,,,,,,,,,,
05-01-2024 09:00,9,4,0,Media,788,27.28896221,59.63735875,26.92345345,34.19141035,0,0,1,0,,,,,,,,,,,,,
05-01-2024 09:00,9,4,0,Compute,689,36.48674246,32.05106008,29.45090528,40.52605313,1,0,0,0,,,,,,,,,,,,,
05-01-2024 10:00,10,4,0,Web,1187,22.52620851,52.23136933,23.40291622,35.71032306,0,0,0,1,,,,,,,,,,,,,
05-01-2024 10:00,10,4,0,Database,792,38.15840457,13.97974484,34.73255748,40.19632892,0,1,0,0,,,,,,,,,,,,,
05-01-2024 10:00,10,4,0,Media,901,34.19141035,78.11884444,33.71838585,41.80251652,0,0,1,0,,,,,,,,,,,,,
05-01-2024 10:00,10,4,0,Compute,964,40.52605313,22.76345361,37.08859786,46.36757484,1,0,0,0,,,,,,,,,,,,,
05-01-2024 11:00,11,4,0,Web,1370,35.71032306,56.61374566,24.28049672,33.33086133,0,0,0,1,,,,,,,,,,,,,
05-01-2024 11:00,11,4,0,Database,899,40.19632892,21.298469,39.06331298,43.10370395,0,1,0,0,,,,,,,,,,,,,
05-01-2024 11:00,11,4,0,Media,1030,41.80251652,93.58587414,27.90577092,35.94891359,0,0,1,0,,,,,,,,,,,,,
05-01-2024 11:00,11,4,0,Compute,1036,46.36757484,34.67414654,39.99006765,51.47316296,1,0,0,0,,,,,,,,,,,,,
05-01-2024 12:00,12,4,0,Web,1385,33.33086133,58.82361222,28.80167427,34.31195058,0,0,0,1,,,,,,,,,,,,,
05-01-2024 12:00,12,4,0,Database,969,43.10370395,34.06200766,34.19778034,42.66332154,0,1,0,0,,,,,,,,,,,,,
05-01-2024 12:00,12,4,0,Media,876,35.94891359,89.02341433,30.26076073,39.45856052,0,0,1,0,,,,,,,,,,,,,
05-01-2024 12:00,12,4,0,Compute,955,51.47316296,32.7595007,51.91039873,58.68713661,1,0,0,0,,,,,,,,,,,,,
05-01-2024 13:00,13,4,0,Web,1453,34.31195058,61.5690951,25.32044178,32.50403208,0,0,0,1,,,,,,,,,,,,,
05-01-2024 13:00,13,4,0,Database,960,42.66332154,26.90526724,39.48219791,50.09439783,0,1,0,0,,,,,,,,,,,,,
05-01-2024 13:00,13,4,0,Media,947,39.45856052,93.14398147,38.11433152,39.66772388,0,0,1,0,,,,,,,,,,,,,
05-01-2024 13:00,13,4,0,Compute,1136,58.68713661,40.35209564,49.83064112,63.47471676,1,0,0,0,,,,,,,,,,,,,
05-01-2024 14:00,14,4,0,Web,1285,32.50403208,53.69200042,24.39054737,31.65985578,0,0,0,1,,,,,,,,,,,,,
05-01-2024 14:00,14,4,0,Database,902,50.09439783,33.69952219,36.1915927,48.30407809,0,1,0,0,,,,,,,,,,,,,
05-01-2024 14:00,14,4,0,Media,912,39.66772388,88.82675039,40.17225325,49.38563654,0,0,1,0,,,,,,,,,,,,,
05-01-2024 14:00,14,4,0,Compute,882,63.47471676,40.80309588,57.49557916,62.37361934,1,0,0,0,,,,,,,,,,,,,
05-01-2024 15:00,15,4,0,Web,1211,31.65985578,63.29253843,23.81056363,33.28975037,0,0,0,1,,,,,,,,,,,,,
05-01-2024 15:00,15,4,0,Database,1011,48.30407809,23.07330116,30.20639858,47.00223675,0,1,0,0,,,,,,,,,,,,,
05-01-2024 15:00,15,4,0,Media,1001,49.38563654,76.01107816,43.26162193,45.67640316,0,0,1,0,,,,,,,,,,,,,
05-01-2024 15:00,15,4,0,Compute,970,62.37361934,37.2809855,42.86080433,58.22840775,1,0,0,0,,,,,,,,,,,,,
05-01-2024 16:00,16,4,0,Web,1246,33.28975037,49.58471289,18.41018344,30.37509513,0,0,0,1,,,,,,,,,,,,,
05-01-2024 16:00,16,4,0,Database,856,47.00223675,23.39154095,34.67289701,43.44327378,0,1,0,0,,,,,,,,,,,,,
05-01-2024 16:00,16,4,0,Media,879,45.67640316,74.77156051,33.03083818,40.29240615,0,0,1,0,,,,,,,,,,,,,
05-01-2024 16:00,16,4,0,Compute,890,58.22840775,34.13932014,40.6020753,45.52227622,1,0,0,0,,,,,,,,,,,,,
05-01-2024 17:00,17,4,0,Web,1103,30.37509513,35.13083065,18.62456808,31.1009767,0,0,0,1,,,,,,,,,,,,,
05-01-2024 17:00,17,4,0,Database,821,43.44327378,20.18936462,34.43800547,39.71446788,0,1,0,0,,,,,,,,,,,,,
05-01-2024 17:00,17,4,0,Media,853,40.29240615,66.19585771,33.91379453,37.62101807,0,0,1,0,,,,,,,,,,,,,
05-01-2024 17:00,17,4,0,Compute,631,45.52227622,33.22279206,44.57195069,46.68827768,1,0,0,0,,,,,,,,,,,,,
05-01-2024 18:00,18,4,0,Web,884,31.1009767,45.55865259,26.9942092,27.70834161,0,0,0,1,,,,,,,,,,,,,
05-01-2024 18:00,18,4,0,Database,633,39.71446788,19.16933603,32.1658934,34.32565318,0,1,0,0,,,,,,,,,,,,,
05-01-2024 18:00,18,4,0,Media,614,37.62101807,57.08667151,29.63633294,32.14316048,0,0,1,0,,,,,,,,,,,,,
05-01-2024 18:00,18,4,0,Compute,721,46.68827768,20.67291998,39.53460609,39.55469453,1,0,0,0,,,,,,,,,,,,,
05-01-2024 19:00,19,4,0,Web,753,27.70834161,22.51313415,22.18185176,21.96004194,0,0,0,1,,,,,,,,,,,,,
05-01-2024 19:00,19,4,0,Database,495,34.32565318,9.408470914,20.07877451,23.46822777,0,1,0,0,,,,,,,,,,,,,
05-01-2024 19:00,19,4,0,Media,569,32.14316048,46.15641011,21.2507651,28.01992469,0,0,1,0,,,,,,,,,,,,,
05-01-2024 19:00,19,4,0,Compute,576,39.55469453,16.54033152,32.41977636,35.90501658,1,0,0,0,,,,,,,,,,,,,
05-01-2024 20:00,20,4,0,Web,631,21.96004194,15.25061836,19.17660494,20.70952642,0,0,0,1,,,,,,,,,,,,,
05-01-2024 20:00,20,4,0,Database,548,23.46822777,16.23820852,22.25635363,19.53682512,0,1,0,0,,,,,,,,,,,,,
05-01-2024 20:00,20,4,0,Media,519,28.01992469,36.74576273,17.84910018,21.98262259,0,0,1,0,,,,,,,,,,,,,
05-01-2024 20:00,20,4,0,Compute,466,35.90501658,12.01458638,28.15832527,29.02422094,1,0,0,0,,,,,,,,,,,,,
05-01-2024 21:00,21,4,0,Web,450,20.70952642,5.858023443,5.066001404,10.96928516,0,0,0,1,,,,,,,,,,,,,
05-01-2024 21:00,21,4,0,Database,458,19.53682512,1,25.62187319,23.43594991,0,1,0,0,,,,,,,,,,,,,
05-01-2024 21:00,21,4,0,Media,457,21.98262259,23.00723715,16.03293857,21.0119747,0,0,1,0,,,,,,,,,,,,,
05-01-2024 21:00,21,4,0,Compute,239,29.02422094,10.99817509,15.34358526,23.05626374,1,0,0,0,,,,,,,,,,,,,
05-01-2024 22:00,22,4,0,Web,250,10.96928516,4.870897256,13.80160368,11.41594468,0,0,0,1,,,,,,,,,,,,,
05-01-2024 22:00,22,4,0,Database,226,23.43594991,1.485428611,6.800234427,9.253986545,0,1,0,0,,,,,,,,,,,,,
05-01-2024 22:00,22,4,0,Media,193,21.0119747,7.801515053,11.00631061,15.0661084,0,0,1,0,,,,,,,,,,,,,
05-01-2024 22:00,22,4,0,Compute,272,23.05626374,5.207734069,19.62429664,20.25005749,1,0,0,0,,,,,,,,,,,,,
05-01-2024 23:00,23,4,0,Web,329,11.41594468,4.755849539,4.063675234,4.628464507,0,0,0,1,,,,,,,,,,,,,
05-01-2024 23:00,23,4,0,Database,216,9.253986545,4.558722482,6.211241986,10.97997153,0,1,0,0,,,,,,,,,,,,,
05-01-2024 23:00,23,4,0,Media,297,15.0661084,1,5.886371644,1.323704506,0,0,1,0,,,,,,,,,,,,,
05-01-2024 23:00,23,4,0,Compute,204,20.25005749,1,12.79843913,16.55010121,1,0,0,0,,,,,,,,,,,,,
06-01-2024 00:00,0,5,1,Web,124,4.628464507,6.258290632,1,8.217834038,0,0,0,1,,,,,,,,,,,,,
06-01-2024 00:00,0,5,1,Database,203,10.97997153,1,1.69637637,4.739807834,0,1,0,0,,,,,,,,,,,,,
06-01-2024 00:00,0,5,1,Media,277,1.323704506,1,1,7.304210363,0,0,1,0,,,,,,,,,,,,,
06-01-2024 00:00,0,5,1,Compute,139,16.55010121,8.430035608,6.827751368,14.38605628,1,0,0,0,,,,,,,,,,,,,
06-01-2024 01:00,1,5,1,Web,197,8.217834038,1,1,2.31865529,0,0,0,1,,,,,,,,,,,,,
06-01-2024 01:00,1,5,1,Database,98,4.739807834,1,1,6.719432538,0,1,0,0,,,,,,,,,,,,,
06-01-2024 01:00,1,5,1,Media,169,7.304210363,1,1,1,0,0,1,0,,,,,,,,,,,,,
06-01-2024 01:00,1,5,1,Compute,130,14.38605628,1.226855045,13.48513914,15.59940338,1,0,0,0,,,,,,,,,,,,,
06-01-2024 02:00,2,5,1,Web,70,2.31865529,1,3.06931935,2.597775094,0,0,0,1,,,,,,,,,,,,,
06-01-2024 02:00,2,5,1,Database,280,6.719432538,1,1.951739377,3.643769318,0,1,0,0,,,,,,,,,,,,,
06-01-2024 02:00,2,5,1,Media,221,1,1,1.555276494,3.104530591,0,0,1,0,,,,,,,,,,,,,
06-01-2024 02:00,2,5,1,Compute,149,15.59940338,1,10.918217,11.72313353,1,0,0,0,,,,,,,,,,,,,
06-01-2024 03:00,3,5,1,Web,213,2.597775094,1,5.596056756,7.69340439,0,0,0,1,,,,,,,,,,,,,
06-01-2024 03:00,3,5,1,Database,240,3.643769318,5.055055831,5.277823134,12.51676231,0,1,0,0,,,,,,,,,,,,,
06-01-2024 03:00,3,5,1,Media,80,3.104530591,6.06065672,12.26150571,7.013146352,0,0,1,0,,,,,,,,,,,,,
06-01-2024 03:00,3,5,1,Compute,245,11.72313353,1,7.516095324,8.696360614,1,0,0,0,,,,,,,,,,,,,
06-01-2024 04:00,4,5,1,Web,242,7.69340439,1.435992596,6.557165099,6.780753478,0,0,0,1,,,,,,,,,,,,,
06-01-2024 04:00,4,5,1,Database,205,12.51676231,5.362655279,7.56925611,7.066301183,0,1,0,0,,,,,,,,,,,,,
06-01-2024 04:00,4,5,1,Media,288,7.013146352,9.868171595,10.14451872,11.52123314,0,0,1,0,,,,,,,,,,,,,
06-01-2024 04:00,4,5,1,Compute,294,8.696360614,14.5854817,7.280022017,11.06271686,1,0,0,0,,,,,,,,,,,,,
06-01-2024 05:00,5,5,1,Web,343,6.780753478,10.25927208,7.535211245,6.822555236,0,0,0,1,,,,,,,,,,,,,
06-01-2024 05:00,5,5,1,Database,207,7.066301183,1,12.46639025,15.10961006,0,1,0,0,,,,,,,,,,,,,
06-01-2024 05:00,5,5,1,Media,415,11.52123314,22.3859142,6.253066782,13.307335,0,0,1,0,,,,,,,,,,,,,
06-01-2024 05:00,5,5,1,Compute,372,11.06271686,6.796488919,18.37570246,14.13509087,1,0,0,0,,,,,,,,,,,,,
06-01-2024 06:00,6,5,1,Web,464,6.822555236,15.72427202,9.533455178,8.477709907,0,0,0,1,,,,,,,,,,,,,
06-01-2024 06:00,6,5,1,Database,379,15.10961006,6.321634665,12.13208237,13.66160348,0,1,0,0,,,,,,,,,,,,,
06-01-2024 06:00,6,5,1,Media,271,13.307335,7.002444207,10.26333158,9.414962431,0,0,1,0,,,,,,,,,,,,,
06-01-2024 06:00,6,5,1,Compute,394,14.13509087,6.426830413,18.92162261,16.10427786,1,0,0,0,,,,,,,,,,,,,
06-01-2024 07:00,7,5,1,Web,612,8.477709907,21.68418265,10.16937567,11.42868595,0,0,0,1,,,,,,,,,,,,,
06-01-2024 07:00,7,5,1,Database,402,13.66160348,10.47296421,13.96451419,21.10506552,0,1,0,0,,,,,,,,,,,,,
06-01-2024 07:00,7,5,1,Media,513,9.414962431,23.18280341,22.05955463,16.93385308,0,0,1,0,,,,,,,,,,,,,
06-01-2024 07:00,7,5,1,Compute,329,16.10427786,14.48961467,17.80837478,17.84306414,1,0,0,0,,,,,,,,,,,,,
06-01-2024 08:00,8,5,1,Web,661,11.42868595,16.53521892,13.04249873,11.7353289,0,0,0,1,,,,,,,,,,,,,
06-01-2024 08:00,8,5,1,Database,594,21.10506552,14.24491208,27.81106297,30.99442163,0,1,0,0,,,,,,,,,,,,,
06-01-2024 08:00,8,5,1,Media,462,16.93385308,28.52363801,9.063491485,13.49925757,0,0,1,0,,,,,,,,,,,,,
06-01-2024 08:00,8,5,1,Compute,386,17.84306414,17.00426644,25.93107789,29.22309155,1,0,0,0,,,,,,,,,,,,,
06-01-2024 09:00,9,5,1,Web,715,11.7353289,26.83831441,17.70488886,16.29021898,0,0,0,1,,,,,,,,,,,,,
06-01-2024 09:00,9,5,1,Database,602,30.99442163,6.465429172,21.22914207,26.58559251,0,1,0,0,,,,,,,,,,,,,
06-01-2024 09:00,9,5,1,Media,401,13.49925757,34.06934982,16.58009615,19.24012869,0,0,1,0,,,,,,,,,,,,,
06-01-2024 09:00,9,5,1,Compute,557,29.22309155,13.4243767,16.59294397,29.66703058,1,0,0,0,,,,,,,,,,,,,
06-01-2024 10:00,10,5,1,Web,847,16.29021898,31.52016231,12.81599678,20.50670171,0,0,0,1,,,,,,,,,,,,,
06-01-2024 10:00,10,5,1,Database,691,26.58559251,13.02407946,25.42466653,30.35977609,0,1,0,0,,,,,,,,,,,,,
06-01-2024 10:00,10,5,1,Media,559,19.24012869,49.23890312,21.64031387,24.54105645,0,0,1,0,,,,,,,,,,,,,
06-01-2024 10:00,10,5,1,Compute,620,29.66703058,24.40872495,29.54170245,34.30980273,1,0,0,0,,,,,,,,,,,,,
06-01-2024 11:00,11,5,1,Web,941,20.50670171,41.30592155,8.967375772,19.05876701,0,0,0,1,,,,,,,,,,,,,
06-01-2024 11:00,11,5,1,Database,668,30.35977609,20.6536001,18.67558445,25.3304264,0,1,0,0,,,,,,,,,,,,,
06-01-2024 11:00,11,5,1,Media,625,24.54105645,45.14625017,26.18533022,24.21388562,0,0,1,0,,,,,,,,,,,,,
06-01-2024 11:00,11,5,1,Compute,583,34.30980273,24.87402002,31.62180153,35.36468447,1,0,0,0,,,,,,,,,,,,,
06-01-2024 12:00,12,5,1,Web,980,19.05876701,34.09061858,20.98089866,22.38042694,0,0,0,1,,,,,,,,,,,,,
06-01-2024 12:00,12,5,1,Database,676,25.3304264,21.55603147,26.77111951,30.4832082,0,1,0,0,,,,,,,,,,,,,
06-01-2024 12:00,12,5,1,Media,716,24.21388562,53.4183536,19.38209943,26.61012161,0,0,1,0,,,,,,,,,,,,,
06-01-2024 12:00,12,5,1,Compute,669,35.36468447,20.97224602,39.98090879,36.65271478,1,0,0,0,,,,,,,,,,,,,
06-01-2024 13:00,13,5,1,Web,953,22.38042694,47.6892256,22.53492665,26.05049294,0,0,0,1,,,,,,,,,,,,,
06-01-2024 13:00,13,5,1,Database,649,30.4832082,16.24237632,24.63638628,32.74306972,0,1,0,0,,,,,,,,,,,,,
06-01-2024 13:00,13,5,1,Media,699,26.61012161,60.29557425,26.68410554,29.89144259,0,0,1,0,,,,,,,,,,,,,
06-01-2024 13:00,13,5,1,Compute,672,36.65271478,25.97118825,41.21761257,35.76667311,1,0,0,0,,,,,,,,,,,,,
06-01-2024 14:00,14,5,1,Web,850,26.05049294,40.06951165,14.46163693,21.44983128,0,0,0,1,,,,,,,,,,,,,
06-01-2024 14:00,14,5,1,Database,642,32.74306972,21.35079448,27.28244113,32.39585391,0,1,0,0,,,,,,,,,,,,,
06-01-2024 14:00,14,5,1,Media,604,29.89144259,56.08479373,21.86681076,24.67014298,0,0,1,0,,,,,,,,,,,,,
06-01-2024 14:00,14,5,1,Compute,698,35.76667311,19.87180528,31.39344948,33.74530601,1,0,0,0,,,,,,,,,,,,,
06-01-2024 15:00,15,5,1,Web,830,21.44983128,36.75556497,21.24946181,18.87626872,0,0,0,1,,,,,,,,,,,,,
06-01-2024 15:00,15,5,1,Database,696,32.39585391,8.248098115,40.76645413,34.72453781,0,1,0,0,,,,,,,,,,,,,
06-01-2024 15:00,15,5,1,Media,588,24.67014298,44.99476966,16.94046533,23.93381626,0,0,1,0,,,,,,,,,,,,,
06-01-2024 15:00,15,5,1,Compute,623,33.74530601,22.65079645,27.63882073,30.93958972,1,0,0,0,,,,,,,,,,,,,
06-01-2024 16:00,16,5,1,Web,853,18.87626872,28.86087738,20.69996723,21.51522331,0,0,0,1,,,,,,,,,,,,,
06-01-2024 16:00,16,5,1,Database,779,34.72453781,10.3520823,18.70165984,30.76658688,0,1,0,0,,,,,,,,,,,,,
06-01-2024 16:00,16,5,1,Media,470,23.93381626,43.7497546,20.22134855,24.36302288,0,0,1,0,,,,,,,,,,,,,
06-01-2024 16:00,16,5,1,Compute,770,30.93958972,15.82991393,31.65020284,33.81859929,1,0,0,0,,,,,,,,,,,,,
06-01-2024 17:00,17,5,1,Web,660,21.51522331,17.71844216,17.15161753,19.36422232,0,0,0,1,,,,,,,,,,,,,
06-01-2024 17:00,17,5,1,Database,545,30.76658688,9.433047938,22.22443686,27.15886297,0,1,0,0,,,,,,,,,,,,,
06-01-2024 17:00,17,5,1,Media,516,24.36302288,43.52395791,19.24185151,22.21017814,0,0,1,0,,,,,,,,,,,,,
06-01-2024 17:00,17,5,1,Compute,646,33.81859929,20.18827837,23.48124087,29.77160665,1,0,0,0,,,,,,,,,,,,,
06-01-2024 18:00,18,5,1,Web,702,19.36422232,27.55666952,16.57923432,15.78548284,0,0,0,1,,,,,,,,,,,,,
06-01-2024 18:00,18,5,1,Database,605,27.15886297,11.39886245,21.41427612,29.27051844,0,1,0,0,,,,,,,,,,,,,
06-01-2024 18:00,18,5,1,Media,503,22.21017814,26.5603042,14.3644927,19.95475809,0,0,1,0,,,,,,,,,,,,,
06-01-2024 18:00,18,5,1,Compute,509,29.77160665,11.13561083,21.36709224,24.73308037,1,0,0,0,,,,,,,,,,,,,
06-01-2024 19:00,19,5,1,Web,472,15.78548284,20.89640986,13.48056203,15.14926579,0,0,0,1,,,,,,,,,,,,,
06-01-2024 19:00,19,5,1,Database,614,29.27051844,3.612193356,21.36240054,22.8494982,0,1,0,0,,,,,,,,,,,,,
06-01-2024 19:00,19,5,1,Media,337,19.95475809,21.78027964,15.29268206,22.33717786,0,0,1,0,,,,,,,,,,,,,
06-01-2024 19:00,19,5,1,Compute,436,24.73308037,10.47513391,15.6957629,22.71269285,1,0,0,0,,,,,,,,,,,,,
06-01-2024 20:00,20,5,1,Web,565,15.14926579,18.05422529,3.029271069,10.12230707,0,0,0,1,,,,,,,,,,,,,
06-01-2024 20:00,20,5,1,Database,417,22.8494982,2.947511812,7.360563841,16.10497871,0,1,0,0,,,,,,,,,,,,,
06-01-2024 20:00,20,5,1,Media,373,22.33717786,19.58928637,12.5008171,19.58487647,0,0,1,0,,,,,,,,,,,,,
06-01-2024 20:00,20,5,1,Compute,431,22.71269285,2.981918598,14.79340135,12.53912551,1,0,0,0,,,,,,,,,,,,,
06-01-2024 21:00,21,5,1,Web,406,10.12230707,11.7546219,13.17462785,10.39562622,0,0,0,1,,,,,,,,,,,,,
06-01-2024 21:00,21,5,1,Database,129,16.10497871,3.525100569,10.45269141,11.64690694,0,1,0,0,,,,,,,,,,,,,
06-01-2024 21:00,21,5,1,Media,358,19.58487647,12.42862529,15.87597791,15.81431878,0,0,1,0,,,,,,,,,,,,,
06-01-2024 21:00,21,5,1,Compute,172,12.53912551,1,12.85855958,13.16833763,1,0,0,0,,,,,,,,,,,,,
06-01-2024 22:00,22,5,1,Web,355,10.39562622,1,9.900916227,11.05111567,0,0,0,1,,,,,,,,,,,,,
06-01-2024 22:00,22,5,1,Database,168,11.64690694,1,11.91376369,16.58813513,0,1,0,0,,,,,,,,,,,,,
06-01-2024 22:00,22,5,1,Media,369,15.81431878,9.292910284,13.65593127,10.86608154,0,0,1,0,,,,,,,,,,,,,
06-01-2024 22:00,22,5,1,Compute,306,13.16833763,14.90187087,14.30265832,13.54435891,1,0,0,0,,,,,,,,,,,,,
06-01-2024 23:00,23,5,1,Web,325,11.05111567,8.118946572,4.061322127,2.676089489,0,0,0,1,,,,,,,,,,,,,
06-01-2024 23:00,23,5,1,Database,328,16.58813513,5.844483364,12.63556473,9.383278767,0,1,0,0,,,,,,,,,,,,,
06-01-2024 23:00,23,5,1,Media,437,10.86608154,2.086718856,3.11435069,6.051709406,0,0,1,0,,,,,,,,,,,,,
06-01-2024 23:00,23,5,1,Compute,192,13.54435891,1,1,8.162953118,1,0,0,0,,,,,,,,,,,,,
07-01-2024 00:00,0,6,1,Web,241,2.676089489,1,10.43547862,3.169357508,0,0,0,1,,,,,,,,,,,,,
07-01-2024 00:00,0,6,1,Database,311,9.383278767,1.702875333,10.70239883,8.702081872,0,1,0,0,,,,,,,,,,,,,
07-01-2024 00:00,0,6,1,Media,317,6.051709406,2.751667358,7.47271711,6.456746209,0,0,1,0,,,,,,,,,,,,,
07-01-2024 00:00,0,6,1,Compute,185,8.162953118,1,17.11767835,9.623686312,1,0,0,0,,,,,,,,,,,,,
07-01-2024 01:00,1,6,1,Web,233,3.169357508,1,11.62933792,8.31567623,0,0,0,1,,,,,,,,,,,,,
07-01-2024 01:00,1,6,1,Database,10,8.702081872,7.349686155,1,8.975628924,0,1,0,0,,,,,,,,,,,,,
07-01-2024 01:00,1,6,1,Media,213,6.456746209,1,4.137782767,9.113208612,0,0,1,0,,,,,,,,,,,,,
07-01-2024 01:00,1,6,1,Compute,220,9.623686312,1,5.093181265,8.305111258,1,0,0,0,,,,,,,,,,,,,
07-01-2024 02:00,2,6,1,Web,433,8.31567623,4.833019585,11.47611634,8.562496372,0,0,0,1,,,,,,,,,,,,,
07-01-2024 02:00,2,6,1,Database,326,8.975628924,1,1,7.245693154,0,1,0,0,,,,,,,,,,,,,
07-01-2024 02:00,2,6,1,Media,273,9.113208612,1,2.817702707,4.144901775,0,0,1,0,,,,,,,,,,,,,
07-01-2024 02:00,2,6,1,Compute,328,8.305111258,3.51689665,11.69491493,10.69264994,1,0,0,0,,,,,,,,,,,,,
07-01-2024 03:00,3,6,1,Web,245,8.562496372,1,1.538739923,7.387621465,0,0,0,1,,,,,,,,,,,,,
07-01-2024 03:00,3,6,1,Database,244,7.245693154,9.062450446,12.74159417,9.299453992,0,1,0,0,,,,,,,,,,,,,
07-01-2024 03:00,3,6,1,Media,357,4.144901775,6.018985577,1.674186419,3.627348893,0,0,1,0,,,,,,,,,,,,,
07-01-2024 03:00,3,6,1,Compute,434,10.69264994,1,16.85391652,14.56038573,1,0,0,0,,,,,,,,,,,,,
07-01-2024 04:00,4,6,1,Web,234,7.387621465,4.079896184,4.04691445,9.940658243,0,0,0,1,,,,,,,,,,,,,
07-01-2024 04:00,4,6,1,Database,261,9.299453992,1,11.43443537,15.12144068,0,1,0,0,,,,,,,,,,,,,
07-01-2024 04:00,4,6,1,Media,310,3.627348893,7.474593404,5.000399824,5.682206736,0,0,1,0,,,,,,,,,,,,,
07-01-2024 04:00,4,6,1,Compute,248,14.56038573,1,6.766750687,15.17436494,1,0,0,0,,,,,,,,,,,,,
07-01-2024 05:00,5,6,1,Web,434,9.940658243,12.34277672,1,7.767910235,0,0,0,1,,,,,,,,,,,,,
07-01-2024 05:00,5,6,1,Database,409,15.12144068,8.029848733,3.733935972,13.62037455,0,1,0,0,,,,,,,,,,,,,
07-01-2024 05:00,5,6,1,Media,187,5.682206736,7.700803571,5.712551788,10.89694951,0,0,1,0,,,,,,,,,,,,,
07-01-2024 05:00,5,6,1,Compute,284,15.17436494,8.943516391,9.87031078,14.64369857,1,0,0,0,,,,,,,,,,,,,
07-01-2024 06:00,6,6,1,Web,431,7.767910235,9.853471155,12.71488604,13.63552162,0,0,0,1,,,,,,,,,,,,,
07-01-2024 06:00,6,6,1,Database,308,13.62037455,4.897690858,10.27218276,10.71676476,0,1,0,0,,,,,,,,,,,,,
07-01-2024 06:00,6,6,1,Media,188,10.89694951,27.89027374,6.273423604,11.6206585,0,0,1,0,,,,,,,,,,,,,
07-01-2024 06:00,6,6,1,Compute,241,14.64369857,15.67798725,15.78026114,13.34162656,1,0,0,0,,,,,,,,,,,,,
07-01-2024 07:00,7,6,1,Web,500,13.63552162,6.364501015,12.67567108,12.01262294,0,0,0,1,,,,,,,,,,,,,
07-01-2024 07:00,7,6,1,Database,291,10.71676476,6.821349559,20.2560046,16.53699099,0,1,0,0,,,,,,,,,,,,,
07-01-2024 07:00,7,6,1,Media,448,11.6206585,24.11575763,24.49809151,18.90653244,0,0,1,0,,,,,,,,,,,,,
07-01-2024 07:00,7,6,1,Compute,438,13.34162656,17.13790535,15.67253936,25.6015723,1,0,0,0,,,,,,,,,,,,,
07-01-2024 08:00,8,6,1,Web,571,12.01262294,17.86868481,12.25348499,15.55760139,0,0,0,1,,,,,,,,,,,,,
07-01-2024 08:00,8,6,1,Database,423,16.53699099,10.68069039,22.77508851,22.10933082,0,1,0,0,,,,,,,,,,,,,
07-01-2024 08:00,8,6,1,Media,507,18.90653244,37.68657676,14.07962605,21.13658957,0,0,1,0,,,,,,,,,,,,,
07-01-2024 08:00,8,6,1,Compute,567,25.6015723,12.81541953,27.23112325,33.80651766,1,0,0,0,,,,,,,,,,,,,
07-01-2024 09:00,9,6,1,Web,801,15.55760139,24.98418662,15.04810731,20.22171285,0,0,0,1,,,,,,,,,,,,,
07-01-2024 09:00,9,6,1,Database,603,22.10933082,13.94796384,17.45700703,22.46957998,0,1,0,0,,,,,,,,,,,,,
07-01-2024 09:00,9,6,1,Media,639,21.13658957,30.91701266,9.732760965,20.12035155,0,0,1,0,,,,,,,,,,,,,
07-01-2024 09:00,9,6,1,Compute,459,33.80651766,12.05559923,22.08686429,26.71212626,1,0,0,0,,,,,,,,,,,,,
07-01-2024 10:00,10,6,1,Web,758,20.22171285,37.34044372,13.54318869,18.00614133,0,0,0,1,,,,,,,,,,,,,
07-01-2024 10:00,10,6,1,Database,662,22.46957998,13.19779775,21.14664585,27.04794232,0,1,0,0,,,,,,,,,,,,,
07-01-2024 10:00,10,6,1,Media,635,20.12035155,46.27428687,17.713166,25.11016003,0,0,1,0,,,,,,,,,,,,,
07-01-2024 10:00,10,6,1,Compute,447,26.71212626,19.08493824,30.0360342,31.74992615,1,0,0,0,,,,,,,,,,,,,
07-01-2024 11:00,11,6,1,Web,1017,18.00614133,33.40933353,16.34272941,18.20349147,0,0,0,1,,,,,,,,,,,,,
07-01-2024 11:00,11,6,1,Database,639,27.04794232,21.03402235,25.33593539,29.30295914,0,1,0,0,,,,,,,,,,,,,
07-01-2024 11:00,11,6,1,Media,758,25.11016003,46.87385117,25.26402008,25.88559505,0,0,1,0,,,,,,,,,,,,,
07-01-2024 11:00,11,6,1,Compute,709,31.74992615,33.44550923,31.39653387,31.80458133,1,0,0,0,,,,,,,,,,,,,
07-01-2024 12:00,12,6,1,Web,897,18.20349147,41.54604054,10.55196373,14.99324172,0,0,0,1,,,,,,,,,,,,,
07-01-2024 12:00,12,6,1,Database,716,29.30295914,20.11559963,31.15008112,31.90047964,0,1,0,0,,,,,,,,,,,,,
07-01-2024 12:00,12,6,1,Media,769,25.88559505,54.87397773,31.29242045,29.65366898,0,0,1,0,,,,,,,,,,,,,
07-01-2024 12:00,12,6,1,Compute,744,31.80458133,32.12494812,26.71665533,34.26176304,1,0,0,0,,,,,,,,,,,,,
07-01-2024 13:00,13,6,1,Web,937,14.99324172,33.06742175,20.39596937,23.41295213,0,0,0,1,,,,,,,,,,,,,
07-01-2024 13:00,13,6,1,Database,680,31.90047964,9.442634201,33.18909697,36.43310196,0,1,0,0,,,,,,,,,,,,,
07-01-2024 13:00,13,6,1,Media,662,29.65366898,44.99760654,27.58606638,33.46029862,0,0,1,0,,,,,,,,,,,,,
07-01-2024 13:00,13,6,1,Compute,831,34.26176304,22.14291132,32.20067411,38.21261829,1,0,0,0,,,,,,,,,,,,,
07-01-2024 14:00,14,6,1,Web,994,23.41295213,38.0976413,22.65321978,21.24728716,0,0,0,1,,,,,,,,,,,,,
07-01-2024 14:00,14,6,1,Database,691,36.43310196,22.92153304,27.66702397,33.37281897,0,1,0,0,,,,,,,,,,,,,
07-01-2024 14:00,14,6,1,Media,602,33.46029862,56.23618895,22.79256419,23.92329847,0,0,1,0,,,,,,,,,,,,,
07-01-2024 14:00,14,6,1,Compute,710,38.21261829,27.52852344,31.0249263,38.0083386,1,0,0,0,,,,,,,,,,,,,
07-01-2024 15:00,15,6,1,Web,868,21.24728716,43.69165576,15.91916445,20.19615258,0,0,0,1,,,,,,,,,,,,,
07-01-2024 15:00,15,6,1,Database,509,33.37281897,16.25306194,21.10109104,32.72650912,0,1,0,0,,,,,,,,,,,,,
07-01-2024 15:00,15,6,1,Media,613,23.92329847,48.48249559,17.99561403,19.3405455,0,0,1,0,,,,,,,,,,,,,
07-01-2024 15:00,15,6,1,Compute,479,38.0083386,29.84292656,38.1878085,38.17386328,1,0,0,0,,,,,,,,,,,,,
07-01-2024 16:00,16,6,1,Web,843,20.19615258,39.13983999,22.70378232,20.46018333,0,0,0,1,,,,,,,,,,,,,
07-01-2024 16:00,16,6,1,Database,700,32.72650912,17.56154175,23.53367694,26.73917356,0,1,0,0,,,,,,,,,,,,,
07-01-2024 16:00,16,6,1,Media,464,19.3405455,49.29156392,29.97713309,24.57078328,0,0,1,0,,,,,,,,,,,,,
07-01-2024 16:00,16,6,1,Compute,727,38.17386328,22.39163832,29.05674547,34.52896325,1,0,0,0,,,,,,,,,,,,,
07-01-2024 17:00,17,6,1,Web,674,20.46018333,33.86171171,18.74913046,16.09872027,0,0,0,1,,,,,,,,,,,,,
07-01-2024 17:00,17,6,1,Database,480,26.73917356,15.19904287,24.31388143,29.0137898,0,1,0,0,,,,,,,,,,,,,
07-01-2024 17:00,17,6,1,Media,596,24.57078328,47.55080998,22.24025795,25.77574722,0,0,1,0,,,,,,,,,,,,,
07-01-2024 17:00,17,6,1,Compute,584,34.52896325,28.79329505,24.46602422,32.70479363,1,0,0,0,,,,,,,,,,,,,
07-01-2024 18:00,18,6,1,Web,690,16.09872027,18.5452327,9.216352519,18.4107009,0,0,0,1,,,,,,,,,,,,,
07-01-2024 18:00,18,6,1,Database,601,29.0137898,16.52082105,13.81584773,25.25996078,0,1,0,0,,,,,,,,,,,,,
07-01-2024 18:00,18,6,1,Media,458,25.77574722,35.01164765,21.21683101,25.37432203,0,0,1,0,,,,,,,,,,,,,
07-01-2024 18:00,18,6,1,Compute,596,32.70479363,14.12333644,17.34573317,25.07896518,1,0,0,0,,,,,,,,,,,,,
07-01-2024 19:00,19,6,1,Web,626,18.4107009,22.11860464,2.771398547,11.11004347,0,0,0,1,,,,,,,,,,,,,
07-01-2024 19:00,19,6,1,Database,391,25.25996078,5.605103428,9.435323725,19.83831216,0,1,0,0,,,,,,,,,,,,,
07-01-2024 19:00,19,6,1,Media,439,25.37432203,35.2868806,15.3895863,21.73471408,0,0,1,0,,,,,,,,,,,,,
07-01-2024 19:00,19,6,1,Compute,385,25.07896518,13.05730076,24.01682621,21.02046589,1,0,0,0,,,,,,,,,,,,,
07-01-2024 20:00,20,6,1,Web,422,11.11004347,20.67227129,14.81761479,11.06508292,0,0,0,1,,,,,,,,,,,,,
07-01-2024 20:00,20,6,1,Database,312,19.83831216,1.739428041,14.88409845,17.08643663,0,1,0,0,,,,,,,,,,,,,
07-01-2024 20:00,20,6,1,Media,373,21.73471408,26.04901092,18.12106883,15.95321284,0,0,1,0,,,,,,,,,,,,,
07-01-2024 20:00,20,6,1,Compute,351,21.02046589,5.968229214,18.48247886,18.61801135,1,0,0,0,,,,,,,,,,,,,
07-01-2024 21:00,21,6,1,Web,427,11.06508292,4.215816436,4.305824266,9.627551268,0,0,0,1,,,,,,,,,,,,,
07-01-2024 21:00,21,6,1,Database,435,17.08643663,1.931818696,18.27215939,13.77734472,0,1,0,0,,,,,,,,,,,,,
07-01-2024 21:00,21,6,1,Media,343,15.95321284,4.010927501,12.52933639,19.71633338,0,0,1,0,,,,,,,,,,,,,
07-01-2024 21:00,21,6,1,Compute,422,18.61801135,3.070408948,11.45513874,13.57407552,1,0,0,0,,,,,,,,,,,,,
07-01-2024 22:00,22,6,1,Web,326,9.627551268,7.521154571,3.770201807,5.282308422,0,0,0,1,,,,,,,,,,,,,
07-01-2024 22:00,22,6,1,Database,189,13.77734472,1,6.568104923,9.361925009,0,1,0,0,,,,,,,,,,,,,
07-01-2024 22:00,22,6,1,Media,236,19.71633338,6.551234443,8.736026065,12.15790804,0,0,1,0,,,,,,,,,,,,,
07-01-2024 22:00,22,6,1,Compute,268,13.57407552,10.69460925,11.76535523,10.58953526,1,0,0,0,,,,,,,,,,,,,
07-01-2024 23:00,23,6,1,Web,211,5.282308422,4.238979457,5.357456654,7.430500324,0,0,0,1,,,,,,,,,,,,,
07-01-2024 23:00,23,6,1,Database,357,9.361925009,3.475749523,1.731483688,10.38251982,0,1,0,0,,,,,,,,,,,,,
07-01-2024 23:00,23,6,1,Media,330,12.15790804,1,10.74843954,7.959882729,0,0,1,0,,,,,,,,,,,,,
07-01-2024 23:00,23,6,1,Compute,113,10.58953526,1,1.91423715,10.51781651,1,0,0,0,,,,,,,,,,,,,
08-01-2024 00:00,0,0,0,Web,323,7.430500324,1,1,1,0,0,0,1,,,,,,,,,,,,,
08-01-2024 00:00,0,0,0,Database,208,10.38251982,5.282854251,11.78892118,7.285147833,0,1,0,0,,,,,,,,,,,,,
08-01-2024 00:00,0,0,0,Media,253,7.959882729,1,7.851752633,7.38686297,0,0,1,0,,,,,,,,,,,,,
08-01-2024 00:00,0,0,0,Compute,282,10.51781651,6.612195985,8.362165993,5.906656491,1,0,0,0,,,,,,,,,,,,,
08-01-2024 01:00,1,0,0,Web,216,1,1,4.551896333,3.471360823,0,0,0,1,,,,,,,,,,,,,
08-01-2024 01:00,1,0,0,Database,224,7.285147833,3.532662564,5.519028768,6.731224965,0,1,0,0,,,,,,,,,,,,,
08-01-2024 01:00,1,0,0,Media,194,7.38686297,1,1.921570213,2.926095173,0,0,1,0,,,,,,,,,,,,,
08-01-2024 01:00,1,0,0,Compute,209,5.906656491,1,10.92553507,7.962422225,1,0,0,0,,,,,,,,,,,,,
08-01-2024 02:00,2,0,0,Web,234,3.471360823,1.920458615,1,8.870963756,0,0,0,1,,,,,,,,,,,,,
08-01-2024 02:00,2,0,0,Database,166,6.731224965,1,1.784511812,6.357343324,0,1,0,0,,,,,,,,,,,,,
08-01-2024 02:00,2,0,0,Media,360,2.926095173,1,1,1.898234055,0,0,1,0,,,,,,,,,,,,,
08-01-2024 02:00,2,0,0,Compute,351,7.962422225,1,6.03182709,7.216921566,1,0,0,0,,,,,,,,,,,,,
08-01-2024 03:00,3,0,0,Web,204,8.870963756,10.97959249,15.58705215,6.769503207,0,0,0,1,,,,,,,,,,,,,
08-01-2024 03:00,3,0,0,Database,185,6.357343324,1,5.932243235,10.89215803,0,1,0,0,,,,,,,,,,,,,
08-01-2024 03:00,3,0,0,Media,335,1.898234055,3.679530584,12.90817899,10.2634941,0,0,1,0,,,,,,,,,,,,,
08-01-2024 03:00,3,0,0,Compute,240,7.216921566,1,12.16129347,12.46506978,1,0,0,0,,,,,,,,,,,,,
08-01-2024 04:00,4,0,0,Web,246,6.769503207,2.798855119,12.03323114,9.079050096,0,0,0,1,,,,,,,,,,,,,
08-01-2024 04:00,4,0,0,Database,368,10.89215803,8.753275781,14.54421592,13.58073279,0,1,0,0,,,,,,,,,,,,,
08-01-2024 04:00,4,0,0,Media,261,10.2634941,17.62583143,3.10961761,6.169053779,0,0,1,0,,,,,,,,,,,,,
08-01-2024 04:00,4,0,0,Compute,273,12.46506978,14.62110215,3.174881734,12.30621541,1,0,0,0,,,,,,,,,,,,,
08-01-2024 05:00,5,0,0,Web,566,9.079050096,17.88354181,15.73218444,13.95445047,0,0,0,1,,,,,,,,,,,,,
08-01-2024 05:00,5,0,0,Database,380,13.58073279,20.67370377,11.91429979,16.02889088,0,1,0,0,,,,,,,,,,,,,
08-01-2024 05:00,5,0,0,Media,444,6.169053779,17.44565541,11.5527199,11.40086212,0,0,1,0,,,,,,,,,,,,,
08-01-2024 05:00,5,0,0,Compute,520,12.30621541,15.32988815,15.68368631,16.09334657,1,0,0,0,,,,,,,,,,,,,
08-01-2024 06:00,6,0,0,Web,675,13.95445047,21.95322316,13.52447042,15.86030833,0,0,0,1,,,,,,,,,,,,,
08-01-2024 06:00,6,0,0,Database,450,16.02889088,10.57503116,22.5633781,19.58237247,0,1,0,0,,,,,,,,,,,,,
08-01-2024 06:00,6,0,0,Media,433,11.40086212,36.73117614,17.83765851,15.80726563,0,0,1,0,,,,,,,,,,,,,
08-01-2024 06:00,6,0,0,Compute,541,16.09334657,11.60581347,21.49667558,22.59203023,1,0,0,0,,,,,,,,,,,,,
08-01-2024 07:00,7,0,0,Web,779,15.86030833,25.09045077,22.09042768,21.87449055,0,0,0,1,,,,,,,,,,,,,
08-01-2024 07:00,7,0,0,Database,531,19.58237247,5.422174178,29.19297414,26.22169958,0,1,0,0,,,,,,,,,,,,,
08-01-2024 07:00,7,0,0,Media,622,15.80726563,43.17785791,12.61280948,17.82368641,0,0,1,0,,,,,,,,,,,,,
08-01-2024 07:00,7,0,0,Compute,566,22.59203023,17.32372217,23.86845502,28.04661974,1,0,0,0,,,,,,,,,,,,,
08-01-2024 08:00,8,0,0,Web,838,21.87449055,41.9804429,24.87344254,25.71994573,0,0,0,1,,,,,,,,,,,,,
08-01-2024 08:00,8,0,0,Database,580,26.22169958,13.72627533,30.35320784,32.52857931,0,1,0,0,,,,,,,,,,,,,
08-01-2024 08:00,8,0,0,Media,704,17.82368641,66.26933721,29.12960459,25.60117878,0,0,1,0,,,,,,,,,,,,,
08-01-2024 08:00,8,0,0,Compute,570,28.04661974,30.07974737,33.01844906,43.15217876,1,0,0,0,,,,,,,,,,,,,
08-01-2024 09:00,9,0,0,Web,1177,25.71994573,44.46233128,22.43079956,24.06791575,0,0,0,1,,,,,,,,,,,,,
08-01-2024 09:00,9,0,0,Database,844,32.52857931,22.87699772,36.82964542,37.69916174,0,1,0,0,,,,,,,,,,,,,
08-01-2024 09:00,9,0,0,Media,786,25.60117878,71.15906697,31.59429814,34.43848739,0,0,1,0,,,,,,,,,,,,,
08-01-2024 09:00,9,0,0,Compute,746,43.15217876,26.89589307,32.28352932,40.65225635,1,0,0,0,,,,,,,,,,,,,
08-01-2024 10:00,10,0,0,Web,1287,24.06791575,58.36779853,26.49437886,31.89988238,0,0,0,1,,,,,,,,,,,,,
08-01-2024 10:00,10,0,0,Database,992,37.69916174,33.48348496,32.66056405,42.29191899,0,1,0,0,,,,,,,,,,,,,
08-01-2024 10:00,10,0,0,Media,877,34.43848739,72.37085352,29.69553003,36.53405898,0,0,1,0,,,,,,,,,,,,,
08-01-2024 10:00,10,0,0,Compute,765,40.65225635,49.43979177,38.33754824,48.78959112,1,0,0,0,,,,,,,,,,,,,
08-01-2024 11:00,11,0,0,Web,1232,31.89988238,63.62732951,26.64432248,28.94560896,0,0,0,1,,,,,,,,,,,,,
08-01-2024 11:00,11,0,0,Database,951,42.29191899,24.60282333,32.51597638,46.92960712,0,1,0,0,,,,,,,,,,,,,
08-01-2024 11:00,11,0,0,Media,860,36.53405898,72.75700506,28.63668306,33.13972015,0,0,1,0,,,,,,,,,,,,,
08-01-2024 11:00,11,0,0,Compute,840,48.78959112,39.30255059,39.32298927,50.17427367,1,0,0,0,,,,,,,,,,,,,
08-01-2024 12:00,12,0,0,Web,1404,28.94560896,64.68183874,33.42632935,35.78446402,0,0,0,1,,,,,,,,,,,,,
08-01-2024 12:00,12,0,0,Database,986,46.92960712,30.19717088,43.57376892,48.85613425,0,1,0,0,,,,,,,,,,,,,
08-01-2024 12:00,12,0,0,Media,954,33.13972015,90.57474633,29.30822733,38.32760109,0,0,1,0,,,,,,,,,,,,,
08-01-2024 12:00,12,0,0,Compute,978,50.17427367,33.26652289,41.50062595,51.94071204,1,0,0,0,,,,,,,,,,,,,
08-01-2024 13:00,13,0,0,Web,1478,35.78446402,64.04273875,26.66597358,35.43196901,0,0,0,1,,,,,,,,,,,,,
08-01-2024 13:00,13,0,0,Database,955,48.85613425,27.31451505,42.11774109,44.74453168,0,1,0,0,,,,,,,,,,,,,
08-01-2024 13:00,13,0,0,Media,967,38.32760109,90.10018645,39.59498117,41.20544033,0,0,1,0,,,,,,,,,,,,,
08-01-2024 13:00,13,0,0,Compute,904,51.94071204,49.43961986,46.18432877,56.61680902,1,0,0,0,,,,,,,,,,,,,
08-01-2024 14:00,14,0,0,Web,1379,35.43196901,68.70076375,25.2460785,28.01955131,0,0,0,1,,,,,,,,,,,,,
08-01-2024 14:00,14,0,0,Database,1112,44.74453168,34.04964937,40.87943768,52.89232755,0,1,0,0,,,,,,,,,,,,,
08-01-2024 14:00,14,0,0,Media,928,41.20544033,85.24438336,30.62028318,42.01422694,0,0,1,0,,,,,,,,,,,,,
08-01-2024 14:00,14,0,0,Compute,932,56.61680902,40.70261517,52.70392951,58.23653297,1,0,0,0,,,,,,,,,,,,,
08-01-2024 15:00,15,0,0,Web,1211,28.01955131,60.3291409,23.20637609,30.81275532,0,0,0,1,,,,,,,,,,,,,
08-01-2024 15:00,15,0,0,Database,1040,52.89232755,14.29271545,40.35644026,51.03213876,0,1,0,0,,,,,,,,,,,,,
08-01-2024 15:00,15,0,0,Media,805,42.01422694,80.21752008,36.18579377,44.45978062,0,0,1,0,,,,,,,,,,,,,
08-01-2024 15:00,15,0,0,Compute,1077,58.23653297,35.85349262,49.34940468,57.94307035,1,0,0,0,,,,,,,,,,,,,
08-01-2024 16:00,16,0,0,Web,1213,30.81275532,53.32554056,33.03887336,31.33962851,0,0,0,1,,,,,,,,,,,,,
08-01-2024 16:00,16,0,0,Database,940,51.03213876,29.38091118,36.46365629,48.40277682,0,1,0,0,,,,,,,,,,,,,
08-01-2024 16:00,16,0,0,Media,859,44.45978062,71.7292171,17.93303278,31.11260111,0,0,1,0,,,,,,,,,,,,,
08-01-2024 16:00,16,0,0,Compute,925,57.94307035,43.89685304,44.55929192,51.55508834,1,0,0,0,,,,,,,,,,,,,
08-01-2024 17:00,17,0,0,Web,998,31.33962851,41.31863442,25.3387081,28.37760707,0,0,0,1,,,,,,,,,,,,,
08-01-2024 17:00,17,0,0,Database,802,48.40277682,19.09192724,36.38909414,36.1758462,0,1,0,0,,,,,,,,,,,,,
08-01-2024 17:00,17,0,0,Media,962,31.11260111,67.23348566,31.67833247,32.43072731,0,0,1,0,,,,,,,,,,,,,
08-01-2024 17:00,17,0,0,Compute,797,51.55508834,31.58999347,37.99267719,44.13668409,1,0,0,0,,,,,,,,,,,,,
08-01-2024 18:00,18,0,0,Web,892,28.37760707,49.2628917,18.4959399,24.63098278,0,0,0,1,,,,,,,,,,,,,
08-01-2024 18:00,18,0,0,Database,696,36.1758462,20.17872388,32.16015995,38.75605797,0,1,0,0,,,,,,,,,,,,,
08-01-2024 18:00,18,0,0,Media,597,32.43072731,64.57687618,24.86358167,28.26052116,0,0,1,0,,,,,,,,,,,,,
08-01-2024 18:00,18,0,0,Compute,721,44.13668409,33.3133876,39.83038012,43.84407492,1,0,0,0,,,,,,,,,,,,,
08-01-2024 19:00,19,0,0,Web,795,24.63098278,26.16769083,22.13756694,28.32841383,0,0,0,1,,,,,,,,,,,,,
08-01-2024 19:00,19,0,0,Database,503,38.75605797,13.32939633,35.30756552,37.68208851,0,1,0,0,,,,,,,,,,,,,
08-01-2024 19:00,19,0,0,Media,699,28.26052116,37.26083584,30.9234857,27.12820685,0,0,1,0,,,,,,,,,,,,,
08-01-2024 19:00,19,0,0,Compute,578,43.84407492,25.30163602,20.64270569,33.57345458,1,0,0,0,,,,,,,,,,,,,
08-01-2024 20:00,20,0,0,Web,623,28.32841383,20.46921019,27.61997813,21.38928281,0,0,0,1,,,,,,,,,,,,,
08-01-2024 20:00,20,0,0,Database,462,37.68208851,8.284149197,26.64408689,26.70011468,0,1,0,0,,,,,,,,,,,,,
08-01-2024 20:00,20,0,0,Media,445,27.12820685,23.12950166,22.30518535,24.45956241,0,0,1,0,,,,,,,,,,,,,
08-01-2024 20:00,20,0,0,Compute,398,33.57345458,11.01263944,29.01029229,32.23832842,1,0,0,0,,,,,,,,,,,,,
08-01-2024 21:00,21,0,0,Web,486,21.38928281,8.208683026,15.49065955,14.76203072,0,0,0,1,,,,,,,,,,,,,
08-01-2024 21:00,21,0,0,Database,332,26.70011468,10.35929591,17.12672322,20.61889593,0,1,0,0,,,,,,,,,,,,,
08-01-2024 21:00,21,0,0,Media,301,24.45956241,24.93409274,20.03716961,18.43627663,0,0,1,0,,,,,,,,,,,,,
08-01-2024 21:00,21,0,0,Compute,411,32.23832842,9.640007038,16.01673699,22.7719313,1,0,0,0,,,,,,,,,,,,,
08-01-2024 22:00,22,0,0,Web,476,14.76203072,6.325561121,5.262484284,10.37847087,0,0,0,1,,,,,,,,,,,,,
08-01-2024 22:00,22,0,0,Database,333,20.61889593,7.007617086,13.75387579,13.89725019,0,1,0,0,,,,,,,,,,,,,
08-01-2024 22:00,22,0,0,Media,388,18.43627663,8.508999526,18.71717002,17.33380603,0,0,1,0,,,,,,,,,,,,,
08-01-2024 22:00,22,0,0,Compute,244,22.7719313,1,12.42238295,16.73774633,1,0,0,0,,,,,,,,,,,,,
08-01-2024 23:00,23,0,0,Web,245,10.37847087,2.440290456,2.776658197,6.428293125,0,0,0,1,,,,,,,,,,,,,
08-01-2024 23:00,23,0,0,Database,347,13.89725019,2.862159873,19.60454388,11.43212656,0,1,0,0,,,,,,,,,,,,,
08-01-2024 23:00,23,0,0,Media,230,17.33380603,8.205126616,10.08229904,10.6545072,0,0,1,0,,,,,,,,,,,,,
08-01-2024 23:00,23,0,0,Compute,419,16.73774633,3.718244912,11.98719947,10.06001792,1,0,0,0,,,,,,,,,,,,,
09-01-2024 00:00,0,1,0,Web,94,6.428293125,1,11.91512271,8.052504082,0,0,0,1,,,,,,,,,,,,,
09-01-2024 00:00,0,1,0,Database,212,11.43212656,5.751260494,1,3.46863709,0,1,0,0,,,,,,,,,,,,,
09-01-2024 00:00,0,1,0,Media,176,10.6545072,1,4.570477796,4.297219221,0,0,1,0,,,,,,,,,,,,,
09-01-2024 00:00,0,1,0,Compute,175,10.06001792,1,4.997436596,11.34631768,1,0,0,0,,,,,,,,,,,,,
09-01-2024 01:00,1,1,0,Web,212,8.052504082,1,12.32329329,8.671355393,0,0,0,1,,,,,,,,,,,,,
09-01-2024 01:00,1,1,0,Database,274,3.46863709,1,10.50485992,3.764732392,0,1,0,0,,,,,,,,,,,,,
09-01-2024 01:00,1,1,0,Media,306,4.297219221,2.956603644,11.11710533,3.604846485,0,0,1,0,,,,,,,,,,,,,
09-01-2024 01:00,1,1,0,Compute,118,11.34631768,5.263222088,9.304109206,7.269863982,1,0,0,0,,,,,,,,,,,,,
09-01-2024 02:00,2,1,0,Web,214,8.671355393,1.681217346,8.503288054,6.435148145,0,0,0,1,,,,,,,,,,,,,
09-01-2024 02:00,2,1,0,Database,110,3.764732392,6.588524688,4.586069644,4.28892926,0,1,0,0,,,,,,,,,,,,,
09-01-2024 02:00,2,1,0,Media,342,3.604846485,5.277407247,8.118994088,8.199801229,0,0,1,0,,,,,,,,,,,,,
09-01-2024 02:00,2,1,0,Compute,160,7.269863982,1,3.47891912,7.971108242,1,0,0,0,,,,,,,,,,,,,
09-01-2024 03:00,3,1,0,Web,307,6.435148145,6.749797041,9.059769927,7.422541164,0,0,0,1,,,,,,,,,,,,,
09-01-2024 03:00,3,1,0,Database,273,4.28892926,4.074075919,8.416122487,10.1021822,0,1,0,0,,,,,,,,,,,,,
09-01-2024 03:00,3,1,0,Media,195,8.199801229,2.680449689,10.7212371,9.467725133,0,0,1,0,,,,,,,,,,,,,
09-01-2024 03:00,3,1,0,Compute,257,7.971108242,1,5.147458638,8.533512263,1,0,0,0,,,,,,,,,,,,,
09-01-2024 04:00,4,1,0,Web,476,7.422541164,18.64777632,12.43281401,12.09773953,0,0,0,1,,,,,,,,,,,,,
09-01-2024 04:00,4,1,0,Database,302,10.1021822,5.669365041,17.35119818,21.48390099,0,1,0,0,,,,,,,,,,,,,
09-01-2024 04:00,4,1,0,Media,285,9.467725133,12.61061288,13.48973117,11.93796642,0,0,1,0,,,,,,,,,,,,,
09-01-2024 04:00,4,1,0,Compute,459,8.533512263,1.312875904,13.08640982,14.12290386,1,0,0,0,,,,,,,,,,,,,
09-01-2024 05:00,5,1,0,Web,533,12.09773953,11.11762796,7.764791319,11.99735322,0,0,0,1,,,,,,,,,,,,,
09-01-2024 05:00,5,1,0,Database,613,21.48390099,4.008892701,9.22177029,17.7055435,0,1,0,0,,,,,,,,,,,,,
09-01-2024 05:00,5,1,0,Media,395,11.93796642,25.88307276,15.71250488,15.8744927,0,0,1,0,,,,,,,,,,,,,
09-01-2024 05:00,5,1,0,Compute,348,14.12290386,6.901785085,13.11500234,19.5520473,1,0,0,0,,,,,,,,,,,,,
09-01-2024 06:00,6,1,0,Web,571,11.99735322,25.67848715,14.05092682,11.52245748,0,0,0,1,,,,,,,,,,,,,
09-01-2024 06:00,6,1,0,Database,574,17.7055435,2.3112673,21.35496714,21.46792511,0,1,0,0,,,,,,,,,,,,,
09-01-2024 06:00,6,1,0,Media,565,15.8744927,35.25325947,18.66347512,19.00592556,0,0,1,0,,,,,,,,,,,,,
09-01-2024 06:00,6,1,0,Compute,417,19.5520473,17.6482055,13.92666057,19.73514969,1,0,0,0,,,,,,,,,,,,,
09-01-2024 07:00,7,1,0,Web,855,11.52245748,26.38382157,7.785871938,13.77678754,0,0,0,1,,,,,,,,,,,,,
09-01-2024 07:00,7,1,0,Database,571,21.46792511,10.89082352,13.2504974,22.28082879,0,1,0,0,,,,,,,,,,,,,
09-01-2024 07:00,7,1,0,Media,606,19.00592556,50.29276408,15.86502957,19.20969837,0,0,1,0,,,,,,,,,,,,,
09-01-2024 07:00,7,1,0,Compute,495,19.73514969,17.90865805,28.16630956,28.31445015,1,0,0,0,,,,,,,,,,,,,
09-01-2024 08:00,8,1,0,Web,909,13.77678754,43.28704648,19.89463048,24.84639859,0,0,0,1,,,,,,,,,,,,,
09-01-2024 08:00,8,1,0,Database,737,22.28082879,20.48453325,27.09412434,29.6180732,0,1,0,0,,,,,,,,,,,,,
09-01-2024 08:00,8,1,0,Media,785,19.20969837,56.33927863,21.11855259,24.65144509,0,0,1,0,,,,,,,,,,,,,
09-01-2024 08:00,8,1,0,Compute,759,28.31445015,27.50802476,31.83045329,32.66181777,1,0,0,0,,,,,,,,,,,,,
09-01-2024 09:00,9,1,0,Web,994,24.84639859,50.00916985,34.82855223,30.46138812,0,0,0,1,,,,,,,,,,,,,
09-01-2024 09:00,9,1,0,Database,914,29.6180732,13.27939774,24.4092679,36.53563244,0,1,0,0,,,,,,,,,,,,,
09-01-2024 09:00,9,1,0,Media,820,24.65144509,67.18626658,21.10808101,29.13692485,0,0,1,0,,,,,,,,,,,,,
09-01-2024 09:00,9,1,0,Compute,849,32.66181777,37.54935342,29.49059405,36.8071818,1,0,0,0,,,,,,,,,,,,,
09-01-2024 10:00,10,1,0,Web,1138,30.46138812,53.94217223,26.26372155,33.17958188,0,0,0,1,,,,,,,,,,,,,
09-01-2024 10:00,10,1,0,Database,970,36.53563244,19.84863405,40.60712084,43.49468522,0,1,0,0,,,,,,,,,,,,,
09-01-2024 10:00,10,1,0,Media,971,29.13692485,78.11103609,28.46944646,32.27209341,0,0,1,0,,,,,,,,,,,,,
09-01-2024 10:00,10,1,0,Compute,921,36.8071818,27.39279856,36.52425949,46.94058754,1,0,0,0,,,,,,,,,,,,,
09-01-2024 11:00,11,1,0,Web,1389,33.17958188,55.75709744,33.15341461,33.595185,0,0,0,1,,,,,,,,,,,,,
09-01-2024 11:00,11,1,0,Database,833,43.49468522,29.70039834,39.66868395,48.41196046,0,1,0,0,,,,,,,,,,,,,
09-01-2024 11:00,11,1,0,Media,894,32.27209341,82.2839944,32.78217142,42.69227144,0,0,1,0,,,,,,,,,,,,,
09-01-2024 11:00,11,1,0,Compute,955,46.94058754,45.38006046,42.16207671,48.04705717,1,0,0,0,,,,,,,,,,,,,
09-01-2024 12:00,12,1,0,Web,1340,33.595185,58.78312879,19.13551517,35.45089025,0,0,0,1,,,,,,,,,,,,,
09-01-2024 12:00,12,1,0,Database,961,48.41196046,27.85766899,43.30750659,45.86082907,0,1,0,0,,,,,,,,,,,,,
09-01-2024 12:00,12,1,0,Media,972,42.69227144,82.80672998,26.82700122,40.58148789,0,0,1,0,,,,,,,,,,,,,
09-01-2024 12:00,12,1,0,Compute,1063,48.04705717,37.31991624,36.94302924,47.06857723,1,0,0,0,,,,,,,,,,,,,
09-01-2024 13:00,13,1,0,Web,1539,35.45089025,66.52256849,29.57707167,37.41853386,0,0,0,1,,,,,,,,,,,,,
09-01-2024 13:00,13,1,0,Database,940,45.86082907,35.36628916,38.12062169,51.24250668,0,1,0,0,,,,,,,,,,,,,
09-01-2024 13:00,13,1,0,Media,967,40.58148789,91.3867209,31.90730591,38.55985925,0,0,1,0,,,,,,,,,,,,,
09-01-2024 13:00,13,1,0,Compute,960,47.06857723,43.10186197,44.78267857,55.42900482,1,0,0,0,,,,,,,,,,,,,
09-01-2024 14:00,14,1,0,Web,1414,37.41853386,59.73547877,28.01722112,35.03852985,0,0,0,1,,,,,,,,,,,,,
09-01-2024 14:00,14,1,0,Database,1030,51.24250668,34.36883714,50.6856342,55.20935589,0,1,0,0,,,,,,,,,,,,,
09-01-2024 14:00,14,1,0,Media,1233,38.55985925,91.98673755,37.83223711,42.2278389,0,0,1,0,,,,,,,,,,,,,
09-01-2024 14:00,14,1,0,Compute,905,55.42900482,42.55658641,43.80070243,53.91221117,1,0,0,0,,,,,,,,,,,,,
09-01-2024 15:00,15,1,0,Web,1305,35.03852985,60.29651581,33.17934373,33.91708853,0,0,0,1,,,,,,,,,,,,,
09-01-2024 15:00,15,1,0,Database,933,55.20935589,31.85983696,44.00851465,46.43225379,0,1,0,0,,,,,,,,,,,,,
09-01-2024 15:00,15,1,0,Media,817,42.2278389,87.86529176,34.07457658,39.30884086,0,0,1,0,,,,,,,,,,,,,
09-01-2024 15:00,15,1,0,Compute,1019,53.91221117,37.64119209,48.17148398,53.91822806,1,0,0,0,,,,,,,,,,,,,
09-01-2024 16:00,16,1,0,Web,1170,33.91708853,51.03980719,26.12883046,30.65043025,0,0,0,1,,,,,,,,,,,,,
09-01-2024 16:00,16,1,0,Database,731,46.43225379,24.19975176,36.39448607,42.55254525,0,1,0,0,,,,,,,,,,,,,
09-01-2024 16:00,16,1,0,Media,863,39.30884086,68.67959408,28.69572824,38.83712587,0,0,1,0,,,,,,,,,,,,,
09-01-2024 16:00,16,1,0,Compute,854,53.91822806,38.05277682,51.37506111,52.49982229,1,0,0,0,,,,,,,,,,,,,
09-01-2024 17:00,17,1,0,Web,982,30.65043025,45.88795558,24.47846749,27.59050584,0,0,0,1,,,,,,,,,,,,,
09-01-2024 17:00,17,1,0,Database,843,42.55254525,24.60161415,31.5074634,36.76198947,0,1,0,0,,,,,,,,,,,,,
09-01-2024 17:00,17,1,0,Media,866,38.83712587,53.9809116,25.85518045,32.04212697,0,0,1,0,,,,,,,,,,,,,
09-01-2024 17:00,17,1,0,Compute,750,52.49982229,30.82806075,33.79061623,44.55171089,1,0,0,0,,,,,,,,,,,,,
09-01-2024 18:00,18,1,0,Web,950,27.59050584,33.1229507,16.1889761,18.03169909,0,0,0,1,,,,,,,,,,,,,
09-01-2024 18:00,18,1,0,Database,742,36.76198947,17.46646903,25.9781682,30.42134359,0,1,0,0,,,,,,,,,,,,,
09-01-2024 18:00,18,1,0,Media,727,32.04212697,48.96549546,24.37622188,29.87868068,0,0,1,0,,,,,,,,,,,,,
09-01-2024 18:00,18,1,0,Compute,585,44.55171089,22.13514117,32.30513872,38.04500972,1,0,0,0,,,,,,,,,,,,,
09-01-2024 19:00,19,1,0,Web,850,18.03169909,28.60951854,12.00967181,18.67026201,0,0,0,1,,,,,,,,,,,,,
09-01-2024 19:00,19,1,0,Database,618,30.42134359,11.6554533,32.65650807,29.57999005,0,1,0,0,,,,,,,,,,,,,
09-01-2024 19:00,19,1,0,Media,594,29.87868068,42.49690927,22.64214387,26.74804201,0,0,1,0,,,,,,,,,,,,,
09-01-2024 19:00,19,1,0,Compute,476,38.04500972,11.36696659,22.88712679,31.97874875,1,0,0,0,,,,,,,,,,,,,
09-01-2024 20:00,20,1,0,Web,581,18.67026201,25.24088783,13.90753585,13.61457608,0,0,0,1,,,,,,,,,,,,,
09-01-2024 20:00,20,1,0,Database,424,29.57999005,8.646014573,12.57425426,23.53791166,0,1,0,0,,,,,,,,,,,,,
09-01-2024 20:00,20,1,0,Media,528,26.74804201,38.61241727,17.26541368,23.66776706,0,0,1,0,,,,,,,,,,,,,
09-01-2024 20:00,20,1,0,Compute,375,31.97874875,23.17922524,22.89274929,23.59306098,1,0,0,0,,,,,,,,,,,,,
09-01-2024 21:00,21,1,0,Web,539,13.61457608,4.88776472,1.978239346,12.65761686,0,0,0,1,,,,,,,,,,,,,
09-01-2024 21:00,21,1,0,Database,410,23.53791166,7.827662904,10.82165569,17.93528991,0,1,0,0,,,,,,,,,,,,,
09-01-2024 21:00,21,1,0,Media,409,23.66776706,28.64197184,17.5465701,20.00018937,0,0,1,0,,,,,,,,,,,,,
09-01-2024 21:00,21,1,0,Compute,400,23.59306098,5.1077956,21.72666997,20.55226026,1,0,0,0,,,,,,,,,,,,,
09-01-2024 22:00,22,1,0,Web,600,12.65761686,11.41227643,11.15825857,11.33522536,0,0,0,1,,,,,,,,,,,,,
09-01-2024 22:00,22,1,0,Database,467,17.93528991,11.41075021,7.795527056,16.72441291,0,1,0,0,,,,,,,,,,,,,
09-01-2024 22:00,22,1,0,Media,289,20.00018937,15.81120494,6.592219474,13.77557102,0,0,1,0,,,,,,,,,,,,,
09-01-2024 22:00,22,1,0,Compute,265,20.55226026,15.48292838,13.06765811,16.71065192,1,0,0,0,,,,,,,,,,,,,
09-01-2024 23:00,23,1,0,Web,438,11.33522536,2.152023055,7.251886895,8.230560058,0,0,0,1,,,,,,,,,,,,,
09-01-2024 23:00,23,1,0,Database,342,16.72441291,6.902583262,7.285927882,10.55444351,0,1,0,0,,,,,,,,,,,,,
09-01-2024 23:00,23,1,0,Media,210,13.77557102,9.549808555,1.868148868,9.639284699,0,0,1,0,,,,,,,,,,,,,
09-01-2024 23:00,23,1,0,Compute,408,16.71065192,1,18.38714623,14.75288183,1,0,0,0,,,,,,,,,,,,,
10-01-2024 00:00,0,2,0,Web,239,8.230560058,4.883282598,1.946208309,3.361494696,0,0,0,1,,,,,,,,,,,,,
10-01-2024 00:00,0,2,0,Database,221,10.55444351,1,1,4.187356045,0,1,0,0,,,,,,,,,,,,,
10-01-2024 00:00,0,2,0,Media,252,9.639284699,1,16.97711318,13.56150613,0,0,1,0,,,,,,,,,,,,,
10-01-2024 00:00,0,2,0,Compute,327,14.75288183,1,4.962943528,13.11075684,1,0,0,0,,,,,,,,,,,,,
10-01-2024 01:00,1,2,0,Web,287,3.361494696,3.053710779,1,6.241674207,0,0,0,1,,,,,,,,,,,,,
10-01-2024 01:00,1,2,0,Database,28,4.187356045,1,9.335943689,5.628372484,0,1,0,0,,,,,,,,,,,,,
10-01-2024 01:00,1,2,0,Media,160,13.56150613,6.550198464,12.87366026,10.55841529,0,0,1,0,,,,,,,,,,,,,
10-01-2024 01:00,1,2,0,Compute,269,13.11075684,1.327643246,13.57517578,12.52181359,1,0,0,0,,,,,,,,,,,,,
10-01-2024 02:00,2,2,0,Web,227,6.241674207,1,1,4.981973849,0,0,0,1,,,,,,,,,,,,,
10-01-2024 02:00,2,2,0,Database,191,5.628372484,1,12.49365055,7.918117836,0,1,0,0,,,,,,,,,,,,,
10-01-2024 02:00,2,2,0,Media,293,10.55841529,4.506788874,8.286132126,10.83755214,0,0,1,0,,,,,,,,,,,,,
10-01-2024 02:00,2,2,0,Compute,194,12.52181359,1,14.19704013,13.71019621,1,0,0,0,,,,,,,,,,,,,
10-01-2024 03:00,3,2,0,Web,293,4.981973849,6.257813037,9.005063394,11.44704416,0,0,0,1,,,,,,,,,,,,,
10-01-2024 03:00,3,2,0,Database,297,7.918117836,1,7.338128351,6.229760652,0,1,0,0,,,,,,,,,,,,,
10-01-2024 03:00,3,2,0,Media,203,10.83755214,4.506467791,11.83545705,12.24521399,0,0,1,0,,,,,,,,,,,,,
10-01-2024 03:00,3,2,0,Compute,289,13.71019621,5.963584558,9.960306794,11.65881504,1,0,0,0,,,,,,,,,,,,,
10-01-2024 04:00,4,2,0,Web,317,11.44704416,1,7.274573344,10.02781897,0,0,0,1,,,,,,,,,,,,,
10-01-2024 04:00,4,2,0,Database,243,6.229760652,1,15.2452518,16.1251277,0,1,0,0,,,,,,,,,,,,,
10-01-2024 04:00,4,2,0,Media,193,12.24521399,12.24640417,15.74678585,11.17887025,0,0,1,0,,,,,,,,,,,,,
10-01-2024 04:00,4,2,0,Compute,421,11.65881504,1,14.84118974,15.24257401,1,0,0,0,,,,,,,,,,,,,
10-01-2024 05:00,5,2,0,Web,575,10.02781897,10.92915009,12.69795465,10.87715863,0,0,0,1,,,,,,,,,,,,,
10-01-2024 05:00,5,2,0,Database,414,16.1251277,9.522725965,14.8643139,18.21229079,0,1,0,0,,,,,,,,,,,,,
10-01-2024 05:00,5,2,0,Media,378,11.17887025,27.74476433,16.70484109,12.0975383,0,0,1,0,,,,,,,,,,,,,
10-01-2024 05:00,5,2,0,Compute,339,15.24257401,4.076576782,14.46786454,20.51597642,1,0,0,0,,,,,,,,,,,,,
10-01-2024 06:00,6,2,0,Web,727,10.87715863,20.97181708,11.9484087,9.695276523,0,0,0,1,,,,,,,,,,,,,
10-01-2024 06:00,6,2,0,Database,479,18.21229079,6.985998439,21.62483268,22.7059264,0,1,0,0,,,,,,,,,,,,,
10-01-2024 06:00,6,2,0,Media,553,12.0975383,32.50377055,10.16565405,17.87043908,0,0,1,0,,,,,,,,,,,,,
10-01-2024 06:00,6,2,0,Compute,606,20.51597642,8.871901657,27.94442417,29.50003569,1,0,0,0,,,,,,,,,,,,,
10-01-2024 07:00,7,2,0,Web,839,9.695276523,33.92477144,19.8827735,19.97640184,0,0,0,1,,,,,,,,,,,,,
10-01-2024 07:00,7,2,0,Database,629,22.7059264,5.510322407,20.05688791,26.45924458,0,1,0,0,,,,,,,,,,,,,
10-01-2024 07:00,7,2,0,Media,627,17.87043908,38.31228153,21.80220643,23.0257683,0,0,1,0,,,,,,,,,,,,,
10-01-2024 07:00,7,2,0,Compute,651,29.50003569,19.6916734,32.2216481,37.53864421,1,0,0,0,,,,,,,,,,,,,
10-01-2024 08:00,8,2,0,Web,980,19.97640184,38.78060602,20.55781088,29.00282579,0,0,0,1,,,,,,,,,,,,,
10-01-2024 08:00,8,2,0,Database,639,26.45924458,25.61890188,25.34430617,30.05019694,0,1,0,0,,,,,,,,,,,,,
10-01-2024 08:00,8,2,0,Media,847,23.0257683,69.11055136,22.79930788,28.59492562,0,0,1,0,,,,,,,,,,,,,
10-01-2024 08:00,8,2,0,Compute,669,37.53864421,32.15683875,23.78072452,36.32999612,1,0,0,0,,,,,,,,,,,,,
10-01-2024 09:00,9,2,0,Web,1177,29.00282579,52.29085404,24.30166119,35.12912306,0,0,0,1,,,,,,,,,,,,,
10-01-2024 09:00,9,2,0,Database,805,30.05019694,29.84040911,26.39386384,38.80584989,0,1,0,0,,,,,,,,,,,,,
10-01-2024 09:00,9,2,0,Media,862,28.59492562,63.67252349,29.59515186,31.7820013,0,0,1,0,,,,,,,,,,,,,
10-01-2024 09:00,9,2,0,Compute,753,36.32999612,34.30879247,27.17742896,40.69216519,1,0,0,0,,,,,,,,,,,,,
10-01-2024 10:00,10,2,0,Web,1319,35.12912306,49.88550106,26.58103173,29.6331996,0,0,0,1,,,,,,,,,,,,,
10-01-2024 10:00,10,2,0,Database,909,38.80584989,30.86697615,30.42861254,39.95566255,0,1,0,0,,,,,,,,,,,,,
10-01-2024 10:00,10,2,0,Media,877,31.7820013,72.18941495,35.50934327,41.55776872,0,0,1,0,,,,,,,,,,,,,
10-01-2024 10:00,10,2,0,Compute,980,40.69216519,40.09513902,44.38185073,48.79336385,1,0,0,0,,,,,,,,,,,,,
10-01-2024 11:00,11,2,0,Web,1267,29.6331996,49.52702943,26.31812758,31.76932577,0,0,0,1,,,,,,,,,,,,,
10-01-2024 11:00,11,2,0,Database,925,39.95566255,21.26007442,42.29161342,48.63795412,0,1,0,0,,,,,,,,,,,,,
10-01-2024 11:00,11,2,0,Media,821,41.55776872,80.73409214,37.95257027,45.07511331,0,0,1,0,,,,,,,,,,,,,
10-01-2024 11:00,11,2,0,Compute,924,48.79336385,35.35524339,45.94402432,47.35487497,1,0,0,0,,,,,,,,,,,,,
10-01-2024 12:00,12,2,0,Web,1488,31.76932577,60.26124728,34.58748721,33.96395213,0,0,0,1,,,,,,,,,,,,,
10-01-2024 12:00,12,2,0,Database,1054,48.63795412,31.22855978,45.44374878,50.53009943,0,1,0,0,,,,,,,,,,,,,
10-01-2024 12:00,12,2,0,Media,967,45.07511331,88.48820039,37.21907096,48.05508106,0,0,1,0,,,,,,,,,,,,,
10-01-2024 12:00,12,2,0,Compute,987,47.35487497,40.89224805,44.54990941,54.43270588,1,0,0,0,,,,,,,,,,,,,
10-01-2024 13:00,13,2,0,Web,1386,33.96395213,54.49717333,25.53407005,29.99513048,0,0,0,1,,,,,,,,,,,,,
10-01-2024 13:00,13,2,0,Database,861,50.53009943,32.63349021,44.27570647,49.79314482,0,1,0,0,,,,,,,,,,,,,
10-01-2024 13:00,13,2,0,Media,1045,48.05508106,99,26.61453501,37.7160032,0,0,1,0,,,,,,,,,,,,,
10-01-2024 13:00,13,2,0,Compute,916,54.43270588,40.3983637,46.07684414,57.44069956,1,0,0,0,,,,,,,,,,,,,
10-01-2024 14:00,14,2,0,Web,1328,29.99513048,56.73632592,30.33965735,35.05007163,0,0,0,1,,,,,,,,,,,,,
10-01-2024 14:00,14,2,0,Database,902,49.79314482,31.6262926,37.19432428,49.46494056,0,1,0,0,,,,,,,,,,,,,
10-01-2024 14:00,14,2,0,Media,1196,37.7160032,88.03862569,40.71497472,44.51950961,0,0,1,0,,,,,,,,,,,,,
10-01-2024 14:00,14,2,0,Compute,831,57.44069956,35.36973613,49.14415491,51.77998058,1,0,0,0,,,,,,,,,,,,,
10-01-2024 15:00,15,2,0,Web,1263,35.05007163,49.84691844,23.8089144,33.00835227,0,0,0,1,,,,,,,,,,,,,
10-01-2024 15:00,15,2,0,Database,942,49.46494056,24.08442593,34.71774053,44.33154689,0,1,0,0,,,,,,,,,,,,,
10-01-2024 15:00,15,2,0,Media,988,44.51950961,86.95587266,33.39182892,40.12484328,0,0,1,0,,,,,,,,,,,,,
10-01-2024 15:00,15,2,0,Compute,935,51.77998058,40.66149729,45.82568886,51.69869111,1,0,0,0,,,,,,,,,,,,,
10-01-2024 16:00,16,2,0,Web,1212,33.00835227,46.90978822,23.60437236,31.44886268,0,0,0,1,,,,,,,,,,,,,
10-01-2024 16:00,16,2,0,Database,944,44.33154689,27.01087346,39.69264176,44.55464471,0,1,0,0,,,,,,,,,,,,,
10-01-2024 16:00,16,2,0,Media,886,40.12484328,81.37594518,37.45686488,39.66638804,0,0,1,0,,,,,,,,,,,,,
10-01-2024 16:00,16,2,0,Compute,874,51.69869111,37.30401659,46.6553798,53.81357303,1,0,0,0,,,,,,,,,,,,,
10-01-2024 17:00,17,2,0,Web,1122,31.44886268,48.50675419,21.90099246,29.22823579,0,0,0,1,,,,,,,,,,,,,
10-01-2024 17:00,17,2,0,Database,1027,44.55464471,20.26897368,33.33986342,38.88927595,0,1,0,0,,,,,,,,,,,,,
10-01-2024 17:00,17,2,0,Media,760,39.66638804,65.12959763,30.71306956,39.29994544,0,0,1,0,,,,,,,,,,,,,
10-01-2024 17:00,17,2,0,Compute,673,53.81357303,33.1590235,30.7198748,44.18055808,1,0,0,0,,,,,,,,,,,,,
10-01-2024 18:00,18,2,0,Web,1179,29.22823579,42.26456968,13.83389457,24.11873682,0,0,0,1,,,,,,,,,,,,,
10-01-2024 18:00,18,2,0,Database,645,38.88927595,15.72320723,31.76412959,38.69675974,0,1,0,0,,,,,,,,,,,,,
10-01-2024 18:00,18,2,0,Media,689,39.29994544,54.16323352,27.64383517,33.59237375,0,0,1,0,,,,,,,,,,,,,
10-01-2024 18:00,18,2,0,Compute,687,44.18055808,16.24274793,32.09319567,35.88831678,1,0,0,0,,,,,,,,,,,,,
10-01-2024 19:00,19,2,0,Web,764,24.11873682,32.95160286,21.02385699,23.30783983,0,0,0,1,,,,,,,,,,,,,
10-01-2024 19:00,19,2,0,Database,594,38.69675974,17.23070502,32.75471099,34.18342848,0,1,0,0,,,,,,,,,,,,,
10-01-2024 19:00,19,2,0,Media,674,33.59237375,38.28050544,22.59410543,28.6493641,0,0,1,0,,,,,,,,,,,,,
10-01-2024 19:00,19,2,0,Compute,633,35.88831678,15.31839362,33.78068282,34.61034689,1,0,0,0,,,,,,,,,,,,,
10-01-2024 20:00,20,2,0,Web,572,23.30783983,12.80662059,16.11603657,19.2949465,0,0,0,1,,,,,,,,,,,,,
10-01-2024 20:00,20,2,0,Database,526,34.18342848,17.87612119,13.14433394,19.91218841,0,1,0,0,,,,,,,,,,,,,
10-01-2024 20:00,20,2,0,Media,642,28.6493641,33.56625559,14.00055144,18.02131481,0,0,1,0,,,,,,,,,,,,,
10-01-2024 20:00,20,2,0,Compute,638,34.61034689,22.56724689,20.63041541,26.51523707,1,0,0,0,,,,,,,,,,,,,
10-01-2024 21:00,21,2,0,Web,470,19.2949465,14.14383628,8.001968629,16.36534175,0,0,0,1,,,,,,,,,,,,,
10-01-2024 21:00,21,2,0,Database,267,19.91218841,7.250473045,16.05303932,14.93674576,0,1,0,0,,,,,,,,,,,,,
10-01-2024 21:00,21,2,0,Media,374,18.02131481,24.00556584,10.60009356,13.50907983,0,0,1,0,,,,,,,,,,,,,
10-01-2024 21:00,21,2,0,Compute,478,26.51523707,10.79548121,8.363319135,13.75336921,1,0,0,0,,,,,,,,,,,,,
10-01-2024 22:00,22,2,0,Web,367,16.36534175,7.262457249,11.56469709,12.34651288,0,0,0,1,,,,,,,,,,,,,
10-01-2024 22:00,22,2,0,Database,275,14.93674576,1,15.52660704,12.86075017,0,1,0,0,,,,,,,,,,,,,
10-01-2024 22:00,22,2,0,Media,312,13.50907983,11.67865356,16.76555552,12.38135505,0,0,1,0,,,,,,,,,,,,,
10-01-2024 22:00,22,2,0,Compute,393,13.75336921,4.804269481,15.39038762,18.40635845,1,0,0,0,,,,,,,,,,,,,
10-01-2024 23:00,23,2,0,Web,254,12.34651288,5.174287773,9.856876513,7.576373024,0,0,0,1,,,,,,,,,,,,,
10-01-2024 23:00,23,2,0,Database,272,12.86075017,12.72685307,2.249714056,7.199616901,0,1,0,0,,,,,,,,,,,,,
10-01-2024 23:00,23,2,0,Media,239,12.38135505,7.437899573,11.74212451,7.079679826,0,0,1,0,,,,,,,,,,,,,
10-01-2024 23:00,23,2,0,Compute,299,18.40635845,1.831560062,9.434450089,12.59899112,1,0,0,0,,,,,,,,,,,,,
11-01-2024 00:00,0,3,0,Web,109,7.576373024,10.27454138,6.083230968,5.763645482,0,0,0,1,,,,,,,,,,,,,
11-01-2024 00:00,0,3,0,Database,220,7.199616901,14.20863327,1,1,0,1,0,0,,,,,,,,,,,,,
11-01-2024 00:00,0,3,0,Media,282,7.079679826,1,6.017092357,4.29725447,0,0,1,0,,,,,,,,,,,,,
11-01-2024 00:00,0,3,0,Compute,105,12.59899112,1,7.776384351,8.717974817,1,0,0,0,,,,,,,,,,,,,
11-01-2024 01:00,1,3,0,Web,108,5.763645482,1.974056356,2.805937647,5.22191806,0,0,0,1,,,,,,,,,,,,,
11-01-2024 01:00,1,3,0,Database,102,1,8.21367151,1.760953671,7.642341246,0,1,0,0,,,,,,,,,,,,,
11-01-2024 01:00,1,3,0,Media,62,4.29725447,8.321166257,3.621636398,2.296650806,0,0,1,0,,,,,,,,,,,,,
11-01-2024 01:00,1,3,0,Compute,225,8.717974817,1,8.458004952,9.868067465,1,0,0,0,,,,,,,,,,,,,
11-01-2024 02:00,2,3,0,Web,181,5.22191806,3.030969808,1,1.803084809,0,0,0,1,,,,,,,,,,,,,
11-01-2024 02:00,2,3,0,Database,123,7.642341246,1.993027706,2.150237224,8.655915568,0,1,0,0,,,,,,,,,,,,,
11-01-2024 02:00,2,3,0,Media,174,2.296650806,7.712252282,9.585784633,9.754010648,0,0,1,0,,,,,,,,,,,,,
11-01-2024 02:00,2,3,0,Compute,153,9.868067465,1,3.937116079,9.248782014,1,0,0,0,,,,,,,,,,,,,
11-01-2024 03:00,3,3,0,Web,259,1.803084809,1,1,3.530410748,0,0,0,1,,,,,,,,,,,,,
11-01-2024 03:00,3,3,0,Database,66,8.655915568,1,7.91175907,6.355039392,0,1,0,0,,,,,,,,,,,,,
11-01-2024 03:00,3,3,0,Media,144,9.754010648,7.634086876,9.455892911,14.11985542,0,0,1,0,,,,,,,,,,,,,
11-01-2024 03:00,3,3,0,Compute,304,9.248782014,1.524193525,4.715362209,12.71131662,1,0,0,0,,,,,,,,,,,,,
11-01-2024 04:00,4,3,0,Web,246,3.530410748,3.54759547,6.597113173,15.26660498,0,0,0,1,,,,,,,,,,,,,
11-01-2024 04:00,4,3,0,Database,233,6.355039392,16.50563779,11.32794526,6.961846614,0,1,0,0,,,,,,,,,,,,,
11-01-2024 04:00,4,3,0,Media,279,14.11985542,11.95965125,1,8.02275287,0,0,1,0,,,,,,,,,,,,,
11-01-2024 04:00,4,3,0,Compute,291,12.71131662,7.83373009,11.50711692,12.49601872,1,0,0,0,,,,,,,,,,,,,
11-01-2024 05:00,5,3,0,Web,525,15.26660498,18.32916549,6.000297815,12.24327663,0,0,0,1,,,,,,,,,,,,,
11-01-2024 05:00,5,3,0,Database,401,6.961846614,1,18.06125629,17.53053423,0,1,0,0,,,,,,,,,,,,,
11-01-2024 05:00,5,3,0,Media,285,8.02275287,26.27625888,5.115644519,10.98906606,0,0,1,0,,,,,,,,,,,,,
11-01-2024 05:00,5,3,0,Compute,428,12.49601872,11.04324791,19.79427043,21.42155666,1,0,0,0,,,,,,,,,,,,,
11-01-2024 06:00,6,3,0,Web,740,12.24327663,29.63769382,14.34694773,16.55828692,0,0,0,1,,,,,,,,,,,,,
11-01-2024 06:00,6,3,0,Database,505,17.53053423,14.63284162,13.98293698,20.39321178,0,1,0,0,,,,,,,,,,,,,
11-01-2024 06:00,6,3,0,Media,595,10.98906606,23.50306781,19.76789262,17.1014472,0,0,1,0,,,,,,,,,,,,,
11-01-2024 06:00,6,3,0,Compute,492,21.42155666,26.74292429,17.98192988,24.57636162,1,0,0,0,,,,,,,,,,,,,
11-01-2024 07:00,7,3,0,Web,794,16.55828692,19.98593131,15.33277096,17.91637941,0,0,0,1,,,,,,,,,,,,,
11-01-2024 07:00,7,3,0,Database,539,20.39321178,10.85562419,22.17503801,29.04802285,0,1,0,0,,,,,,,,,,,,,
11-01-2024 07:00,7,3,0,Media,704,17.1014472,42.72441333,24.41966814,26.296125,0,0,1,0,,,,,,,,,,,,,
11-01-2024 07:00,7,3,0,Compute,580,24.57636162,14.77791756,19.59280197,27.73164052,1,0,0,0,,,,,,,,,,,,,
11-01-2024 08:00,8,3,0,Web,905,17.91637941,38.8615847,10.13882874,19.28664614,0,0,0,1,,,,,,,,,,,,,
11-01-2024 08:00,8,3,0,Database,722,29.04802285,20.36278862,29.15131288,37.44078395,0,1,0,0,,,,,,,,,,,,,
11-01-2024 08:00,8,3,0,Media,728,26.296125,60.52300296,26.18792368,27.30657568,0,0,1,0,,,,,,,,,,,,,
11-01-2024 08:00,8,3,0,Compute,729,27.73164052,18.33761141,28.17090332,34.82473383,1,0,0,0,,,,,,,,,,,,,
11-01-2024 09:00,9,3,0,Web,1035,19.28664614,47.19961983,15.54765607,23.58063896,0,0,0,1,,,,,,,,,,,,,
11-01-2024 09:00,9,3,0,Database,895,37.44078395,17.3294443,31.31812313,35.51100869,0,1,0,0,,,,,,,,,,,,,
11-01-2024 09:00,9,3,0,Media,775,27.30657568,64.10605913,27.4873895,29.50565518,0,0,1,0,,,,,,,,,,,,,
11-01-2024 09:00,9,3,0,Compute,880,34.82473383,23.73347369,32.22525313,40.96902114,1,0,0,0,,,,,,,,,,,,,
11-01-2024 10:00,10,3,0,Web,1244,23.58063896,62.40736177,27.89868633,31.53576624,0,0,0,1,,,,,,,,,,,,,
11-01-2024 10:00,10,3,0,Database,997,35.51100869,27.95508532,32.80617584,40.09210068,0,1,0,0,,,,,,,,,,,,,
11-01-2024 10:00,10,3,0,Media,815,29.50565518,78.10209971,34.10443931,38.42122026,0,0,1,0,,,,,,,,,,,,,
11-01-2024 10:00,10,3,0,Compute,937,40.96902114,33.57693377,45.00168835,52.138667,1,0,0,0,,,,,,,,,,,,,
11-01-2024 11:00,11,3,0,Web,1440,31.53576624,56.00669436,28.91605245,35.5293786,0,0,0,1,,,,,,,,,,,,,
11-01-2024 11:00,11,3,0,Database,962,40.09210068,20.27795802,33.45971009,45.74836411,0,1,0,0,,,,,,,,,,,,,
11-01-2024 11:00,11,3,0,Media,875,38.42122026,87.14469638,28.36677173,36.40243269,0,0,1,0,,,,,,,,,,,,,
11-01-2024 11:00,11,3,0,Compute,932,52.138667,35.01229706,40.33324802,53.21230783,1,0,0,0,,,,,,,,,,,,,
11-01-2024 12:00,12,3,0,Web,1426,35.5293786,59.78608672,28.15549212,36.53386757,0,0,0,1,,,,,,,,,,,,,
11-01-2024 12:00,12,3,0,Database,1162,45.74836411,28.62007545,37.68523687,47.597629,0,1,0,0,,,,,,,,,,,,,
11-01-2024 12:00,12,3,0,Media,993,36.40243269,81.2494282,33.60861763,39.68710168,0,0,1,0,,,,,,,,,,,,,
11-01-2024 12:00,12,3,0,Compute,909,53.21230783,36.48757015,45.44440382,54.24173612,1,0,0,0,,,,,,,,,,,,,
11-01-2024 13:00,13,3,0,Web,1385,36.53386757,59.50394132,33.78918857,35.56651146,0,0,0,1,,,,,,,,,,,,,
11-01-2024 13:00,13,3,0,Database,1031,47.597629,31.87865149,42.25929829,47.02460635,0,1,0,0,,,,,,,,,,,,,
11-01-2024 13:00,13,3,0,Media,1069,39.68710168,89.50791296,39.38277578,43.56215681,0,0,1,0,,,,,,,,,,,,,
11-01-2024 13:00,13,3,0,Compute,1019,54.24173612,36.85796111,47.33001842,58.75096082,1,0,0,0,,,,,,,,,,,,,
11-01-2024 14:00,14,3,0,Web,1394,35.56651146,58.60396197,27.30708661,36.00413248,0,0,0,1,,,,,,,,,,,,,
11-01-2024 14:00,14,3,0,Database,978,47.02460635,28.70229823,34.2467206,41.323643,0,1,0,0,,,,,,,,,,,,,
11-01-2024 14:00,14,3,0,Media,973,43.56215681,84.34354933,34.38834538,46.17828068,0,0,1,0,,,,,,,,,,,,,
11-01-2024 14:00,14,3,0,Compute,777,58.75096082,36.76863064,44.8543326,54.63165508,1,0,0,0,,,,,,,,,,,,,
11-01-2024 15:00,15,3,0,Web,1408,36.00413248,54.12769685,31.18824765,36.32567148,0,0,0,1,,,,,,,,,,,,,
11-01-2024 15:00,15,3,0,Database,1028,41.323643,19.40913767,34.90172653,44.91153728,0,1,0,0,,,,,,,,,,,,,
11-01-2024 15:00,15,3,0,Media,911,46.17828068,84.2791949,46.08102214,43.49984397,0,0,1,0,,,,,,,,,,,,,
11-01-2024 15:00,15,3,0,Compute,885,54.63165508,28.49742781,44.44557369,49.69147541,1,0,0,0,,,,,,,,,,,,,
11-01-2024 16:00,16,3,0,Web,1268,36.32567148,50.11489508,31.06119619,34.48950398,0,0,0,1,,,,,,,,,,,,,
11-01-2024 16:00,16,3,0,Database,928,44.91153728,34.85866333,34.18349118,43.87763124,0,1,0,0,,,,,,,,,,,,,
11-01-2024 16:00,16,3,0,Media,854,43.49984397,83.20215957,24.96147839,40.74815944,0,0,1,0,,,,,,,,,,,,,
11-01-2024 16:00,16,3,0,Compute,1000,49.69147541,36.93471153,44.08933257,49.24029228,1,0,0,0,,,,,,,,,,,,,
11-01-2024 17:00,17,3,0,Web,1048,34.48950398,41.95621538,23.02090959,30.88874291,0,0,0,1,,,,,,,,,,,,,
11-01-2024 17:00,17,3,0,Database,890,43.87763124,18.83211828,33.52762174,42.76838088,0,1,0,0,,,,,,,,,,,,,
11-01-2024 17:00,17,3,0,Media,748,40.74815944,69.2835632,27.56477565,37.13495856,0,0,1,0,,,,,,,,,,,,,
11-01-2024 17:00,17,3,0,Compute,859,49.24029228,28.47844915,42.328791,45.04533672,1,0,0,0,,,,,,,,,,,,,
11-01-2024 18:00,18,3,0,Web,938,30.88874291,33.93196912,23.36554649,22.70216129,0,0,0,1,,,,,,,,,,,,,
11-01-2024 18:00,18,3,0,Database,731,42.76838088,15.83676996,26.01023268,35.55454698,0,1,0,0,,,,,,,,,,,,,
11-01-2024 18:00,18,3,0,Media,814,37.13495856,58.17349847,22.6387526,31.38276938,0,0,1,0,,,,,,,,,,,,,
11-01-2024 18:00,18,3,0,Compute,691,45.04533672,23.27325667,43.88037913,50.2822162,1,0,0,0,,,,,,,,,,,,,
11-01-2024 19:00,19,3,0,Web,913,22.70216129,39.97214247,13.25684767,15.15243182,0,0,0,1,,,,,,,,,,,,,
11-01-2024 19:00,19,3,0,Database,590,35.55454698,22.2725902,19.40175171,24.68873361,0,1,0,0,,,,,,,,,,,,,
11-01-2024 19:00,19,3,0,Media,630,31.38276938,42.20149864,17.08878418,23.32912402,0,0,1,0,,,,,,,,,,,,,
11-01-2024 19:00,19,3,0,Compute,628,50.2822162,22.28006091,38.70706313,40.58514245,1,0,0,0,,,,,,,,,,,,,
11-01-2024 20:00,20,3,0,Web,538,15.15243182,15.50807316,12.24171482,11.89259616,0,0,0,1,,,,,,,,,,,,,
11-01-2024 20:00,20,3,0,Database,478,24.68873361,5.996402652,15.85662358,24.00823478,0,1,0,0,,,,,,,,,,,,,
11-01-2024 20:00,20,3,0,Media,488,23.32912402,36.38841014,22.81787363,21.84917476,0,0,1,0,,,,,,,,,,,,,
11-01-2024 20:00,20,3,0,Compute,502,40.58514245,12.26923366,18.87798678,27.24895854,1,0,0,0,,,,,,,,,,,,,
11-01-2024 21:00,21,3,0,Web,532,11.89259616,11.07161486,2.954709192,13.35802016,0,0,0,1,,,,,,,,,,,,,
11-01-2024 21:00,21,3,0,Database,496,24.00823478,19.27910591,10.79196261,19.36470384,0,1,0,0,,,,,,,,,,,,,
11-01-2024 21:00,21,3,0,Media,397,21.84917476,20.66202267,16.78360026,17.86529557,0,0,1,0,,,,,,,,,,,,,
11-01-2024 21:00,21,3,0,Compute,341,27.24895854,14.10968601,27.96349838,28.17726459,1,0,0,0,,,,,,,,,,,,,
11-01-2024 22:00,22,3,0,Web,421,13.35802016,4.571133274,11.37853211,7.37460158,0,0,0,1,,,,,,,,,,,,,
11-01-2024 22:00,22,3,0,Database,339,19.36470384,5.984854295,1,9.78607444,0,1,0,0,,,,,,,,,,,,,
11-01-2024 22:00,22,3,0,Media,252,17.86529557,23.7805987,8.072385699,6.952879632,0,0,1,0,,,,,,,,,,,,,
11-01-2024 22:00,22,3,0,Compute,428,28.17726459,10.29639566,14.94815559,17.54444043,1,0,0,0,,,,,,,,,,,,,
11-01-2024 23:00,23,3,0,Web,370,7.37460158,5.52231192,5.296429692,6.070257446,0,0,0,1,,,,,,,,,,,,,
11-01-2024 23:00,23,3,0,Database,297,9.78607444,8.908780592,7.515939818,9.407389174,0,1,0,0,,,,,,,,,,,,,
11-01-2024 23:00,23,3,0,Media,350,6.952879632,4.096628019,14.93367866,9.479108677,0,0,1,0,,,,,,,,,,,,,
11-01-2024 23:00,23,3,0,Compute,383,17.54444043,1,25.34552378,14.42519917,1,0,0,0,,,,,,,,,,,,,
12-01-2024 00:00,0,4,0,Web,165,6.070257446,10.77292013,7.460134667,6.9072923,0,0,0,1,,,,,,,,,,,,,
12-01-2024 00:00,0,4,0,Database,160,9.407389174,4.034351767,13.87513244,10.85327109,0,1,0,0,,,,,,,,,,,,,
12-01-2024 00:00,0,4,0,Media,136,9.479108677,4.531260416,14.73739642,11.55305493,0,0,1,0,,,,,,,,,,,,,
12-01-2024 00:00,0,4,0,Compute,229,14.42519917,3.885409145,8.948321938,10.89795895,1,0,0,0,,,,,,,,,,,,,
12-01-2024 01:00,1,4,0,Web,202,6.9072923,1,1,2.931248149,0,0,0,1,,,,,,,,,,,,,
12-01-2024 01:00,1,4,0,Database,217,10.85327109,2.504065668,7.561457896,7.882450262,0,1,0,0,,,,,,,,,,,,,
12-01-2024 01:00,1,4,0,Media,149,11.55305493,1,8.946614294,11.78524424,0,0,1,0,,,,,,,,,,,,,
12-01-2024 01:00,1,4,0,Compute,238,10.89795895,4.905363993,1,3.21495913,1,0,0,0,,,,,,,,,,,,,
12-01-2024 02:00,2,4,0,Web,81,2.931248149,1,13.03058499,8.218869082,0,0,0,1,,,,,,,,,,,,,
12-01-2024 02:00,2,4,0,Database,236,7.882450262,4.849990208,7.580203995,11.11454206,0,1,0,0,,,,,,,,,,,,,
12-01-2024 02:00,2,4,0,Media,159,11.78524424,3.246573813,2.305133839,6.473505524,0,0,1,0,,,,,,,,,,,,,
12-01-2024 02:00,2,4,0,Compute,306,3.21495913,1,1,6.864736113,1,0,0,0,,,,,,,,,,,,,
12-01-2024 03:00,3,4,0,Web,311,8.218869082,2.084755133,12.49253861,12.84428072,0,0,0,1,,,,,,,,,,,,,
12-01-2024 03:00,3,4,0,Database,314,11.11454206,1,6.494062704,9.420239498,0,1,0,0,,,,,,,,,,,,,
12-01-2024 03:00,3,4,0,Media,366,6.473505524,3.710132141,4.041436801,1,0,0,1,0,,,,,,,,,,,,,
12-01-2024 03:00,3,4,0,Compute,220,6.864736113,1,10.06744703,15.20467223,1,0,0,0,,,,,,,,,,,,,
12-01-2024 04:00,4,4,0,Web,365,12.84428072,1,8.005588762,11.49766105,0,0,0,1,,,,,,,,,,,,,
12-01-2024 04:00,4,4,0,Database,247,9.420239498,6.648834701,13.95191735,16.06212964,0,1,0,0,,,,,,,,,,,,,
12-01-2024 04:00,4,4,0,Media,296,1,12.23923556,12.42700836,6.725565365,0,0,1,0,,,,,,,,,,,,,
12-01-2024 04:00,4,4,0,Compute,281,15.20467223,2.884227657,12.7179807,18.36167309,1,0,0,0,,,,,,,,,,,,,
12-01-2024 05:00,5,4,0,Web,500,11.49766105,25.45834545,11.45113713,12.25022557,0,0,0,1,,,,,,,,,,,,,
12-01-2024 05:00,5,4,0,Database,426,16.06212964,7.689399972,9.810610717,10.00637052,0,1,0,0,,,,,,,,,,,,,
12-01-2024 05:00,5,4,0,Media,403,6.725565365,22.23693953,11.50413513,13.66923327,0,0,1,0,,,,,,,,,,,,,
12-01-2024 05:00,5,4,0,Compute,449,18.36167309,25.11890726,11.47880416,17.96417588,1,0,0,0,,,,,,,,,,,,,
12-01-2024 06:00,6,4,0,Web,587,12.25022557,22.81777072,7.150939239,15.45127087,0,0,0,1,,,,,,,,,,,,,
12-01-2024 06:00,6,4,0,Database,421,10.00637052,13.47776217,19.56336643,18.09777384,0,1,0,0,,,,,,,,,,,,,
12-01-2024 06:00,6,4,0,Media,541,13.66923327,27.39373642,18.06577187,12.60963669,0,0,1,0,,,,,,,,,,,,,
12-01-2024 06:00,6,4,0,Compute,618,17.96417588,10.54869519,25.17172381,26.89693276,1,0,0,0,,,,,,,,,,,,,
12-01-2024 07:00,7,4,0,Web,812,15.45127087,28.7506387,14.94870375,17.45005349,0,0,0,1,,,,,,,,,,,,,
12-01-2024 07:00,7,4,0,Database,436,18.09777384,12.575998,24.2318979,28.88979591,0,1,0,0,,,,,,,,,,,,,
12-01-2024 07:00,7,4,0,Media,555,12.60963669,33.72412221,15.31859436,22.2277879,0,0,1,0,,,,,,,,,,,,,
12-01-2024 07:00,7,4,0,Compute,632,26.89693276,14.26048562,26.64078356,32.28154218,1,0,0,0,,,,,,,,,,,,,
12-01-2024 08:00,8,4,0,Web,962,17.45005349,34.01108167,11.08961356,17.88063052,0,0,0,1,,,,,,,,,,,,,
12-01-2024 08:00,8,4,0,Database,771,28.88979591,28.65574825,24.73789803,31.21101609,0,1,0,0,,,,,,,,,,,,,
12-01-2024 08:00,8,4,0,Media,731,22.2277879,53.66499869,22.37898649,28.06798762,0,0,1,0,,,,,,,,,,,,,
12-01-2024 08:00,8,4,0,Compute,528,32.28154218,24.28055094,35.48328628,39.63534995,1,0,0,0,,,,,,,,,,,,,
12-01-2024 09:00,9,4,0,Web,1089,17.88063052,42.05059334,16.98921156,27.30359042,0,0,0,1,,,,,,,,,,,,,
12-01-2024 09:00,9,4,0,Database,709,31.21101609,11.48653679,39.19606172,41.99228187,0,1,0,0,,,,,,,,,,,,,
12-01-2024 09:00,9,4,0,Media,678,28.06798762,60.87808896,24.77470505,31.36995988,0,0,1,0,,,,,,,,,,,,,
12-01-2024 09:00,9,4,0,Compute,955,39.63534995,26.53992525,39.16875394,43.84645723,1,0,0,0,,,,,,,,,,,,,
12-01-2024 10:00,10,4,0,Web,1282,27.30359042,54.26821323,23.21024532,28.63955061,0,0,0,1,,,,,,,,,,,,,
12-01-2024 10:00,10,4,0,Database,752,41.99228187,32.01132276,41.04172983,47.42608585,0,1,0,0,,,,,,,,,,,,,
12-01-2024 10:00,10,4,0,Media,796,31.36995988,78.07129352,23.07849484,32.61893614,0,0,1,0,,,,,,,,,,,,,
12-01-2024 10:00,10,4,0,Compute,888,43.84645723,27.80915428,35.295579,46.29630091,1,0,0,0,,,,,,,,,,,,,
12-01-2024 11:00,11,4,0,Web,1315,28.63955061,63.71620954,23.18759817,30.50591311,0,0,0,1,,,,,,,,,,,,,
12-01-2024 11:00,11,4,0,Database,939,47.42608585,29.21426248,40.62755909,50.30655037,0,1,0,0,,,,,,,,,,,,,
12-01-2024 11:00,11,4,0,Media,941,32.61893614,83.29537514,33.55358178,32.75321006,0,0,1,0,,,,,,,,,,,,,
12-01-2024 11:00,11,4,0,Compute,1006,46.29630091,32.98624628,40.91110185,48.90644633,1,0,0,0,,,,,,,,,,,,,
12-01-2024 12:00,12,4,0,Web,1478,30.50591311,65.76869552,30.73148019,34.42737186,0,0,0,1,,,,,,,,,,,,,
12-01-2024 12:00,12,4,0,Database,1078,50.30655037,26.0104918,37.73618803,51.08599697,0,1,0,0,,,,,,,,,,,,,
12-01-2024 12:00,12,4,0,Media,906,32.75321006,81.51410001,35.88187468,41.41090225,0,0,1,0,,,,,,,,,,,,,
12-01-2024 12:00,12,4,0,Compute,971,48.90644633,31.04165401,41.54867258,49.13093945,1,0,0,0,,,,,,,,,,,,,
12-01-2024 13:00,13,4,0,Web,1442,34.42737186,64.23936645,38.22391519,35.99073084,0,0,0,1,,,,,,,,,,,,,
12-01-2024 13:00,13,4,0,Database,966,51.08599697,25.18763698,38.58869757,51.97570952,0,1,0,0,,,,,,,,,,,,,
12-01-2024 13:00,13,4,0,Media,1026,41.41090225,84.89868354,29.92263695,35.37797657,0,0,1,0,,,,,,,,,,,,,
12-01-2024 13:00,13,4,0,Compute,1008,49.13093945,40.09663712,45.08908947,51.04952579,1,0,0,0,,,,,,,,,,,,,
12-01-2024 14:00,14,4,0,Web,1491,35.99073084,57.74334551,26.57729786,34.88455186,0,0,0,1,,,,,,,,,,,,,
12-01-2024 14:00,14,4,0,Database,878,51.97570952,41.83486758,45.22122126,50.42567091,0,1,0,0,,,,,,,,,,,,,
12-01-2024 14:00,14,4,0,Media,936,35.37797657,89.52723069,30.91590862,39.08110908,0,0,1,0,,,,,,,,,,,,,
12-01-2024 14:00,14,4,0,Compute,1016,51.04952579,36.23361901,50.23588719,53.98892179,1,0,0,0,,,,,,,,,,,,,
12-01-2024 15:00,15,4,0,Web,1398,34.88455186,54.40607891,29.76938504,35.07941732,0,0,0,1,,,,,,,,,,,,,
12-01-2024 15:00,15,4,0,Database,1140,50.42567091,24.23928571,39.26773081,44.79529188,0,1,0,0,,,,,,,,,,,,,
12-01-2024 15:00,15,4,0,Media,1089,39.08110908,86.53411814,33.09038481,42.12209921,0,0,1,0,,,,,,,,,,,,,
12-01-2024 15:00,15,4,0,Compute,967,53.98892179,39.26703503,46.83809828,51.53581343,1,0,0,0,,,,,,,,,,,,,
12-01-2024 16:00,16,4,0,Web,1241,35.07941732,52.36014174,28.58340748,31.59904648,0,0,0,1,,,,,,,,,,,,,
12-01-2024 16:00,16,4,0,Database,887,44.79529188,20.354502,41.97586594,41.41270703,0,1,0,0,,,,,,,,,,,,,
12-01-2024 16:00,16,4,0,Media,917,42.12209921,72.30239247,38.58657158,37.11574412,0,0,1,0,,,,,,,,,,,,,
12-01-2024 16:00,16,4,0,Compute,824,51.53581343,27.27688233,40.99091825,46.70242123,1,0,0,0,,,,,,,,,,,,,
12-01-2024 17:00,17,4,0,Web,1061,31.59904648,42.49892571,19.71919995,22.06766415,0,0,0,1,,,,,,,,,,,,,
12-01-2024 17:00,17,4,0,Database,680,41.41270703,26.48471845,30.88158663,42.48500497,0,1,0,0,,,,,,,,,,,,,
12-01-2024 17:00,17,4,0,Media,743,37.11574412,62.45976065,36.0068048,38.83365016,0,0,1,0,,,,,,,,,,,,,
12-01-2024 17:00,17,4,0,Compute,726,46.70242123,29.15328746,38.46884126,46.49218092,1,0,0,0,,,,,,,,,,,,,
12-01-2024 18:00,18,4,0,Web,1057,22.06766415,42.53771032,18.37035421,21.18256368,0,0,0,1,,,,,,,,,,,,,
12-01-2024 18:00,18,4,0,Database,768,42.48500497,10.18820836,28.7803677,35.2188132,0,1,0,0,,,,,,,,,,,,,
12-01-2024 18:00,18,4,0,Media,619,38.83365016,57.02149242,26.78238647,32.15754733,0,0,1,0,,,,,,,,,,,,,
12-01-2024 18:00,18,4,0,Compute,786,46.49218092,26.11993572,30.2671247,36.71981872,1,0,0,0,,,,,,,,,,,,,
12-01-2024 19:00,19,4,0,Web,743,21.18256368,31.45066664,24.53590863,24.59007226,0,0,0,1,,,,,,,,,,,,,
12-01-2024 19:00,19,4,0,Database,743,35.2188132,16.83168484,21.48090972,25.30801746,0,1,0,0,,,,,,,,,,,,,
12-01-2024 19:00,19,4,0,Media,526,32.15754733,48.45278659,18.47397091,26.94153046,0,0,1,0,,,,,,,,,,,,,
12-01-2024 19:00,19,4,0,Compute,684,36.71981872,15.16603239,21.48622039,33.99695488,1,0,0,0,,,,,,,,,,,,,
12-01-2024 20:00,20,4,0,Web,689,24.59007226,28.44958057,4.778479307,18.29939974,0,0,0,1,,,,,,,,,,,,,
12-01-2024 20:00,20,4,0,Database,507,25.30801746,7.730014259,21.65419574,20.79338041,0,1,0,0,,,,,,,,,,,,,
12-01-2024 20:00,20,4,0,Media,441,26.94153046,41.47107886,26.09307978,22.31638346,0,0,1,0,,,,,,,,,,,,,
12-01-2024 20:00,20,4,0,Compute,525,33.99695488,8.538700721,28.00950068,29.22765289,1,0,0,0,,,,,,,,,,,,,
12-01-2024 21:00,21,4,0,Web,551,18.29939974,13.86266186,11.25939737,11.74762953,0,0,0,1,,,,,,,,,,,,,
12-01-2024 21:00,21,4,0,Database,440,20.79338041,8.394458559,3.58388609,18.6776555,0,1,0,0,,,,,,,,,,,,,
12-01-2024 21:00,21,4,0,Media,451,22.31638346,30.71080846,15.03150499,18.16688091,0,0,1,0,,,,,,,,,,,,,
12-01-2024 21:00,21,4,0,Compute,424,29.22765289,11.812965,24.25491073,23.61993312,1,0,0,0,,,,,,,,,,,,,
12-01-2024 22:00,22,4,0,Web,303,11.74762953,12.59152419,1,2.666943853,0,0,0,1,,,,,,,,,,,,,
12-01-2024 22:00,22,4,0,Database,288,18.6776555,10.83372863,14.99052731,16.93601719,0,1,0,0,,,,,,,,,,,,,
12-01-2024 22:00,22,4,0,Media,293,18.16688091,20.68820421,14.26236995,14.39862316,0,0,1,0,,,,,,,,,,,,,
12-01-2024 22:00,22,4,0,Compute,180,23.61993312,13.58734678,16.82562536,15.8018364,1,0,0,0,,,,,,,,,,,,,
12-01-2024 23:00,23,4,0,Web,299,2.666943853,8.362751263,7.3174355,5.045837677,0,0,0,1,,,,,,,,,,,,,
12-01-2024 23:00,23,4,0,Database,224,16.93601719,11.46191391,15.41938125,12.58502612,0,1,0,0,,,,,,,,,,,,,
12-01-2024 23:00,23,4,0,Media,312,14.39862316,8.815839616,8.318319396,10.04072953,0,0,1,0,,,,,,,,,,,,,
12-01-2024 23:00,23,4,0,Compute,244,15.8018364,9.164777907,6.759779771,12.93092333,1,0,0,0,,,,,,,,,,,,,
13-01-2024 00:00,0,5,1,Web,121,5.045837677,10.56826953,3.743729132,3.945124811,0,0,0,1,,,,,,,,,,,,,
13-01-2024 00:00,0,5,1,Database,174,12.58502612,8.601153401,3.508910857,6.720210031,0,1,0,0,,,,,,,,,,,,,
13-01-2024 00:00,0,5,1,Media,10,10.04072953,3.874413058,14.56142862,4.277969153,0,0,1,0,,,,,,,,,,,,,
13-01-2024 00:00,0,5,1,Compute,119,12.93092333,4.639516314,8.323549532,9.474977962,1,0,0,0,,,,,,,,,,,,,
13-01-2024 01:00,1,5,1,Web,347,3.945124811,3.93542221,2.857492597,5.901936246,0,0,0,1,,,,,,,,,,,,,
13-01-2024 01:00,1,5,1,Database,144,6.720210031,1,1,3.83004002,0,1,0,0,,,,,,,,,,,,,
13-01-2024 01:00,1,5,1,Media,128,4.277969153,1,2.983650647,2.036122985,0,0,1,0,,,,,,,,,,,,,
13-01-2024 01:00,1,5,1,Compute,10,9.474977962,1,2.564019201,5.237009167,1,0,0,0,,,,,,,,,,,,,
13-01-2024 02:00,2,5,1,Web,333,5.901936246,1,6.596322351,3.614857056,0,0,0,1,,,,,,,,,,,,,
13-01-2024 02:00,2,5,1,Database,204,3.83004002,1,3.184733962,4.02337008,0,1,0,0,,,,,,,,,,,,,
13-01-2024 02:00,2,5,1,Media,221,2.036122985,5.879474389,1,4.576282655,0,0,1,0,,,,,,,,,,,,,
13-01-2024 02:00,2,5,1,Compute,242,5.237009167,1,5.965077579,6.333065165,1,0,0,0,,,,,,,,,,,,,
13-01-2024 03:00,3,5,1,Web,178,3.614857056,1,2.420054735,5.769531476,0,0,0,1,,,,,,,,,,,,,
13-01-2024 03:00,3,5,1,Database,102,4.02337008,1,7.747050973,6.446080394,0,1,0,0,,,,,,,,,,,,,
13-01-2024 03:00,3,5,1,Media,433,4.576282655,7.593529158,13.19569411,9.386321854,0,0,1,0,,,,,,,,,,,,,
13-01-2024 03:00,3,5,1,Compute,380,6.333065165,1,1,6.66918598,1,0,0,0,,,,,,,,,,,,,
13-01-2024 04:00,4,5,1,Web,350,5.769531476,11.87662795,7.582259003,7.623963011,0,0,0,1,,,,,,,,,,,,,
13-01-2024 04:00,4,5,1,Database,300,6.446080394,1,6.463933862,12.0260998,0,1,0,0,,,,,,,,,,,,,
13-01-2024 04:00,4,5,1,Media,399,9.386321854,4.80114444,5.600545386,9.521720141,0,0,1,0,,,,,,,,,,,,,
13-01-2024 04:00,4,5,1,Compute,218,6.66918598,1,2.265525055,8.703666195,1,0,0,0,,,,,,,,,,,,,
13-01-2024 05:00,5,5,1,Web,364,7.623963011,10.46538327,10.59301831,7.252213142,0,0,0,1,,,,,,,,,,,,,
13-01-2024 05:00,5,5,1,Database,341,12.0260998,6.305005518,8.655225505,10.75216373,0,1,0,0,,,,,,,,,,,,,
13-01-2024 05:00,5,5,1,Media,377,9.521720141,13.53994654,13.36793649,10.64875456,0,0,1,0,,,,,,,,,,,,,
13-01-2024 05:00,5,5,1,Compute,383,8.703666195,7.34179494,3.040052468,12.10635992,1,0,0,0,,,,,,,,,,,,,
13-01-2024 06:00,6,5,1,Web,524,7.252213142,11.59832236,12.13700336,12.29206673,0,0,0,1,,,,,,,,,,,,,
13-01-2024 06:00,6,5,1,Database,313,10.75216373,3.86613314,15.81356756,16.59738576,0,1,0,0,,,,,,,,,,,,,
13-01-2024 06:00,6,5,1,Media,466,10.64875456,28.19401184,6.60549064,10.51715783,0,0,1,0,,,,,,,,,,,,,
13-01-2024 06:00,6,5,1,Compute,447,12.10635992,9.668132681,14.71324176,15.95731638,1,0,0,0,,,,,,,,,,,,,
13-01-2024 07:00,7,5,1,Web,340,12.29206673,16.21694262,9.02216914,10.85359483,0,0,0,1,,,,,,,,,,,,,
13-01-2024 07:00,7,5,1,Database,459,16.59738576,3.711726019,17.61598123,22.23779338,0,1,0,0,,,,,,,,,,,,,
13-01-2024 07:00,7,5,1,Media,465,10.51715783,25.5411314,11.48775253,14.24941946,0,0,1,0,,,,,,,,,,,,,
13-01-2024 07:00,7,5,1,Compute,619,15.95731638,11.98155487,10.40379825,14.06721631,1,0,0,0,,,,,,,,,,,,,
13-01-2024 08:00,8,5,1,Web,590,10.85359483,22.41996972,18.26394976,17.65990476,0,0,0,1,,,,,,,,,,,,,
13-01-2024 08:00,8,5,1,Database,480,22.23779338,10.93750627,18.59485853,22.36941782,0,1,0,0,,,,,,,,,,,,,
13-01-2024 08:00,8,5,1,Media,487,14.24941946,27.83681348,19.17656477,19.01613707,0,0,1,0,,,,,,,,,,,,,
13-01-2024 08:00,8,5,1,Compute,418,14.06721631,16.35744501,18.65211093,17.86649568,1,0,0,0,,,,,,,,,,,,,
13-01-2024 09:00,9,5,1,Web,780,17.65990476,23.95574546,19.04105175,14.00148147,0,0,0,1,,,,,,,,,,,,,
13-01-2024 09:00,9,5,1,Database,573,22.36941782,10.76837821,19.49551315,27.58050844,0,1,0,0,,,,,,,,,,,,,
13-01-2024 09:00,9,5,1,Media,574,19.01613707,48.53180575,26.68448444,29.97645349,0,0,1,0,,,,,,,,,,,,,
13-01-2024 09:00,9,5,1,Compute,656,17.86649568,23.29876805,19.64827284,27.77065403,1,0,0,0,,,,,,,,,,,,,
13-01-2024 10:00,10,5,1,Web,694,14.00148147,17.47680432,20.83959277,23.57596651,0,0,0,1,,,,,,,,,,,,,
13-01-2024 10:00,10,5,1,Database,582,27.58050844,18.93899009,24.75516471,30.23912965,0,1,0,0,,,,,,,,,,,,,
13-01-2024 10:00,10,5,1,Media,541,29.97645349,46.24971143,18.33238989,21.90373118,0,0,1,0,,,,,,,,,,,,,
13-01-2024 10:00,10,5,1,Compute,581,27.77065403,22.05110941,26.40126716,35.06129018,1,0,0,0,,,,,,,,,,,,,
13-01-2024 11:00,11,5,1,Web,877,23.57596651,33.64801235,9.657967226,17.56951525,0,0,0,1,,,,,,,,,,,,,
13-01-2024 11:00,11,5,1,Database,806,30.23912965,1.241788308,20.45176283,32.18153191,0,1,0,0,,,,,,,,,,,,,
13-01-2024 11:00,11,5,1,Media,706,21.90373118,45.9790963,25.64684728,24.80209812,0,0,1,0,,,,,,,,,,,,,
13-01-2024 11:00,11,5,1,Compute,675,35.06129018,20.26187699,30.04852515,37.4569173,1,0,0,0,,,,,,,,,,,,,
13-01-2024 12:00,12,5,1,Web,909,17.56951525,40.25664656,19.52701008,23.04040718,0,0,0,1,,,,,,,,,,,,,
13-01-2024 12:00,12,5,1,Database,634,32.18153191,14.67016375,31.61286843,27.88819642,0,1,0,0,,,,,,,,,,,,,
13-01-2024 12:00,12,5,1,Media,626,24.80209812,51.1465791,22.73177113,26.42711376,0,0,1,0,,,,,,,,,,,,,
13-01-2024 12:00,12,5,1,Compute,670,37.4569173,11.80367262,31.70467763,36.47694155,1,0,0,0,,,,,,,,,,,,,
13-01-2024 13:00,13,5,1,Web,1070,23.04040718,29.10949329,21.5054918,22.56823685,0,0,0,1,,,,,,,,,,,,,
13-01-2024 13:00,13,5,1,Database,642,27.88819642,15.07093197,30.61823134,29.10510151,0,1,0,0,,,,,,,,,,,,,
13-01-2024 13:00,13,5,1,Media,740,26.42711376,52.77224917,19.74171376,25.35551708,0,0,1,0,,,,,,,,,,,,,
13-01-2024 13:00,13,5,1,Compute,782,36.47694155,14.26347417,21.12957158,31.04967741,1,0,0,0,,,,,,,,,,,,,
13-01-2024 14:00,14,5,1,Web,820,22.56823685,31.71592614,10.73524461,20.22725839,0,0,0,1,,,,,,,,,,,,,
13-01-2024 14:00,14,5,1,Database,510,29.10510151,19.71127279,28.64444362,28.05030826,0,1,0,0,,,,,,,,,,,,,
13-01-2024 14:00,14,5,1,Media,686,25.35551708,47.38421693,14.04702154,23.75454279,0,0,1,0,,,,,,,,,,,,,
13-01-2024 14:00,14,5,1,Compute,668,31.04967741,26.74417173,35.56857599,37.59894862,1,0,0,0,,,,,,,,,,,,,
13-01-2024 15:00,15,5,1,Web,812,20.22725839,32.58250845,16.96934511,21.47613557,0,0,0,1,,,,,,,,,,,,,
13-01-2024 15:00,15,5,1,Database,810,28.05030826,22.85297317,19.98023169,24.61051642,0,1,0,0,,,,,,,,,,,,,
13-01-2024 15:00,15,5,1,Media,530,23.75454279,49.26623729,17.96271532,23.62219919,0,0,1,0,,,,,,,,,,,,,
13-01-2024 15:00,15,5,1,Compute,520,37.59894862,24.93418147,34.40301837,37.3386697,1,0,0,0,,,,,,,,,,,,,
13-01-2024 16:00,16,5,1,Web,744,21.47613557,29.06493876,14.16854552,20.90153704,0,0,0,1,,,,,,,,,,,,,
13-01-2024 16:00,16,5,1,Database,781,24.61051642,16.26563773,18.89848687,27.82187432,0,1,0,0,,,,,,,,,,,,,
13-01-2024 16:00,16,5,1,Media,501,23.62219919,43.87033583,13.37617847,20.63608355,0,0,1,0,,,,,,,,,,,,,
13-01-2024 16:00,16,5,1,Compute,684,37.3386697,14.99065855,32.27260428,35.50661525,1,0,0,0,,,,,,,,,,,,,
13-01-2024 17:00,17,5,1,Web,696,20.90153704,25.6081678,14.4156495,19.91638758,0,0,0,1,,,,,,,,,,,,,
13-01-2024 17:00,17,5,1,Database,595,27.82187432,21.46364228,22.43826631,25.33415054,0,1,0,0,,,,,,,,,,,,,
13-01-2024 17:00,17,5,1,Media,546,20.63608355,33.16379003,23.78245944,25.34703432,0,0,1,0,,,,,,,,,,,,,
13-01-2024 17:00,17,5,1,Compute,471,35.50661525,17.54855127,20.87014657,28.57586616,1,0,0,0,,,,,,,,,,,,,
13-01-2024 18:00,18,5,1,Web,702,19.91638758,20.43034503,19.07556095,20.9916007,0,0,0,1,,,,,,,,,,,,,
13-01-2024 18:00,18,5,1,Database,335,25.33415054,12.24401517,20.24055516,23.69114634,0,1,0,0,,,,,,,,,,,,,
13-01-2024 18:00,18,5,1,Media,670,25.34703432,29.17772857,24.18197878,24.75498248,0,0,1,0,,,,,,,,,,,,,
13-01-2024 18:00,18,5,1,Compute,461,28.57586616,17.60815117,19.38484815,26.45467841,1,0,0,0,,,,,,,,,,,,,
13-01-2024 19:00,19,5,1,Web,588,20.9916007,18.51155167,15.39779711,12.4829768,0,0,0,1,,,,,,,,,,,,,
13-01-2024 19:00,19,5,1,Database,301,23.69114634,13.86396181,18.52327013,20.46875801,0,1,0,0,,,,,,,,,,,,,
13-01-2024 19:00,19,5,1,Media,413,24.75498248,20.42472695,18.83024431,21.27256042,0,0,1,0,,,,,,,,,,,,,
13-01-2024 19:00,19,5,1,Compute,326,26.45467841,13.61454615,27.54808354,26.78134921,1,0,0,0,,,,,,,,,,,,,
13-01-2024 20:00,20,5,1,Web,586,12.4829768,8.784699744,15.52152833,15.04354519,0,0,0,1,,,,,,,,,,,,,
13-01-2024 20:00,20,5,1,Database,516,20.46875801,3.329278568,14.58986065,18.98025382,0,1,0,0,,,,,,,,,,,,,
13-01-2024 20:00,20,5,1,Media,398,21.27256042,15.24403171,11.9859424,10.80852859,0,0,1,0,,,,,,,,,,,,,
13-01-2024 20:00,20,5,1,Compute,407,26.78134921,5.109622095,15.20727116,19.1352306,1,0,0,0,,,,,,,,,,,,,
13-01-2024 21:00,21,5,1,Web,367,15.04354519,10.77239477,19.6111597,16.55402494,0,0,0,1,,,,,,,,,,,,,
13-01-2024 21:00,21,5,1,Database,317,18.98025382,1,19.18464855,17.25266703,0,1,0,0,,,,,,,,,,,,,
13-01-2024 21:00,21,5,1,Media,313,10.80852859,23.82512129,9.41072728,5.786257458,0,0,1,0,,,,,,,,,,,,,
13-01-2024 21:00,21,5,1,Compute,326,19.1352306,1.479554169,10.77302275,9.808777276,1,0,0,0,,,,,,,,,,,,,
13-01-2024 22:00,22,5,1,Web,252,16.55402494,2.831534062,11.00169144,11.74526463,0,0,0,1,,,,,,,,,,,,,
13-01-2024 22:00,22,5,1,Database,218,17.25266703,1,9.164376254,12.70851584,0,1,0,0,,,,,,,,,,,,,
13-01-2024 22:00,22,5,1,Media,243,5.786257458,1,7.224696843,9.337777307,0,0,1,0,,,,,,,,,,,,,
13-01-2024 22:00,22,5,1,Compute,349,9.808777276,1,1.103695136,3.399006771,1,0,0,0,,,,,,,,,,,,,
13-01-2024 23:00,23,5,1,Web,260,11.74526463,1,12.39134482,9.275630105,0,0,0,1,,,,,,,,,,,,,
13-01-2024 23:00,23,5,1,Database,279,12.70851584,10.70847264,1.892389949,10.28064406,0,1,0,0,,,,,,,,,,,,,
13-01-2024 23:00,23,5,1,Media,117,9.337777307,4.995498009,9.361250594,9.178130373,0,0,1,0,,,,,,,,,,,,,
13-01-2024 23:00,23,5,1,Compute,192,3.399006771,1.278551211,2.920200097,10.77843529,1,0,0,0,,,,,,,,,,,,,
14-01-2024 00:00,0,6,1,Web,167,9.275630105,6.00072784,5.341953367,4.267014373,0,0,0,1,,,,,,,,,,,,,
14-01-2024 00:00,0,6,1,Database,180,10.28064406,1,9.110537104,10.48420523,0,1,0,0,,,,,,,,,,,,,
14-01-2024 00:00,0,6,1,Media,187,9.178130373,3.062417333,2.459624719,6.172075728,0,0,1,0,,,,,,,,,,,,,
14-01-2024 00:00,0,6,1,Compute,226,10.77843529,2.532312351,1,4.290660803,1,0,0,0,,,,,,,,,,,,,
14-01-2024 01:00,1,6,1,Web,134,4.267014373,1,7.988171812,5.722877058,0,0,0,1,,,,,,,,,,,,,
14-01-2024 01:00,1,6,1,Database,87,10.48420523,1,12.36647753,12.89434635,0,1,0,0,,,,,,,,,,,,,
14-01-2024 01:00,1,6,1,Media,125,6.172075728,4.41706087,1,4.511696385,0,0,1,0,,,,,,,,,,,,,
14-01-2024 01:00,1,6,1,Compute,137,4.290660803,1,7.197762941,10.35326897,1,0,0,0,,,,,,,,,,,,,
14-01-2024 02:00,2,6,1,Web,178,5.722877058,1,1,1,0,0,0,1,,,,,,,,,,,,,
14-01-2024 02:00,2,6,1,Database,274,12.89434635,4.409664038,7.313637278,3.136672746,0,1,0,0,,,,,,,,,,,,,
14-01-2024 02:00,2,6,1,Media,308,4.511696385,1,8.939483995,5.745760775,0,0,1,0,,,,,,,,,,,,,
14-01-2024 02:00,2,6,1,Compute,265,10.35326897,1,1,6.642830031,1,0,0,0,,,,,,,,,,,,,
14-01-2024 03:00,3,6,1,Web,248,1,1,3.571010392,2.4314309,0,0,0,1,,,,,,,,,,,,,
14-01-2024 03:00,3,6,1,Database,61,3.136672746,1,13.31998238,11.41739042,0,1,0,0,,,,,,,,,,,,,
14-01-2024 03:00,3,6,1,Media,231,5.745760775,4.358429579,10.2449347,10.0801556,0,0,1,0,,,,,,,,,,,,,
14-01-2024 03:00,3,6,1,Compute,319,6.642830031,1.518451963,6.002885158,6.915495721,1,0,0,0,,,,,,,,,,,,,
14-01-2024 04:00,4,6,1,Web,283,2.4314309,5.444115419,4.682122806,5.165470418,0,0,0,1,,,,,,,,,,,,,
14-01-2024 04:00,4,6,1,Database,186,11.41739042,1.544871747,7.380398984,13.27757625,0,1,0,0,,,,,,,,,,,,,
14-01-2024 04:00,4,6,1,Media,246,10.0801556,12.36266598,1,10.46678481,0,0,1,0,,,,,,,,,,,,,
14-01-2024 04:00,4,6,1,Compute,216,6.915495721,3.270500697,10.45654929,14.55201058,1,0,0,0,,,,,,,,,,,,,
14-01-2024 05:00,5,6,1,Web,533,5.165470418,9.195225428,11.40209957,7.584352978,0,0,0,1,,,,,,,,,,,,,
14-01-2024 05:00,5,6,1,Database,353,13.27757625,1.072341936,14.87003586,13.50426983,0,1,0,0,,,,,,,,,,,,,
14-01-2024 05:00,5,6,1,Media,241,10.46678481,12.39590607,8.262163992,9.250967632,0,0,1,0,,,,,,,,,,,,,
14-01-2024 05:00,5,6,1,Compute,376,14.55201058,2.330256042,12.20601473,18.95219774,1,0,0,0,,,,,,,,,,,,,
14-01-2024 06:00,6,6,1,Web,351,7.584352978,15.74026879,15.44782986,16.74017866,0,0,0,1,,,,,,,,,,,,,
14-01-2024 06:00,6,6,1,Database,270,13.50426983,5.406840141,15.31970183,15.62671751,0,1,0,0,,,,,,,,,,,,,
14-01-2024 06:00,6,6,1,Media,463,9.250967632,14.90144955,13.00077956,19.75180102,0,0,1,0,,,,,,,,,,,,,
14-01-2024 06:00,6,6,1,Compute,307,18.95219774,8.21653237,24.19661231,23.56140123,1,0,0,0,,,,,,,,,,,,,
14-01-2024 07:00,7,6,1,Web,562,16.74017866,16.10049088,13.96021035,12.23541379,0,0,0,1,,,,,,,,,,,,,
14-01-2024 07:00,7,6,1,Database,419,15.62671751,7.825170033,16.61611164,20.43304869,0,1,0,0,,,,,,,,,,,,,
14-01-2024 07:00,7,6,1,Media,440,19.75180102,29.92743116,23.52138632,19.9240165,0,0,1,0,,,,,,,,,,,,,
14-01-2024 07:00,7,6,1,Compute,504,23.56140123,15.26993116,15.94597845,22.09078812,1,0,0,0,,,,,,,,,,,,,
14-01-2024 08:00,8,6,1,Web,666,12.23541379,22.24425769,8.070018153,11.03799605,0,0,0,1,,,,,,,,,,,,,
14-01-2024 08:00,8,6,1,Database,461,20.43304869,18.195246,24.61376874,26.69930893,0,1,0,0,,,,,,,,,,,,,
14-01-2024 08:00,8,6,1,Media,523,19.9240165,34.04776188,13.18697034,19.9216019,0,0,1,0,,,,,,,,,,,,,
14-01-2024 08:00,8,6,1,Compute,503,22.09078812,13.48941555,15.70600103,21.01660107,1,0,0,0,,,,,,,,,,,,,
14-01-2024 09:00,9,6,1,Web,773,11.03799605,29.34434801,12.99049302,18.01854935,0,0,0,1,,,,,,,,,,,,,
14-01-2024 09:00,9,6,1,Database,545,26.69930893,18.8949432,12.92851396,17.49096716,0,1,0,0,,,,,,,,,,,,,
14-01-2024 09:00,9,6,1,Media,425,19.9216019,36.69693523,25.01424782,21.96847408,0,0,1,0,,,,,,,,,,,,,
14-01-2024 09:00,9,6,1,Compute,560,21.01660107,17.58333687,26.51971084,23.54210149,1,0,0,0,,,,,,,,,,,,,
14-01-2024 10:00,10,6,1,Web,818,18.01854935,26.3497784,22.91034666,23.84050951,0,0,0,1,,,,,,,,,,,,,
14-01-2024 10:00,10,6,1,Database,557,17.49096716,4.77774447,20.65725635,27.23969479,0,1,0,0,,,,,,,,,,,,,
14-01-2024 10:00,10,6,1,Media,605,21.96847408,46.97582128,22.93731566,19.37904546,0,0,1,0,,,,,,,,,,,,,
14-01-2024 10:00,10,6,1,Compute,537,23.54210149,14.98797194,16.43483381,28.22638137,1,0,0,0,,,,,,,,,,,,,
14-01-2024 11:00,11,6,1,Web,953,23.84050951,33.12824458,27.55656975,29.00115729,0,0,0,1,,,,,,,,,,,,,
14-01-2024 11:00,11,6,1,Database,613,27.23969479,15.85048512,31.03978347,26.82437632,0,1,0,0,,,,,,,,,,,,,
14-01-2024 11:00,11,6,1,Media,817,19.37904546,47.05292392,17.38092109,28.64012567,0,0,1,0,,,,,,,,,,,,,
14-01-2024 11:00,11,6,1,Compute,594,28.22638137,37.37350032,27.78335401,32.97013061,1,0,0,0,,,,,,,,,,,,,
14-01-2024 12:00,12,6,1,Web,821,29.00115729,35.37880485,23.67964966,24.95719846,0,0,0,1,,,,,,,,,,,,,
14-01-2024 12:00,12,6,1,Database,680,26.82437632,20.25032742,23.71566127,27.39966646,0,1,0,0,,,,,,,,,,,,,
14-01-2024 12:00,12,6,1,Media,698,28.64012567,57.76483002,30.55086993,29.29463332,0,0,1,0,,,,,,,,,,,,,
14-01-2024 12:00,12,6,1,Compute,677,32.97013061,22.49295416,24.76534694,31.95925652,1,0,0,0,,,,,,,,,,,,,
14-01-2024 13:00,13,6,1,Web,940,24.95719846,30.05900655,15.00322333,22.05430133,0,0,0,1,,,,,,,,,,,,,
14-01-2024 13:00,13,6,1,Database,547,27.39966646,12.99737158,19.87214306,30.2950645,0,1,0,0,,,,,,,,,,,,,
14-01-2024 13:00,13,6,1,Media,648,29.29463332,57.70111532,21.9325292,24.0159064,0,0,1,0,,,,,,,,,,,,,
14-01-2024 13:00,13,6,1,Compute,636,31.95925652,20.43002451,31.28664146,34.27873221,1,0,0,0,,,,,,,,,,,,,
14-01-2024 14:00,14,6,1,Web,845,22.05430133,38.39441488,25.74136054,26.12307009,0,0,0,1,,,,,,,,,,,,,
14-01-2024 14:00,14,6,1,Database,745,30.2950645,19.65364302,27.06478184,25.46992901,0,1,0,0,,,,,,,,,,,,,
14-01-2024 14:00,14,6,1,Media,752,24.0159064,51.70345125,23.64674126,27.58946113,0,0,1,0,,,,,,,,,,,,,
14-01-2024 14:00,14,6,1,Compute,701,34.27873221,15.65882669,33.10797691,34.86643825,1,0,0,0,,,,,,,,,,,,,
14-01-2024 15:00,15,6,1,Web,828,26.12307009,32.39503865,22.15495058,29.01090874,0,0,0,1,,,,,,,,,,,,,
14-01-2024 15:00,15,6,1,Database,577,25.46992901,15.86617396,22.77505588,30.25895934,0,1,0,0,,,,,,,,,,,,,
14-01-2024 15:00,15,6,1,Media,715,27.58946113,54.49383248,23.90794315,24.4158808,0,0,1,0,,,,,,,,,,,,,
14-01-2024 15:00,15,6,1,Compute,732,34.86643825,27.66497333,42.96264718,35.29130691,1,0,0,0,,,,,,,,,,,,,
14-01-2024 16:00,16,6,1,Web,840,29.01090874,37.85955695,16.52499951,19.89792472,0,0,0,1,,,,,,,,,,,,,
14-01-2024 16:00,16,6,1,Database,746,30.25895934,9.085659999,31.51537251,33.38188622,0,1,0,0,,,,,,,,,,,,,
14-01-2024 16:00,16,6,1,Media,648,24.4158808,47.28767651,11.65134402,20.70732799,0,0,1,0,,,,,,,,,,,,,
14-01-2024 16:00,16,6,1,Compute,651,35.29130691,23.1432113,32.56279953,35.96971126,1,0,0,0,,,,,,,,,,,,,
14-01-2024 17:00,17,6,1,Web,661,19.89792472,16.98315435,9.725901314,18.53455113,0,0,0,1,,,,,,,,,,,,,
14-01-2024 17:00,17,6,1,Database,619,33.38188622,19.04173789,25.17442763,25.51109837,0,1,0,0,,,,,,,,,,,,,
14-01-2024 17:00,17,6,1,Media,510,20.70732799,31.27060563,17.41347358,23.59776528,0,0,1,0,,,,,,,,,,,,,
14-01-2024 17:00,17,6,1,Compute,569,35.96971126,27.87671559,23.55247921,29.77980618,1,0,0,0,,,,,,,,,,,,,
14-01-2024 18:00,18,6,1,Web,531,18.53455113,27.20004986,11.34565883,18.02927974,0,0,0,1,,,,,,,,,,,,,
14-01-2024 18:00,18,6,1,Database,525,25.51109837,7.501431839,17.182842,24.66164762,0,1,0,0,,,,,,,,,,,,,
14-01-2024 18:00,18,6,1,Media,576,23.59776528,29.50101061,23.94325971,25.90826875,0,0,1,0,,,,,,,,,,,,,
14-01-2024 18:00,18,6,1,Compute,529,29.77980618,22.41503284,29.5839126,34.32261336,1,0,0,0,,,,,,,,,,,,,
14-01-2024 19:00,19,6,1,Web,500,18.02927974,19.98664154,15.12716334,14.88106178,0,0,0,1,,,,,,,,,,,,,
14-01-2024 19:00,19,6,1,Database,378,24.66164762,14.95775406,19.62446822,18.43685953,0,1,0,0,,,,,,,,,,,,,
14-01-2024 19:00,19,6,1,Media,560,25.90826875,25.44400378,21.35400759,24.48885864,0,0,1,0,,,,,,,,,,,,,
14-01-2024 19:00,19,6,1,Compute,548,34.32261336,6.831821672,19.46206097,27.51986119,1,0,0,0,,,,,,,,,,,,,
14-01-2024 20:00,20,6,1,Web,506,14.88106178,18.70392401,10.04448115,11.94141291,0,0,0,1,,,,,,,,,,,,,
14-01-2024 20:00,20,6,1,Database,438,18.43685953,7.93761818,9.998901029,20.85299465,0,1,0,0,,,,,,,,,,,,,
14-01-2024 20:00,20,6,1,Media,433,24.48885864,15.80945997,7.619536835,12.04602282,0,0,1,0,,,,,,,,,,,,,
14-01-2024 20:00,20,6,1,Compute,379,27.51986119,4.822733693,29.99339691,25.76828152,1,0,0,0,,,,,,,,,,,,,
14-01-2024 21:00,21,6,1,Web,422,11.94141291,10.99489817,11.56923785,11.78674678,0,0,0,1,,,,,,,,,,,,,
14-01-2024 21:00,21,6,1,Database,344,20.85299465,1,21.62318123,20.25095903,0,1,0,0,,,,,,,,,,,,,
14-01-2024 21:00,21,6,1,Media,383,12.04602282,19.15712185,13.3627011,14.23862583,0,0,1,0,,,,,,,,,,,,,
14-01-2024 21:00,21,6,1,Compute,335,25.76828152,1,16.16191469,18.44347354,1,0,0,0,,,,,,,,,,,,,
14-01-2024 22:00,22,6,1,Web,299,11.78674678,12.44216936,1,6.668964199,0,0,0,1,,,,,,,,,,,,,
14-01-2024 22:00,22,6,1,Database,310,20.25095903,4.116886892,8.783210912,12.99108743,0,1,0,0,,,,,,,,,,,,,
14-01-2024 22:00,22,6,1,Media,349,14.23862583,12.2484494,6.73920141,7.951193999,0,0,1,0,,,,,,,,,,,,,
14-01-2024 22:00,22,6,1,Compute,115,18.44347354,2.845569337,9.8440295,13.60140586,1,0,0,0,,,,,,,,,,,,,
14-01-2024 23:00,23,6,1,Web,208,6.668964199,1,13.41878576,6.73444339,0,0,0,1,,,,,,,,,,,,,
14-01-2024 23:00,23,6,1,Database,255,12.99108743,10.27914811,11.18579808,15.74807105,0,1,0,0,,,,,,,,,,,,,
14-01-2024 23:00,23,6,1,Media,232,7.951193999,5.152855911,13.9816837,12.91868141,0,0,1,0,,,,,,,,,,,,,
14-01-2024 23:00,23,6,1,Compute,226,13.60140586,6.09450245,7.932046067,8.975152785,1,0,0,0,,,,,,,,,,,,,
15-01-2024 00:00,0,0,0,Web,219,6.73444339,5.984608279,3.133885217,4.867076887,0,0,0,1,,,,,,,,,,,,,
15-01-2024 00:00,0,0,0,Database,311,15.74807105,2.407907204,3.889547858,7.722234456,0,1,0,0,,,,,,,,,,,,,
15-01-2024 00:00,0,0,0,Media,335,12.91868141,1,4.87608738,11.62764262,0,0,1,0,,,,,,,,,,,,,
15-01-2024 00:00,0,0,0,Compute,139,8.975152785,1,13.26403788,8.054585757,1,0,0,0,,,,,,,,,,,,,
15-01-2024 01:00,1,0,0,Web,70,4.867076887,3.103774103,3.258183157,2.481106761,0,0,0,1,,,,,,,,,,,,,
15-01-2024 01:00,1,0,0,Database,234,7.722234456,5.941682692,2.049130223,10.70761482,0,1,0,0,,,,,,,,,,,,,
15-01-2024 01:00,1,0,0,Media,175,11.62764262,1,2.86748284,9.601393585,0,0,1,0,,,,,,,,,,,,,
15-01-2024 01:00,1,0,0,Compute,218,8.054585757,1,3.417746129,11.48089955,1,0,0,0,,,,,,,,,,,,,
15-01-2024 02:00,2,0,0,Web,133,2.481106761,7.458076424,8.438450531,6.270099277,0,0,0,1,,,,,,,,,,,,,
15-01-2024 02:00,2,0,0,Database,170,10.70761482,1,15.00207004,11.2452514,0,1,0,0,,,,,,,,,,,,,
15-01-2024 02:00,2,0,0,Media,262,9.601393585,1,7.665595432,10.2358835,0,0,1,0,,,,,,,,,,,,,
15-01-2024 02:00,2,0,0,Compute,289,11.48089955,1,4.288872764,5.885033532,1,0,0,0,,,,,,,,,,,,,
15-01-2024 03:00,3,0,0,Web,337,6.270099277,4.51381528,1.464782941,4.944844348,0,0,0,1,,,,,,,,,,,,,
15-01-2024 03:00,3,0,0,Database,334,11.2452514,3.586329032,8.448773532,17.03376274,0,1,0,0,,,,,,,,,,,,,
15-01-2024 03:00,3,0,0,Media,166,10.2358835,2.655615739,6.381274217,11.92406165,0,0,1,0,,,,,,,,,,,,,
15-01-2024 03:00,3,0,0,Compute,206,5.885033532,5.097998892,9.498864041,9.654204299,1,0,0,0,,,,,,,,,,,,,
15-01-2024 04:00,4,0,0,Web,375,4.944844348,8.522003246,6.558993323,4.291586731,0,0,0,1,,,,,,,,,,,,,
15-01-2024 04:00,4,0,0,Database,410,17.03376274,4.223268269,3.789449752,11.99829254,0,1,0,0,,,,,,,,,,,,,
15-01-2024 04:00,4,0,0,Media,420,11.92406165,8.828459758,9.331536039,11.91790028,0,0,1,0,,,,,,,,,,,,,
15-01-2024 04:00,4,0,0,Compute,457,9.654204299,8.708035357,6.105721014,10.59682123,1,0,0,0,,,,,,,,,,,,,
15-01-2024 05:00,5,0,0,Web,351,4.291586731,19.49615536,14.62769083,14.27166868,0,0,0,1,,,,,,,,,,,,,
15-01-2024 05:00,5,0,0,Database,444,11.99829254,6.799622794,9.042427355,15.64120258,0,1,0,0,,,,,,,,,,,,,
15-01-2024 05:00,5,0,0,Media,321,11.91790028,29.88404316,16.56186917,15.687941,0,0,1,0,,,,,,,,,,,,,
15-01-2024 05:00,5,0,0,Compute,429,10.59682123,7.60861431,16.17091272,20.42293138,1,0,0,0,,,,,,,,,,,,,
15-01-2024 06:00,6,0,0,Web,682,14.27166868,16.9294677,13.39900981,14.49678429,0,0,0,1,,,,,,,,,,,,,
15-01-2024 06:00,6,0,0,Database,425,15.64120258,6.189433479,22.8758696,22.74012859,0,1,0,0,,,,,,,,,,,,,
15-01-2024 06:00,6,0,0,Media,550,15.687941,40.43786505,14.37128366,16.82972112,0,0,1,0,,,,,,,,,,,,,
15-01-2024 06:00,6,0,0,Compute,561,20.42293138,11.30422239,30.44457653,26.834606,1,0,0,0,,,,,,,,,,,,,
15-01-2024 07:00,7,0,0,Web,721,14.49678429,18.22724693,12.97115066,16.45782926,0,0,0,1,,,,,,,,,,,,,
15-01-2024 07:00,7,0,0,Database,583,22.74012859,16.7620969,24.42866103,25.05131995,0,1,0,0,,,,,,,,,,,,,
15-01-2024 07:00,7,0,0,Media,551,16.82972112,41.15727105,23.27376813,23.97731282,0,0,1,0,,,,,,,,,,,,,
15-01-2024 07:00,7,0,0,Compute,560,26.834606,16.2876522,16.06503775,24.03256194,1,0,0,0,,,,,,,,,,,,,
15-01-2024 08:00,8,0,0,Web,961,16.45782926,31.63791795,14.25771206,19.19002354,0,0,0,1,,,,,,,,,,,,,
15-01-2024 08:00,8,0,0,Database,717,25.05131995,18.94409134,29.33337907,32.61637373,0,1,0,0,,,,,,,,,,,,,
15-01-2024 08:00,8,0,0,Media,580,23.97731282,54.63038047,20.15501898,25.62852432,0,0,1,0,,,,,,,,,,,,,
15-01-2024 08:00,8,0,0,Compute,709,24.03256194,20.238792,36.35036615,38.94350741,1,0,0,0,,,,,,,,,,,,,
15-01-2024 09:00,9,0,0,Web,1154,19.19002354,49.24432961,20.01763115,27.34341299,0,0,0,1,,,,,,,,,,,,,
15-01-2024 09:00,9,0,0,Database,787,32.61637373,23.58480912,29.70015892,32.79923296,0,1,0,0,,,,,,,,,,,,,
15-01-2024 09:00,9,0,0,Media,781,25.62852432,70.55065252,23.51171414,31.04477183,0,0,1,0,,,,,,,,,,,,,
15-01-2024 09:00,9,0,0,Compute,796,38.94350741,24.22707193,38.17850758,43.23522339,1,0,0,0,,,,,,,,,,,,,
15-01-2024 10:00,10,0,0,Web,1152,27.34341299,45.15215332,21.94579452,23.16097116,0,0,0,1,,,,,,,,,,,,,
15-01-2024 10:00,10,0,0,Database,893,32.79923296,19.58651715,37.64166037,41.44970472,0,1,0,0,,,,,,,,,,,,,
15-01-2024 10:00,10,0,0,Media,877,31.04477183,81.75642062,41.12753812,40.31797576,0,0,1,0,,,,,,,,,,,,,
15-01-2024 10:00,10,0,0,Compute,909,43.23522339,33.35202948,40.71768393,44.52140874,1,0,0,0,,,,,,,,,,,,,
15-01-2024 11:00,11,0,0,Web,1364,23.16097116,56.80149891,23.64759103,28.63449822,0,0,0,1,,,,,,,,,,,,,
15-01-2024 11:00,11,0,0,Database,966,41.44970472,21.2739588,37.19419033,46.48349443,0,1,0,0,,,,,,,,,,,,,
15-01-2024 11:00,11,0,0,Media,1076,40.31797576,77.3511827,41.94249233,47.2385994,0,0,1,0,,,,,,,,,,,,,
15-01-2024 11:00,11,0,0,Compute,884,44.52140874,31.2560549,49.77370028,52.24616216,1,0,0,0,,,,,,,,,,,,,
15-01-2024 12:00,12,0,0,Web,1369,28.63449822,57.25976932,32.02943715,33.61308629,0,0,0,1,,,,,,,,,,,,,
15-01-2024 12:00,12,0,0,Database,861,46.48349443,29.07593009,46.7423122,49.69779805,0,1,0,0,,,,,,,,,,,,,
15-01-2024 12:00,12,0,0,Media,1018,47.2385994,93.59879059,31.82915742,41.42617482,0,0,1,0,,,,,,,,,,,,,
15-01-2024 12:00,12,0,0,Compute,1017,52.24616216,34.04430485,53.53987512,55.91931121,1,0,0,0,,,,,,,,,,,,,
15-01-2024 13:00,13,0,0,Web,1355,33.61308629,63.91568268,27.60075793,35.12707162,0,0,0,1,,,,,,,,,,,,,
15-01-2024 13:00,13,0,0,Database,985,49.69779805,30.85169385,39.53041013,46.19685109,0,1,0,0,,,,,,,,,,,,,
15-01-2024 13:00,13,0,0,Media,1074,41.42617482,91.60145842,38.42515702,43.03596641,0,0,1,0,,,,,,,,,,,,,
15-01-2024 13:00,13,0,0,Compute,984,55.91931121,38.33437617,46.9118483,53.83117046,1,0,0,0,,,,,,,,,,,,,
15-01-2024 14:00,14,0,0,Web,1514,35.12707162,60.87010949,35.40508981,38.67498034,0,0,0,1,,,,,,,,,,,,,
15-01-2024 14:00,14,0,0,Database,979,46.19685109,29.99588756,36.51760845,43.97917334,0,1,0,0,,,,,,,,,,,,,
15-01-2024 14:00,14,0,0,Media,1004,43.03596641,85.00589182,40.41178025,43.20759936,0,0,1,0,,,,,,,,,,,,,
15-01-2024 14:00,14,0,0,Compute,931,53.83117046,37.36466182,53.40139975,59.19702753,1,0,0,0,,,,,,,,,,,,,
15-01-2024 15:00,15,0,0,Web,1311,38.67498034,58.34417757,29.11417717,34.10338904,0,0,0,1,,,,,,,,,,,,,
15-01-2024 15:00,15,0,0,Database,1149,43.97917334,19.55799753,41.92376126,46.20396313,0,1,0,0,,,,,,,,,,,,,
15-01-2024 15:00,15,0,0,Media,907,43.20759936,62.02557025,39.16199619,44.1796878,0,0,1,0,,,,,,,,,,,,,
15-01-2024 15:00,15,0,0,Compute,1000,59.19702753,44.91744645,43.13724589,60.14220733,1,0,0,0,,,,,,,,,,,,,
15-01-2024 16:00,16,0,0,Web,1002,34.10338904,39.46334736,29.11598157,34.29479538,0,0,0,1,,,,,,,,,,,,,
15-01-2024 16:00,16,0,0,Database,918,46.20396313,28.5307399,41.52492357,47.14044183,0,1,0,0,,,,,,,,,,,,,
15-01-2024 16:00,16,0,0,Media,849,44.1796878,85.56857475,30.82314618,33.00669423,0,0,1,0,,,,,,,,,,,,,
15-01-2024 16:00,16,0,0,Compute,973,60.14220733,29.91229691,32.87029182,45.79984641,1,0,0,0,,,,,,,,,,,,,
15-01-2024 17:00,17,0,0,Web,972,34.29479538,37.84873358,26.50524153,29.3312686,0,0,0,1,,,,,,,,,,,,,
15-01-2024 17:00,17,0,0,Database,862,47.14044183,21.63739007,33.90127245,42.46342229,0,1,0,0,,,,,,,,,,,,,
15-01-2024 17:00,17,0,0,Media,644,33.00669423,68.34373798,27.23369392,32.00488709,0,0,1,0,,,,,,,,,,,,,
15-01-2024 17:00,17,0,0,Compute,830,45.79984641,31.43097471,37.34790902,45.18268683,1,0,0,0,,,,,,,,,,,,,
15-01-2024 18:00,18,0,0,Web,1035,29.3312686,36.83371604,22.48471117,24.95803719,0,0,0,1,,,,,,,,,,,,,
15-01-2024 18:00,18,0,0,Database,651,42.46342229,20.81302018,29.45085658,37.26089453,0,1,0,0,,,,,,,,,,,,,
15-01-2024 18:00,18,0,0,Media,705,32.00488709,54.10625207,22.9833823,28.58347485,0,0,1,0,,,,,,,,,,,,,
15-01-2024 18:00,18,0,0,Compute,571,45.18268683,29.42473216,35.86382214,41.10309981,1,0,0,0,,,,,,,,,,,,,
15-01-2024 19:00,19,0,0,Web,757,24.95803719,25.62445179,21.36786736,26.92566017,0,0,0,1,,,,,,,,,,,,,
15-01-2024 19:00,19,0,0,Database,520,37.26089453,21.85533695,27.47694953,25.11345642,0,1,0,0,,,,,,,,,,,,,
15-01-2024 19:00,19,0,0,Media,648,28.58347485,43.24140419,26.33403267,22.45760229,0,0,1,0,,,,,,,,,,,,,
15-01-2024 19:00,19,0,0,Compute,578,41.10309981,31.00551569,35.4350617,38.58755219,1,0,0,0,,,,,,,,,,,,,
15-01-2024 20:00,20,0,0,Web,664,26.92566017,13.00044776,12.5370976,17.62860839,0,0,0,1,,,,,,,,,,,,,
15-01-2024 20:00,20,0,0,Database,474,25.11345642,11.21925436,25.03571923,26.63574416,0,1,0,0,,,,,,,,,,,,,
15-01-2024 20:00,20,0,0,Media,416,22.45760229,35.50673925,21.73207296,20.80096252,0,0,1,0,,,,,,,,,,,,,
15-01-2024 20:00,20,0,0,Compute,509,38.58755219,1,26.07640869,26.59727228,1,0,0,0,,,,,,,,,,,,,
15-01-2024 21:00,21,0,0,Web,530,17.62860839,13.79315273,12.23565678,21.49311804,0,0,0,1,,,,,,,,,,,,,
15-01-2024 21:00,21,0,0,Database,399,26.63574416,9.862255072,19.78225643,18.3961876,0,1,0,0,,,,,,,,,,,,,
15-01-2024 21:00,21,0,0,Media,412,20.80096252,38.39932244,16.0827524,18.84205831,0,0,1,0,,,,,,,,,,,,,
15-01-2024 21:00,21,0,0,Compute,412,26.59727228,7.282748363,12.05801751,22.23516436,1,0,0,0,,,,,,,,,,,,,
15-01-2024 22:00,22,0,0,Web,467,21.49311804,8.94837392,1,8.41195767,0,0,0,1,,,,,,,,,,,,,
15-01-2024 22:00,22,0,0,Database,426,18.3961876,1,11.05637155,14.58925878,0,1,0,0,,,,,,,,,,,,,
15-01-2024 22:00,22,0,0,Media,353,18.84205831,18.85285709,5.749208609,15.14839836,0,0,1,0,,,,,,,,,,,,,
15-01-2024 22:00,22,0,0,Compute,378,22.23516436,9.12627792,19.5277447,20.22781686,1,0,0,0,,,,,,,,,,,,,
15-01-2024 23:00,23,0,0,Web,322,8.41195767,1,1.195746425,9.96562059,0,0,0,1,,,,,,,,,,,,,
15-01-2024 23:00,23,0,0,Database,194,14.58925878,3.633027209,10.57780865,10.61795407,0,1,0,0,,,,,,,,,,,,,
15-01-2024 23:00,23,0,0,Media,342,15.14839836,7.22173738,8.020515721,13.54124253,0,0,1,0,,,,,,,,,,,,,
15-01-2024 23:00,23,0,0,Compute,185,20.22781686,1,12.25535793,12.90375583,1,0,0,0,,,,,,,,,,,,,
16-01-2024 00:00,0,1,0,Web,413,9.96562059,10.65907399,4.692557687,8.323965634,0,0,0,1,,,,,,,,,,,,,
16-01-2024 00:00,0,1,0,Database,185,10.61795407,8.771071793,5.564444433,8.838714911,0,1,0,0,,,,,,,,,,,,,
16-01-2024 00:00,0,1,0,Media,205,13.54124253,4.459035104,12.28982825,8.793764281,0,0,1,0,,,,,,,,,,,,,
16-01-2024 00:00,0,1,0,Compute,209,12.90375583,2.268535718,21.34881287,13.170447,1,0,0,0,,,,,,,,,,,,,
16-01-2024 01:00,1,1,0,Web,209,8.323965634,1,10.63315976,6.342872659,0,0,0,1,,,,,,,,,,,,,
16-01-2024 01:00,1,1,0,Database,177,8.838714911,1,1,2.84734988,0,1,0,0,,,,,,,,,,,,,
16-01-2024 01:00,1,1,0,Media,195,8.793764281,1,12.34880861,12.00569105,0,0,1,0,,,,,,,,,,,,,
16-01-2024 01:00,1,1,0,Compute,141,13.170447,1,15.91077052,13.4168578,1,0,0,0,,,,,,,,,,,,,
16-01-2024 02:00,2,1,0,Web,185,6.342872659,2.982377202,3.75646495,9.093851126,0,0,0,1,,,,,,,,,,,,,
16-01-2024 02:00,2,1,0,Database,395,2.84734988,2.562956119,2.944948923,7.114572753,0,1,0,0,,,,,,,,,,,,,
16-01-2024 02:00,2,1,0,Media,176,12.00569105,7.12250982,6.016359197,3.779076576,0,0,1,0,,,,,,,,,,,,,
16-01-2024 02:00,2,1,0,Compute,188,13.4168578,1,3.664204607,8.835842555,1,0,0,0,,,,,,,,,,,,,
16-01-2024 03:00,3,1,0,Web,235,9.093851126,6.35170197,11.39161741,4.497578929,0,0,0,1,,,,,,,,,,,,,
16-01-2024 03:00,3,1,0,Database,299,7.114572753,1,13.10474538,11.78894179,0,1,0,0,,,,,,,,,,,,,
16-01-2024 03:00,3,1,0,Media,275,3.779076576,7.737311259,7.233239028,6.44633474,0,0,1,0,,,,,,,,,,,,,
16-01-2024 03:00,3,1,0,Compute,222,8.835842555,1.658144485,6.222664349,6.632607202,1,0,0,0,,,,,,,,,,,,,
16-01-2024 04:00,4,1,0,Web,224,4.497578929,21.42857894,12.09993289,9.692428751,0,0,0,1,,,,,,,,,,,,,
16-01-2024 04:00,4,1,0,Database,285,11.78894179,5.436607815,5.077358638,11.19416795,0,1,0,0,,,,,,,,,,,,,
16-01-2024 04:00,4,1,0,Media,333,6.44633474,3.286866512,5.787270636,7.631753135,0,0,1,0,,,,,,,,,,,,,
16-01-2024 04:00,4,1,0,Compute,391,6.632607202,1,8.88683776,10.61819196,1,0,0,0,,,,,,,,,,,,,
16-01-2024 05:00,5,1,0,Web,453,9.692428751,17.39866258,9.27027028,10.95933373,0,0,0,1,,,,,,,,,,,,,
16-01-2024 05:00,5,1,0,Database,515,11.19416795,14.73052055,19.25208177,18.12167482,0,1,0,0,,,,,,,,,,,,,
16-01-2024 05:00,5,1,0,Media,445,7.631753135,27.86504643,15.12709182,13.0478167,0,0,1,0,,,,,,,,,,,,,
16-01-2024 05:00,5,1,0,Compute,451,10.61819196,8.62572948,7.931224807,13.2906652,1,0,0,0,,,,,,,,,,,,,
16-01-2024 06:00,6,1,0,Web,707,10.95933373,28.81161179,17.09694246,14.76407992,0,0,0,1,,,,,,,,,,,,,
16-01-2024 06:00,6,1,0,Database,592,18.12167482,13.53089182,17.16206875,25.07064044,0,1,0,0,,,,,,,,,,,,,
16-01-2024 06:00,6,1,0,Media,447,13.0478167,39.9768278,9.747708832,12.82069807,0,0,1,0,,,,,,,,,,,,,
16-01-2024 06:00,6,1,0,Compute,533,13.2906652,27.06263287,25.11866944,28.7173516,1,0,0,0,,,,,,,,,,,,,
16-01-2024 07:00,7,1,0,Web,814,14.76407992,35.5528137,10.82713139,18.75846087,0,0,0,1,,,,,,,,,,,,,
16-01-2024 07:00,7,1,0,Database,559,25.07064044,20.79111334,26.65246187,25.32651719,0,1,0,0,,,,,,,,,,,,,
16-01-2024 07:00,7,1,0,Media,690,12.82069807,44.70072801,16.89690749,20.11860112,0,0,1,0,,,,,,,,,,,,,
16-01-2024 07:00,7,1,0,Compute,662,28.7173516,29.87445543,31.93661334,35.84003191,1,0,0,0,,,,,,,,,,,,,
16-01-2024 08:00,8,1,0,Web,1027,18.75846087,46.29427275,21.92723722,21.89693129,0,0,0,1,,,,,,,,,,,,,
16-01-2024 08:00,8,1,0,Database,863,25.32651719,17.79881941,29.82609561,34.96870329,0,1,0,0,,,,,,,,,,,,,
16-01-2024 08:00,8,1,0,Media,749,20.11860112,58.91951639,28.54886273,31.54563087,0,0,1,0,,,,,,,,,,,,,
16-01-2024 08:00,8,1,0,Compute,707,35.84003191,25.85351083,30.49127793,36.6350776,1,0,0,0,,,,,,,,,,,,,
16-01-2024 09:00,9,1,0,Web,1237,21.89693129,40.6731117,21.78352607,25.38009149,0,0,0,1,,,,,,,,,,,,,
16-01-2024 09:00,9,1,0,Database,857,34.96870329,23.51682262,41.95762274,41.71721336,0,1,0,0,,,,,,,,,,,,,
16-01-2024 09:00,9,1,0,Media,845,31.54563087,69.06982576,29.46146796,32.17575675,0,0,1,0,,,,,,,,,,,,,
16-01-2024 09:00,9,1,0,Compute,804,36.6350776,28.52923783,37.99391504,42.57203048,1,0,0,0,,,,,,,,,,,,,
16-01-2024 10:00,10,1,0,Web,1204,25.38009149,45.19136869,40.10093825,34.4220602,0,0,0,1,,,,,,,,,,,,,
16-01-2024 10:00,10,1,0,Database,782,41.71721336,30.08550427,33.3274065,39.69477666,0,1,0,0,,,,,,,,,,,,,
16-01-2024 10:00,10,1,0,Media,930,32.17575675,73.35937437,32.80582021,36.10597414,0,0,1,0,,,,,,,,,,,,,
16-01-2024 10:00,10,1,0,Compute,863,42.57203048,28.3355846,33.87718377,47.31064604,1,0,0,0,,,,,,,,,,,,,
16-01-2024 11:00,11,1,0,Web,1229,34.4220602,59.03606811,31.27595148,35.64062551,0,0,0,1,,,,,,,,,,,,,
16-01-2024 11:00,11,1,0,Database,799,39.69477666,14.09703285,36.74882185,40.11289422,0,1,0,0,,,,,,,,,,,,,
16-01-2024 11:00,11,1,0,Media,1044,36.10597414,79.52822005,31.63408187,33.24788506,0,0,1,0,,,,,,,,,,,,,
16-01-2024 11:00,11,1,0,Compute,1030,47.31064604,40.79739381,42.79180077,61.04060152,1,0,0,0,,,,,,,,,,,,,
16-01-2024 12:00,12,1,0,Web,1234,35.64062551,59.6266864,29.82147073,36.05712869,0,0,0,1,,,,,,,,,,,,,
16-01-2024 12:00,12,1,0,Database,913,40.11289422,35.69707371,35.5022705,48.58317865,0,1,0,0,,,,,,,,,,,,,
16-01-2024 12:00,12,1,0,Media,953,33.24788506,88.12994892,36.2520605,35.14389789,0,0,1,0,,,,,,,,,,,,,
16-01-2024 12:00,12,1,0,Compute,1138,61.04060152,38.89356752,48.07166828,60.31088364,1,0,0,0,,,,,,,,,,,,,
16-01-2024 13:00,13,1,0,Web,1409,36.05712869,60.88146311,35.61678386,39.84319177,0,0,0,1,,,,,,,,,,,,,
16-01-2024 13:00,13,1,0,Database,984,48.58317865,30.01852675,46.65087336,48.74412355,0,1,0,0,,,,,,,,,,,,,
16-01-2024 13:00,13,1,0,Media,968,35.14389789,82.98952002,30.58852441,38.59245297,0,0,1,0,,,,,,,,,,,,,
16-01-2024 13:00,13,1,0,Compute,939,60.31088364,43.52205834,51.51063743,61.57298174,1,0,0,0,,,,,,,,,,,,,
16-01-2024 14:00,14,1,0,Web,1181,39.84319177,56.57057467,31.25712699,37.53239742,0,0,0,1,,,,,,,,,,,,,
16-01-2024 14:00,14,1,0,Database,1000,48.74412355,34.1001271,31.37960418,46.91188689,0,1,0,0,,,,,,,,,,,,,
16-01-2024 14:00,14,1,0,Media,1005,38.59245297,81.1173746,29.91960037,39.74628453,0,0,1,0,,,,,,,,,,,,,
16-01-2024 14:00,14,1,0,Compute,1004,61.57298174,32.4047085,53.18986412,61.62023319,1,0,0,0,,,,,,,,,,,,,
16-01-2024 15:00,15,1,0,Web,1337,37.53239742,59.014428,32.32715233,33.96585626,0,0,0,1,,,,,,,,,,,,,
16-01-2024 15:00,15,1,0,Database,707,46.91188689,20.88173735,36.78914104,48.00359845,0,1,0,0,,,,,,,,,,,,,
16-01-2024 15:00,15,1,0,Media,931,39.74628453,87.49402526,28.16876486,40.86082741,0,0,1,0,,,,,,,,,,,,,
16-01-2024 15:00,15,1,0,Compute,1007,61.62023319,32.42361805,43.39378301,55.13444415,1,0,0,0,,,,,,,,,,,,,
16-01-2024 16:00,16,1,0,Web,1306,33.96585626,50.38720764,27.13371704,26.91274729,0,0,0,1,,,,,,,,,,,,,
16-01-2024 16:00,16,1,0,Database,875,48.00359845,28.6745293,32.57466653,39.0135683,0,1,0,0,,,,,,,,,,,,,
16-01-2024 16:00,16,1,0,Media,775,40.86082741,73.60102708,33.72454662,39.257056,0,0,1,0,,,,,,,,,,,,,
16-01-2024 16:00,16,1,0,Compute,951,55.13444415,42.23931141,38.70577137,43.90476279,1,0,0,0,,,,,,,,,,,,,
16-01-2024 17:00,17,1,0,Web,1215,26.91274729,41.82098722,23.03749283,28.52260699,0,0,0,1,,,,,,,,,,,,,
16-01-2024 17:00,17,1,0,Database,775,39.0135683,26.28711909,30.99186652,40.25981382,0,1,0,0,,,,,,,,,,,,,
16-01-2024 17:00,17,1,0,Media,970,39.257056,60.77627627,23.84424294,34.37861429,0,0,1,0,,,,,,,,,,,,,
16-01-2024 17:00,17,1,0,Compute,862,43.90476279,27.33182875,40.73473292,43.79695216,1,0,0,0,,,,,,,,,,,,,
16-01-2024 18:00,18,1,0,Web,1021,28.52260699,35.75957896,17.95233199,24.56746848,0,0,0,1,,,,,,,,,,,,,
16-01-2024 18:00,18,1,0,Database,607,40.25981382,22.10485612,34.55749002,41.10943209,0,1,0,0,,,,,,,,,,,,,
16-01-2024 18:00,18,1,0,Media,660,34.37861429,62.1528197,21.95746609,26.93292722,0,0,1,0,,,,,,,,,,,,,
16-01-2024 18:00,18,1,0,Compute,661,43.79695216,27.67149391,32.06878417,36.99638493,1,0,0,0,,,,,,,,,,,,,
16-01-2024 19:00,19,1,0,Web,931,24.56746848,33.59637618,21.44862149,22.20311856,0,0,0,1,,,,,,,,,,,,,
16-01-2024 19:00,19,1,0,Database,507,41.10943209,8.339271222,19.79367238,28.38736181,0,1,0,0,,,,,,,,,,,,,
16-01-2024 19:00,19,1,0,Media,663,26.93292722,32.03641742,22.08085902,25.60338208,0,0,1,0,,,,,,,,,,,,,
16-01-2024 19:00,19,1,0,Compute,764,36.99638493,12.7537926,34.18858921,30.56628022,1,0,0,0,,,,,,,,,,,,,
16-01-2024 20:00,20,1,0,Web,579,22.20311856,16.72914454,10.82443955,11.03051723,0,0,0,1,,,,,,,,,,,,,
16-01-2024 20:00,20,1,0,Database,410,28.38736181,14.67503258,20.02688342,19.90289784,0,1,0,0,,,,,,,,,,,,,
16-01-2024 20:00,20,1,0,Media,641,25.60338208,26.90646698,16.89749575,18.84966855,0,0,1,0,,,,,,,,,,,,,
16-01-2024 20:00,20,1,0,Compute,469,30.56628022,19.90872813,23.47014744,25.4262913,1,0,0,0,,,,,,,,,,,,,
16-01-2024 21:00,21,1,0,Web,579,11.03051723,14.77957431,12.15743524,9.604192492,0,0,0,1,,,,,,,,,,,,,
16-01-2024 21:00,21,1,0,Database,374,19.90289784,16.21156923,11.33916832,15.97519,0,1,0,0,,,,,,,,,,,,,
16-01-2024 21:00,21,1,0,Media,424,18.84966855,34.72989306,12.96432734,16.48625268,0,0,1,0,,,,,,,,,,,,,
16-01-2024 21:00,21,1,0,Compute,504,25.4262913,8.928777283,15.21991829,19.19338648,1,0,0,0,,,,,,,,,,,,,
16-01-2024 22:00,22,1,0,Web,387,9.604192492,16.04723722,7.996322122,7.342418857,0,0,0,1,,,,,,,,,,,,,
16-01-2024 22:00,22,1,0,Database,212,15.97519,2.209420482,6.968927441,10.47242548,0,1,0,0,,,,,,,,,,,,,
16-01-2024 22:00,22,1,0,Media,477,16.48625268,11.85836638,17.0209263,15.58074928,0,0,1,0,,,,,,,,,,,,,
16-01-2024 22:00,22,1,0,Compute,294,19.19338648,8.3131374,13.08497298,11.71530832,1,0,0,0,,,,,,,,,,,,,
16-01-2024 23:00,23,1,0,Web,383,7.342418857,4.869465529,4.92416373,6.460329782,0,0,0,1,,,,,,,,,,,,,
16-01-2024 23:00,23,1,0,Database,324,10.47242548,1.907141132,7.676650021,5.567559395,0,1,0,0,,,,,,,,,,,,,
16-01-2024 23:00,23,1,0,Media,168,15.58074928,13.26742175,2.811628198,3.950027112,0,0,1,0,,,,,,,,,,,,,
16-01-2024 23:00,23,1,0,Compute,387,11.71530832,2.46478651,18.39354633,12.40649844,1,0,0,0,,,,,,,,,,,,,
17-01-2024 00:00,0,2,0,Web,296,6.460329782,1,1.677120241,4.394724233,0,0,0,1,,,,,,,,,,,,,
17-01-2024 00:00,0,2,0,Database,48,5.567559395,1,6.817329878,11.03983486,0,1,0,0,,,,,,,,,,,,,
17-01-2024 00:00,0,2,0,Media,119,3.950027112,12.00223207,11.58823458,5.334429813,0,0,1,0,,,,,,,,,,,,,
17-01-2024 00:00,0,2,0,Compute,80,12.40649844,5.62317218,3.216442307,8.65161575,1,0,0,0,,,,,,,,,,,,,
17-01-2024 01:00,1,2,0,Web,222,4.394724233,1,2.788419437,2.938973076,0,0,0,1,,,,,,,,,,,,,
17-01-2024 01:00,1,2,0,Database,329,11.03983486,1,10.88250536,9.650837261,0,1,0,0,,,,,,,,,,,,,
17-01-2024 01:00,1,2,0,Media,194,5.334429813,1,15.57527056,12.08324033,0,0,1,0,,,,,,,,,,,,,
17-01-2024 01:00,1,2,0,Compute,174,8.65161575,1.221391411,10.71899995,4.55834554,1,0,0,0,,,,,,,,,,,,,
17-01-2024 02:00,2,2,0,Web,159,2.938973076,1,1,4.970551554,0,0,0,1,,,,,,,,,,,,,
17-01-2024 02:00,2,2,0,Database,216,9.650837261,1,1.360686626,10.73640366,0,1,0,0,,,,,,,,,,,,,
17-01-2024 02:00,2,2,0,Media,294,12.08324033,1.863210333,3.999215076,3.626451455,0,0,1,0,,,,,,,,,,,,,
17-01-2024 02:00,2,2,0,Compute,350,4.55834554,4.95628224,5.316733599,7.062512932,1,0,0,0,,,,,,,,,,,,,
17-01-2024 03:00,3,2,0,Web,174,4.970551554,3.324678823,3.138722061,5.837202476,0,0,0,1,,,,,,,,,,,,,
17-01-2024 03:00,3,2,0,Database,321,10.73640366,2.69311496,6.955953237,11.70668526,0,1,0,0,,,,,,,,,,,,,
17-01-2024 03:00,3,2,0,Media,372,3.626451455,5.063053445,4.593664015,4.721172816,0,0,1,0,,,,,,,,,,,,,
17-01-2024 03:00,3,2,0,Compute,248,7.062512932,1,10.1354698,5.285198098,1,0,0,0,,,,,,,,,,,,,
17-01-2024 04:00,4,2,0,Web,457,5.837202476,14.85241282,3.142167973,6.640219507,0,0,0,1,,,,,,,,,,,,,
17-01-2024 04:00,4,2,0,Database,396,11.70668526,2.950634381,14.44797883,13.41573721,0,1,0,0,,,,,,,,,,,,,
17-01-2024 04:00,4,2,0,Media,316,4.721172816,9.713128191,10.11831651,7.649478481,0,0,1,0,,,,,,,,,,,,,
17-01-2024 04:00,4,2,0,Compute,435,5.285198098,9.65150448,9.981027971,11.64587496,1,0,0,0,,,,,,,,,,,,,
17-01-2024 05:00,5,2,0,Web,501,6.640219507,19.46909177,8.500036652,10.14132993,0,0,0,1,,,,,,,,,,,,,
17-01-2024 05:00,5,2,0,Database,346,13.41573721,11.82292598,13.7263367,16.10022328,0,1,0,0,,,,,,,,,,,,,
17-01-2024 05:00,5,2,0,Media,392,7.649478481,21.31158181,15.17302256,18.5872669,0,0,1,0,,,,,,,,,,,,,
17-01-2024 05:00,5,2,0,Compute,386,11.64587496,7.346665551,7.720405399,13.96154445,1,0,0,0,,,,,,,,,,,,,
17-01-2024 06:00,6,2,0,Web,735,10.14132993,28.36810237,10.40702728,14.52424005,0,0,0,1,,,,,,,,,,,,,
17-01-2024 06:00,6,2,0,Database,620,16.10022328,8.641471222,17.59522277,24.71480324,0,1,0,0,,,,,,,,,,,,,
17-01-2024 06:00,6,2,0,Media,641,18.5872669,36.94488278,15.82424363,19.87617869,0,0,1,0,,,,,,,,,,,,,
17-01-2024 06:00,6,2,0,Compute,577,13.96154445,19.45641944,18.82746023,21.11729459,1,0,0,0,,,,,,,,,,,,,
17-01-2024 07:00,7,2,0,Web,707,14.52424005,25.08209752,11.41032331,18.66809638,0,0,0,1,,,,,,,,,,,,,
17-01-2024 07:00,7,2,0,Database,554,24.71480324,11.75790938,23.03046,28.61005942,0,1,0,0,,,,,,,,,,,,,
17-01-2024 07:00,7,2,0,Media,604,19.87617869,50.65693381,18.31414589,19.52815649,0,0,1,0,,,,,,,,,,,,,
17-01-2024 07:00,7,2,0,Compute,593,21.11729459,9.857652906,25.86443158,28.67137667,1,0,0,0,,,,,,,,,,,,,
17-01-2024 08:00,8,2,0,Web,998,18.66809638,37.16894618,26.61103152,31.88439576,0,0,0,1,,,,,,,,,,,,,
17-01-2024 08:00,8,2,0,Database,763,28.61005942,8.104251284,35.49004728,37.16491282,0,1,0,0,,,,,,,,,,,,,
17-01-2024 08:00,8,2,0,Media,748,19.52815649,50.87384746,31.46786785,34.09188667,0,0,1,0,,,,,,,,,,,,,
17-01-2024 08:00,8,2,0,Compute,726,28.67137667,20.39696796,32.1180612,31.98452522,1,0,0,0,,,,,,,,,,,,,
17-01-2024 09:00,9,2,0,Web,1105,31.88439576,52.43075323,19.93355286,26.02275894,0,0,0,1,,,,,,,,,,,,,
17-01-2024 09:00,9,2,0,Database,808,37.16491282,13.14149257,26.43441578,36.48862078,0,1,0,0,,,,,,,,,,,,,
17-01-2024 09:00,9,2,0,Media,699,34.09188667,64.69824254,32.48845706,33.60884939,0,0,1,0,,,,,,,,,,,,,
17-01-2024 09:00,9,2,0,Compute,925,31.98452522,24.6021164,32.06503864,38.84363004,1,0,0,0,,,,,,,,,,,,,
17-01-2024 10:00,10,2,0,Web,1303,26.02275894,49.48239309,23.34292909,35.75317286,0,0,0,1,,,,,,,,,,,,,
17-01-2024 10:00,10,2,0,Database,984,36.48862078,31.71396272,33.6472485,36.91825044,0,1,0,0,,,,,,,,,,,,,
17-01-2024 10:00,10,2,0,Media,889,33.60884939,86.56193792,39.00271119,37.59894311,0,0,1,0,,,,,,,,,,,,,
17-01-2024 10:00,10,2,0,Compute,877,38.84363004,39.02695638,34.43552118,44.84169602,1,0,0,0,,,,,,,,,,,,,
17-01-2024 11:00,11,2,0,Web,1209,35.75317286,53.46574955,28.39561244,32.92335689,0,0,0,1,,,,,,,,,,,,,
17-01-2024 11:00,11,2,0,Database,968,36.91825044,25.81335292,43.34215791,51.56300267,0,1,0,0,,,,,,,,,,,,,
17-01-2024 11:00,11,2,0,Media,1027,37.59894311,84.79458127,39.5956983,39.80982966,0,0,1,0,,,,,,,,,,,,,
17-01-2024 11:00,11,2,0,Compute,926,44.84169602,28.14201462,32.15161184,45.44770661,1,0,0,0,,,,,,,,,,,,,
17-01-2024 12:00,12,2,0,Web,1409,32.92335689,59.12900761,30.53145234,30.01075633,0,0,0,1,,,,,,,,,,,,,
17-01-2024 12:00,12,2,0,Database,966,51.56300267,25.4663983,42.07567462,46.57251721,0,1,0,0,,,,,,,,,,,,,
17-01-2024 12:00,12,2,0,Media,907,39.80982966,87.29201504,39.2923646,44.55750583,0,0,1,0,,,,,,,,,,,,,
17-01-2024 12:00,12,2,0,Compute,1037,45.44770661,35.23427701,46.39113168,52.77538714,1,0,0,0,,,,,,,,,,,,,
17-01-2024 13:00,13,2,0,Web,1565,30.01075633,59.05565575,33.43582011,32.01382918,0,0,0,1,,,,,,,,,,,,,
17-01-2024 13:00,13,2,0,Database,1064,46.57251721,25.79688146,47.59383685,50.5957998,0,1,0,0,,,,,,,,,,,,,
17-01-2024 13:00,13,2,0,Media,1086,44.55750583,90.17353034,39.91711969,48.17869601,0,0,1,0,,,,,,,,,,,,,
17-01-2024 13:00,13,2,0,Compute,958,52.77538714,34.97882737,52.87704852,54.15453803,1,0,0,0,,,,,,,,,,,,,
17-01-2024 14:00,14,2,0,Web,1304,32.01382918,69.57962603,35.39559551,38.70282565,0,0,0,1,,,,,,,,,,,,,
17-01-2024 14:00,14,2,0,Database,950,50.5957998,30.20539324,39.21224858,49.24112513,0,1,0,0,,,,,,,,,,,,,
17-01-2024 14:00,14,2,0,Media,844,48.17869601,88.17888887,39.66250221,45.13953633,0,0,1,0,,,,,,,,,,,,,
17-01-2024 14:00,14,2,0,Compute,955,54.15453803,33.4630666,47.31573345,52.24103742,1,0,0,0,,,,,,,,,,,,,
17-01-2024 15:00,15,2,0,Web,1360,38.70282565,48.4551224,40.48765539,40.64184639,0,0,0,1,,,,,,,,,,,,,
17-01-2024 15:00,15,2,0,Database,903,49.24112513,20.99335247,40.70122588,48.21453361,0,1,0,0,,,,,,,,,,,,,
17-01-2024 15:00,15,2,0,Media,977,45.13953633,82.70499966,42.46155153,40.94617635,0,0,1,0,,,,,,,,,,,,,
17-01-2024 15:00,15,2,0,Compute,1039,52.24103742,40.92881787,37.40829651,48.84745141,1,0,0,0,,,,,,,,,,,,,
17-01-2024 16:00,16,2,0,Web,1310,40.64184639,44.30530757,25.80305913,30.24323471,0,0,0,1,,,,,,,,,,,,,
17-01-2024 16:00,16,2,0,Database,868,48.21453361,24.36142819,37.95629953,46.70133356,0,1,0,0,,,,,,,,,,,,,
17-01-2024 16:00,16,2,0,Media,792,40.94617635,77.18442961,37.4942425,35.83741039,0,0,1,0,,,,,,,,,,,,,
17-01-2024 16:00,16,2,0,Compute,802,48.84745141,29.07133716,34.40643822,47.99546906,1,0,0,0,,,,,,,,,,,,,
17-01-2024 17:00,17,2,0,Web,1208,30.24323471,44.52326081,31.1575279,27.7583614,0,0,0,1,,,,,,,,,,,,,
17-01-2024 17:00,17,2,0,Database,797,46.70133356,23.52469662,25.41171316,42.47301587,0,1,0,0,,,,,,,,,,,,,
17-01-2024 17:00,17,2,0,Media,796,35.83741039,61.83154157,36.30106646,38.16746928,0,0,1,0,,,,,,,,,,,,,
17-01-2024 17:00,17,2,0,Compute,899,47.99546906,30.98551625,33.96232223,44.21192369,1,0,0,0,,,,,,,,,,,,,
17-01-2024 18:00,18,2,0,Web,939,27.7583614,38.79286596,26.40918358,29.46670055,0,0,0,1,,,,,,,,,,,,,
17-01-2024 18:00,18,2,0,Database,775,42.47301587,25.97960304,36.26169884,38.97326878,0,1,0,0,,,,,,,,,,,,,
17-01-2024 18:00,18,2,0,Media,752,38.16746928,56.19237633,31.76473525,31.53887882,0,0,1,0,,,,,,,,,,,,,
17-01-2024 18:00,18,2,0,Compute,706,44.21192369,25.13550187,44.63268283,44.87645449,1,0,0,0,,,,,,,,,,,,,
17-01-2024 19:00,19,2,0,Web,763,29.46670055,31.57790627,25.94443972,26.75619564,0,0,0,1,,,,,,,,,,,,,
17-01-2024 19:00,19,2,0,Database,574,38.97326878,11.6783091,26.89081205,31.73840693,0,1,0,0,,,,,,,,,,,,,
17-01-2024 19:00,19,2,0,Media,610,31.53887882,49.51912844,21.1772628,26.68099184,0,0,1,0,,,,,,,,,,,,,
17-01-2024 19:00,19,2,0,Compute,703,44.87645449,23.77910752,31.30449216,38.1288067,1,0,0,0,,,,,,,,,,,,,
17-01-2024 20:00,20,2,0,Web,650,26.75619564,22.96608685,15.50049972,15.07009672,0,0,0,1,,,,,,,,,,,,,
17-01-2024 20:00,20,2,0,Database,703,31.73840693,12.36356683,27.69011284,29.23001436,0,1,0,0,,,,,,,,,,,,,
17-01-2024 20:00,20,2,0,Media,509,26.68099184,28.99034742,8.484405336,18.16512264,0,0,1,0,,,,,,,,,,,,,
17-01-2024 20:00,20,2,0,Compute,492,38.1288067,13.58555393,16.99602771,22.55684103,1,0,0,0,,,,,,,,,,,,,
17-01-2024 21:00,21,2,0,Web,482,15.07009672,23.61946914,8.117695119,11.15735338,0,0,0,1,,,,,,,,,,,,,
17-01-2024 21:00,21,2,0,Database,452,29.23001436,7.358433322,15.66546992,18.75160126,0,1,0,0,,,,,,,,,,,,,
17-01-2024 21:00,21,2,0,Media,338,18.16512264,20.40107811,15.50340259,13.48389001,0,0,1,0,,,,,,,,,,,,,
17-01-2024 21:00,21,2,0,Compute,312,22.55684103,1,17.90535985,20.50978923,1,0,0,0,,,,,,,,,,,,,
17-01-2024 22:00,22,2,0,Web,372,11.15735338,19.93577214,12.37749537,12.43832686,0,0,0,1,,,,,,,,,,,,,
17-01-2024 22:00,22,2,0,Database,417,18.75160126,8.184179591,27.26344874,18.89777059,0,1,0,0,,,,,,,,,,,,,
17-01-2024 22:00,22,2,0,Media,330,13.48389001,13.71862644,10.29736833,14.74625184,0,0,1,0,,,,,,,,,,,,,
17-01-2024 22:00,22,2,0,Compute,265,20.50978923,2.423221877,12.34682073,17.59347892,1,0,0,0,,,,,,,,,,,,,
17-01-2024 23:00,23,2,0,Web,313,12.43832686,1,1,7.9536616,0,0,0,1,,,,,,,,,,,,,
17-01-2024 23:00,23,2,0,Database,161,18.89777059,3.104313179,9.677976114,9.435626818,0,1,0,0,,,,,,,,,,,,,
17-01-2024 23:00,23,2,0,Media,338,14.74625184,9.070837787,14.70319348,12.25362548,0,0,1,0,,,,,,,,,,,,,
17-01-2024 23:00,23,2,0,Compute,270,17.59347892,4.559968762,17.3694237,16.10796769,1,0,0,0,,,,,,,,,,,,,
18-01-2024 00:00,0,3,0,Web,322,7.9536616,1,1,1,0,0,0,1,,,,,,,,,,,,,
18-01-2024 00:00,0,3,0,Database,305,9.435626818,7.566948476,5.130078461,12.85975993,0,1,0,0,,,,,,,,,,,,,
18-01-2024 00:00,0,3,0,Media,119,12.25362548,1,2.972654872,4.599761978,0,0,1,0,,,,,,,,,,,,,
18-01-2024 00:00,0,3,0,Compute,88,16.10796769,5.951691455,13.41907652,12.58996097,1,0,0,0,,,,,,,,,,,,,
18-01-2024 01:00,1,3,0,Web,165,1,8.439977207,3.177355417,3.881251855,0,0,0,1,,,,,,,,,,,,,
18-01-2024 01:00,1,3,0,Database,10,12.85975993,1,4.777154267,5.594106936,0,1,0,0,,,,,,,,,,,,,
18-01-2024 01:00,1,3,0,Media,179,4.599761978,1,1.850212367,5.271713885,0,0,1,0,,,,,,,,,,,,,
18-01-2024 01:00,1,3,0,Compute,250,12.58996097,1,5.360108335,8.438690907,1,0,0,0,,,,,,,,,,,,,
18-01-2024 02:00,2,3,0,Web,219,3.881251855,1,2.696215672,1,0,0,0,1,,,,,,,,,,,,,
18-01-2024 02:00,2,3,0,Database,314,5.594106936,1,12.2948677,8.958355397,0,1,0,0,,,,,,,,,,,,,
18-01-2024 02:00,2,3,0,Media,183,5.271713885,7.79386494,1,2.550554354,0,0,1,0,,,,,,,,,,,,,
18-01-2024 02:00,2,3,0,Compute,332,8.438690907,1,2.653706101,5.278607969,1,0,0,0,,,,,,,,,,,,,
18-01-2024 03:00,3,3,0,Web,327,1,6.467368606,1,1,0,0,0,1,,,,,,,,,,,,,
18-01-2024 03:00,3,3,0,Database,97,8.958355397,4.087948793,7.668769277,8.259296521,0,1,0,0,,,,,,,,,,,,,
18-01-2024 03:00,3,3,0,Media,242,2.550554354,7.454886462,8.349955097,5.84902548,0,0,1,0,,,,,,,,,,,,,
18-01-2024 03:00,3,3,0,Compute,201,5.278607969,11.27067813,9.900384993,9.844363414,1,0,0,0,,,,,,,,,,,,,
18-01-2024 04:00,4,3,0,Web,438,1,6.165882033,6.855481802,10.93871928,0,0,0,1,,,,,,,,,,,,,
18-01-2024 04:00,4,3,0,Database,298,8.259296521,10.72306641,5.740498397,11.49717439,0,1,0,0,,,,,,,,,,,,,
18-01-2024 04:00,4,3,0,Media,387,5.84902548,14.29469066,10.21623165,8.99928124,0,0,1,0,,,,,,,,,,,,,
18-01-2024 04:00,4,3,0,Compute,374,9.844363414,5.567671737,7.662566016,9.700247422,1,0,0,0,,,,,,,,,,,,,
18-01-2024 05:00,5,3,0,Web,549,10.93871928,9.591501412,1,10.22436702,0,0,0,1,,,,,,,,,,,,,
18-01-2024 05:00,5,3,0,Database,395,11.49717439,10.4137322,20.49729682,16.19094627,0,1,0,0,,,,,,,,,,,,,
18-01-2024 05:00,5,3,0,Media,406,8.99928124,19.54944774,15.80898304,13.40264648,0,0,1,0,,,,,,,,,,,,,
18-01-2024 05:00,5,3,0,Compute,388,9.700247422,11.96249469,17.70931857,14.15728749,1,0,0,0,,,,,,,,,,,,,
18-01-2024 06:00,6,3,0,Web,588,10.22436702,20.98183408,14.19446365,14.30101247,0,0,0,1,,,,,,,,,,,,,
18-01-2024 06:00,6,3,0,Database,453,16.19094627,9.327442927,17.51308581,19.00851555,0,1,0,0,,,,,,,,,,,,,
18-01-2024 06:00,6,3,0,Media,460,13.40264648,32.44702578,12.08171867,13.84841925,0,0,1,0,,,,,,,,,,,,,
18-01-2024 06:00,6,3,0,Compute,470,14.15728749,18.33144646,22.94736648,23.47689109,1,0,0,0,,,,,,,,,,,,,
18-01-2024 07:00,7,3,0,Web,844,14.30101247,24.78042179,12.90726259,17.85324228,0,0,0,1,,,,,,,,,,,,,
18-01-2024 07:00,7,3,0,Database,552,19.00851555,15.4802857,18.79427281,25.81107917,0,1,0,0,,,,,,,,,,,,,
18-01-2024 07:00,7,3,0,Media,522,13.84841925,42.62792702,17.28488426,16.47912914,0,0,1,0,,,,,,,,,,,,,
18-01-2024 07:00,7,3,0,Compute,533,23.47689109,26.87453856,24.29167305,26.58768135,1,0,0,0,,,,,,,,,,,,,
18-01-2024 08:00,8,3,0,Web,923,17.85324228,28.71234283,22.75561186,21.7283347,0,0,0,1,,,,,,,,,,,,,
18-01-2024 08:00,8,3,0,Database,860,25.81107917,18.39476953,22.20689994,38.86147066,0,1,0,0,,,,,,,,,,,,,
18-01-2024 08:00,8,3,0,Media,646,16.47912914,60.70565252,19.42305519,24.81952408,0,0,1,0,,,,,,,,,,,,,
18-01-2024 08:00,8,3,0,Compute,694,26.58768135,27.75030209,26.99825964,32.57294151,1,0,0,0,,,,,,,,,,,,,
18-01-2024 09:00,9,3,0,Web,1005,21.7283347,41.7878666,25.92159642,21.11838261,0,0,0,1,,,,,,,,,,,,,
18-01-2024 09:00,9,3,0,Database,789,38.86147066,31.36394962,33.97978505,37.39698145,0,1,0,0,,,,,,,,,,,,,
18-01-2024 09:00,9,3,0,Media,846,24.81952408,65.50517612,16.90332403,26.39978558,0,0,1,0,,,,,,,,,,,,,
18-01-2024 09:00,9,3,0,Compute,778,32.57294151,24.56839721,33.85813801,35.97738157,1,0,0,0,,,,,,,,,,,,,
18-01-2024 10:00,10,3,0,Web,1343,21.11838261,53.40806664,27.64896389,33.69644473,0,0,0,1,,,,,,,,,,,,,
18-01-2024 10:00,10,3,0,Database,784,37.39698145,20.17042511,34.86085553,43.35720615,0,1,0,0,,,,,,,,,,,,,
18-01-2024 10:00,10,3,0,Media,859,26.39978558,81.56820467,26.53570972,32.74864392,0,0,1,0,,,,,,,,,,,,,
18-01-2024 10:00,10,3,0,Compute,820,35.97738157,42.21928699,37.98799745,50.92733645,1,0,0,0,,,,,,,,,,,,,
18-01-2024 11:00,11,3,0,Web,1238,33.69644473,54.26211876,26.22849423,33.16385728,0,0,0,1,,,,,,,,,,,,,
18-01-2024 11:00,11,3,0,Database,1010,43.35720615,25.9660994,47.24397855,49.97868204,0,1,0,0,,,,,,,,,,,,,
18-01-2024 11:00,11,3,0,Media,961,32.74864392,78.23963864,26.23622851,35.53227031,0,0,1,0,,,,,,,,,,,,,
18-01-2024 11:00,11,3,0,Compute,911,50.92733645,37.08873956,37.46148139,53.06910827,1,0,0,0,,,,,,,,,,,,,
18-01-2024 12:00,12,3,0,Web,1500,33.16385728,51.99341024,29.55412231,37.52336307,0,0,0,1,,,,,,,,,,,,,
18-01-2024 12:00,12,3,0,Database,1023,49.97868204,28.4209501,39.93297636,41.75571752,0,1,0,0,,,,,,,,,,,,,
18-01-2024 12:00,12,3,0,Media,1132,35.53227031,87.964118,33.20342921,34.74216978,0,0,1,0,,,,,,,,,,,,,
18-01-2024 12:00,12,3,0,Compute,959,53.06910827,42.69920345,45.34574144,50.54441155,1,0,0,0,,,,,,,,,,,,,
18-01-2024 13:00,13,3,0,Web,1542,37.52336307,54.98068708,30.48116151,38.65499156,0,0,0,1,,,,,,,,,,,,,
18-01-2024 13:00,13,3,0,Database,890,41.75571752,37.40114934,40.75461492,51.60860242,0,1,0,0,,,,,,,,,,,,,
18-01-2024 13:00,13,3,0,Media,1042,34.74216978,93.30336457,33.77149018,41.17525109,0,0,1,0,,,,,,,,,,,,,
18-01-2024 13:00,13,3,0,Compute,998,50.54441155,39.28013945,48.28321271,53.52846301,1,0,0,0,,,,,,,,,,,,,
18-01-2024 14:00,14,3,0,Web,1315,38.65499156,61.42232485,31.47446707,37.32989376,0,0,0,1,,,,,,,,,,,,,
18-01-2024 14:00,14,3,0,Database,950,51.60860242,37.22194445,45.60519654,45.48811845,0,1,0,0,,,,,,,,,,,,,
18-01-2024 14:00,14,3,0,Media,1057,41.17525109,95.37829941,32.94355057,40.17037937,0,0,1,0,,,,,,,,,,,,,
18-01-2024 14:00,14,3,0,Compute,958,53.52846301,39.08012812,52.42938434,52.87111252,1,0,0,0,,,,,,,,,,,,,
18-01-2024 15:00,15,3,0,Web,1461,37.32989376,66.33617511,27.47081051,29.8800835,0,0,0,1,,,,,,,,,,,,,
18-01-2024 15:00,15,3,0,Database,948,45.48811845,33.40209633,33.76592114,45.21991625,0,1,0,0,,,,,,,,,,,,,
18-01-2024 15:00,15,3,0,Media,884,40.17037937,91.75561617,28.59407618,39.44951212,0,0,1,0,,,,,,,,,,,,,
18-01-2024 15:00,15,3,0,Compute,1038,52.87111252,45.00004332,40.18816323,52.71148115,1,0,0,0,,,,,,,,,,,,,
18-01-2024 16:00,16,3,0,Web,1194,29.8800835,47.98337778,15.99448195,27.10935764,0,0,0,1,,,,,,,,,,,,,
18-01-2024 16:00,16,3,0,Database,766,45.21991625,23.7296009,38.31506604,41.57344836,0,1,0,0,,,,,,,,,,,,,
18-01-2024 16:00,16,3,0,Media,911,39.44951212,86.42430926,30.21324452,35.2383156,0,0,1,0,,,,,,,,,,,,,
18-01-2024 16:00,16,3,0,Compute,854,52.71148115,41.74266624,37.13810965,51.05908066,1,0,0,0,,,,,,,,,,,,,
18-01-2024 17:00,17,3,0,Web,1061,27.10935764,48.05789683,25.47812812,30.55394036,0,0,0,1,,,,,,,,,,,,,
18-01-2024 17:00,17,3,0,Database,853,41.57344836,18.70507568,36.59201065,37.91104107,0,1,0,0,,,,,,,,,,,,,
18-01-2024 17:00,17,3,0,Media,862,35.2383156,65.19003499,28.92885036,32.38896302,0,0,1,0,,,,,,,,,,,,,
18-01-2024 17:00,17,3,0,Compute,803,51.05908066,30.22093917,37.14981364,42.54068906,1,0,0,0,,,,,,,,,,,,,
18-01-2024 18:00,18,3,0,Web,912,30.55394036,34.68278609,22.11336604,25.38511545,0,0,0,1,,,,,,,,,,,,,
18-01-2024 18:00,18,3,0,Database,693,37.91104107,24.17787898,36.1898109,31.53750441,0,1,0,0,,,,,,,,,,,,,
18-01-2024 18:00,18,3,0,Media,725,32.38896302,43.85845834,20.22448124,33.10763665,0,0,1,0,,,,,,,,,,,,,
18-01-2024 18:00,18,3,0,Compute,671,42.54068906,26.20466411,28.93806715,35.15822265,1,0,0,0,,,,,,,,,,,,,
18-01-2024 19:00,19,3,0,Web,873,25.38511545,30.07194847,16.84028662,17.93148691,0,0,0,1,,,,,,,,,,,,,
18-01-2024 19:00,19,3,0,Database,627,31.53750441,14.48245676,28.75884177,27.32506025,0,1,0,0,,,,,,,,,,,,,
18-01-2024 19:00,19,3,0,Media,741,33.10763665,44.7016576,23.29119108,23.9057432,0,0,1,0,,,,,,,,,,,,,
18-01-2024 19:00,19,3,0,Compute,573,35.15822265,6.690173314,28.28683251,34.68650168,1,0,0,0,,,,,,,,,,,,,
18-01-2024 20:00,20,3,0,Web,399,17.93148691,31.67213338,22.25119419,20.38842395,0,0,0,1,,,,,,,,,,,,,
18-01-2024 20:00,20,3,0,Database,495,27.32506025,11.1748369,15.21708122,19.8769607,0,1,0,0,,,,,,,,,,,,,
18-01-2024 20:00,20,3,0,Media,415,23.9057432,35.74454647,30.57189895,25.42810286,0,0,1,0,,,,,,,,,,,,,
18-01-2024 20:00,20,3,0,Compute,495,34.68650168,15.20515315,26.69452001,24.12798167,1,0,0,0,,,,,,,,,,,,,
18-01-2024 21:00,21,3,0,Web,476,20.38842395,15.73437587,11.1854379,15.91562825,0,0,0,1,,,,,,,,,,,,,
18-01-2024 21:00,21,3,0,Database,284,19.8769607,13.2940043,17.73453232,21.35550174,0,1,0,0,,,,,,,,,,,,,
18-01-2024 21:00,21,3,0,Media,383,25.42810286,26.29878487,9.769392887,17.19842659,0,0,1,0,,,,,,,,,,,,,
18-01-2024 21:00,21,3,0,Compute,329,24.12798167,10.60612092,16.6410078,19.5727283,1,0,0,0,,,,,,,,,,,,,
18-01-2024 22:00,22,3,0,Web,239,15.91562825,6.895106392,11.96272833,10.33153818,0,0,0,1,,,,,,,,,,,,,
18-01-2024 22:00,22,3,0,Database,299,21.35550174,1,12.83194579,15.68916178,0,1,0,0,,,,,,,,,,,,,
18-01-2024 22:00,22,3,0,Media,314,17.19842659,11.3077854,9.17079813,15.73588461,0,0,1,0,,,,,,,,,,,,,
18-01-2024 22:00,22,3,0,Compute,206,19.5727283,1.606866208,15.77156216,18.98940586,1,0,0,0,,,,,,,,,,,,,
18-01-2024 23:00,23,3,0,Web,287,10.33153818,1,1,4.229298107,0,0,0,1,,,,,,,,,,,,,
18-01-2024 23:00,23,3,0,Database,168,15.68916178,4.340744556,10.1187693,15.35440309,0,1,0,0,,,,,,,,,,,,,
18-01-2024 23:00,23,3,0,Media,186,15.73588461,6.224996469,6.538717019,12.52122944,0,0,1,0,,,,,,,,,,,,,
18-01-2024 23:00,23,3,0,Compute,257,18.98940586,1,19.64266483,20.14231021,1,0,0,0,,,,,,,,,,,,,
19-01-2024 00:00,0,4,0,Web,275,4.229298107,1,3.345860672,11.60518239,0,0,0,1,,,,,,,,,,,,,
19-01-2024 00:00,0,4,0,Database,194,15.35440309,1,5.786876884,8.374004327,0,1,0,0,,,,,,,,,,,,,
19-01-2024 00:00,0,4,0,Media,325,12.52122944,6.762490776,2.448259235,3.822482909,0,0,1,0,,,,,,,,,,,,,
19-01-2024 00:00,0,4,0,Compute,211,20.14231021,1,2.009418026,8.710730178,1,0,0,0,,,,,,,,,,,,,
19-01-2024 01:00,1,4,0,Web,139,11.60518239,4.065178684,1,7.266988873,0,0,0,1,,,,,,,,,,,,,
19-01-2024 01:00,1,4,0,Database,209,8.374004327,1,12.49036584,7.913010265,0,1,0,0,,,,,,,,,,,,,
19-01-2024 01:00,1,4,0,Media,141,3.822482909,1,2.470374088,3.812329842,0,0,1,0,,,,,,,,,,,,,
19-01-2024 01:00,1,4,0,Compute,133,8.710730178,1.799128331,1,2.108426785,1,0,0,0,,,,,,,,,,,,,
19-01-2024 02:00,2,4,0,Web,231,7.266988873,4.818894069,15.9383795,9.548745082,0,0,0,1,,,,,,,,,,,,,
19-01-2024 02:00,2,4,0,Database,324,7.913010265,9.765380777,15.39505415,10.06524368,0,1,0,0,,,,,,,,,,,,,
19-01-2024 02:00,2,4,0,Media,289,3.812329842,1.326651412,6.00646192,8.032224245,0,0,1,0,,,,,,,,,,,,,
19-01-2024 02:00,2,4,0,Compute,186,2.108426785,1,4.772175008,9.004196656,1,0,0,0,,,,,,,,,,,,,
19-01-2024 03:00,3,4,0,Web,91,9.548745082,6.297140073,10.00972131,12.81367016,0,0,0,1,,,,,,,,,,,,,
19-01-2024 03:00,3,4,0,Database,370,10.06524368,1,14.93807226,10.77729112,0,1,0,0,,,,,,,,,,,,,
19-01-2024 03:00,3,4,0,Media,445,8.032224245,13.15425349,10.67814712,11.57804371,0,0,1,0,,,,,,,,,,,,,
19-01-2024 03:00,3,4,0,Compute,160,9.004196656,1,14.10423676,9.79674726,1,0,0,0,,,,,,,,,,,,,
19-01-2024 04:00,4,4,0,Web,420,12.81367016,1,17.94514879,11.84499473,0,0,0,1,,,,,,,,,,,,,
19-01-2024 04:00,4,4,0,Database,445,10.77729112,1,7.459094096,10.87897875,0,1,0,0,,,,,,,,,,,,,
19-01-2024 04:00,4,4,0,Media,230,11.57804371,16.88161651,6.2259383,12.55913642,0,0,1,0,,,,,,,,,,,,,
19-01-2024 04:00,4,4,0,Compute,264,9.79674726,7.541400335,6.45860225,10.08216334,1,0,0,0,,,,,,,,,,,,,
19-01-2024 05:00,5,4,0,Web,477,11.84499473,20.41210726,13.35787703,12.43887904,0,0,0,1,,,,,,,,,,,,,
19-01-2024 05:00,5,4,0,Database,375,10.87897875,9.853247931,11.10964476,12.71207864,0,1,0,0,,,,,,,,,,,,,
19-01-2024 05:00,5,4,0,Media,283,12.55913642,21.46088906,7.083517749,11.71795921,0,0,1,0,,,,,,,,,,,,,
19-01-2024 05:00,5,4,0,Compute,339,10.08216334,2.101406514,10.27488075,19.64166301,1,0,0,0,,,,,,,,,,,,,
19-01-2024 06:00,6,4,0,Web,617,12.43887904,19.20168443,6.651814535,14.67104709,0,0,0,1,,,,,,,,,,,,,
19-01-2024 06:00,6,4,0,Database,464,12.71207864,7.809819901,16.69099291,18.92172586,0,1,0,0,,,,,,,,,,,,,
19-01-2024 06:00,6,4,0,Media,614,11.71795921,33.82570044,12.83658554,18.90004661,0,0,1,0,,,,,,,,,,,,,
19-01-2024 06:00,6,4,0,Compute,506,19.64166301,18.66031259,21.30993204,27.89583736,1,0,0,0,,,,,,,,,,,,,
19-01-2024 07:00,7,4,0,Web,803,14.67104709,30.98489652,24.83465793,23.14246132,0,0,0,1,,,,,,,,,,,,,
19-01-2024 07:00,7,4,0,Database,579,18.92172586,23.40153553,22.44091171,27.25024919,0,1,0,0,,,,,,,,,,,,,
19-01-2024 07:00,7,4,0,Media,606,18.90004661,38.93482207,16.44341085,21.50808376,0,0,1,0,,,,,,,,,,,,,
19-01-2024 07:00,7,4,0,Compute,644,27.89583736,13.53532473,28.62942988,28.51392573,1,0,0,0,,,,,,,,,,,,,
19-01-2024 08:00,8,4,0,Web,965,23.14246132,47.85589907,14.46681248,27.14800086,0,0,0,1,,,,,,,,,,,,,
19-01-2024 08:00,8,4,0,Database,669,27.25024919,22.51293096,29.75120805,32.31224841,0,1,0,0,,,,,,,,,,,,,
19-01-2024 08:00,8,4,0,Media,725,21.50808376,65.45126273,27.46002988,29.8632318,0,0,1,0,,,,,,,,,,,,,
19-01-2024 08:00,8,4,0,Compute,745,28.51392573,16.14763027,39.03327654,41.6811308,1,0,0,0,,,,,,,,,,,,,
19-01-2024 09:00,9,4,0,Web,1308,27.14800086,45.13396722,27.81779877,25.68896789,0,0,0,1,,,,,,,,,,,,,
19-01-2024 09:00,9,4,0,Database,884,32.31224841,21.23404727,32.15745974,34.88762537,0,1,0,0,,,,,,,,,,,,,
19-01-2024 09:00,9,4,0,Media,926,29.8632318,56.67961564,32.24581115,33.53181245,0,0,1,0,,,,,,,,,,,,,
19-01-2024 09:00,9,4,0,Compute,793,41.6811308,34.80578607,38.84860659,44.65193761,1,0,0,0,,,,,,,,,,,,,
19-01-2024 10:00,10,4,0,Web,1194,25.68896789,39.81975842,29.81992845,29.52355458,0,0,0,1,,,,,,,,,,,,,
19-01-2024 10:00,10,4,0,Database,929,34.88762537,27.28932284,30.22933362,39.85718367,0,1,0,0,,,,,,,,,,,,,
19-01-2024 10:00,10,4,0,Media,981,33.53181245,81.19850997,32.64892511,39.04632615,0,0,1,0,,,,,,,,,,,,,
19-01-2024 10:00,10,4,0,Compute,952,44.65193761,30.96596547,37.71215155,47.62879265,1,0,0,0,,,,,,,,,,,,,
19-01-2024 11:00,11,4,0,Web,1386,29.52355458,47.55644794,23.01292002,31.997234,0,0,0,1,,,,,,,,,,,,,
19-01-2024 11:00,11,4,0,Database,1012,39.85718367,34.18891559,37.84083267,42.96386076,0,1,0,0,,,,,,,,,,,,,
19-01-2024 11:00,11,4,0,Media,841,39.04632615,85.86985755,32.73710891,39.31751235,0,0,1,0,,,,,,,,,,,,,
19-01-2024 11:00,11,4,0,Compute,1045,47.62879265,42.47812695,42.66039678,47.50729999,1,0,0,0,,,,,,,,,,,,,
19-01-2024 12:00,12,4,0,Web,1364,31.997234,60.70186018,30.10938558,33.45363307,0,0,0,1,,,,,,,,,,,,,
19-01-2024 12:00,12,4,0,Database,1032,42.96386076,34.44021988,37.41452853,48.63813853,0,1,0,0,,,,,,,,,,,,,
19-01-2024 12:00,12,4,0,Media,1079,39.31751235,87.89293365,29.23686038,41.42762542,0,0,1,0,,,,,,,,,,,,,
19-01-2024 12:00,12,4,0,Compute,1001,47.50729999,32.27166959,40.91468353,49.82968916,1,0,0,0,,,,,,,,,,,,,
19-01-2024 13:00,13,4,0,Web,1448,33.45363307,61.75732431,23.26145042,35.11127421,0,0,0,1,,,,,,,,,,,,,
19-01-2024 13:00,13,4,0,Database,995,48.63813853,25.992603,41.32383112,50.45877748,0,1,0,0,,,,,,,,,,,,,
19-01-2024 13:00,13,4,0,Media,938,41.42762542,90.73979233,34.28133674,40.24239571,0,0,1,0,,,,,,,,,,,,,
19-01-2024 13:00,13,4,0,Compute,984,49.82968916,52.53862393,43.80373102,53.18746364,1,0,0,0,,,,,,,,,,,,,
19-01-2024 14:00,14,4,0,Web,1317,35.11127421,61.0828413,41.2003993,32.97056807,0,0,0,1,,,,,,,,,,,,,
19-01-2024 14:00,14,4,0,Database,875,50.45877748,34.03419493,40.01251903,51.35608775,0,1,0,0,,,,,,,,,,,,,
19-01-2024 14:00,14,4,0,Media,969,40.24239571,91.29866895,40.2506884,39.78121003,0,0,1,0,,,,,,,,,,,,,
19-01-2024 14:00,14,4,0,Compute,1064,53.18746364,42.37528863,45.81226825,55.98828982,1,0,0,0,,,,,,,,,,,,,
19-01-2024 15:00,15,4,0,Web,1416,32.97056807,60.23319813,35.58776607,33.38964194,0,0,0,1,,,,,,,,,,,,,
19-01-2024 15:00,15,4,0,Database,963,51.35608775,21.73418713,41.54732291,48.23338164,0,1,0,0,,,,,,,,,,,,,
19-01-2024 15:00,15,4,0,Media,939,39.78121003,85.65952826,32.59083369,40.30020492,0,0,1,0,,,,,,,,,,,,,
19-01-2024 15:00,15,4,0,Compute,948,55.98828982,38.15627451,50.17306411,55.9066054,1,0,0,0,,,,,,,,,,,,,
19-01-2024 16:00,16,4,0,Web,1114,33.38964194,50.80877117,30.6057865,36.67452999,0,0,0,1,,,,,,,,,,,,,
19-01-2024 16:00,16,4,0,Database,855,48.23338164,32.53682332,42.4967681,42.73004225,0,1,0,0,,,,,,,,,,,,,
19-01-2024 16:00,16,4,0,Media,918,40.30020492,77.18879006,34.1801904,37.29849231,0,0,1,0,,,,,,,,,,,,,
19-01-2024 16:00,16,4,0,Compute,867,55.9066054,35.40345694,42.19642651,51.71889118,1,0,0,0,,,,,,,,,,,,,
19-01-2024 17:00,17,4,0,Web,1116,36.67452999,48.55068176,24.38552665,31.60244056,0,0,0,1,,,,,,,,,,,,,
19-01-2024 17:00,17,4,0,Database,727,42.73004225,17.13974114,30.04813878,37.83981061,0,1,0,0,,,,,,,,,,,,,
19-01-2024 17:00,17,4,0,Media,881,37.29849231,73.77703855,23.69668045,31.16746565,0,0,1,0,,,,,,,,,,,,,
19-01-2024 17:00,17,4,0,Compute,754,51.71889118,34.16475604,34.51238452,45.36529474,1,0,0,0,,,,,,,,,,,,,
19-01-2024 18:00,18,4,0,Web,1023,31.60244056,38.13251691,25.97490711,28.02916211,0,0,0,1,,,,,,,,,,,,,
19-01-2024 18:00,18,4,0,Database,661,37.83981061,22.70630704,32.4373501,32.09144469,0,1,0,0,,,,,,,,,,,,,
19-01-2024 18:00,18,4,0,Media,648,31.16746565,51.0058035,23.79414563,29.40541883,0,0,1,0,,,,,,,,,,,,,
19-01-2024 18:00,18,4,0,Compute,717,45.36529474,17.78071813,29.13040356,38.7535885,1,0,0,0,,,,,,,,,,,,,
19-01-2024 19:00,19,4,0,Web,674,28.02916211,25.62349595,17.41868044,20.89301214,0,0,0,1,,,,,,,,,,,,,
19-01-2024 19:00,19,4,0,Database,652,32.09144469,14.08544605,26.80982956,28.82622155,0,1,0,0,,,,,,,,,,,,,
19-01-2024 19:00,19,4,0,Media,537,29.40541883,47.6971926,16.78895326,25.69370742,0,0,1,0,,,,,,,,,,,,,
19-01-2024 19:00,19,4,0,Compute,525,38.7535885,25.31266758,29.62280751,36.44309471,1,0,0,0,,,,,,,,,,,,,
19-01-2024 20:00,20,4,0,Web,554,20.89301214,28.08791411,14.51023501,15.27822968,0,0,0,1,,,,,,,,,,,,,
19-01-2024 20:00,20,4,0,Database,629,28.82622155,9.669391574,27.96709835,24.25425392,0,1,0,0,,,,,,,,,,,,,
19-01-2024 20:00,20,4,0,Media,584,25.69370742,21.64467777,17.06820477,18.10282676,0,0,1,0,,,,,,,,,,,,,
19-01-2024 20:00,20,4,0,Compute,406,36.44309471,16.95836715,20.12449666,29.85206126,1,0,0,0,,,,,,,,,,,,,
19-01-2024 21:00,21,4,0,Web,572,15.27822968,12.62906692,6.061195492,11.69059684,0,0,0,1,,,,,,,,,,,,,
19-01-2024 21:00,21,4,0,Database,322,24.25425392,5.969949385,16.46054688,18.88492281,0,1,0,0,,,,,,,,,,,,,
19-01-2024 21:00,21,4,0,Media,533,18.10282676,17.29380382,17.14060366,13.61749523,0,0,1,0,,,,,,,,,,,,,
19-01-2024 21:00,21,4,0,Compute,405,29.85206126,7.898710511,26.63591042,26.01233154,1,0,0,0,,,,,,,,,,,,,
19-01-2024 22:00,22,4,0,Web,420,11.69059684,11.86654625,7.386793183,11.23123517,0,0,0,1,,,,,,,,,,,,,
19-01-2024 22:00,22,4,0,Database,466,18.88492281,7.754173173,15.86491628,15.99940089,0,1,0,0,,,,,,,,,,,,,
19-01-2024 22:00,22,4,0,Media,200,13.61749523,10.23076014,7.18620204,13.23910628,0,0,1,0,,,,,,,,,,,,,
19-01-2024 22:00,22,4,0,Compute,490,26.01233154,11.62077727,11.50237318,17.01537599,1,0,0,0,,,,,,,,,,,,,
19-01-2024 23:00,23,4,0,Web,204,11.23123517,4.233075713,10.7105594,6.722765568,0,0,0,1,,,,,,,,,,,,,
19-01-2024 23:00,23,4,0,Database,128,15.99940089,9.708876376,9.457267585,12.99191896,0,1,0,0,,,,,,,,,,,,,
19-01-2024 23:00,23,4,0,Media,205,13.23910628,1.774140711,17.95908694,12.77211154,0,0,1,0,,,,,,,,,,,,,
19-01-2024 23:00,23,4,0,Compute,238,17.01537599,4.030966658,8.32719016,13.83126255,1,0,0,0,,,,,,,,,,,,,
20-01-2024 00:00,0,5,1,Web,194,6.722765568,1,4.382419518,4.92548935,0,0,0,1,,,,,,,,,,,,,
20-01-2024 00:00,0,5,1,Database,221,12.99191896,1,3.7492895,7.023501644,0,1,0,0,,,,,,,,,,,,,
20-01-2024 00:00,0,5,1,Media,204,12.77211154,1,6.95036714,6.652480672,0,0,1,0,,,,,,,,,,,,,
20-01-2024 00:00,0,5,1,Compute,149,13.83126255,8.554880159,4.213667502,8.986033236,1,0,0,0,,,,,,,,,,,,,
20-01-2024 01:00,1,5,1,Web,201,4.92548935,1,2.752006334,5.511681372,0,0,0,1,,,,,,,,,,,,,
20-01-2024 01:00,1,5,1,Database,102,7.023501644,1,1.773926943,6.496424303,0,1,0,0,,,,,,,,,,,,,
20-01-2024 01:00,1,5,1,Media,10,6.652480672,4.151988746,8.217949579,2.779110543,0,0,1,0,,,,,,,,,,,,,
20-01-2024 01:00,1,5,1,Compute,305,8.986033236,1,13.240171,12.40967212,1,0,0,0,,,,,,,,,,,,,
20-01-2024 02:00,2,5,1,Web,129,5.511681372,13.08344921,7.736703505,8.798154832,0,0,0,1,,,,,,,,,,,,,
20-01-2024 02:00,2,5,1,Database,178,6.496424303,6.98691055,10.52040823,13.11479458,0,1,0,0,,,,,,,,,,,,,
20-01-2024 02:00,2,5,1,Media,343,2.779110543,1,1,2.401928658,0,0,1,0,,,,,,,,,,,,,
20-01-2024 02:00,2,5,1,Compute,109,12.40967212,1,8.964363228,11.47161966,1,0,0,0,,,,,,,,,,,,,
20-01-2024 03:00,3,5,1,Web,292,8.798154832,1,6.236514737,1.281706731,0,0,0,1,,,,,,,,,,,,,
20-01-2024 03:00,3,5,1,Database,274,13.11479458,1,15.39154878,11.6568971,0,1,0,0,,,,,,,,,,,,,
20-01-2024 03:00,3,5,1,Media,62,2.401928658,1,6.206327782,6.357059234,0,0,1,0,,,,,,,,,,,,,
20-01-2024 03:00,3,5,1,Compute,243,11.47161966,4.96511963,2.475993165,9.231775249,1,0,0,0,,,,,,,,,,,,,
20-01-2024 04:00,4,5,1,Web,260,1.281706731,11.44947093,2.253755137,4.828318266,0,0,0,1,,,,,,,,,,,,,
20-01-2024 04:00,4,5,1,Database,267,11.6568971,4.950373081,7.731415338,11.16936465,0,1,0,0,,,,,,,,,,,,,
20-01-2024 04:00,4,5,1,Media,378,6.357059234,10.93926794,11.59195783,10.40528233,0,0,1,0,,,,,,,,,,,,,
20-01-2024 04:00,4,5,1,Compute,159,9.231775249,1,6.696459394,8.84283408,1,0,0,0,,,,,,,,,,,,,
20-01-2024 05:00,5,5,1,Web,294,4.828318266,7.717372213,1,2.715552344,0,0,0,1,,,,,,,,,,,,,
20-01-2024 05:00,5,5,1,Database,314,11.16936465,2.330831795,9.145653711,10.38817984,0,1,0,0,,,,,,,,,,,,,
20-01-2024 05:00,5,5,1,Media,407,10.40528233,14.51606881,11.85180032,10.66644329,0,0,1,0,,,,,,,,,,,,,
20-01-2024 05:00,5,5,1,Compute,207,8.84283408,5.459395809,6.395427497,13.33873399,1,0,0,0,,,,,,,,,,,,,
20-01-2024 06:00,6,5,1,Web,407,2.715552344,13.41476631,3.621668987,10.57774863,0,0,0,1,,,,,,,,,,,,,
20-01-2024 06:00,6,5,1,Database,423,10.38817984,6.759383455,11.88122191,17.57399169,0,1,0,0,,,,,,,,,,,,,
20-01-2024 06:00,6,5,1,Media,392,10.66644329,15.45637306,9.214501844,17.8115554,0,0,1,0,,,,,,,,,,,,,
20-01-2024 06:00,6,5,1,Compute,602,13.33873399,5.981420742,6.478148826,16.52014596,1,0,0,0,,,,,,,,,,,,,
20-01-2024 07:00,7,5,1,Web,338,10.57774863,13.44168812,15.02625844,13.8671993,0,0,0,1,,,,,,,,,,,,,
20-01-2024 07:00,7,5,1,Database,402,17.57399169,2.392143939,11.58392947,21.86446039,0,1,0,0,,,,,,,,,,,,,
20-01-2024 07:00,7,5,1,Media,421,17.8115554,20.6812484,11.4010341,14.79588434,0,0,1,0,,,,,,,,,,,,,
20-01-2024 07:00,7,5,1,Compute,457,16.52014596,13.0019975,19.60674863,20.48233723,1,0,0,0,,,,,,,,,,,,,
20-01-2024 08:00,8,5,1,Web,669,13.8671993,21.0044108,11.63903657,11.37490631,0,0,0,1,,,,,,,,,,,,,
20-01-2024 08:00,8,5,1,Database,488,21.86446039,18.08529305,19.01549375,25.7567482,0,1,0,0,,,,,,,,,,,,,
20-01-2024 08:00,8,5,1,Media,617,14.79588434,23.05664799,13.63321162,20.65375866,0,0,1,0,,,,,,,,,,,,,
20-01-2024 08:00,8,5,1,Compute,588,20.48233723,20.97364026,18.31169752,25.04998518,1,0,0,0,,,,,,,,,,,,,
20-01-2024 09:00,9,5,1,Web,671,11.37490631,21.43198584,15.22888314,15.4462608,0,0,0,1,,,,,,,,,,,,,
20-01-2024 09:00,9,5,1,Database,551,25.7567482,19.73713168,25.60630179,29.1315986,0,1,0,0,,,,,,,,,,,,,
20-01-2024 09:00,9,5,1,Media,650,20.65375866,34.97113852,9.214190963,21.83665467,0,0,1,0,,,,,,,,,,,,,
20-01-2024 09:00,9,5,1,Compute,621,25.04998518,19.69240307,18.93321037,23.81174203,1,0,0,0,,,,,,,,,,,,,
20-01-2024 10:00,10,5,1,Web,932,15.4462608,30.46569323,12.22410452,17.40947688,0,0,0,1,,,,,,,,,,,,,
20-01-2024 10:00,10,5,1,Database,637,29.1315986,11.36824187,28.16904391,28.20231825,0,1,0,0,,,,,,,,,,,,,
20-01-2024 10:00,10,5,1,Media,619,21.83665467,50.29043277,19.75308048,25.12236673,0,0,1,0,,,,,,,,,,,,,
20-01-2024 10:00,10,5,1,Compute,621,23.81174203,22.36730423,28.61920843,32.75622588,1,0,0,0,,,,,,,,,,,,,
20-01-2024 11:00,11,5,1,Web,821,17.40947688,36.76600949,20.88245266,18.80572558,0,0,0,1,,,,,,,,,,,,,
20-01-2024 11:00,11,5,1,Database,566,28.20231825,13.92452782,16.4104392,30.4771099,0,1,0,0,,,,,,,,,,,,,
20-01-2024 11:00,11,5,1,Media,724,25.12236673,35.30077967,22.16361726,25.51996069,0,0,1,0,,,,,,,,,,,,,
20-01-2024 11:00,11,5,1,Compute,616,32.75622588,27.2040834,31.91456488,35.3569475,1,0,0,0,,,,,,,,,,,,,
20-01-2024 12:00,12,5,1,Web,890,18.80572558,34.36405718,12.71232407,21.22446328,0,0,0,1,,,,,,,,,,,,,
20-01-2024 12:00,12,5,1,Database,570,30.4771099,25.23675698,17.67739877,25.90366617,0,1,0,0,,,,,,,,,,,,,
20-01-2024 12:00,12,5,1,Media,650,25.51996069,44.12724221,21.29009323,27.46362145,0,0,1,0,,,,,,,,,,,,,
20-01-2024 12:00,12,5,1,Compute,746,35.3569475,23.31803551,22.90227447,29.55464138,1,0,0,0,,,,,,,,,,,,,
20-01-2024 13:00,13,5,1,Web,938,21.22446328,31.99453354,9.968355024,20.37670701,0,0,0,1,,,,,,,,,,,,,
20-01-2024 13:00,13,5,1,Database,620,25.90366617,11.93198611,27.94087501,28.30663606,0,1,0,0,,,,,,,,,,,,,
20-01-2024 13:00,13,5,1,Media,704,27.46362145,53.33434064,27.67649731,28.04079648,0,0,1,0,,,,,,,,,,,,,
20-01-2024 13:00,13,5,1,Compute,743,29.55464138,16.48529456,31.03877005,34.47199993,1,0,0,0,,,,,,,,,,,,,
20-01-2024 14:00,14,5,1,Web,696,20.37670701,37.76417654,21.48452665,23.24681664,0,0,0,1,,,,,,,,,,,,,
20-01-2024 14:00,14,5,1,Database,629,28.30663606,19.79772753,28.22823984,35.37382483,0,1,0,0,,,,,,,,,,,,,
20-01-2024 14:00,14,5,1,Media,719,28.04079648,49.81403278,26.43373749,32.59041879,0,0,1,0,,,,,,,,,,,,,
20-01-2024 14:00,14,5,1,Compute,551,34.47199993,25.85641544,36.11667857,40.50709993,1,0,0,0,,,,,,,,,,,,,
20-01-2024 15:00,15,5,1,Web,1121,23.24681664,32.60893939,14.45334776,23.13250986,0,0,0,1,,,,,,,,,,,,,
20-01-2024 15:00,15,5,1,Database,569,35.37382483,13.85910668,24.34846401,30.53979109,0,1,0,0,,,,,,,,,,,,,
20-01-2024 15:00,15,5,1,Media,536,32.59041879,49.25532573,28.85432024,32.53991537,0,0,1,0,,,,,,,,,,,,,
20-01-2024 15:00,15,5,1,Compute,708,40.50709993,25.81729521,33.14185642,37.69305117,1,0,0,0,,,,,,,,,,,,,
20-01-2024 16:00,16,5,1,Web,825,23.13250986,31.54151574,22.61919742,23.06676261,0,0,0,1,,,,,,,,,,,,,
20-01-2024 16:00,16,5,1,Database,592,30.53979109,17.32052903,26.65544906,33.60830026,0,1,0,0,,,,,,,,,,,,,
20-01-2024 16:00,16,5,1,Media,642,32.53991537,44.32262299,17.70750014,24.63387021,0,0,1,0,,,,,,,,,,,,,
20-01-2024 16:00,16,5,1,Compute,570,37.69305117,21.8163963,22.45680036,29.48562434,1,0,0,0,,,,,,,,,,,,,
20-01-2024 17:00,17,5,1,Web,841,23.06676261,30.20651857,7.710996966,21.30486466,0,0,0,1,,,,,,,,,,,,,
20-01-2024 17:00,17,5,1,Database,515,33.60830026,12.53656187,24.75182696,29.18631529,0,1,0,0,,,,,,,,,,,,,
20-01-2024 17:00,17,5,1,Media,551,24.63387021,40.40169906,24.70763532,22.74119463,0,0,1,0,,,,,,,,,,,,,
20-01-2024 17:00,17,5,1,Compute,646,29.48562434,9.066905899,30.20063732,32.39112368,1,0,0,0,,,,,,,,,,,,,
20-01-2024 18:00,18,5,1,Web,742,21.30486466,17.79607865,16.63251884,16.19954084,0,0,0,1,,,,,,,,,,,,,
20-01-2024 18:00,18,5,1,Database,407,29.18631529,17.0599046,21.98791499,30.37158501,0,1,0,0,,,,,,,,,,,,,
20-01-2024 18:00,18,5,1,Media,511,22.74119463,27.48264174,16.0738513,19.12137275,0,0,1,0,,,,,,,,,,,,,
20-01-2024 18:00,18,5,1,Compute,501,32.39112368,19.73232636,19.19630964,24.44480567,1,0,0,0,,,,,,,,,,,,,
20-01-2024 19:00,19,5,1,Web,580,16.19954084,17.96450119,11.99382016,10.10337371,0,0,0,1,,,,,,,,,,,,,
20-01-2024 19:00,19,5,1,Database,396,30.37158501,3.1716933,20.18415904,24.53292516,0,1,0,0,,,,,,,,,,,,,
20-01-2024 19:00,19,5,1,Media,587,19.12137275,24.97447414,14.40366791,17.32848086,0,0,1,0,,,,,,,,,,,,,
20-01-2024 19:00,19,5,1,Compute,534,24.44480567,8.606611691,11.95616157,21.33656589,1,0,0,0,,,,,,,,,,,,,
20-01-2024 20:00,20,5,1,Web,572,10.10337371,20.2075329,10.68886704,13.77521136,0,0,0,1,,,,,,,,,,,,,
20-01-2024 20:00,20,5,1,Database,437,24.53292516,8.317217254,14.28584032,17.58762322,0,1,0,0,,,,,,,,,,,,,
20-01-2024 20:00,20,5,1,Media,311,17.32848086,11.57705459,13.85587443,14.84920115,0,0,1,0,,,,,,,,,,,,,
20-01-2024 20:00,20,5,1,Compute,362,21.33656589,1,19.77754023,18.42972723,1,0,0,0,,,,,,,,,,,,,
20-01-2024 21:00,21,5,1,Web,349,13.77521136,8.782267153,11.59529192,9.123538897,0,0,0,1,,,,,,,,,,,,,
20-01-2024 21:00,21,5,1,Database,463,17.58762322,5.698293483,12.26387208,16.35854595,0,1,0,0,,,,,,,,,,,,,
20-01-2024 21:00,21,5,1,Media,291,14.84920115,9.381520117,7.285624421,14.84048856,0,0,1,0,,,,,,,,,,,,,
20-01-2024 21:00,21,5,1,Compute,356,18.42972723,12.87235608,7.924121596,19.68470115,1,0,0,0,,,,,,,,,,,,,
20-01-2024 22:00,22,5,1,Web,294,9.123538897,1,1,2.356289066,0,0,0,1,,,,,,,,,,,,,
20-01-2024 22:00,22,5,1,Database,268,16.35854595,1,12.65611754,11.90978329,0,1,0,0,,,,,,,,,,,,,
20-01-2024 22:00,22,5,1,Media,181,14.84048856,9.061980883,8.076244489,9.343298049,0,0,1,0,,,,,,,,,,,,,
20-01-2024 22:00,22,5,1,Compute,207,19.68470115,1,11.78486074,16.78876215,1,0,0,0,,,,,,,,,,,,,
20-01-2024 23:00,23,5,1,Web,204,2.356289066,1,6.666547308,8.467921318,0,0,0,1,,,,,,,,,,,,,
20-01-2024 23:00,23,5,1,Database,306,11.90978329,7.37498367,14.37221921,15.92175138,0,1,0,0,,,,,,,,,,,,,
20-01-2024 23:00,23,5,1,Media,315,9.343298049,1,5.295021286,6.104099487,0,0,1,0,,,,,,,,,,,,,
20-01-2024 23:00,23,5,1,Compute,215,16.78876215,1,6.689169481,9.76554507,1,0,0,0,,,,,,,,,,,,,
21-01-2024 00:00,0,6,1,Web,189,8.467921318,1,6.06165956,7.693679061,0,0,0,1,,,,,,,,,,,,,
21-01-2024 00:00,0,6,1,Database,148,15.92175138,2.823254384,5.221345523,4.994240728,0,1,0,0,,,,,,,,,,,,,
21-01-2024 00:00,0,6,1,Media,228,6.104099487,1,4.336256341,3.939812499,0,0,1,0,,,,,,,,,,,,,
21-01-2024 00:00,0,6,1,Compute,117,9.76554507,5.15336749,12.65201155,11.0351771,1,0,0,0,,,,,,,,,,,,,
21-01-2024 01:00,1,6,1,Web,151,7.693679061,3.267506608,5.855451692,9.211506703,0,0,0,1,,,,,,,,,,,,,
21-01-2024 01:00,1,6,1,Database,159,4.994240728,1,1,5.826613691,0,1,0,0,,,,,,,,,,,,,
21-01-2024 01:00,1,6,1,Media,207,3.939812499,1,10.6413359,4.254804273,0,0,1,0,,,,,,,,,,,,,
21-01-2024 01:00,1,6,1,Compute,154,11.0351771,5.157065315,2.882442063,6.044176446,1,0,0,0,,,,,,,,,,,,,
21-01-2024 02:00,2,6,1,Web,330,9.211506703,1,1,4.180499516,0,0,0,1,,,,,,,,,,,,,
21-01-2024 02:00,2,6,1,Database,312,5.826613691,1,8.408990247,10.39166759,0,1,0,0,,,,,,,,,,,,,
21-01-2024 02:00,2,6,1,Media,103,4.254804273,1,7.596203366,6.351590226,0,0,1,0,,,,,,,,,,,,,
21-01-2024 02:00,2,6,1,Compute,182,6.044176446,7.857080538,9.953806101,12.73393286,1,0,0,0,,,,,,,,,,,,,
21-01-2024 03:00,3,6,1,Web,300,4.180499516,1.768071539,1,2.446614601,0,0,0,1,,,,,,,,,,,,,
21-01-2024 03:00,3,6,1,Database,155,10.39166759,1,11.30079122,6.204372762,0,1,0,0,,,,,,,,,,,,,
21-01-2024 03:00,3,6,1,Media,318,6.351590226,6.426536189,4.881535279,5.863638351,0,0,1,0,,,,,,,,,,,,,
21-01-2024 03:00,3,6,1,Compute,184,12.73393286,3.806232097,2.298284726,12.33412179,1,0,0,0,,,,,,,,,,,,,
21-01-2024 04:00,4,6,1,Web,107,2.446614601,8.383554469,8.226393234,5.658142697,0,0,0,1,,,,,,,,,,,,,
21-01-2024 04:00,4,6,1,Database,166,6.204372762,3.567118281,2.396261621,6.05994092,0,1,0,0,,,,,,,,,,,,,
21-01-2024 04:00,4,6,1,Media,107,5.863638351,6.492931004,8.299590338,8.298673933,0,0,1,0,,,,,,,,,,,,,
21-01-2024 04:00,4,6,1,Compute,312,12.33412179,1,8.813640196,12.91794969,1,0,0,0,,,,,,,,,,,,,
21-01-2024 05:00,5,6,1,Web,390,5.658142697,11.39562109,2.514892642,5.680309579,0,0,0,1,,,,,,,,,,,,,
21-01-2024 05:00,5,6,1,Database,433,6.05994092,1,11.88569348,11.37580486,0,1,0,0,,,,,,,,,,,,,
21-01-2024 05:00,5,6,1,Media,339,8.298673933,10.79770762,13.79511839,10.44495067,0,0,1,0,,,,,,,,,,,,,
21-01-2024 05:00,5,6,1,Compute,300,12.91794969,1,14.76690603,17.80593082,1,0,0,0,,,,,,,,,,,,,
21-01-2024 06:00,6,6,1,Web,670,5.680309579,15.07469797,5.637879641,6.93727055,0,0,0,1,,,,,,,,,,,,,
21-01-2024 06:00,6,6,1,Database,399,11.37580486,5.495969263,11.61050663,14.52888013,0,1,0,0,,,,,,,,,,,,,
21-01-2024 06:00,6,6,1,Media,288,10.44495067,22.99654075,15.75067822,19.56546105,0,0,1,0,,,,,,,,,,,,,
21-01-2024 06:00,6,6,1,Compute,351,17.80593082,1.144942519,12.96137945,17.391946,1,0,0,0,,,,,,,,,,,,,
21-01-2024 07:00,7,6,1,Web,547,6.93727055,12.01649941,14.04739851,11.01329467,0,0,0,1,,,,,,,,,,,,,
21-01-2024 07:00,7,6,1,Database,393,14.52888013,4.652957776,19.06148541,15.63689863,0,1,0,0,,,,,,,,,,,,,
21-01-2024 07:00,7,6,1,Media,484,19.56546105,20.115945,16.75708058,20.40184968,0,0,1,0,,,,,,,,,,,,,
21-01-2024 07:00,7,6,1,Compute,330,17.391946,13.96013306,15.12581082,23.72727869,1,0,0,0,,,,,,,,,,,,,
21-01-2024 08:00,8,6,1,Web,662,11.01329467,17.99038889,15.59832646,16.13174968,0,0,0,1,,,,,,,,,,,,,
21-01-2024 08:00,8,6,1,Database,424,15.63689863,1,17.20249069,23.19984604,0,1,0,0,,,,,,,,,,,,,
21-01-2024 08:00,8,6,1,Media,554,20.40184968,40.95222346,16.05343941,16.68811282,0,0,1,0,,,,,,,,,,,,,
21-01-2024 08:00,8,6,1,Compute,503,23.72727869,23.04297518,24.85239915,28.51436286,1,0,0,0,,,,,,,,,,,,,
21-01-2024 09:00,9,6,1,Web,655,16.13174968,26.04794121,17.89344503,17.88329248,0,0,0,1,,,,,,,,,,,,,
21-01-2024 09:00,9,6,1,Database,652,23.19984604,24.11098752,28.61700106,23.92884289,0,1,0,0,,,,,,,,,,,,,
21-01-2024 09:00,9,6,1,Media,582,16.68811282,34.56401301,23.87454273,22.47983175,0,0,1,0,,,,,,,,,,,,,
21-01-2024 09:00,9,6,1,Compute,455,28.51436286,16.86747377,29.22912423,33.09784746,1,0,0,0,,,,,,,,,,,,,
21-01-2024 10:00,10,6,1,Web,815,17.88329248,26.96268837,9.935569796,12.58566948,0,0,0,1,,,,,,,,,,,,,
21-01-2024 10:00,10,6,1,Database,683,23.92884289,17.34125427,28.10376376,30.34946214,0,1,0,0,,,,,,,,,,,,,
21-01-2024 10:00,10,6,1,Media,489,22.47983175,52.31784636,24.37912607,25.7194521,0,0,1,0,,,,,,,,,,,,,
21-01-2024 10:00,10,6,1,Compute,779,33.09784746,16.77394819,21.93459582,27.63353308,1,0,0,0,,,,,,,,,,,,,
21-01-2024 11:00,11,6,1,Web,885,12.58566948,38.72647908,15.66612196,19.53229442,0,0,0,1,,,,,,,,,,,,,
21-01-2024 11:00,11,6,1,Database,559,30.34946214,14.9925907,19.14884893,27.3479412,0,1,0,0,,,,,,,,,,,,,
21-01-2024 11:00,11,6,1,Media,549,25.7194521,46.45011033,21.3521504,25.89895433,0,0,1,0,,,,,,,,,,,,,
21-01-2024 11:00,11,6,1,Compute,717,27.63353308,21.41705559,32.2011021,32.88295605,1,0,0,0,,,,,,,,,,,,,
21-01-2024 12:00,12,6,1,Web,905,19.53229442,38.9478214,17.1543307,20.21472572,0,0,0,1,,,,,,,,,,,,,
21-01-2024 12:00,12,6,1,Database,638,27.3479412,21.48858526,24.13619936,32.22022025,0,1,0,0,,,,,,,,,,,,,
21-01-2024 12:00,12,6,1,Media,625,25.89895433,60.68476598,25.27961696,29.4537774,0,0,1,0,,,,,,,,,,,,,
21-01-2024 12:00,12,6,1,Compute,579,32.88295605,16.66805518,23.90570749,31.02420762,1,0,0,0,,,,,,,,,,,,,
21-01-2024 13:00,13,6,1,Web,809,20.21472572,33.60159512,20.52636848,24.16833371,0,0,0,1,,,,,,,,,,,,,
21-01-2024 13:00,13,6,1,Database,649,32.22022025,14.32247146,32.45281743,30.41334207,0,1,0,0,,,,,,,,,,,,,
21-01-2024 13:00,13,6,1,Media,574,29.4537774,64.19386844,25.02083428,30.4515962,0,0,1,0,,,,,,,,,,,,,
21-01-2024 13:00,13,6,1,Compute,637,31.02420762,21.39332084,36.5386931,37.89400444,1,0,0,0,,,,,,,,,,,,,
21-01-2024 14:00,14,6,1,Web,848,24.16833371,28.33361437,23.79282267,25.28618235,0,0,0,1,,,,,,,,,,,,,
21-01-2024 14:00,14,6,1,Database,581,30.41334207,16.38419647,22.63028529,23.82204456,0,1,0,0,,,,,,,,,,,,,
21-01-2024 14:00,14,6,1,Media,658,30.4515962,50.69020275,15.12577165,22.96256595,0,0,1,0,,,,,,,,,,,,,
21-01-2024 14:00,14,6,1,Compute,618,37.89400444,34.93917276,33.83402953,37.05900826,1,0,0,0,,,,,,,,,,,,,
21-01-2024 15:00,15,6,1,Web,870,25.28618235,25.21372569,18.79152019,26.01342505,0,0,0,1,,,,,,,,,,,,,
21-01-2024 15:00,15,6,1,Database,619,23.82204456,12.89195801,20.49803581,24.04628605,0,1,0,0,,,,,,,,,,,,,
21-01-2024 15:00,15,6,1,Media,491,22.96256595,42.19458939,23.82874744,30.5635227,0,0,1,0,,,,,,,,,,,,,
21-01-2024 15:00,15,6,1,Compute,719,37.05900826,18.72533317,32.60784997,33.23198334,1,0,0,0,,,,,,,,,,,,,
21-01-2024 16:00,16,6,1,Web,771,26.01342505,34.57034075,21.76207636,22.81082216,0,0,0,1,,,,,,,,,,,,,
21-01-2024 16:00,16,6,1,Database,602,24.04628605,16.36680672,27.61515807,28.97958076,0,1,0,0,,,,,,,,,,,,,
21-01-2024 16:00,16,6,1,Media,598,30.5635227,46.30275159,20.78437327,21.63256076,0,0,1,0,,,,,,,,,,,,,
21-01-2024 16:00,16,6,1,Compute,576,33.23198334,28.70546295,25.38000641,36.57804816,1,0,0,0,,,,,,,,,,,,,
21-01-2024 17:00,17,6,1,Web,738,22.81082216,18.66463544,15.87054461,20.53026008,0,0,0,1,,,,,,,,,,,,,
21-01-2024 17:00,17,6,1,Database,548,28.97958076,12.50983401,26.22791221,27.67412991,0,1,0,0,,,,,,,,,,,,,
21-01-2024 17:00,17,6,1,Media,384,21.63256076,35.03732008,23.02626123,17.43315616,0,0,1,0,,,,,,,,,,,,,
21-01-2024 17:00,17,6,1,Compute,674,36.57804816,21.1260413,23.53109042,28.54225183,1,0,0,0,,,,,,,,,,,,,
21-01-2024 18:00,18,6,1,Web,587,20.53026008,24.96299704,19.13571657,22.15623898,0,0,0,1,,,,,,,,,,,,,
21-01-2024 18:00,18,6,1,Database,480,27.67412991,10.67294172,28.44962428,26.04053331,0,1,0,0,,,,,,,,,,,,,
21-01-2024 18:00,18,6,1,Media,640,17.43315616,36.4336859,17.69332965,17.21993588,0,0,1,0,,,,,,,,,,,,,
21-01-2024 18:00,18,6,1,Compute,416,28.54225183,10.83986766,23.29586585,27.37223776,1,0,0,0,,,,,,,,,,,,,
21-01-2024 19:00,19,6,1,Web,588,22.15623898,17.65711265,13.71589134,16.47792838,0,0,0,1,,,,,,,,,,,,,
21-01-2024 19:00,19,6,1,Database,432,26.04053331,5.780428938,17.65031568,20.10703446,0,1,0,0,,,,,,,,,,,,,
21-01-2024 19:00,19,6,1,Media,652,17.21993588,24.47128948,8.436492289,12.67698423,0,0,1,0,,,,,,,,,,,,,
21-01-2024 19:00,19,6,1,Compute,603,27.37223776,13.24197033,18.43394636,19.68265549,1,0,0,0,,,,,,,,,,,,,
21-01-2024 20:00,20,6,1,Web,493,16.47792838,11.08647306,18.95757801,16.58148303,0,0,0,1,,,,,,,,,,,,,
21-01-2024 20:00,20,6,1,Database,393,20.10703446,2.700681455,10.3316927,11.68861254,0,1,0,0,,,,,,,,,,,,,
21-01-2024 20:00,20,6,1,Media,362,12.67698423,11.5290423,8.943680916,8.616696199,0,0,1,0,,,,,,,,,,,,,
21-01-2024 20:00,20,6,1,Compute,389,19.68265549,14.66783197,9.560452055,15.24590141,1,0,0,0,,,,,,,,,,,,,
21-01-2024 21:00,21,6,1,Web,427,16.58148303,5.135806464,18.74919167,14.71798017,0,0,0,1,,,,,,,,,,,,,
21-01-2024 21:00,21,6,1,Database,439,11.68861254,2.033311427,10.20994208,8.500636167,0,1,0,0,,,,,,,,,,,,,
21-01-2024 21:00,21,6,1,Media,245,8.616696199,18.07634193,14.4452522,12.54758365,0,0,1,0,,,,,,,,,,,,,
21-01-2024 21:00,21,6,1,Compute,337,15.24590141,7.518820378,15.37371151,15.60734726,1,0,0,0,,,,,,,,,,,,,
21-01-2024 22:00,22,6,1,Web,348,14.71798017,1,11.88687955,10.01852265,0,0,0,1,,,,,,,,,,,,,
21-01-2024 22:00,22,6,1,Database,259,8.500636167,10.84568985,6.199549477,5.991460478,0,1,0,0,,,,,,,,,,,,,
21-01-2024 22:00,22,6,1,Media,232,12.54758365,1,11.85837087,10.39108708,0,0,1,0,,,,,,,,,,,,,
21-01-2024 22:00,22,6,1,Compute,228,15.60734726,1,1,14.15863055,1,0,0,0,,,,,,,,,,,,,
21-01-2024 23:00,23,6,1,Web,336,10.01852265,6.822530932,10.14003032,10.16794989,0,0,0,1,,,,,,,,,,,,,
21-01-2024 23:00,23,6,1,Database,249,5.991460478,1.784834781,6.965478474,9.680109776,0,1,0,0,,,,,,,,,,,,,
21-01-2024 23:00,23,6,1,Media,181,10.39108708,10.5168781,16.26364126,11.97341603,0,0,1,0,,,,,,,,,,,,,
21-01-2024 23:00,23,6,1,Compute,199,14.15863055,4.327231168,12.01436663,8.12526116,1,0,0,0,,,,,,,,,,,,,
22-01-2024 00:00,0,0,0,Web,246,10.16794989,1,5.760917071,4.774425672,0,0,0,1,,,,,,,,,,,,,
22-01-2024 00:00,0,0,0,Database,264,9.680109776,4.053732876,17.01603459,12.34335578,0,1,0,0,,,,,,,,,,,,,
22-01-2024 00:00,0,0,0,Media,103,11.97341603,1,15.82227086,8.545345746,0,0,1,0,,,,,,,,,,,,,
22-01-2024 00:00,0,0,0,Compute,208,8.12526116,13.0822651,13.42097564,12.88522347,1,0,0,0,,,,,,,,,,,,,
22-01-2024 01:00,1,0,0,Web,141,4.774425672,1,6.574689945,1.974339061,0,0,0,1,,,,,,,,,,,,,
22-01-2024 01:00,1,0,0,Database,184,12.34335578,3.07133984,11.06202231,8.13889931,0,1,0,0,,,,,,,,,,,,,
22-01-2024 01:00,1,0,0,Media,236,8.545345746,20.12912021,9.474703309,5.429043803,0,0,1,0,,,,,,,,,,,,,
22-01-2024 01:00,1,0,0,Compute,255,12.88522347,1,2.900822233,9.520322491,1,0,0,0,,,,,,,,,,,,,
22-01-2024 02:00,2,0,0,Web,203,1.974339061,9.912305595,2.505339386,3.023118499,0,0,0,1,,,,,,,,,,,,,
22-01-2024 02:00,2,0,0,Database,313,8.13889931,7.19795082,1.410040898,7.344894914,0,1,0,0,,,,,,,,,,,,,
22-01-2024 02:00,2,0,0,Media,209,5.429043803,6.661771238,3.81681734,1.137761019,0,0,1,0,,,,,,,,,,,,,
22-01-2024 02:00,2,0,0,Compute,19,9.520322491,4.354038031,5.099973004,6.519751823,1,0,0,0,,,,,,,,,,,,,
22-01-2024 03:00,3,0,0,Web,239,3.023118499,1.67762602,5.897759906,3.516568126,0,0,0,1,,,,,,,,,,,,,
22-01-2024 03:00,3,0,0,Database,296,7.344894914,5.785964731,1,5.861776654,0,1,0,0,,,,,,,,,,,,,
22-01-2024 03:00,3,0,0,Media,273,1.137761019,2.053330317,5.826022824,9.360464503,0,0,1,0,,,,,,,,,,,,,
22-01-2024 03:00,3,0,0,Compute,362,6.519751823,9.282015462,9.657556573,5.472604396,1,0,0,0,,,,,,,,,,,,,
22-01-2024 04:00,4,0,0,Web,444,3.516568126,7.736517699,1.715557616,5.860768192,0,0,0,1,,,,,,,,,,,,,
22-01-2024 04:00,4,0,0,Database,213,5.861776654,7.640143853,9.755852975,8.443430364,0,1,0,0,,,,,,,,,,,,,
22-01-2024 04:00,4,0,0,Media,233,9.360464503,20.72962612,12.71637255,12.82254039,0,0,1,0,,,,,,,,,,,,,
22-01-2024 04:00,4,0,0,Compute,362,5.472604396,10.75750992,15.35188673,15.8159722,1,0,0,0,,,,,,,,,,,,,
22-01-2024 05:00,5,0,0,Web,397,5.860768192,13.78125027,8.747783802,10.47495868,0,0,0,1,,,,,,,,,,,,,
22-01-2024 05:00,5,0,0,Database,435,8.443430364,6.615280594,16.13717538,17.13899655,0,1,0,0,,,,,,,,,,,,,
22-01-2024 05:00,5,0,0,Media,341,12.82254039,17.40693071,16.48404559,17.74719332,0,0,1,0,,,,,,,,,,,,,
22-01-2024 05:00,5,0,0,Compute,384,15.8159722,9.008100287,11.80696237,13.72409402,1,0,0,0,,,,,,,,,,,,,
22-01-2024 06:00,6,0,0,Web,598,10.47495868,25.76739341,11.91708561,19.46082598,0,0,0,1,,,,,,,,,,,,,
22-01-2024 06:00,6,0,0,Database,671,17.13899655,5.447371126,20.64797483,24.44015289,0,1,0,0,,,,,,,,,,,,,
22-01-2024 06:00,6,0,0,Media,387,17.74719332,29.75540843,12.30387028,17.70808614,0,0,1,0,,,,,,,,,,,,,
22-01-2024 06:00,6,0,0,Compute,470,13.72409402,8.634638001,21.03655629,22.46553941,1,0,0,0,,,,,,,,,,,,,
22-01-2024 07:00,7,0,0,Web,745,19.46082598,39.18211854,15.69632094,19.38619025,0,0,0,1,,,,,,,,,,,,,
22-01-2024 07:00,7,0,0,Database,618,24.44015289,17.72831861,20.60160391,22.26926879,0,1,0,0,,,,,,,,,,,,,
22-01-2024 07:00,7,0,0,Media,589,17.70808614,39.65058043,23.00102557,18.78683151,0,0,1,0,,,,,,,,,,,,,
22-01-2024 07:00,7,0,0,Compute,652,22.46553941,28.53428962,28.08729817,30.21653644,1,0,0,0,,,,,,,,,,,,,
22-01-2024 08:00,8,0,0,Web,1000,19.38619025,34.6090741,22.34389787,21.08226914,0,0,0,1,,,,,,,,,,,,,
22-01-2024 08:00,8,0,0,Database,716,22.26926879,19.13921903,18.61667147,26.76446633,0,1,0,0,,,,,,,,,,,,,
22-01-2024 08:00,8,0,0,Media,732,18.78683151,52.54971215,19.91020362,21.08359312,0,0,1,0,,,,,,,,,,,,,
22-01-2024 08:00,8,0,0,Compute,805,30.21653644,25.55540369,25.38894701,35.15698364,1,0,0,0,,,,,,,,,,,,,
22-01-2024 09:00,9,0,0,Web,1026,21.08226914,44.24161688,25.24916313,29.70240271,0,0,0,1,,,,,,,,,,,,,
22-01-2024 09:00,9,0,0,Database,847,26.76446633,24.5417579,22.5119685,32.55127427,0,1,0,0,,,,,,,,,,,,,
22-01-2024 09:00,9,0,0,Media,712,21.08359312,70.12532055,26.05976177,26.72086782,0,0,1,0,,,,,,,,,,,,,
22-01-2024 09:00,9,0,0,Compute,699,35.15698364,38.88159649,30.32713589,39.93183778,1,0,0,0,,,,,,,,,,,,,
22-01-2024 10:00,10,0,0,Web,1296,29.70240271,44.43227251,27.05509357,29.11801743,0,0,0,1,,,,,,,,,,,,,
22-01-2024 10:00,10,0,0,Database,829,32.55127427,25.11930609,36.30986214,40.58934017,0,1,0,0,,,,,,,,,,,,,
22-01-2024 10:00,10,0,0,Media,902,26.72086782,75.33907719,28.63768309,34.46116788,0,0,1,0,,,,,,,,,,,,,
22-01-2024 10:00,10,0,0,Compute,848,39.93183778,35.13393146,41.93895228,47.40669403,1,0,0,0,,,,,,,,,,,,,
22-01-2024 11:00,11,0,0,Web,1225,29.11801743,63.33912862,26.26720783,29.0255066,0,0,0,1,,,,,,,,,,,,,
22-01-2024 11:00,11,0,0,Database,958,40.58934017,22.30627394,37.91675725,43.55222991,0,1,0,0,,,,,,,,,,,,,
22-01-2024 11:00,11,0,0,Media,1051,34.46116788,83.13716584,30.3586259,38.86641735,0,0,1,0,,,,,,,,,,,,,
22-01-2024 11:00,11,0,0,Compute,904,47.40669403,38.09733681,46.25990924,55.37514071,1,0,0,0,,,,,,,,,,,,,
22-01-2024 12:00,12,0,0,Web,1425,29.0255066,60.34995264,27.04046889,30.90074238,0,0,0,1,,,,,,,,,,,,,
22-01-2024 12:00,12,0,0,Database,862,43.55222991,30.13871885,40.49750864,47.85947871,0,1,0,0,,,,,,,,,,,,,
22-01-2024 12:00,12,0,0,Media,989,38.86641735,82.56912512,40.65336862,41.53411261,0,0,1,0,,,,,,,,,,,,,
22-01-2024 12:00,12,0,0,Compute,958,55.37514071,41.61554429,50.56946352,57.23030594,1,0,0,0,,,,,,,,,,,,,
22-01-2024 13:00,13,0,0,Web,1620,30.90074238,58.46463971,34.96870453,35.81759217,0,0,0,1,,,,,,,,,,,,,
22-01-2024 13:00,13,0,0,Database,920,47.85947871,32.03413927,43.45397047,47.77191739,0,1,0,0,,,,,,,,,,,,,
22-01-2024 13:00,13,0,0,Media,1032,41.53411261,89.10071378,33.55921027,41.24049499,0,0,1,0,,,,,,,,,,,,,
22-01-2024 13:00,13,0,0,Compute,1057,57.23030594,43.8117128,45.98032835,58.82975877,1,0,0,0,,,,,,,,,,,,,
22-01-2024 14:00,14,0,0,Web,1327,35.81759217,66.80671753,30.02579129,36.22782854,0,0,0,1,,,,,,,,,,,,,
22-01-2024 14:00,14,0,0,Database,952,47.77191739,25.11909314,43.81469727,48.69214663,0,1,0,0,,,,,,,,,,,,,
22-01-2024 14:00,14,0,0,Media,980,41.24049499,86.26804718,32.41255865,40.55036775,0,0,1,0,,,,,,,,,,,,,
22-01-2024 14:00,14,0,0,Compute,1075,58.82975877,40.89149154,48.41931604,54.29845236,1,0,0,0,,,,,,,,,,,,,
22-01-2024 15:00,15,0,0,Web,1207,36.22782854,59.12122125,24.39961072,35.35725124,0,0,0,1,,,,,,,,,,,,,
22-01-2024 15:00,15,0,0,Database,905,48.69214663,28.60229267,34.63521295,46.83803853,0,1,0,0,,,,,,,,,,,,,
22-01-2024 15:00,15,0,0,Media,1020,40.55036775,86.24424829,29.36816447,37.4080386,0,0,1,0,,,,,,,,,,,,,
22-01-2024 15:00,15,0,0,Compute,984,54.29845236,39.96327549,47.04307805,45.86053246,1,0,0,0,,,,,,,,,,,,,
22-01-2024 16:00,16,0,0,Web,1280,35.35725124,54.58681374,19.23768231,31.36364276,0,0,0,1,,,,,,,,,,,,,
22-01-2024 16:00,16,0,0,Database,837,46.83803853,26.79679861,37.78129676,45.47823652,0,1,0,0,,,,,,,,,,,,,
22-01-2024 16:00,16,0,0,Media,820,37.4080386,88.04765228,28.81393416,39.49111803,0,0,1,0,,,,,,,,,,,,,
22-01-2024 16:00,16,0,0,Compute,1061,45.86053246,33.71939383,50.22939679,53.09115393,1,0,0,0,,,,,,,,,,,,,
22-01-2024 17:00,17,0,0,Web,1193,31.36364276,52.51600707,17.73670385,28.17738119,0,0,0,1,,,,,,,,,,,,,
22-01-2024 17:00,17,0,0,Database,890,45.47823652,19.56899662,29.22722351,40.15054181,0,1,0,0,,,,,,,,,,,,,
22-01-2024 17:00,17,0,0,Media,654,39.49111803,68.93415435,25.42608289,37.45802206,0,0,1,0,,,,,,,,,,,,,
22-01-2024 17:00,17,0,0,Compute,732,53.09115393,28.33100307,36.6471968,41.99267815,1,0,0,0,,,,,,,,,,,,,
22-01-2024 18:00,18,0,0,Web,1022,28.17738119,25.82636031,14.95099861,21.15324375,0,0,0,1,,,,,,,,,,,,,
22-01-2024 18:00,18,0,0,Database,528,40.15054181,19.3459167,42.76671372,40.50861264,0,1,0,0,,,,,,,,,,,,,
22-01-2024 18:00,18,0,0,Media,637,37.45802206,54.07491193,28.96303028,29.96321585,0,0,1,0,,,,,,,,,,,,,
22-01-2024 18:00,18,0,0,Compute,722,41.99267815,22.54541717,30.97559689,39.1186442,1,0,0,0,,,,,,,,,,,,,
22-01-2024 19:00,19,0,0,Web,823,21.15324375,27.6421052,16.56091693,17.35764653,0,0,0,1,,,,,,,,,,,,,
22-01-2024 19:00,19,0,0,Database,610,40.50861264,19.5990217,29.31441655,35.27904086,0,1,0,0,,,,,,,,,,,,,
22-01-2024 19:00,19,0,0,Media,456,29.96321585,54.6166534,20.57851217,24.07971492,0,0,1,0,,,,,,,,,,,,,
22-01-2024 19:00,19,0,0,Compute,443,39.1186442,16.07489797,34.29413215,33.49103146,1,0,0,0,,,,,,,,,,,,,
22-01-2024 20:00,20,0,0,Web,627,17.35764653,30.06428102,15.5475114,17.42291433,0,0,0,1,,,,,,,,,,,,,
22-01-2024 20:00,20,0,0,Database,532,35.27904086,7.415087267,23.82764367,29.72667894,0,1,0,0,,,,,,,,,,,,,
22-01-2024 20:00,20,0,0,Media,478,24.07971492,31.42375241,16.42532477,17.04856234,0,0,1,0,,,,,,,,,,,,,
22-01-2024 20:00,20,0,0,Compute,442,33.49103146,18.67613017,20.25362863,29.20999028,1,0,0,0,,,,,,,,,,,,,
22-01-2024 21:00,21,0,0,Web,461,17.42291433,18.15954833,13.05586491,17.20801791,0,0,0,1,,,,,,,,,,,,,
22-01-2024 21:00,21,0,0,Database,414,29.72667894,1,19.80990662,22.78837536,0,1,0,0,,,,,,,,,,,,,
22-01-2024 21:00,21,0,0,Media,480,17.04856234,25.95123238,16.11979235,15.24909182,0,0,1,0,,,,,,,,,,,,,
22-01-2024 21:00,21,0,0,Compute,338,29.20999028,8.483754853,19.24581506,19.55811136,1,0,0,0,,,,,,,,,,,,,
22-01-2024 22:00,22,0,0,Web,450,17.20801791,10.90331899,13.28422192,10.81245036,0,0,0,1,,,,,,,,,,,,,
22-01-2024 22:00,22,0,0,Database,340,22.78837536,10.35766186,13.20211963,14.43812844,0,1,0,0,,,,,,,,,,,,,
22-01-2024 22:00,22,0,0,Media,312,15.24909182,13.80321506,11.96631683,13.85985474,0,0,1,0,,,,,,,,,,,,,
22-01-2024 22:00,22,0,0,Compute,455,19.55811136,6.930134816,17.11939175,19.76679587,1,0,0,0,,,,,,,,,,,,,
22-01-2024 23:00,23,0,0,Web,224,10.81245036,8.272305834,7.562791485,7.441412159,0,0,0,1,,,,,,,,,,,,,
22-01-2024 23:00,23,0,0,Database,313,14.43812844,1.565750546,10.40350753,7.641854832,0,1,0,0,,,,,,,,,,,,,
22-01-2024 23:00,23,0,0,Media,174,13.85985474,7.347591741,17.56847469,13.78277495,0,0,1,0,,,,,,,,,,,,,
22-01-2024 23:00,23,0,0,Compute,310,19.76679587,6.319834551,18.89033954,15.65558933,1,0,0,0,,,,,,,,,,,,,
23-01-2024 00:00,0,1,0,Web,114,7.441412159,1,14.48227169,12.02311074,0,0,0,1,,,,,,,,,,,,,
23-01-2024 00:00,0,1,0,Database,131,7.641854832,2.161089376,6.716796247,9.211572235,0,1,0,0,,,,,,,,,,,,,
23-01-2024 00:00,0,1,0,Media,273,13.78277495,3.462430156,1.235982034,6.706369418,0,0,1,0,,,,,,,,,,,,,
23-01-2024 00:00,0,1,0,Compute,170,15.65558933,1,3.947386095,10.96551982,1,0,0,0,,,,,,,,,,,,,
23-01-2024 01:00,1,1,0,Web,257,12.02311074,1,4.134107043,8.573575208,0,0,0,1,,,,,,,,,,,,,
23-01-2024 01:00,1,1,0,Database,201,9.211572235,1,9.471293293,9.23599145,0,1,0,0,,,,,,,,,,,,,
23-01-2024 01:00,1,1,0,Media,223,6.706369418,1,9.901688702,10.68365877,0,0,1,0,,,,,,,,,,,,,
23-01-2024 01:00,1,1,0,Compute,216,10.96551982,1,7.492699985,14.87325087,1,0,0,0,,,,,,,,,,,,,
23-01-2024 02:00,2,1,0,Web,202,8.573575208,6.722085142,6.356729177,6.564377134,0,0,0,1,,,,,,,,,,,,,
23-01-2024 02:00,2,1,0,Database,220,9.23599145,1,9.667705419,11.92744477,0,1,0,0,,,,,,,,,,,,,
23-01-2024 02:00,2,1,0,Media,160,10.68365877,11.80333926,2.955832355,2.17965495,0,0,1,0,,,,,,,,,,,,,
23-01-2024 02:00,2,1,0,Compute,250,14.87325087,1,8.88098112,12.39188991,1,0,0,0,,,,,,,,,,,,,
23-01-2024 03:00,3,1,0,Web,359,6.564377134,8.045461035,16.93752274,12.92438941,0,0,0,1,,,,,,,,,,,,,
23-01-2024 03:00,3,1,0,Database,256,11.92744477,1,6.311420874,10.97111783,0,1,0,0,,,,,,,,,,,,,
23-01-2024 03:00,3,1,0,Media,163,2.17965495,1,4.784556211,7.00297089,0,0,1,0,,,,,,,,,,,,,
23-01-2024 03:00,3,1,0,Compute,250,12.39188991,1,4.279695179,10.55422424,1,0,0,0,,,,,,,,,,,,,
23-01-2024 04:00,4,1,0,Web,350,12.92438941,1,10.86898011,8.426234645,0,0,0,1,,,,,,,,,,,,,
23-01-2024 04:00,4,1,0,Database,158,10.97111783,6.414473962,11.10785801,12.61570501,0,1,0,0,,,,,,,,,,,,,
23-01-2024 04:00,4,1,0,Media,274,7.00297089,10.97230417,6.304110766,7.451029761,0,0,1,0,,,,,,,,,,,,,
23-01-2024 04:00,4,1,0,Compute,441,10.55422424,18.23495507,10.7845188,12.93795225,1,0,0,0,,,,,,,,,,,,,
23-01-2024 05:00,5,1,0,Web,484,8.426234645,18.65700822,13.7627626,13.15002926,0,0,0,1,,,,,,,,,,,,,
23-01-2024 05:00,5,1,0,Database,423,12.61570501,4.620030489,14.7327185,16.86044863,0,1,0,0,,,,,,,,,,,,,
23-01-2024 05:00,5,1,0,Media,426,7.451029761,24.01959011,21.16161835,19.19869495,0,0,1,0,,,,,,,,,,,,,
23-01-2024 05:00,5,1,0,Compute,468,12.93795225,14.73924922,12.24086767,15.62696034,1,0,0,0,,,,,,,,,,,,,
23-01-2024 06:00,6,1,0,Web,763,13.15002926,33.14230762,9.169362122,13.06319454,0,0,0,1,,,,,,,,,,,,,
23-01-2024 06:00,6,1,0,Database,504,16.86044863,12.34861574,23.44490767,26.60879812,0,1,0,0,,,,,,,,,,,,,
23-01-2024 06:00,6,1,0,Media,472,19.19869495,28.17813182,24.24439995,22.13328205,0,0,1,0,,,,,,,,,,,,,
23-01-2024 06:00,6,1,0,Compute,468,15.62696034,12.35669176,21.57605337,25.99323285,1,0,0,0,,,,,,,,,,,,,
23-01-2024 07:00,7,1,0,Web,880,13.06319454,31.06183264,16.54116615,21.57615825,0,0,0,1,,,,,,,,,,,,,
23-01-2024 07:00,7,1,0,Database,503,26.60879812,15.15703394,21.71755421,24.9657568,0,1,0,0,,,,,,,,,,,,,
23-01-2024 07:00,7,1,0,Media,522,22.13328205,47.27529928,13.91741145,21.38539874,0,0,1,0,,,,,,,,,,,,,
23-01-2024 07:00,7,1,0,Compute,442,25.99323285,22.09510302,15.89227385,27.46357652,1,0,0,0,,,,,,,,,,,,,
23-01-2024 08:00,8,1,0,Web,811,21.57615825,46.13174126,26.44889627,23.40094142,0,0,0,1,,,,,,,,,,,,,
23-01-2024 08:00,8,1,0,Database,559,24.9657568,12.9166055,23.42522258,32.21306796,0,1,0,0,,,,,,,,,,,,,
23-01-2024 08:00,8,1,0,Media,694,21.38539874,53.07115239,28.34512372,30.52528026,0,0,1,0,,,,,,,,,,,,,
23-01-2024 08:00,8,1,0,Compute,759,27.46357652,21.05692318,21.46270196,28.79351195,1,0,0,0,,,,,,,,,,,,,
23-01-2024 09:00,9,1,0,Web,1106,23.40094142,44.12640235,21.42085437,25.86675146,0,0,0,1,,,,,,,,,,,,,
23-01-2024 09:00,9,1,0,Database,801,32.21306796,21.07824092,33.36368501,38.54865989,0,1,0,0,,,,,,,,,,,,,
23-01-2024 09:00,9,1,0,Media,832,30.52528026,67.20298635,27.40663353,34.8596907,0,0,1,0,,,,,,,,,,,,,
23-01-2024 09:00,9,1,0,Compute,892,28.79351195,23.30422513,38.57539035,36.89009595,1,0,0,0,,,,,,,,,,,,,
23-01-2024 10:00,10,1,0,Web,1196,25.86675146,48.69645329,31.33711678,26.57106916,0,0,0,1,,,,,,,,,,,,,
23-01-2024 10:00,10,1,0,Database,842,38.54865989,23.96439282,34.9449842,40.66185056,0,1,0,0,,,,,,,,,,,,,
23-01-2024 10:00,10,1,0,Media,872,34.8596907,76.90883826,22.05088855,25.67323436,0,0,1,0,,,,,,,,,,,,,
23-01-2024 10:00,10,1,0,Compute,965,36.89009595,38.22328103,41.64515232,49.87762889,1,0,0,0,,,,,,,,,,,,,
23-01-2024 11:00,11,1,0,Web,1231,26.57106916,50.05727477,26.3445399,33.68758011,0,0,0,1,,,,,,,,,,,,,
23-01-2024 11:00,11,1,0,Database,931,40.66185056,35.4728218,42.37978522,49.00678009,0,1,0,0,,,,,,,,,,,,,
23-01-2024 11:00,11,1,0,Media,886,25.67323436,85.09778653,30.75658398,39.25320486,0,0,1,0,,,,,,,,,,,,,
23-01-2024 11:00,11,1,0,Compute,963,49.87762889,33.62458539,46.93895122,54.04233969,1,0,0,0,,,,,,,,,,,,,
23-01-2024 12:00,12,1,0,Web,1449,33.68758011,49.80161441,31.22578711,39.48353036,0,0,0,1,,,,,,,,,,,,,
23-01-2024 12:00,12,1,0,Database,1026,49.00678009,32.26977617,39.82635134,47.4714856,0,1,0,0,,,,,,,,,,,,,
23-01-2024 12:00,12,1,0,Media,949,39.25320486,95.81543187,33.63925429,40.04674395,0,0,1,0,,,,,,,,,,,,,
23-01-2024 12:00,12,1,0,Compute,988,54.04233969,40.01466613,38.72818077,51.19022905,1,0,0,0,,,,,,,,,,,,,
23-01-2024 13:00,13,1,0,Web,1309,39.48353036,63.42249201,29.26102027,31.43397213,0,0,0,1,,,,,,,,,,,,,
23-01-2024 13:00,13,1,0,Database,970,47.4714856,33.01209693,42.82650846,49.49884927,0,1,0,0,,,,,,,,,,,,,
23-01-2024 13:00,13,1,0,Media,1048,40.04674395,92.58952094,27.67817636,33.69432023,0,0,1,0,,,,,,,,,,,,,
23-01-2024 13:00,13,1,0,Compute,967,51.19022905,40.40462617,49.67304033,54.90616518,1,0,0,0,,,,,,,,,,,,,
23-01-2024 14:00,14,1,0,Web,1500,31.43397213,57.98754394,31.06594312,37.10611733,0,0,0,1,,,,,,,,,,,,,
23-01-2024 14:00,14,1,0,Database,758,49.49884927,30.5950351,35.0541813,47.60853749,0,1,0,0,,,,,,,,,,,,,
23-01-2024 14:00,14,1,0,Media,998,33.69432023,88.33531503,40.90515597,41.55114598,0,0,1,0,,,,,,,,,,,,,
23-01-2024 14:00,14,1,0,Compute,1168,54.90616518,36.50815715,42.19811085,55.8105605,1,0,0,0,,,,,,,,,,,,,
23-01-2024 15:00,15,1,0,Web,1289,37.10611733,54.4908827,26.63734249,35.79569658,0,0,0,1,,,,,,,,,,,,,
23-01-2024 15:00,15,1,0,Database,933,47.60853749,31.196988,41.66368278,45.19767206,0,1,0,0,,,,,,,,,,,,,
23-01-2024 15:00,15,1,0,Media,1039,41.55114598,77.15115774,38.03325609,39.0860539,0,0,1,0,,,,,,,,,,,,,
23-01-2024 15:00,15,1,0,Compute,835,55.8105605,43.33239866,42.45158526,49.89969234,1,0,0,0,,,,,,,,,,,,,
23-01-2024 16:00,16,1,0,Web,1176,35.79569658,54.07734405,25.03865411,30.47379522,0,0,0,1,,,,,,,,,,,,,
23-01-2024 16:00,16,1,0,Database,844,45.19767206,22.74799616,30.17910305,41.83609894,0,1,0,0,,,,,,,,,,,,,
23-01-2024 16:00,16,1,0,Media,977,39.0860539,83.00052502,28.99228005,37.59023305,0,0,1,0,,,,,,,,,,,,,
23-01-2024 16:00,16,1,0,Compute,836,49.89969234,34.42219376,51.05773301,53.46271188,1,0,0,0,,,,,,,,,,,,,
23-01-2024 17:00,17,1,0,Web,980,30.47379522,43.38056488,31.39426228,35.11195065,0,0,0,1,,,,,,,,,,,,,
23-01-2024 17:00,17,1,0,Database,876,41.83609894,19.18826106,40.46854653,41.4409331,0,1,0,0,,,,,,,,,,,,,
23-01-2024 17:00,17,1,0,Media,825,37.59023305,67.38527315,28.66679302,30.58994757,0,0,1,0,,,,,,,,,,,,,
23-01-2024 17:00,17,1,0,Compute,822,53.46271188,25.65884413,38.0336792,45.9266288,1,0,0,0,,,,,,,,,,,,,
23-01-2024 18:00,18,1,0,Web,1018,35.11195065,40.53227388,24.25831849,31.15881403,0,0,0,1,,,,,,,,,,,,,
23-01-2024 18:00,18,1,0,Database,738,41.4409331,12.37429892,24.03540473,35.46092667,0,1,0,0,,,,,,,,,,,,,
23-01-2024 18:00,18,1,0,Media,641,30.58994757,58.48537318,24.94797328,22.72452983,0,0,1,0,,,,,,,,,,,,,
23-01-2024 18:00,18,1,0,Compute,701,45.9266288,25.16467396,21.23875525,33.56969255,1,0,0,0,,,,,,,,,,,,,
23-01-2024 19:00,19,1,0,Web,957,31.15881403,27.60048796,21.04489734,20.69377092,0,0,0,1,,,,,,,,,,,,,
23-01-2024 19:00,19,1,0,Database,604,35.46092667,11.54947546,27.09908421,33.50928321,0,1,0,0,,,,,,,,,,,,,
23-01-2024 19:00,19,1,0,Media,713,22.72452983,41.57375553,24.6099554,23.81780592,0,0,1,0,,,,,,,,,,,,,
23-01-2024 19:00,19,1,0,Compute,712,33.56969255,20.65814656,29.97045972,33.21330496,1,0,0,0,,,,,,,,,,,,,
23-01-2024 20:00,20,1,0,Web,604,20.69377092,27.03315896,12.89781708,17.25668004,0,0,0,1,,,,,,,,,,,,,
23-01-2024 20:00,20,1,0,Database,480,33.50928321,2.484123562,10.97199435,20.81139916,0,1,0,0,,,,,,,,,,,,,
23-01-2024 20:00,20,1,0,Media,545,23.81780592,34.03601556,15.65534233,17.00588144,0,0,1,0,,,,,,,,,,,,,
23-01-2024 20:00,20,1,0,Compute,491,33.21330496,1.274970384,25.24904333,28.95979904,1,0,0,0,,,,,,,,,,,,,
23-01-2024 21:00,21,1,0,Web,474,17.25668004,23.43228808,19.28093874,14.96447941,0,0,0,1,,,,,,,,,,,,,
23-01-2024 21:00,21,1,0,Database,290,20.81139916,15.09942538,8.422413553,17.27867389,0,1,0,0,,,,,,,,,,,,,
23-01-2024 21:00,21,1,0,Media,481,17.00588144,29.4031555,14.73462836,16.55323402,0,0,1,0,,,,,,,,,,,,,
23-01-2024 21:00,21,1,0,Compute,496,28.95979904,8.253858502,23.68369071,25.71408385,1,0,0,0,,,,,,,,,,,,,
23-01-2024 22:00,22,1,0,Web,437,14.96447941,7.03055197,10.48660026,13.23429428,0,0,0,1,,,,,,,,,,,,,
23-01-2024 22:00,22,1,0,Database,407,17.27867389,3.076514905,13.30123912,19.175085,0,1,0,0,,,,,,,,,,,,,
23-01-2024 22:00,22,1,0,Media,345,16.55323402,22.597798,9.854873922,14.05216395,0,0,1,0,,,,,,,,,,,,,
23-01-2024 22:00,22,1,0,Compute,350,25.71408385,3.61255625,23.43607308,19.29474913,1,0,0,0,,,,,,,,,,,,,
23-01-2024 23:00,23,1,0,Web,273,13.23429428,1,3.395546038,4.80582109,0,0,0,1,,,,,,,,,,,,,
23-01-2024 23:00,23,1,0,Database,313,19.175085,1.507500404,10.29350495,13.41386139,0,1,0,0,,,,,,,,,,,,,
23-01-2024 23:00,23,1,0,Media,314,14.05216395,9.526405862,6.26883478,6.414309776,0,0,1,0,,,,,,,,,,,,,
23-01-2024 23:00,23,1,0,Compute,111,19.29474913,2.091519505,6.300287573,15.29004403,1,0,0,0,,,,,,,,,,,,,
24-01-2024 00:00,0,2,0,Web,127,4.80582109,1,3.555765828,9.628529465,0,0,0,1,,,,,,,,,,,,,
24-01-2024 00:00,0,2,0,Database,224,13.41386139,3.140188601,1,7.899024643,0,1,0,0,,,,,,,,,,,,,
24-01-2024 00:00,0,2,0,Media,54,6.414309776,5.544449778,1,3.454855871,0,0,1,0,,,,,,,,,,,,,
24-01-2024 00:00,0,2,0,Compute,317,15.29004403,1,11.06946878,13.74419288,1,0,0,0,,,,,,,,,,,,,
24-01-2024 01:00,1,2,0,Web,231,9.628529465,2.314745049,13.91868718,10.56885358,0,0,0,1,,,,,,,,,,,,,
24-01-2024 01:00,1,2,0,Database,104,7.899024643,1,12.53676747,5.64883515,0,1,0,0,,,,,,,,,,,,,
24-01-2024 01:00,1,2,0,Media,108,3.454855871,1,5.238026349,8.191368621,0,0,1,0,,,,,,,,,,,,,
24-01-2024 01:00,1,2,0,Compute,322,13.74419288,1,7.669129073,10.81921615,1,0,0,0,,,,,,,,,,,,,
24-01-2024 02:00,2,2,0,Web,384,10.56885358,5.490392934,11.28617578,6.702192394,0,0,0,1,,,,,,,,,,,,,
24-01-2024 02:00,2,2,0,Database,171,5.64883515,7.823699269,10.59630522,5.660053678,0,1,0,0,,,,,,,,,,,,,
24-01-2024 02:00,2,2,0,Media,63,8.191368621,1,6.873747422,8.657184283,0,0,1,0,,,,,,,,,,,,,
24-01-2024 02:00,2,2,0,Compute,234,10.81921615,1,2.613125055,5.269348792,1,0,0,0,,,,,,,,,,,,,
24-01-2024 03:00,3,2,0,Web,240,6.702192394,11.88513303,1.648311154,6.718326825,0,0,0,1,,,,,,,,,,,,,
24-01-2024 03:00,3,2,0,Database,293,5.660053678,1,11.39466216,14.1588024,0,1,0,0,,,,,,,,,,,,,
24-01-2024 03:00,3,2,0,Media,394,8.657184283,9.629093882,5.014789727,6.7387739,0,0,1,0,,,,,,,,,,,,,
24-01-2024 03:00,3,2,0,Compute,154,5.269348792,9.026118515,12.41673765,11.86276398,1,0,0,0,,,,,,,,,,,,,
24-01-2024 04:00,4,2,0,Web,446,6.718326825,4.473444971,10.28919305,12.62456548,0,0,0,1,,,,,,,,,,,,,
24-01-2024 04:00,4,2,0,Database,485,14.1588024,7.219038485,1.793227341,8.822681949,0,1,0,0,,,,,,,,,,,,,
24-01-2024 04:00,4,2,0,Media,447,6.7387739,3.201181209,13.0985086,10.70740447,0,0,1,0,,,,,,,,,,,,,
24-01-2024 04:00,4,2,0,Compute,277,11.86276398,1,10.44518052,8.615925513,1,0,0,0,,,,,,,,,,,,,
24-01-2024 05:00,5,2,0,Web,397,12.62456548,14.20515946,16.20953184,14.07321698,0,0,0,1,,,,,,,,,,,,,
24-01-2024 05:00,5,2,0,Database,445,8.822681949,2.026472586,13.5407223,16.94403499,0,1,0,0,,,,,,,,,,,,,
24-01-2024 05:00,5,2,0,Media,445,10.70740447,24.06033212,16.97731507,15.76613819,0,0,1,0,,,,,,,,,,,,,
24-01-2024 05:00,5,2,0,Compute,306,8.615925513,7.586312778,16.33572726,19.22500186,1,0,0,0,,,,,,,,,,,,,
24-01-2024 06:00,6,2,0,Web,621,14.07321698,15.14485498,15.0608208,13.53581845,0,0,0,1,,,,,,,,,,,,,
24-01-2024 06:00,6,2,0,Database,416,16.94403499,16.38911707,23.60230001,20.17329013,0,1,0,0,,,,,,,,,,,,,
24-01-2024 06:00,6,2,0,Media,365,15.76613819,27.48310134,24.52397177,22.5015187,0,0,1,0,,,,,,,,,,,,,
24-01-2024 06:00,6,2,0,Compute,294,19.22500186,22.77992895,24.83091401,23.93084279,1,0,0,0,,,,,,,,,,,,,
24-01-2024 07:00,7,2,0,Web,730,13.53581845,28.15974693,11.18217855,23.63989193,0,0,0,1,,,,,,,,,,,,,
24-01-2024 07:00,7,2,0,Database,566,20.17329013,19.77111828,30.26849343,29.50033361,0,1,0,0,,,,,,,,,,,,,
24-01-2024 07:00,7,2,0,Media,491,22.5015187,36.64382807,24.31741913,26.21323677,0,0,1,0,,,,,,,,,,,,,
24-01-2024 07:00,7,2,0,Compute,434,23.93084279,13.57408954,27.41177958,33.09667857,1,0,0,0,,,,,,,,,,,,,
24-01-2024 08:00,8,2,0,Web,938,23.63989193,30.00464059,20.8453344,24.91381048,0,0,0,1,,,,,,,,,,,,,
24-01-2024 08:00,8,2,0,Database,854,29.50033361,17.4068124,28.80300687,35.46413727,0,1,0,0,,,,,,,,,,,,,
24-01-2024 08:00,8,2,0,Media,732,26.21323677,49.99319485,22.25043254,24.65850211,0,0,1,0,,,,,,,,,,,,,
24-01-2024 08:00,8,2,0,Compute,697,33.09667857,33.40499397,23.94078233,33.42719795,1,0,0,0,,,,,,,,,,,,,
24-01-2024 09:00,9,2,0,Web,1104,24.91381048,42.01499121,15.30880182,27.47567208,0,0,0,1,,,,,,,,,,,,,
24-01-2024 09:00,9,2,0,Database,836,35.46413727,23.53568958,23.95880736,38.32344312,0,1,0,0,,,,,,,,,,,,,
24-01-2024 09:00,9,2,0,Media,829,24.65850211,56.2896564,26.93010032,34.76591152,0,0,1,0,,,,,,,,,,,,,
24-01-2024 09:00,9,2,0,Compute,720,33.42719795,16.41631706,35.30259923,38.06560437,1,0,0,0,,,,,,,,,,,,,
24-01-2024 10:00,10,2,0,Web,1188,27.47567208,55.69478752,29.01491722,34.10125573,0,0,0,1,,,,,,,,,,,,,
24-01-2024 10:00,10,2,0,Database,751,38.32344312,26.11267855,37.12402027,36.91182404,0,1,0,0,,,,,,,,,,,,,
24-01-2024 10:00,10,2,0,Media,891,34.76591152,71.09011731,28.35364372,32.88296094,0,0,1,0,,,,,,,,,,,,,
24-01-2024 10:00,10,2,0,Compute,977,38.06560437,30.9674037,48.19940721,54.42781528,1,0,0,0,,,,,,,,,,,,,
24-01-2024 11:00,11,2,0,Web,1116,34.10125573,50.8348029,30.2019486,28.21470738,0,0,0,1,,,,,,,,,,,,,
24-01-2024 11:00,11,2,0,Database,916,36.91182404,26.99244645,44.88791813,45.83383404,0,1,0,0,,,,,,,,,,,,,
24-01-2024 11:00,11,2,0,Media,914,32.88296094,81.10204715,29.89735306,38.12694627,0,0,1,0,,,,,,,,,,,,,
24-01-2024 11:00,11,2,0,Compute,979,54.42781528,39.51475216,54.21501402,53.75128564,1,0,0,0,,,,,,,,,,,,,
24-01-2024 12:00,12,2,0,Web,1471,28.21470738,55.36286806,27.35114299,29.70648686,0,0,0,1,,,,,,,,,,,,,
24-01-2024 12:00,12,2,0,Database,1018,45.83383404,41.525516,42.47620934,49.73733407,0,1,0,0,,,,,,,,,,,,,
24-01-2024 12:00,12,2,0,Media,1100,38.12694627,97.28346627,40.54509531,44.10347122,0,0,1,0,,,,,,,,,,,,,
24-01-2024 12:00,12,2,0,Compute,871,53.75128564,36.49682093,46.13005804,58.93533564,1,0,0,0,,,,,,,,,,,,,
24-01-2024 13:00,13,2,0,Web,1444,29.70648686,57.43727561,27.15553335,37.37628221,0,0,0,1,,,,,,,,,,,,,
24-01-2024 13:00,13,2,0,Database,1007,49.73733407,47.17963808,44.74757842,48.6252355,0,1,0,0,,,,,,,,,,,,,
24-01-2024 13:00,13,2,0,Media,1033,44.10347122,88.37373043,29.08620339,40.32027849,0,0,1,0,,,,,,,,,,,,,
24-01-2024 13:00,13,2,0,Compute,924,58.93533564,37.68415898,51.22409734,58.13648329,1,0,0,0,,,,,,,,,,,,,
24-01-2024 14:00,14,2,0,Web,1538,37.37628221,62.17358812,27.57601075,33.00439414,0,0,0,1,,,,,,,,,,,,,
24-01-2024 14:00,14,2,0,Database,1057,48.6252355,34.7434509,46.08600059,52.2023702,0,1,0,0,,,,,,,,,,,,,
24-01-2024 14:00,14,2,0,Media,933,40.32027849,96.03109556,40.91208364,43.87431416,0,0,1,0,,,,,,,,,,,,,
24-01-2024 14:00,14,2,0,Compute,852,58.13648329,26.06169413,48.51191477,53.19923635,1,0,0,0,,,,,,,,,,,,,
24-01-2024 15:00,15,2,0,Web,1358,33.00439414,53.82981211,28.44180197,36.1732976,0,0,0,1,,,,,,,,,,,,,
24-01-2024 15:00,15,2,0,Database,860,52.2023702,24.57617468,37.2366996,46.1258513,0,1,0,0,,,,,,,,,,,,,
24-01-2024 15:00,15,2,0,Media,887,43.87431416,93.34180267,32.7374538,39.84690714,0,0,1,0,,,,,,,,,,,,,
24-01-2024 15:00,15,2,0,Compute,914,53.19923635,34.3725292,43.52507759,53.920717,1,0,0,0,,,,,,,,,,,,,
24-01-2024 16:00,16,2,0,Web,1087,36.1732976,52.13168761,18.36355729,27.28417695,0,0,0,1,,,,,,,,,,,,,
24-01-2024 16:00,16,2,0,Database,968,46.1258513,18.77214817,30.36583369,38.30840105,0,1,0,0,,,,,,,,,,,,,
24-01-2024 16:00,16,2,0,Media,861,39.84690714,76.58222029,32.83720068,40.73497681,0,0,1,0,,,,,,,,,,,,,
24-01-2024 16:00,16,2,0,Compute,999,53.920717,34.93671205,40.80416606,51.5818041,1,0,0,0,,,,,,,,,,,,,
24-01-2024 17:00,17,2,0,Web,1033,27.28417695,38.1642015,26.46272735,28.70749027,0,0,0,1,,,,,,,,,,,,,
24-01-2024 17:00,17,2,0,Database,814,38.30840105,26.65673526,34.563183,38.09938049,0,1,0,0,,,,,,,,,,,,,
24-01-2024 17:00,17,2,0,Media,838,40.73497681,63.13468612,32.6538596,34.02416414,0,0,1,0,,,,,,,,,,,,,
24-01-2024 17:00,17,2,0,Compute,694,51.5818041,25.8922678,30.58258852,36.30959097,1,0,0,0,,,,,,,,,,,,,
24-01-2024 18:00,18,2,0,Web,987,28.70749027,40.11592088,13.70995474,19.17490464,0,0,0,1,,,,,,,,,,,,,
24-01-2024 18:00,18,2,0,Database,621,38.09938049,18.71824413,28.22657265,35.82901533,0,1,0,0,,,,,,,,,,,,,
24-01-2024 18:00,18,2,0,Media,751,34.02416414,52.57680556,28.29968548,32.85848921,0,0,1,0,,,,,,,,,,,,,
24-01-2024 18:00,18,2,0,Compute,666,36.30959097,24.28604792,29.61494131,39.64700664,1,0,0,0,,,,,,,,,,,,,
24-01-2024 19:00,19,2,0,Web,769,19.17490464,20.74027824,12.52396457,19.48364081,0,0,0,1,,,,,,,,,,,,,
24-01-2024 19:00,19,2,0,Database,641,35.82901533,16.8446308,20.75350106,32.8496481,0,1,0,0,,,,,,,,,,,,,
24-01-2024 19:00,19,2,0,Media,686,32.85848921,40.28251815,22.13532141,28.00235544,0,0,1,0,,,,,,,,,,,,,
24-01-2024 19:00,19,2,0,Compute,606,39.64700664,19.09932685,29.84007086,34.65510684,1,0,0,0,,,,,,,,,,,,,
24-01-2024 20:00,20,2,0,Web,558,19.48364081,23.23953927,17.37658967,18.22726082,0,0,0,1,,,,,,,,,,,,,
24-01-2024 20:00,20,2,0,Database,505,32.8496481,17.52488981,23.15018131,30.17376053,0,1,0,0,,,,,,,,,,,,,
24-01-2024 20:00,20,2,0,Media,437,28.00235544,31.88788695,26.04184615,24.83338347,0,0,1,0,,,,,,,,,,,,,
24-01-2024 20:00,20,2,0,Compute,629,34.65510684,12.95283613,21.49123056,29.41214156,1,0,0,0,,,,,,,,,,,,,
24-01-2024 21:00,21,2,0,Web,590,18.22726082,14.30371344,9.963696308,16.70100931,0,0,0,1,,,,,,,,,,,,,
24-01-2024 21:00,21,2,0,Database,416,30.17376053,8.668318717,25.7049813,19.14562636,0,1,0,0,,,,,,,,,,,,,
24-01-2024 21:00,21,2,0,Media,395,24.83338347,27.53713805,16.41541001,21.030899,0,0,1,0,,,,,,,,,,,,,
24-01-2024 21:00,21,2,0,Compute,266,29.41214156,17.8509886,22.03954394,20.99207325,1,0,0,0,,,,,,,,,,,,,
24-01-2024 22:00,22,2,0,Web,313,16.70100931,5.67162709,9.537996432,8.550836131,0,0,0,1,,,,,,,,,,,,,
24-01-2024 22:00,22,2,0,Database,295,19.14562636,1,12.51047766,17.27868986,0,1,0,0,,,,,,,,,,,,,
24-01-2024 22:00,22,2,0,Media,213,21.030899,11.69439276,4.226709873,13.74164996,0,0,1,0,,,,,,,,,,,,,
24-01-2024 22:00,22,2,0,Compute,205,20.99207325,1,26.88449666,21.43991327,1,0,0,0,,,,,,,,,,,,,
24-01-2024 23:00,23,2,0,Web,300,8.550836131,13.03658453,2.599392829,4.513712044,0,0,0,1,,,,,,,,,,,,,
24-01-2024 23:00,23,2,0,Database,216,17.27868986,7.740565832,5.428293905,10.82165997,0,1,0,0,,,,,,,,,,,,,
24-01-2024 23:00,23,2,0,Media,10,13.74164996,2.72347018,6.969781562,8.415677575,0,0,1,0,,,,,,,,,,,,,
24-01-2024 23:00,23,2,0,Compute,322,21.43991327,13.14692519,9.122804415,17.3776029,1,0,0,0,,,,,,,,,,,,,
25-01-2024 00:00,0,3,0,Web,106,4.513712044,1,8.357817128,9.12765451,0,0,0,1,,,,,,,,,,,,,
25-01-2024 00:00,0,3,0,Database,180,10.82165997,1,7.966484575,8.391544856,0,1,0,0,,,,,,,,,,,,,
25-01-2024 00:00,0,3,0,Media,194,8.415677575,1,1,4.75190227,0,0,1,0,,,,,,,,,,,,,
25-01-2024 00:00,0,3,0,Compute,121,17.3776029,1.285035245,9.972580069,9.697271114,1,0,0,0,,,,,,,,,,,,,
25-01-2024 01:00,1,3,0,Web,357,9.12765451,1,2.727363865,1,0,0,0,1,,,,,,,,,,,,,
25-01-2024 01:00,1,3,0,Database,265,8.391544856,1,7.412722552,9.497281827,0,1,0,0,,,,,,,,,,,,,
25-01-2024 01:00,1,3,0,Media,140,4.75190227,3.884132193,1,7.529015506,0,0,1,0,,,,,,,,,,,,,
25-01-2024 01:00,1,3,0,Compute,198,9.697271114,1,4.988529117,6.963131665,1,0,0,0,,,,,,,,,,,,,
25-01-2024 02:00,2,3,0,Web,324,1,1,16.85072642,14.08381544,0,0,0,1,,,,,,,,,,,,,
25-01-2024 02:00,2,3,0,Database,264,9.497281827,1,4.953186872,10.18097619,0,1,0,0,,,,,,,,,,,,,
25-01-2024 02:00,2,3,0,Media,208,7.529015506,1,1.428338255,9.26537803,0,0,1,0,,,,,,,,,,,,,
25-01-2024 02:00,2,3,0,Compute,259,6.963131665,1,12.87249003,8.479288883,1,0,0,0,,,,,,,,,,,,,
25-01-2024 03:00,3,3,0,Web,468,14.08381544,3.724673989,1,4.164190738,0,0,0,1,,,,,,,,,,,,,
25-01-2024 03:00,3,3,0,Database,162,10.18097619,1.030747883,8.025807888,9.789076946,0,1,0,0,,,,,,,,,,,,,
25-01-2024 03:00,3,3,0,Media,186,9.26537803,11.54718118,7.165176053,9.922970014,0,0,1,0,,,,,,,,,,,,,
25-01-2024 03:00,3,3,0,Compute,239,8.479288883,1.818944767,1,7.637422684,1,0,0,0,,,,,,,,,,,,,
25-01-2024 04:00,4,3,0,Web,274,4.164190738,1,5.540608446,4.036210834,0,0,0,1,,,,,,,,,,,,,
25-01-2024 04:00,4,3,0,Database,430,9.789076946,1,10.69569307,12.78948659,0,1,0,0,,,,,,,,,,,,,
25-01-2024 04:00,4,3,0,Media,378,9.922970014,14.17931833,6.542786662,10.92608616,0,0,1,0,,,,,,,,,,,,,
25-01-2024 04:00,4,3,0,Compute,182,7.637422684,7.605500714,2.553390042,8.275452215,1,0,0,0,,,,,,,,,,,,,
25-01-2024 05:00,5,3,0,Web,499,4.036210834,17.8733392,7.821382521,13.53099051,0,0,0,1,,,,,,,,,,,,,
25-01-2024 05:00,5,3,0,Database,390,12.78948659,7.169940709,13.01048134,13.49323606,0,1,0,0,,,,,,,,,,,,,
25-01-2024 05:00,5,3,0,Media,349,10.92608616,21.73155966,11.47326944,14.1075188,0,0,1,0,,,,,,,,,,,,,
25-01-2024 05:00,5,3,0,Compute,366,8.275452215,5.986428131,11.47997649,13.15401744,1,0,0,0,,,,,,,,,,,,,
25-01-2024 06:00,6,3,0,Web,563,13.53099051,23.16349619,15.47269994,14.74893384,0,0,0,1,,,,,,,,,,,,,
25-01-2024 06:00,6,3,0,Database,453,13.49323606,1,18.3386933,18.58287088,0,1,0,0,,,,,,,,,,,,,
25-01-2024 06:00,6,3,0,Media,560,14.1075188,30.78181381,4.887527343,12.41077527,0,0,1,0,,,,,,,,,,,,,
25-01-2024 06:00,6,3,0,Compute,670,13.15401744,16.60633099,26.33866771,27.66201963,1,0,0,0,,,,,,,,,,,,,
25-01-2024 07:00,7,3,0,Web,651,14.74893384,25.91665333,14.08699568,19.15750795,0,0,0,1,,,,,,,,,,,,,
25-01-2024 07:00,7,3,0,Database,612,18.58287088,5.320226162,24.07472772,24.23238769,0,1,0,0,,,,,,,,,,,,,
25-01-2024 07:00,7,3,0,Media,606,12.41077527,46.5231321,14.05704851,18.46540215,0,0,1,0,,,,,,,,,,,,,
25-01-2024 07:00,7,3,0,Compute,510,27.66201963,16.69706567,25.84761831,31.40820132,1,0,0,0,,,,,,,,,,,,,
25-01-2024 08:00,8,3,0,Web,917,19.15750795,37.80004373,15.83047418,22.23743557,0,0,0,1,,,,,,,,,,,,,
25-01-2024 08:00,8,3,0,Database,681,24.23238769,20.95848529,31.26492082,29.30064927,0,1,0,0,,,,,,,,,,,,,
25-01-2024 08:00,8,3,0,Media,672,18.46540215,54.462999,18.45851005,26.54798894,0,0,1,0,,,,,,,,,,,,,
25-01-2024 08:00,8,3,0,Compute,677,31.40820132,22.64831739,29.40426589,32.77041141,1,0,0,0,,,,,,,,,,,,,
25-01-2024 09:00,9,3,0,Web,1071,22.23743557,41.68692425,32.64283178,24.47819932,0,0,0,1,,,,,,,,,,,,,
25-01-2024 09:00,9,3,0,Database,634,29.30064927,29.18226346,29.72752194,31.40036641,0,1,0,0,,,,,,,,,,,,,
25-01-2024 09:00,9,3,0,Media,745,26.54798894,66.55259935,32.90662931,35.22384624,0,0,1,0,,,,,,,,,,,,,
25-01-2024 09:00,9,3,0,Compute,779,32.77041141,31.98647283,38.98475479,41.73521353,1,0,0,0,,,,,,,,,,,,,
25-01-2024 10:00,10,3,0,Web,1170,24.47819932,52.46927242,32.1941518,28.55187998,0,0,0,1,,,,,,,,,,,,,
25-01-2024 10:00,10,3,0,Database,952,31.40036641,26.15009622,36.45910759,41.60667837,0,1,0,0,,,,,,,,,,,,,
25-01-2024 10:00,10,3,0,Media,954,35.22384624,73.35099253,33.78722925,38.50782981,0,0,1,0,,,,,,,,,,,,,
25-01-2024 10:00,10,3,0,Compute,913,41.73521353,47.5360155,38.68357274,46.96070164,1,0,0,0,,,,,,,,,,,,,
25-01-2024 11:00,11,3,0,Web,1196,28.55187998,56.63673956,26.09216643,34.75629436,0,0,0,1,,,,,,,,,,,,,
25-01-2024 11:00,11,3,0,Database,1151,41.60667837,27.90281237,32.93580269,42.15446272,0,1,0,0,,,,,,,,,,,,,
25-01-2024 11:00,11,3,0,Media,878,38.50782981,87.24119137,33.53678129,41.97046946,0,0,1,0,,,,,,,,,,,,,
25-01-2024 11:00,11,3,0,Compute,840,46.96070164,29.47796889,38.10597753,45.90813817,1,0,0,0,,,,,,,,,,,,,
25-01-2024 12:00,12,3,0,Web,1501,34.75629436,61.04587422,21.32063261,29.96632867,0,0,0,1,,,,,,,,,,,,,
25-01-2024 12:00,12,3,0,Database,939,42.15446272,24.48071838,44.02712264,42.19678353,0,1,0,0,,,,,,,,,,,,,
25-01-2024 12:00,12,3,0,Media,970,41.97046946,90.77842449,37.6105193,40.90503846,0,0,1,0,,,,,,,,,,,,,
25-01-2024 12:00,12,3,0,Compute,920,45.90813817,43.06331402,43.19559536,51.88621776,1,0,0,0,,,,,,,,,,,,,
25-01-2024 13:00,13,3,0,Web,1306,29.96632867,59.95625302,30.78979321,39.79591384,0,0,0,1,,,,,,,,,,,,,
25-01-2024 13:00,13,3,0,Database,907,42.19678353,25.14738391,33.39629738,43.40471885,0,1,0,0,,,,,,,,,,,,,
25-01-2024 13:00,13,3,0,Media,966,40.90503846,86.08508052,35.75316953,38.78936453,0,0,1,0,,,,,,,,,,,,,
25-01-2024 13:00,13,3,0,Compute,928,51.88621776,41.07438087,49.69510619,53.79264785,1,0,0,0,,,,,,,,,,,,,
25-01-2024 14:00,14,3,0,Web,1371,39.79591384,52.58572509,22.2181994,31.51650969,0,0,0,1,,,,,,,,,,,,,
25-01-2024 14:00,14,3,0,Database,1090,43.40471885,26.66702918,37.91128868,48.65620085,0,1,0,0,,,,,,,,,,,,,
25-01-2024 14:00,14,3,0,Media,920,38.78936453,87.02898108,34.20899684,38.07975614,0,0,1,0,,,,,,,,,,,,,
25-01-2024 14:00,14,3,0,Compute,1152,53.79264785,42.6753014,55.03594172,58.58590631,1,0,0,0,,,,,,,,,,,,,
25-01-2024 15:00,15,3,0,Web,1285,31.51650969,64.13214237,27.85766221,34.41528587,0,0,0,1,,,,,,,,,,,,,
25-01-2024 15:00,15,3,0,Database,978,48.65620085,36.69171319,40.96066734,47.5910314,0,1,0,0,,,,,,,,,,,,,
25-01-2024 15:00,15,3,0,Media,831,38.07975614,76.94039829,37.27260842,44.72614547,0,0,1,0,,,,,,,,,,,,,
25-01-2024 15:00,15,3,0,Compute,886,58.58590631,32.12904332,44.50476223,49.28251206,1,0,0,0,,,,,,,,,,,,,
25-01-2024 16:00,16,3,0,Web,1237,34.41528587,49.87268497,27.02914256,34.96142385,0,0,0,1,,,,,,,,,,,,,
25-01-2024 16:00,16,3,0,Database,778,47.5910314,29.49626754,46.73527008,42.86961833,0,1,0,0,,,,,,,,,,,,,
25-01-2024 16:00,16,3,0,Media,861,44.72614547,77.47005891,31.18801815,36.8924138,0,0,1,0,,,,,,,,,,,,,
25-01-2024 16:00,16,3,0,Compute,849,49.28251206,29.35019725,39.22912855,50.63872766,1,0,0,0,,,,,,,,,,,,,
25-01-2024 17:00,17,3,0,Web,1129,34.96142385,44.92859694,24.89658511,25.8594307,0,0,0,1,,,,,,,,,,,,,
25-01-2024 17:00,17,3,0,Database,653,42.86961833,25.96681005,27.19218017,39.92090196,0,1,0,0,,,,,,,,,,,,,
25-01-2024 17:00,17,3,0,Media,780,36.8924138,62.19653747,37.88265406,39.5263561,0,0,1,0,,,,,,,,,,,,,
25-01-2024 17:00,17,3,0,Compute,638,50.63872766,39.12869043,32.00018701,43.39437815,1,0,0,0,,,,,,,,,,,,,
25-01-2024 18:00,18,3,0,Web,954,25.8594307,36.86623391,21.96018044,27.17682835,0,0,0,1,,,,,,,,,,,,,
25-01-2024 18:00,18,3,0,Database,700,39.92090196,13.59561646,33.86630592,38.37624341,0,1,0,0,,,,,,,,,,,,,
25-01-2024 18:00,18,3,0,Media,833,39.5263561,42.49933052,24.1005392,30.49719964,0,0,1,0,,,,,,,,,,,,,
25-01-2024 18:00,18,3,0,Compute,754,43.39437815,23.16225755,34.2385216,39.81037527,1,0,0,0,,,,,,,,,,,,,
25-01-2024 19:00,19,3,0,Web,753,27.17682835,33.19558887,19.43528942,20.68546581,0,0,0,1,,,,,,,,,,,,,
25-01-2024 19:00,19,3,0,Database,581,38.37624341,12.47886791,28.10884561,33.44087333,0,1,0,0,,,,,,,,,,,,,
25-01-2024 19:00,19,3,0,Media,615,30.49719964,37.28908947,19.24509279,21.54614065,0,0,1,0,,,,,,,,,,,,,
25-01-2024 19:00,19,3,0,Compute,517,39.81037527,28.04816851,23.01157385,27.8965196,1,0,0,0,,,,,,,,,,,,,
25-01-2024 20:00,20,3,0,Web,635,20.68546581,24.25570789,25.72110267,19.19040833,0,0,0,1,,,,,,,,,,,,,
25-01-2024 20:00,20,3,0,Database,435,33.44087333,7.953241097,19.89357851,23.40111257,0,1,0,0,,,,,,,,,,,,,
25-01-2024 20:00,20,3,0,Media,451,21.54614065,25.11868056,23.52562894,22.84823978,0,0,1,0,,,,,,,,,,,,,
25-01-2024 20:00,20,3,0,Compute,431,27.8965196,20.53899704,23.58122362,24.92337393,1,0,0,0,,,,,,,,,,,,,
25-01-2024 21:00,21,3,0,Web,716,19.19040833,17.94285008,9.196330008,12.77558219,0,0,0,1,,,,,,,,,,,,,
25-01-2024 21:00,21,3,0,Database,345,23.40111257,1,14.10938124,18.55239256,0,1,0,0,,,,,,,,,,,,,
25-01-2024 21:00,21,3,0,Media,409,22.84823978,22.52745204,19.03765471,16.41497707,0,0,1,0,,,,,,,,,,,,,
25-01-2024 21:00,21,3,0,Compute,299,24.92337393,3.945410824,9.023733461,20.45654686,1,0,0,0,,,,,,,,,,,,,
25-01-2024 22:00,22,3,0,Web,426,12.77558219,1,11.76241746,9.49692294,0,0,0,1,,,,,,,,,,,,,
25-01-2024 22:00,22,3,0,Database,297,18.55239256,7.757212123,14.93682884,13.07462884,0,1,0,0,,,,,,,,,,,,,
25-01-2024 22:00,22,3,0,Media,368,16.41497707,19.85559902,13.13237947,17.18203284,0,0,1,0,,,,,,,,,,,,,
25-01-2024 22:00,22,3,0,Compute,233,20.45654686,1,14.18303048,13.14358141,1,0,0,0,,,,,,,,,,,,,
25-01-2024 23:00,23,3,0,Web,326,9.49692294,3.722018062,11.03248776,7.935384524,0,0,0,1,,,,,,,,,,,,,
25-01-2024 23:00,23,3,0,Database,258,13.07462884,1,7.682471067,12.15655208,0,1,0,0,,,,,,,,,,,,,
25-01-2024 23:00,23,3,0,Media,291,17.18203284,5.614936331,7.309600887,10.51630183,0,0,1,0,,,,,,,,,,,,,
25-01-2024 23:00,23,3,0,Compute,381,13.14358141,1,6.92504698,10.36838286,1,0,0,0,,,,,,,,,,,,,
26-01-2024 00:00,0,4,0,Web,217,7.935384524,1.563313219,10.21944891,8.087831119,0,0,0,1,,,,,,,,,,,,,
26-01-2024 00:00,0,4,0,Database,290,12.15655208,5.432625883,13.81837376,11.01949746,0,1,0,0,,,,,,,,,,,,,
26-01-2024 00:00,0,4,0,Media,339,10.51630183,4.851931535,1,7.079997303,0,0,1,0,,,,,,,,,,,,,
26-01-2024 00:00,0,4,0,Compute,276,10.36838286,10.40884575,16.95326589,13.91541702,1,0,0,0,,,,,,,,,,,,,
26-01-2024 01:00,1,4,0,Web,249,8.087831119,1.540482673,1,6.458389556,0,0,0,1,,,,,,,,,,,,,
26-01-2024 01:00,1,4,0,Database,155,11.01949746,2.358667944,7.56154649,8.639404406,0,1,0,0,,,,,,,,,,,,,
26-01-2024 01:00,1,4,0,Media,192,7.079997303,1,1,9.075059898,0,0,1,0,,,,,,,,,,,,,
26-01-2024 01:00,1,4,0,Compute,296,13.91541702,8.424415113,15.75349517,15.08899978,1,0,0,0,,,,,,,,,,,,,
26-01-2024 02:00,2,4,0,Web,233,6.458389556,1.006253797,7.010704208,5.756519571,0,0,0,1,,,,,,,,,,,,,
26-01-2024 02:00,2,4,0,Database,151,8.639404406,3.15299808,1,6.400798605,0,1,0,0,,,,,,,,,,,,,
26-01-2024 02:00,2,4,0,Media,214,9.075059898,4.058619548,2.958986747,6.147907969,0,0,1,0,,,,,,,,,,,,,
26-01-2024 02:00,2,4,0,Compute,276,15.08899978,5.454033252,1,6.994043083,1,0,0,0,,,,,,,,,,,,,
26-01-2024 03:00,3,4,0,Web,170,5.756519571,12.1154119,13.55562071,8.338804602,0,0,0,1,,,,,,,,,,,,,
26-01-2024 03:00,3,4,0,Database,312,6.400798605,1,18.43134868,11.08672809,0,1,0,0,,,,,,,,,,,,,
26-01-2024 03:00,3,4,0,Media,216,6.147907969,12.22774837,7.483295119,10.39110959,0,0,1,0,,,,,,,,,,,,,
26-01-2024 03:00,3,4,0,Compute,250,6.994043083,1,7.873293664,10.55528508,1,0,0,0,,,,,,,,,,,,,
26-01-2024 04:00,4,4,0,Web,331,8.338804602,13.55282098,5.353501576,9.943248753,0,0,0,1,,,,,,,,,,,,,
26-01-2024 04:00,4,4,0,Database,369,11.08672809,1,9.027352186,15.93299954,0,1,0,0,,,,,,,,,,,,,
26-01-2024 04:00,4,4,0,Media,316,10.39110959,10.4079633,21.85083715,19.74823769,0,0,1,0,,,,,,,,,,,,,
26-01-2024 04:00,4,4,0,Compute,351,10.55528508,12.70599372,8.206057979,16.09365993,1,0,0,0,,,,,,,,,,,,,
26-01-2024 05:00,5,4,0,Web,486,9.943248753,20.7227007,9.945592844,11.58876965,0,0,0,1,,,,,,,,,,,,,
26-01-2024 05:00,5,4,0,Database,339,15.93299954,1,11.48106006,11.98733987,0,1,0,0,,,,,,,,,,,,,
26-01-2024 05:00,5,4,0,Media,375,19.74823769,27.71178033,19.10190556,19.74768229,0,0,1,0,,,,,,,,,,,,,
26-01-2024 05:00,5,4,0,Compute,449,16.09365993,11.99065839,19.96329717,26.25441845,1,0,0,0,,,,,,,,,,,,,
26-01-2024 06:00,6,4,0,Web,609,11.58876965,30.82965304,14.93120017,17.85588197,0,0,0,1,,,,,,,,,,,,,
26-01-2024 06:00,6,4,0,Database,454,11.98733987,10.95540898,22.89310052,24.14181458,0,1,0,0,,,,,,,,,,,,,
26-01-2024 06:00,6,4,0,Media,539,19.74768229,32.3187876,18.61647685,20.22665663,0,0,1,0,,,,,,,,,,,,,
26-01-2024 06:00,6,4,0,Compute,440,26.25441845,19.03336076,14.43212126,24.89964844,1,0,0,0,,,,,,,,,,,,,
26-01-2024 07:00,7,4,0,Web,701,17.85588197,34.19698359,18.58155509,18.81102933,0,0,0,1,,,,,,,,,,,,,
26-01-2024 07:00,7,4,0,Database,458,24.14181458,15.26008055,24.58490181,26.75990942,0,1,0,0,,,,,,,,,,,,,
26-01-2024 07:00,7,4,0,Media,707,20.22665663,49.05163008,9.306392418,20.59124346,0,0,1,0,,,,,,,,,,,,,
26-01-2024 07:00,7,4,0,Compute,557,24.89964844,26.15278988,20.57284721,24.94929032,1,0,0,0,,,,,,,,,,,,,
26-01-2024 08:00,8,4,0,Web,854,18.81102933,38.19962562,21.82756415,29.62245945,0,0,0,1,,,,,,,,,,,,,
26-01-2024 08:00,8,4,0,Database,605,26.75990942,11.43481616,26.57253582,31.89120836,0,1,0,0,,,,,,,,,,,,,
26-01-2024 08:00,8,4,0,Media,929,20.59124346,61.49203643,19.40462777,25.15585647,0,0,1,0,,,,,,,,,,,,,
26-01-2024 08:00,8,4,0,Compute,848,24.94929032,26.24592595,27.7293491,38.275376,1,0,0,0,,,,,,,,,,,,,
26-01-2024 09:00,9,4,0,Web,949,29.62245945,40.98399338,19.58461804,30.73573011,0,0,0,1,,,,,,,,,,,,,
26-01-2024 09:00,9,4,0,Database,799,31.89120836,30.09541838,31.41166001,38.18282177,0,1,0,0,,,,,,,,,,,,,
26-01-2024 09:00,9,4,0,Media,857,25.15585647,75.99683949,23.10956401,32.97313838,0,0,1,0,,,,,,,,,,,,,
26-01-2024 09:00,9,4,0,Compute,735,38.275376,32.56328266,48.70303083,47.7814713,1,0,0,0,,,,,,,,,,,,,
26-01-2024 10:00,10,4,0,Web,1306,30.73573011,56.72403164,17.40159619,21.39012453,0,0,0,1,,,,,,,,,,,,,
26-01-2024 10:00,10,4,0,Database,956,38.18282177,12.92477419,31.14505899,38.02346723,0,1,0,0,,,,,,,,,,,,,
26-01-2024 10:00,10,4,0,Media,915,32.97313838,82.73342946,30.14026617,30.13924094,0,0,1,0,,,,,,,,,,,,,
26-01-2024 10:00,10,4,0,Compute,844,47.7814713,35.3516776,41.83315513,50.23711768,1,0,0,0,,,,,,,,,,,,,
26-01-2024 11:00,11,4,0,Web,1227,21.39012453,46.8311113,20.59938465,31.95779479,0,0,0,1,,,,,,,,,,,,,
26-01-2024 11:00,11,4,0,Database,936,38.02346723,24.74284361,38.07443844,43.51203708,0,1,0,0,,,,,,,,,,,,,
26-01-2024 11:00,11,4,0,Media,1097,30.13924094,84.95731256,32.98330004,37.70796815,0,0,1,0,,,,,,,,,,,,,
26-01-2024 11:00,11,4,0,Compute,1026,50.23711768,41.0004286,47.56249219,53.87578893,1,0,0,0,,,,,,,,,,,,,
26-01-2024 12:00,12,4,0,Web,1233,31.95779479,57.98940538,23.91700062,28.49557129,0,0,0,1,,,,,,,,,,,,,
26-01-2024 12:00,12,4,0,Database,1032,43.51203708,23.26091105,42.40614272,47.15139174,0,1,0,0,,,,,,,,,,,,,
26-01-2024 12:00,12,4,0,Media,985,37.70796815,79.07523697,32.52467914,36.44382048,0,0,1,0,,,,,,,,,,,,,
26-01-2024 12:00,12,4,0,Compute,1014,53.87578893,43.79315498,41.3472107,50.44861396,1,0,0,0,,,,,,,,,,,,,
26-01-2024 13:00,13,4,0,Web,1418,28.49557129,52.49310737,21.48179995,28.43691215,0,0,0,1,,,,,,,,,,,,,
26-01-2024 13:00,13,4,0,Database,864,47.15139174,32.2030296,43.79840522,48.89083746,0,1,0,0,,,,,,,,,,,,,
26-01-2024 13:00,13,4,0,Media,1048,36.44382048,84.63465336,33.39537831,40.57522257,0,0,1,0,,,,,,,,,,,,,
26-01-2024 13:00,13,4,0,Compute,964,50.44861396,40.44463435,39.67022998,50.64810833,1,0,0,0,,,,,,,,,,,,,
26-01-2024 14:00,14,4,0,Web,1370,28.43691215,58.35228118,30.46138365,42.1700777,0,0,0,1,,,,,,,,,,,,,
26-01-2024 14:00,14,4,0,Database,872,48.89083746,33.71328753,38.79340825,47.2726835,0,1,0,0,,,,,,,,,,,,,
26-01-2024 14:00,14,4,0,Media,950,40.57522257,81.46140346,32.79709682,40.6098455,0,0,1,0,,,,,,,,,,,,,
26-01-2024 14:00,14,4,0,Compute,934,50.64810833,42.11325296,45.26275307,52.90288181,1,0,0,0,,,,,,,,,,,,,
26-01-2024 15:00,15,4,0,Web,1300,42.1700777,58.6794347,22.46620733,34.52877642,0,0,0,1,,,,,,,,,,,,,
26-01-2024 15:00,15,4,0,Database,890,47.2726835,27.05080592,46.66028439,48.6994407,0,1,0,0,,,,,,,,,,,,,
26-01-2024 15:00,15,4,0,Media,864,40.6098455,82.39354316,35.21946021,39.79370849,0,0,1,0,,,,,,,,,,,,,
26-01-2024 15:00,15,4,0,Compute,901,52.90288181,35.58905987,48.3193713,54.50477435,1,0,0,0,,,,,,,,,,,,,
26-01-2024 16:00,16,4,0,Web,1091,34.52877642,52.28490881,24.94352918,32.95627995,0,0,0,1,,,,,,,,,,,,,
26-01-2024 16:00,16,4,0,Database,894,48.6994407,28.17926434,33.17253398,38.6449497,0,1,0,0,,,,,,,,,,,,,
26-01-2024 16:00,16,4,0,Media,933,39.79370849,83.20521046,24.26075186,37.84646592,0,0,1,0,,,,,,,,,,,,,
26-01-2024 16:00,16,4,0,Compute,915,54.50477435,35.29825667,36.58148185,46.74415766,1,0,0,0,,,,,,,,,,,,,
26-01-2024 17:00,17,4,0,Web,1154,32.95627995,36.03616585,26.59225584,27.40018142,0,0,0,1,,,,,,,,,,,,,
26-01-2024 17:00,17,4,0,Database,716,38.6449497,30.04038592,23.90205301,32.34314539,0,1,0,0,,,,,,,,,,,,,
26-01-2024 17:00,17,4,0,Media,964,37.84646592,66.3918005,27.12436287,34.91538788,0,0,1,0,,,,,,,,,,,,,
26-01-2024 17:00,17,4,0,Compute,837,46.74415766,37.17446537,31.70753563,39.99709686,1,0,0,0,,,,,,,,,,,,,
26-01-2024 18:00,18,4,0,Web,871,27.40018142,39.18028265,19.1902568,22.51468491,0,0,0,1,,,,,,,,,,,,,
26-01-2024 18:00,18,4,0,Database,653,32.34314539,28.6895448,30.81587567,33.39307946,0,1,0,0,,,,,,,,,,,,,
26-01-2024 18:00,18,4,0,Media,693,34.91538788,53.90102774,31.6939697,30.09901213,0,0,1,0,,,,,,,,,,,,,
26-01-2024 18:00,18,4,0,Compute,597,39.99709686,26.98161658,37.80214946,39.40876395,1,0,0,0,,,,,,,,,,,,,
26-01-2024 19:00,19,4,0,Web,792,22.51468491,36.16577463,13.60749046,16.28349111,0,0,0,1,,,,,,,,,,,,,
26-01-2024 19:00,19,4,0,Database,501,33.39307946,11.51147715,22.77198516,28.61402834,0,1,0,0,,,,,,,,,,,,,
26-01-2024 19:00,19,4,0,Media,619,30.09901213,40.11595118,24.55777606,26.85466876,0,0,1,0,,,,,,,,,,,,,
26-01-2024 19:00,19,4,0,Compute,468,39.40876395,29.1915619,27.41977669,34.6393563,1,0,0,0,,,,,,,,,,,,,
26-01-2024 20:00,20,4,0,Web,795,16.28349111,25.08227408,15.05110011,22.1312279,0,0,0,1,,,,,,,,,,,,,
26-01-2024 20:00,20,4,0,Database,566,28.61402834,17.51353884,20.98175258,26.35216983,0,1,0,0,,,,,,,,,,,,,
26-01-2024 20:00,20,4,0,Media,496,26.85466876,36.57696782,12.21200538,21.60392846,0,0,1,0,,,,,,,,,,,,,
26-01-2024 20:00,20,4,0,Compute,475,34.6393563,15.72830198,25.92657272,29.39543285,1,0,0,0,,,,,,,,,,,,,
26-01-2024 21:00,21,4,0,Web,496,22.1312279,7.724012903,13.88189511,17.26760618,0,0,0,1,,,,,,,,,,,,,
26-01-2024 21:00,21,4,0,Database,445,26.35216983,2.388783329,9.396074629,17.28602588,0,1,0,0,,,,,,,,,,,,,
26-01-2024 21:00,21,4,0,Media,422,21.60392846,20.58172028,5.37647973,16.3614257,0,0,1,0,,,,,,,,,,,,,
26-01-2024 21:00,21,4,0,Compute,493,29.39543285,15.21495719,17.18381931,20.9949712,1,0,0,0,,,,,,,,,,,,,
26-01-2024 22:00,22,4,0,Web,439,17.26760618,17.45441176,1.172908551,14.42720352,0,0,0,1,,,,,,,,,,,,,
26-01-2024 22:00,22,4,0,Database,368,17.28602588,1,15.2043492,21.56900391,0,1,0,0,,,,,,,,,,,,,
26-01-2024 22:00,22,4,0,Media,317,16.3614257,18.55483657,12.57520914,11.71829789,0,0,1,0,,,,,,,,,,,,,
26-01-2024 22:00,22,4,0,Compute,310,20.9949712,4.576221048,15.51977139,15.7986966,1,0,0,0,,,,,,,,,,,,,
26-01-2024 23:00,23,4,0,Web,253,14.42720352,9.439069106,15.21821835,11.9754199,0,0,0,1,,,,,,,,,,,,,
26-01-2024 23:00,23,4,0,Database,240,21.56900391,1,4.790211973,6.332983904,0,1,0,0,,,,,,,,,,,,,
26-01-2024 23:00,23,4,0,Media,243,11.71829789,1,6.058255595,7.224958843,0,0,1,0,,,,,,,,,,,,,
26-01-2024 23:00,23,4,0,Compute,151,15.7986966,2.681150051,9.746267177,16.02929133,1,0,0,0,,,,,,,,,,,,,
27-01-2024 00:00,0,5,1,Web,288,11.9754199,2.127667699,11.43864564,9.716768027,0,0,0,1,,,,,,,,,,,,,
27-01-2024 00:00,0,5,1,Database,266,6.332983904,1,11.28342499,11.27451132,0,1,0,0,,,,,,,,,,,,,
27-01-2024 00:00,0,5,1,Media,165,7.224958843,9.020533387,4.862264388,8.671350733,0,0,1,0,,,,,,,,,,,,,
27-01-2024 00:00,0,5,1,Compute,203,16.02929133,1,13.53538648,10.63107022,1,0,0,0,,,,,,,,,,,,,
27-01-2024 01:00,1,5,1,Web,214,9.716768027,1,1.655995627,8.876562459,0,0,0,1,,,,,,,,,,,,,
27-01-2024 01:00,1,5,1,Database,266,11.27451132,1,12.89494928,8.265428274,0,1,0,0,,,,,,,,,,,,,
27-01-2024 01:00,1,5,1,Media,64,8.671350733,1,11.09359151,8.976897233,0,0,1,0,,,,,,,,,,,,,
27-01-2024 01:00,1,5,1,Compute,232,10.63107022,1,6.003927392,10.89338849,1,0,0,0,,,,,,,,,,,,,
27-01-2024 02:00,2,5,1,Web,227,8.876562459,1,2.910869236,8.911408167,0,0,0,1,,,,,,,,,,,,,
27-01-2024 02:00,2,5,1,Database,188,8.265428274,1,7.523606546,8.892235325,0,1,0,0,,,,,,,,,,,,,
27-01-2024 02:00,2,5,1,Media,308,8.976897233,1,3.423699318,5.40245267,0,0,1,0,,,,,,,,,,,,,
27-01-2024 02:00,2,5,1,Compute,151,10.89338849,3.406475035,10.32604779,10.63957643,1,0,0,0,,,,,,,,,,,,,
27-01-2024 03:00,3,5,1,Web,292,8.911408167,1,8.182088964,13.14532268,0,0,0,1,,,,,,,,,,,,,
27-01-2024 03:00,3,5,1,Database,148,8.892235325,1.674075604,1.736631023,6.628163258,0,1,0,0,,,,,,,,,,,,,
27-01-2024 03:00,3,5,1,Media,332,5.40245267,14.32367518,11.83880093,11.55478462,0,0,1,0,,,,,,,,,,,,,
27-01-2024 03:00,3,5,1,Compute,203,10.63957643,1,8.640585498,5.20926262,1,0,0,0,,,,,,,,,,,,,
27-01-2024 04:00,4,5,1,Web,245,13.14532268,4.317314124,8.578116184,10.57369659,0,0,0,1,,,,,,,,,,,,,
27-01-2024 04:00,4,5,1,Database,175,6.628163258,2.735878552,12.21075333,9.642474564,0,1,0,0,,,,,,,,,,,,,
27-01-2024 04:00,4,5,1,Media,203,11.55478462,9.86978567,1.877360136,6.018515845,0,0,1,0,,,,,,,,,,,,,
27-01-2024 04:00,4,5,1,Compute,297,5.20926262,5.614782444,1,8.064041116,1,0,0,0,,,,,,,,,,,,,
27-01-2024 05:00,5,5,1,Web,308,10.57369659,4.060497732,7.035831279,11.83561159,0,0,0,1,,,,,,,,,,,,,
27-01-2024 05:00,5,5,1,Database,332,9.642474564,5.181096496,19.53602885,19.45871633,0,1,0,0,,,,,,,,,,,,,
27-01-2024 05:00,5,5,1,Media,348,6.018515845,1,1,4.801281377,0,0,1,0,,,,,,,,,,,,,
27-01-2024 05:00,5,5,1,Compute,458,8.064041116,6.675575515,16.86971722,17.99816837,1,0,0,0,,,,,,,,,,,,,
27-01-2024 06:00,6,5,1,Web,342,11.83561159,13.99833718,16.56544581,11.05397446,0,0,0,1,,,,,,,,,,,,,
27-01-2024 06:00,6,5,1,Database,332,19.45871633,6.320209589,15.58915597,11.84462713,0,1,0,0,,,,,,,,,,,,,
27-01-2024 06:00,6,5,1,Media,237,4.801281377,19.35316815,2.481273608,8.931089033,0,0,1,0,,,,,,,,,,,,,
27-01-2024 06:00,6,5,1,Compute,394,17.99816837,9.288182661,17.55363482,16.99464521,1,0,0,0,,,,,,,,,,,,,
27-01-2024 07:00,7,5,1,Web,644,11.05397446,15.17755638,22.54442704,12.19191138,0,0,0,1,,,,,,,,,,,,,
27-01-2024 07:00,7,5,1,Database,367,11.84462713,1,11.55115396,14.58225513,0,1,0,0,,,,,,,,,,,,,
27-01-2024 07:00,7,5,1,Media,463,8.931089033,20.24374128,8.396015503,9.116860949,0,0,1,0,,,,,,,,,,,,,
27-01-2024 07:00,7,5,1,Compute,409,16.99464521,6.609997396,28.64909086,22.8622825,1,0,0,0,,,,,,,,,,,,,
27-01-2024 08:00,8,5,1,Web,641,12.19191138,19.08387616,7.675689529,13.12373038,0,0,0,1,,,,,,,,,,,,,
27-01-2024 08:00,8,5,1,Database,568,14.58225513,13.40926769,25.42540153,19.32723617,0,1,0,0,,,,,,,,,,,,,
27-01-2024 08:00,8,5,1,Media,421,9.116860949,37.98845748,10.2868159,15.87553396,0,0,1,0,,,,,,,,,,,,,
27-01-2024 08:00,8,5,1,Compute,371,22.8622825,18.52056251,15.72858337,21.28796217,1,0,0,0,,,,,,,,,,,,,
27-01-2024 09:00,9,5,1,Web,838,13.12373038,26.58555232,20.22213137,21.29755917,0,0,0,1,,,,,,,,,,,,,
27-01-2024 09:00,9,5,1,Database,623,19.32723617,15.68318789,10.32118222,20.82330719,0,1,0,0,,,,,,,,,,,,,
27-01-2024 09:00,9,5,1,Media,479,15.87553396,41.7405978,17.83802686,20.42296329,0,0,1,0,,,,,,,,,,,,,
27-01-2024 09:00,9,5,1,Compute,635,21.28796217,15.7899236,26.29548396,30.01821611,1,0,0,0,,,,,,,,,,,,,
27-01-2024 10:00,10,5,1,Web,823,21.29755917,43.81878918,15.20170423,18.80872931,0,0,0,1,,,,,,,,,,,,,
27-01-2024 10:00,10,5,1,Database,624,20.82330719,20.46432811,20.92599019,27.93872093,0,1,0,0,,,,,,,,,,,,,
27-01-2024 10:00,10,5,1,Media,670,20.42296329,51.26283357,22.73462389,25.73536341,0,0,1,0,,,,,,,,,,,,,
27-01-2024 10:00,10,5,1,Compute,711,30.01821611,24.95813632,27.41356398,32.79060402,1,0,0,0,,,,,,,,,,,,,
27-01-2024 11:00,11,5,1,Web,799,18.80872931,24.88167193,15.84667565,18.89397296,0,0,0,1,,,,,,,,,,,,,
27-01-2024 11:00,11,5,1,Database,714,27.93872093,15.72783066,21.04693275,26.97987864,0,1,0,0,,,,,,,,,,,,,
27-01-2024 11:00,11,5,1,Media,650,25.73536341,50.08454774,20.99554959,25.0176868,0,0,1,0,,,,,,,,,,,,,
27-01-2024 11:00,11,5,1,Compute,612,32.79060402,11.87027633,31.55236639,32.03114199,1,0,0,0,,,,,,,,,,,,,
27-01-2024 12:00,12,5,1,Web,891,18.89397296,28.11520089,18.96144098,20.33679415,0,0,0,1,,,,,,,,,,,,,
27-01-2024 12:00,12,5,1,Database,631,26.97987864,19.35425727,30.00630053,30.26588952,0,1,0,0,,,,,,,,,,,,,
27-01-2024 12:00,12,5,1,Media,577,25.0176868,47.07612298,24.97779754,25.21599074,0,0,1,0,,,,,,,,,,,,,
27-01-2024 12:00,12,5,1,Compute,665,32.03114199,37.06986883,28.38742737,35.21242306,1,0,0,0,,,,,,,,,,,,,
27-01-2024 13:00,13,5,1,Web,886,20.33679415,38.63873996,17.06576543,23.68349402,0,0,0,1,,,,,,,,,,,,,
27-01-2024 13:00,13,5,1,Database,749,30.26588952,13.52360115,25.24088597,29.95258027,0,1,0,0,,,,,,,,,,,,,
27-01-2024 13:00,13,5,1,Media,588,25.21599074,41.93193836,23.3812226,30.11438398,0,0,1,0,,,,,,,,,,,,,
27-01-2024 13:00,13,5,1,Compute,821,35.21242306,32.20453253,27.91180465,33.9968198,1,0,0,0,,,,,,,,,,,,,
27-01-2024 14:00,14,5,1,Web,896,23.68349402,27.21249638,14.17054139,22.45086302,0,0,0,1,,,,,,,,,,,,,
27-01-2024 14:00,14,5,1,Database,658,29.95258027,15.28702703,28.76598906,32.40457345,0,1,0,0,,,,,,,,,,,,,
27-01-2024 14:00,14,5,1,Media,673,30.11438398,53.88702653,20.9154885,22.4409652,0,0,1,0,,,,,,,,,,,,,
27-01-2024 14:00,14,5,1,Compute,829,33.9968198,23.33749425,26.61991898,35.75364281,1,0,0,0,,,,,,,,,,,,,
27-01-2024 15:00,15,5,1,Web,845,22.45086302,27.28872376,19.88070246,23.26251084,0,0,0,1,,,,,,,,,,,,,
27-01-2024 15:00,15,5,1,Database,516,32.40457345,17.19096805,32.54019499,31.77380804,0,1,0,0,,,,,,,,,,,,,
27-01-2024 15:00,15,5,1,Media,712,22.4409652,46.31022846,25.09112074,28.26347453,0,0,1,0,,,,,,,,,,,,,
27-01-2024 15:00,15,5,1,Compute,663,35.75364281,26.13353156,35.02536037,38.71270373,1,0,0,0,,,,,,,,,,,,,
27-01-2024 16:00,16,5,1,Web,777,23.26251084,30.47123205,16.93439738,20.4815372,0,0,0,1,,,,,,,,,,,,,
27-01-2024 16:00,16,5,1,Database,703,31.77380804,14.96647915,19.06362964,22.28408991,0,1,0,0,,,,,,,,,,,,,
27-01-2024 16:00,16,5,1,Media,499,28.26347453,44.30671985,20.39942416,27.40873521,0,0,1,0,,,,,,,,,,,,,
27-01-2024 16:00,16,5,1,Compute,757,38.71270373,22.38916605,33.87107036,37.14485012,1,0,0,0,,,,,,,,,,,,,
27-01-2024 17:00,17,5,1,Web,726,20.4815372,23.25225043,24.45315921,24.9935161,0,0,0,1,,,,,,,,,,,,,
27-01-2024 17:00,17,5,1,Database,447,22.28408991,6.355309165,22.46857949,26.69653648,0,1,0,0,,,,,,,,,,,,,
27-01-2024 17:00,17,5,1,Media,594,27.40873521,42.70870107,21.41349668,22.69510232,0,0,1,0,,,,,,,,,,,,,
27-01-2024 17:00,17,5,1,Compute,511,37.14485012,15.83559063,26.38541447,33.38474682,1,0,0,0,,,,,,,,,,,,,
27-01-2024 18:00,18,5,1,Web,610,24.9935161,29.52095871,17.48279168,21.88833086,0,0,0,1,,,,,,,,,,,,,
27-01-2024 18:00,18,5,1,Database,644,26.69653648,16.55191912,6.679262925,21.60381669,0,1,0,0,,,,,,,,,,,,,
27-01-2024 18:00,18,5,1,Media,474,22.69510232,31.91404511,12.75103059,17.77165061,0,0,1,0,,,,,,,,,,,,,
27-01-2024 18:00,18,5,1,Compute,605,33.38474682,17.57692914,29.29238571,28.42116611,1,0,0,0,,,,,,,,,,,,,
27-01-2024 19:00,19,5,1,Web,535,21.88833086,22.10212815,14.82729444,14.80101111,0,0,0,1,,,,,,,,,,,,,
27-01-2024 19:00,19,5,1,Database,519,21.60381669,11.92020205,17.11971127,19.31633864,0,1,0,0,,,,,,,,,,,,,
27-01-2024 19:00,19,5,1,Media,409,17.77165061,25.79482279,8.367294401,13.63809255,0,0,1,0,,,,,,,,,,,,,
27-01-2024 19:00,19,5,1,Compute,492,28.42116611,9.01327493,18.10570158,27.68222401,1,0,0,0,,,,,,,,,,,,,
27-01-2024 20:00,20,5,1,Web,438,14.80101111,11.19259551,10.49932688,14.83737532,0,0,0,1,,,,,,,,,,,,,
27-01-2024 20:00,20,5,1,Database,264,19.31633864,3.400403419,15.10785034,18.53346663,0,1,0,0,,,,,,,,,,,,,
27-01-2024 20:00,20,5,1,Media,357,13.63809255,15.80358763,10.68041644,17.29407538,0,0,1,0,,,,,,,,,,,,,
27-01-2024 20:00,20,5,1,Compute,478,27.68222401,10.90293101,20.65875597,21.1526348,1,0,0,0,,,,,,,,,,,,,
27-01-2024 21:00,21,5,1,Web,377,14.83737532,14.81168284,11.64726159,9.789446472,0,0,0,1,,,,,,,,,,,,,
27-01-2024 21:00,21,5,1,Database,406,18.53346663,2.710323729,14.61380306,11.05195176,0,1,0,0,,,,,,,,,,,,,
27-01-2024 21:00,21,5,1,Media,259,17.29407538,16.20232092,13.83521913,12.36553575,0,0,1,0,,,,,,,,,,,,,
27-01-2024 21:00,21,5,1,Compute,299,21.1526348,3.135142672,16.88042518,19.2011563,1,0,0,0,,,,,,,,,,,,,
27-01-2024 22:00,22,5,1,Web,248,9.789446472,1,7.664260128,9.405095378,0,0,0,1,,,,,,,,,,,,,
27-01-2024 22:00,22,5,1,Database,338,11.05195176,1,14.3074818,9.340003771,0,1,0,0,,,,,,,,,,,,,
27-01-2024 22:00,22,5,1,Media,255,12.36553575,5.474163324,2.782612982,7.863885958,0,0,1,0,,,,,,,,,,,,,
27-01-2024 22:00,22,5,1,Compute,411,19.2011563,1,9.067767241,14.39364635,1,0,0,0,,,,,,,,,,,,,
27-01-2024 23:00,23,5,1,Web,110,9.405095378,1.291289201,2.05202906,5.396212937,0,0,0,1,,,,,,,,,,,,,
27-01-2024 23:00,23,5,1,Database,50,9.340003771,9.319977603,11.40053278,8.576016092,0,1,0,0,,,,,,,,,,,,,
27-01-2024 23:00,23,5,1,Media,80,7.863885958,4.345921235,1,5.146987441,0,0,1,0,,,,,,,,,,,,,
27-01-2024 23:00,23,5,1,Compute,134,14.39364635,1,13.85239781,16.09212697,1,0,0,0,,,,,,,,,,,,,
28-01-2024 00:00,0,6,1,Web,339,5.396212937,1,6.089988005,5.280911034,0,0,0,1,,,,,,,,,,,,,
28-01-2024 00:00,0,6,1,Database,98,8.576016092,3.471772305,13.75008542,5.88492007,0,1,0,0,,,,,,,,,,,,,
28-01-2024 00:00,0,6,1,Media,230,5.146987441,1,6.308586576,3.133627497,0,0,1,0,,,,,,,,,,,,,
28-01-2024 00:00,0,6,1,Compute,82,16.09212697,9.898361246,15.22517938,8.714371451,1,0,0,0,,,,,,,,,,,,,
28-01-2024 01:00,1,6,1,Web,163,5.280911034,1,1,3.047630704,0,0,0,1,,,,,,,,,,,,,
28-01-2024 01:00,1,6,1,Database,212,5.88492007,1,11.36924402,9.08989878,0,1,0,0,,,,,,,,,,,,,
28-01-2024 01:00,1,6,1,Media,244,3.133627497,1,4.852436863,3.181490271,0,0,1,0,,,,,,,,,,,,,
28-01-2024 01:00,1,6,1,Compute,236,8.714371451,3.972698591,8.192196815,9.314096838,1,0,0,0,,,,,,,,,,,,,
28-01-2024 02:00,2,6,1,Web,86,3.047630704,1,1,1.547159694,0,0,0,1,,,,,,,,,,,,,
28-01-2024 02:00,2,6,1,Database,175,9.08989878,1.019336075,10.95123219,6.720584751,0,1,0,0,,,,,,,,,,,,,
28-01-2024 02:00,2,6,1,Media,290,3.181490271,1.588586729,3.362268817,6.476397531,0,0,1,0,,,,,,,,,,,,,
28-01-2024 02:00,2,6,1,Compute,266,9.314096838,1,9.905979624,12.27672927,1,0,0,0,,,,,,,,,,,,,
28-01-2024 03:00,3,6,1,Web,110,1.547159694,11.38706506,1,4.061880618,0,0,0,1,,,,,,,,,,,,,
28-01-2024 03:00,3,6,1,Database,279,6.720584751,6.346366846,1,6.289205094,0,1,0,0,,,,,,,,,,,,,
28-01-2024 03:00,3,6,1,Media,143,6.476397531,4.187751171,1,4.149613321,0,0,1,0,,,,,,,,,,,,,
28-01-2024 03:00,3,6,1,Compute,281,12.27672927,1.611563701,16.15989115,14.09412466,1,0,0,0,,,,,,,,,,,,,
28-01-2024 04:00,4,6,1,Web,387,4.061880618,1.91642258,1,4.729500539,0,0,0,1,,,,,,,,,,,,,
28-01-2024 04:00,4,6,1,Database,205,6.289205094,1,2.702554912,7.694180976,0,1,0,0,,,,,,,,,,,,,
28-01-2024 04:00,4,6,1,Media,319,4.149613321,1.469443773,4.195882357,13.05560971,0,0,1,0,,,,,,,,,,,,,
28-01-2024 04:00,4,6,1,Compute,206,14.09412466,1,11.91661325,14.98400356,1,0,0,0,,,,,,,,,,,,,
28-01-2024 05:00,5,6,1,Web,437,4.729500539,4.918903867,9.425024206,11.17654593,0,0,0,1,,,,,,,,,,,,,
28-01-2024 05:00,5,6,1,Database,341,7.694180976,1.937998907,8.554876551,11.19874062,0,1,0,0,,,,,,,,,,,,,
28-01-2024 05:00,5,6,1,Media,393,13.05560971,20.18163073,14.82181517,12.56354311,0,0,1,0,,,,,,,,,,,,,
28-01-2024 05:00,5,6,1,Compute,356,14.98400356,8.328323511,15.74388904,13.62656955,1,0,0,0,,,,,,,,,,,,,
28-01-2024 06:00,6,6,1,Web,675,11.17654593,14.79337664,13.39655626,12.47741659,0,0,0,1,,,,,,,,,,,,,
28-01-2024 06:00,6,6,1,Database,369,11.19874062,9.276507353,13.31282533,14.27747053,0,1,0,0,,,,,,,,,,,,,
28-01-2024 06:00,6,6,1,Media,470,12.56354311,18.3776158,10.53379601,14.57100319,0,0,1,0,,,,,,,,,,,,,
28-01-2024 06:00,6,6,1,Compute,272,13.62656955,13.73137376,16.87108804,22.39503823,1,0,0,0,,,,,,,,,,,,,
28-01-2024 07:00,7,6,1,Web,582,12.47741659,14.06100556,11.88117569,14.53054964,0,0,0,1,,,,,,,,,,,,,
28-01-2024 07:00,7,6,1,Database,362,14.27747053,14.62633873,20.39239354,23.4547638,0,1,0,0,,,,,,,,,,,,,
28-01-2024 07:00,7,6,1,Media,550,14.57100319,27.22505388,14.45270157,15.01021001,0,0,1,0,,,,,,,,,,,,,
28-01-2024 07:00,7,6,1,Compute,347,22.39503823,9.504853725,20.91599805,21.84231963,1,0,0,0,,,,,,,,,,,,,
28-01-2024 08:00,8,6,1,Web,627,14.53054964,13.48849813,21.50174791,15.3595654,0,0,0,1,,,,,,,,,,,,,
28-01-2024 08:00,8,6,1,Database,542,23.4547638,9.93999287,16.34946701,22.24951369,0,1,0,0,,,,,,,,,,,,,
28-01-2024 08:00,8,6,1,Media,555,15.01021001,39.4518208,18.27324241,20.62255755,0,0,1,0,,,,,,,,,,,,,
28-01-2024 08:00,8,6,1,Compute,603,21.84231963,17.57803629,21.1944406,27.50495342,1,0,0,0,,,,,,,,,,,,,
28-01-2024 09:00,9,6,1,Web,779,15.3595654,16.88612189,6.700041915,15.26799705,0,0,0,1,,,,,,,,,,,,,
28-01-2024 09:00,9,6,1,Database,565,22.24951369,18.73016166,17.27214662,25.88149757,0,1,0,0,,,,,,,,,,,,,
28-01-2024 09:00,9,6,1,Media,572,20.62255755,35.16833214,23.45804113,25.85399723,0,0,1,0,,,,,,,,,,,,,
28-01-2024 09:00,9,6,1,Compute,596,27.50495342,10.78953501,24.23309053,31.08657044,1,0,0,0,,,,,,,,,,,,,
28-01-2024 10:00,10,6,1,Web,822,15.26799705,28.69203866,18.15787136,16.08743613,0,0,0,1,,,,,,,,,,,,,
28-01-2024 10:00,10,6,1,Database,747,25.88149757,22.51092423,18.79723127,21.48005747,0,1,0,0,,,,,,,,,,,,,
28-01-2024 10:00,10,6,1,Media,538,25.85399723,42.67304488,19.05429936,24.31346143,0,0,1,0,,,,,,,,,,,,,
28-01-2024 10:00,10,6,1,Compute,629,31.08657044,23.06525256,23.62993626,28.32213104,1,0,0,0,,,,,,,,,,,,,
28-01-2024 11:00,11,6,1,Web,854,16.08743613,37.23974208,18.88262182,17.36691791,0,0,0,1,,,,,,,,,,,,,
28-01-2024 11:00,11,6,1,Database,564,21.48005747,19.52059446,16.90818931,24.37163174,0,1,0,0,,,,,,,,,,,,,
28-01-2024 11:00,11,6,1,Media,669,24.31346143,45.75901471,22.5493055,28.06341927,0,0,1,0,,,,,,,,,,,,,
28-01-2024 11:00,11,6,1,Compute,721,28.32213104,14.64268065,27.58346457,31.57326158,1,0,0,0,,,,,,,,,,,,,
28-01-2024 12:00,12,6,1,Web,862,17.36691791,39.45918398,17.86633184,24.38991777,0,0,0,1,,,,,,,,,,,,,
28-01-2024 12:00,12,6,1,Database,485,24.37163174,26.40603395,23.32090363,28.24273201,0,1,0,0,,,,,,,,,,,,,
28-01-2024 12:00,12,6,1,Media,578,28.06341927,49.47254907,29.26263594,29.4528339,0,0,1,0,,,,,,,,,,,,,
28-01-2024 12:00,12,6,1,Compute,641,31.57326158,21.31559386,24.29173068,35.55020064,1,0,0,0,,,,,,,,,,,,,
28-01-2024 13:00,13,6,1,Web,1022,24.38991777,36.56536181,20.55112214,24.91544387,0,0,0,1,,,,,,,,,,,,,
28-01-2024 13:00,13,6,1,Database,726,28.24273201,25.67360472,26.27306984,33.52791345,0,1,0,0,,,,,,,,,,,,,
28-01-2024 13:00,13,6,1,Media,785,29.4528339,48.89888047,22.2088947,30.09498136,0,0,1,0,,,,,,,,,,,,,
28-01-2024 13:00,13,6,1,Compute,653,35.55020064,26.47346567,24.09540117,36.66984545,1,0,0,0,,,,,,,,,,,,,
28-01-2024 14:00,14,6,1,Web,1010,24.91544387,31.41464789,18.5273291,24.97828272,0,0,0,1,,,,,,,,,,,,,
28-01-2024 14:00,14,6,1,Database,695,33.52791345,20.7019393,28.75972103,31.75006627,0,1,0,0,,,,,,,,,,,,,
28-01-2024 14:00,14,6,1,Media,759,30.09498136,51.26262229,21.7551439,24.55137425,0,0,1,0,,,,,,,,,,,,,
28-01-2024 14:00,14,6,1,Compute,663,36.66984545,30.58332817,37.03628731,38.99268685,1,0,0,0,,,,,,,,,,,,,
28-01-2024 15:00,15,6,1,Web,905,24.97828272,24.91468226,17.90964914,22.26019178,0,0,0,1,,,,,,,,,,,,,
28-01-2024 15:00,15,6,1,Database,755,31.75006627,20.18921126,27.40098542,29.85576139,0,1,0,0,,,,,,,,,,,,,
28-01-2024 15:00,15,6,1,Media,548,24.55137425,51.83486348,25.72329826,22.98261016,0,0,1,0,,,,,,,,,,,,,
28-01-2024 15:00,15,6,1,Compute,601,38.99268685,27.06387724,34.5388219,35.52220504,1,0,0,0,,,,,,,,,,,,,
28-01-2024 16:00,16,6,1,Web,697,22.26019178,29.96554581,25.74433184,25.74087025,0,0,0,1,,,,,,,,,,,,,
28-01-2024 16:00,16,6,1,Database,514,29.85576139,8.07496914,29.11261655,32.00812535,0,1,0,0,,,,,,,,,,,,,
28-01-2024 16:00,16,6,1,Media,591,22.98261016,42.38203012,28.49998288,33.45173629,0,0,1,0,,,,,,,,,,,,,
28-01-2024 16:00,16,6,1,Compute,529,35.52220504,27.52247694,36.22959919,38.63360145,1,0,0,0,,,,,,,,,,,,,
28-01-2024 17:00,17,6,1,Web,759,25.74087025,27.8129549,17.06815242,24.07227527,0,0,0,1,,,,,,,,,,,,,
28-01-2024 17:00,17,6,1,Database,582,32.00812535,10.37244129,28.11358847,31.57437213,0,1,0,0,,,,,,,,,,,,,
28-01-2024 17:00,17,6,1,Media,565,33.45173629,44.65670685,7.702265363,19.98369447,0,0,1,0,,,,,,,,,,,,,
28-01-2024 17:00,17,6,1,Compute,530,38.63360145,24.98505193,29.73681291,31.07414846,1,0,0,0,,,,,,,,,,,,,
28-01-2024 18:00,18,6,1,Web,695,24.07227527,24.16981013,22.45267502,24.04931586,0,0,0,1,,,,,,,,,,,,,
28-01-2024 18:00,18,6,1,Database,521,31.57437213,1,21.8294988,21.18294632,0,1,0,0,,,,,,,,,,,,,
28-01-2024 18:00,18,6,1,Media,455,19.98369447,31.7293346,13.6379273,19.76114893,0,0,1,0,,,,,,,,,,,,,
28-01-2024 18:00,18,6,1,Compute,649,31.07414846,12.75799599,23.33116557,30.67585446,1,0,0,0,,,,,,,,,,,,,
28-01-2024 19:00,19,6,1,Web,457,24.04931586,8.167667646,14.83424397,18.62731032,0,0,0,1,,,,,,,,,,,,,
28-01-2024 19:00,19,6,1,Database,448,21.18294632,8.633226027,21.96833614,21.31267323,0,1,0,0,,,,,,,,,,,,,
28-01-2024 19:00,19,6,1,Media,410,19.76114893,30.59780916,20.00056371,23.49908127,0,0,1,0,,,,,,,,,,,,,
28-01-2024 19:00,19,6,1,Compute,396,30.67585446,9.689662271,16.73537271,26.53869257,1,0,0,0,,,,,,,,,,,,,
28-01-2024 20:00,20,6,1,Web,370,18.62731032,10.27962774,14.85752736,11.59487906,0,0,0,1,,,,,,,,,,,,,
28-01-2024 20:00,20,6,1,Database,435,21.31267323,11.63946412,18.70369604,22.13412388,0,1,0,0,,,,,,,,,,,,,
28-01-2024 20:00,20,6,1,Media,420,23.49908127,29.21157623,17.21976218,16.72764685,0,0,1,0,,,,,,,,,,,,,
28-01-2024 20:00,20,6,1,Compute,326,26.53869257,13.86631131,11.02589286,17.76182475,1,0,0,0,,,,,,,,,,,,,
28-01-2024 21:00,21,6,1,Web,470,11.59487906,5.6262163,1,8.412608965,0,0,0,1,,,,,,,,,,,,,
28-01-2024 21:00,21,6,1,Database,363,22.13412388,1.883277909,13.73349831,15.30836155,0,1,0,0,,,,,,,,,,,,,
28-01-2024 21:00,21,6,1,Media,401,16.72764685,14.29532842,14.04311794,13.76148712,0,0,1,0,,,,,,,,,,,,,
28-01-2024 21:00,21,6,1,Compute,361,17.76182475,7.865315477,10.92144705,17.21617125,1,0,0,0,,,,,,,,,,,,,
28-01-2024 22:00,22,6,1,Web,368,8.412608965,1,11.26569358,11.29560587,0,0,0,1,,,,,,,,,,,,,
28-01-2024 22:00,22,6,1,Database,205,15.30836155,2.024858463,9.716419635,10.53948706,0,1,0,0,,,,,,,,,,,,,
28-01-2024 22:00,22,6,1,Media,180,13.76148712,1,1,6.923646749,0,0,1,0,,,,,,,,,,,,,
28-01-2024 22:00,22,6,1,Compute,259,17.21617125,1,24.55090169,20.4279807,1,0,0,0,,,,,,,,,,,,,
28-01-2024 23:00,23,6,1,Web,260,11.29560587,1,1,3.084491461,0,0,0,1,,,,,,,,,,,,,
28-01-2024 23:00,23,6,1,Database,214,10.53948706,4.521853314,8.323827822,8.603552869,0,1,0,0,,,,,,,,,,,,,
28-01-2024 23:00,23,6,1,Media,205,6.923646749,1,1.935755027,7.424711828,0,0,1,0,,,,,,,,,,,,,
28-01-2024 23:00,23,6,1,Compute,112,20.4279807,1,10.97478319,14.50166422,1,0,0,0,,,,,,,,,,,,,
29-01-2024 00:00,0,0,0,Web,215,3.084491461,1,7.625809601,1.157993324,0,0,0,1,,,,,,,,,,,,,
29-01-2024 00:00,0,0,0,Database,268,8.603552869,1,5.704064895,11.20444554,0,1,0,0,,,,,,,,,,,,,
29-01-2024 00:00,0,0,0,Media,257,7.424711828,1,7.532798184,7.162817819,0,0,1,0,,,,,,,,,,,,,
29-01-2024 00:00,0,0,0,Compute,257,14.50166422,5.281427702,8.861024702,8.780258599,1,0,0,0,,,,,,,,,,,,,
29-01-2024 01:00,1,0,0,Web,253,1.157993324,3.442055269,6.891322066,5.085657508,0,0,0,1,,,,,,,,,,,,,
29-01-2024 01:00,1,0,0,Database,319,11.20444554,4.660334045,7.412443366,7.948959285,0,1,0,0,,,,,,,,,,,,,
29-01-2024 01:00,1,0,0,Media,160,7.162817819,1,3.91508743,2.284902037,0,0,1,0,,,,,,,,,,,,,
29-01-2024 01:00,1,0,0,Compute,103,8.780258599,1,13.96671893,9.696690438,1,0,0,0,,,,,,,,,,,,,
29-01-2024 02:00,2,0,0,Web,302,5.085657508,10.22480477,1,1,0,0,0,1,,,,,,,,,,,,,
29-01-2024 02:00,2,0,0,Database,187,7.948959285,1,9.888629561,8.043723245,0,1,0,0,,,,,,,,,,,,,
29-01-2024 02:00,2,0,0,Media,219,2.284902037,1,12.31457005,5.72386607,0,0,1,0,,,,,,,,,,,,,
29-01-2024 02:00,2,0,0,Compute,183,9.696690438,6.31849711,1.176927094,6.252440364,1,0,0,0,,,,,,,,,,,,,
29-01-2024 03:00,3,0,0,Web,282,1,1.203102502,1.193052121,3.840512618,0,0,0,1,,,,,,,,,,,,,
29-01-2024 03:00,3,0,0,Database,215,8.043723245,1,3.706122298,5.577694669,0,1,0,0,,,,,,,,,,,,,
29-01-2024 03:00,3,0,0,Media,192,5.72386607,3.245620758,7.933605906,8.204762335,0,0,1,0,,,,,,,,,,,,,
29-01-2024 03:00,3,0,0,Compute,242,6.252440364,1,22.46467844,16.450524,1,0,0,0,,,,,,,,,,,,,
29-01-2024 04:00,4,0,0,Web,302,3.840512618,6.794150067,8.33113774,4.826967035,0,0,0,1,,,,,,,,,,,,,
29-01-2024 04:00,4,0,0,Database,336,5.577694669,7.924641891,14.61927561,17.24839386,0,1,0,0,,,,,,,,,,,,,
29-01-2024 04:00,4,0,0,Media,358,8.204762335,8.931690801,11.66615436,8.740596983,0,0,1,0,,,,,,,,,,,,,
29-01-2024 04:00,4,0,0,Compute,424,16.450524,1,9.667131755,13.62235604,1,0,0,0,,,,,,,,,,,,,
29-01-2024 05:00,5,0,0,Web,426,4.826967035,13.83333829,1,9.301448792,0,0,0,1,,,,,,,,,,,,,
29-01-2024 05:00,5,0,0,Database,359,17.24839386,3.961812845,18.52798495,19.80713176,0,1,0,0,,,,,,,,,,,,,
29-01-2024 05:00,5,0,0,Media,363,8.740596983,18.3884766,16.76542708,12.73129513,0,0,1,0,,,,,,,,,,,,,
29-01-2024 05:00,5,0,0,Compute,342,13.62235604,11.53501812,6.838703155,15.01983656,1,0,0,0,,,,,,,,,,,,,
29-01-2024 06:00,6,0,0,Web,660,9.301448792,34.22101222,19.68827951,18.2619335,0,0,0,1,,,,,,,,,,,,,
29-01-2024 06:00,6,0,0,Database,490,19.80713176,14.60060516,12.72881976,21.09379429,0,1,0,0,,,,,,,,,,,,,
29-01-2024 06:00,6,0,0,Media,505,12.73129513,35.11116392,12.13968387,19.64256559,0,0,1,0,,,,,,,,,,,,,
29-01-2024 06:00,6,0,0,Compute,512,15.01983656,20.77024234,17.2532596,23.51332145,1,0,0,0,,,,,,,,,,,,,
29-01-2024 07:00,7,0,0,Web,964,18.2619335,15.61074924,16.68105952,16.2344513,0,0,0,1,,,,,,,,,,,,,
29-01-2024 07:00,7,0,0,Database,653,21.09379429,8.434876691,15.46366762,20.66298472,0,1,0,0,,,,,,,,,,,,,
29-01-2024 07:00,7,0,0,Media,582,19.64256559,43.20260155,14.18371606,25.42702249,0,0,1,0,,,,,,,,,,,,,
29-01-2024 07:00,7,0,0,Compute,558,23.51332145,14.11391443,31.15529898,34.62147641,1,0,0,0,,,,,,,,,,,,,
29-01-2024 08:00,8,0,0,Web,917,16.2344513,33.17340404,25.50030509,26.6386398,0,0,0,1,,,,,,,,,,,,,
29-01-2024 08:00,8,0,0,Database,682,20.66298472,10.33122489,22.95436818,29.5368187,0,1,0,0,,,,,,,,,,,,,
29-01-2024 08:00,8,0,0,Media,649,25.42702249,56.13058888,25.6910711,32.01841065,0,0,1,0,,,,,,,,,,,,,
29-01-2024 08:00,8,0,0,Compute,714,34.62147641,30.64610767,37.40875477,43.9685361,1,0,0,0,,,,,,,,,,,,,
29-01-2024 09:00,9,0,0,Web,1052,26.6386398,41.12933529,22.58070373,26.50646217,0,0,0,1,,,,,,,,,,,,,
29-01-2024 09:00,9,0,0,Database,783,29.5368187,22.50044515,29.88339561,38.92335748,0,1,0,0,,,,,,,,,,,,,
29-01-2024 09:00,9,0,0,Media,856,32.01841065,67.8644174,30.12067901,30.28120452,0,0,1,0,,,,,,,,,,,,,
29-01-2024 09:00,9,0,0,Compute,786,43.9685361,31.85796208,30.77808725,37.96769061,1,0,0,0,,,,,,,,,,,,,
29-01-2024 10:00,10,0,0,Web,1363,26.50646217,45.16768057,31.09731408,31.28523429,0,0,0,1,,,,,,,,,,,,,
29-01-2024 10:00,10,0,0,Database,872,38.92335748,30.43271486,35.14957472,45.5300105,0,1,0,0,,,,,,,,,,,,,
29-01-2024 10:00,10,0,0,Media,941,30.28120452,71.88832938,29.23454108,35.94041362,0,0,1,0,,,,,,,,,,,,,
29-01-2024 10:00,10,0,0,Compute,1024,37.96769061,32.07788688,42.26058193,48.11543227,1,0,0,0,,,,,,,,,,,,,
29-01-2024 11:00,11,0,0,Web,1322,31.28523429,59.65246356,29.69901199,33.05824618,0,0,0,1,,,,,,,,,,,,,
29-01-2024 11:00,11,0,0,Database,883,45.5300105,19.25429437,35.71634347,41.62261184,0,1,0,0,,,,,,,,,,,,,
29-01-2024 11:00,11,0,0,Media,920,35.94041362,93.88412835,33.5435381,37.14887687,0,0,1,0,,,,,,,,,,,,,
29-01-2024 11:00,11,0,0,Compute,790,48.11543227,39.05955149,48.74158923,58.43987043,1,0,0,0,,,,,,,,,,,,,
29-01-2024 12:00,12,0,0,Web,1266,33.05824618,58.67043773,31.71945568,37.1218418,0,0,0,1,,,,,,,,,,,,,
29-01-2024 12:00,12,0,0,Database,831,41.62261184,28.30749422,43.19763219,46.84037517,0,1,0,0,,,,,,,,,,,,,
29-01-2024 12:00,12,0,0,Media,1080,37.14887687,96.44223148,34.60263635,43.72590339,0,0,1,0,,,,,,,,,,,,,
29-01-2024 12:00,12,0,0,Compute,989,58.43987043,39.66509528,48.11991289,56.14586823,1,0,0,0,,,,,,,,,,,,,
29-01-2024 13:00,13,0,0,Web,1189,37.1218418,68.13167851,24.27206418,34.97394126,0,0,0,1,,,,,,,,,,,,,
29-01-2024 13:00,13,0,0,Database,1126,46.84037517,24.95992532,42.40965272,51.01590879,0,1,0,0,,,,,,,,,,,,,
29-01-2024 13:00,13,0,0,Media,947,43.72590339,78.22202323,38.25170179,48.25940157,0,0,1,0,,,,,,,,,,,,,
29-01-2024 13:00,13,0,0,Compute,1082,56.14586823,45.19174002,58.09414269,60.5379764,1,0,0,0,,,,,,,,,,,,,
29-01-2024 14:00,14,0,0,Web,1475,34.97394126,59.11718,21.24842763,34.76895308,0,0,0,1,,,,,,,,,,,,,
29-01-2024 14:00,14,0,0,Database,1036,51.01590879,24.6682972,40.5539295,48.56149879,0,1,0,0,,,,,,,,,,,,,
29-01-2024 14:00,14,0,0,Media,906,48.25940157,88.45342653,48.82378588,48.61929459,0,0,1,0,,,,,,,,,,,,,
29-01-2024 14:00,14,0,0,Compute,1008,60.5379764,48.11676238,48.11209648,53.5785848,1,0,0,0,,,,,,,,,,,,,
29-01-2024 15:00,15,0,0,Web,1197,34.76895308,58.61879469,31.75876184,34.82667396,0,0,0,1,,,,,,,,,,,,,
29-01-2024 15:00,15,0,0,Database,1077,48.56149879,31.35624942,44.02114532,52.88832944,0,1,0,0,,,,,,,,,,,,,
29-01-2024 15:00,15,0,0,Media,953,48.61929459,87.32864081,35.04060424,39.94982072,0,0,1,0,,,,,,,,,,,,,
29-01-2024 15:00,15,0,0,Compute,963,53.5785848,35.04097097,40.9343833,50.33955984,1,0,0,0,,,,,,,,,,,,,
29-01-2024 16:00,16,0,0,Web,1156,34.82667396,56.11079144,29.38435113,32.60223852,0,0,0,1,,,,,,,,,,,,,
29-01-2024 16:00,16,0,0,Database,814,52.88832944,24.7841224,43.3008692,43.62657811,0,1,0,0,,,,,,,,,,,,,
29-01-2024 16:00,16,0,0,Media,885,39.94982072,82.67884856,35.988996,37.00808556,0,0,1,0,,,,,,,,,,,,,
29-01-2024 16:00,16,0,0,Compute,971,50.33955984,43.76820101,38.49389372,49.39251486,1,0,0,0,,,,,,,,,,,,,
29-01-2024 17:00,17,0,0,Web,1168,32.60223852,42.32195542,28.99002067,27.40558269,0,0,0,1,,,,,,,,,,,,,
29-01-2024 17:00,17,0,0,Database,912,43.62657811,25.40879152,33.89809246,44.21649829,0,1,0,0,,,,,,,,,,,,,
29-01-2024 17:00,17,0,0,Media,862,37.00808556,74.66271638,32.60053217,41.84674899,0,0,1,0,,,,,,,,,,,,,
29-01-2024 17:00,17,0,0,Compute,801,49.39251486,30.01232381,34.90048206,41.62403616,1,0,0,0,,,,,,,,,,,,,
29-01-2024 18:00,18,0,0,Web,870,27.40558269,38.95557462,25.67592319,25.69963079,0,0,0,1,,,,,,,,,,,,,
29-01-2024 18:00,18,0,0,Database,660,44.21649829,19.96889381,30.31416865,35.68510833,0,1,0,0,,,,,,,,,,,,,
29-01-2024 18:00,18,0,0,Media,792,41.84674899,53.83525167,22.24504256,32.77156362,0,0,1,0,,,,,,,,,,,,,
29-01-2024 18:00,18,0,0,Compute,716,41.62403616,34.04980761,41.26294228,42.43712531,1,0,0,0,,,,,,,,,,,,,
29-01-2024 19:00,19,0,0,Web,810,25.69963079,32.14940787,14.3397638,23.71483522,0,0,0,1,,,,,,,,,,,,,
29-01-2024 19:00,19,0,0,Database,513,35.68510833,16.51777118,37.39296413,29.73365949,0,1,0,0,,,,,,,,,,,,,
29-01-2024 19:00,19,0,0,Media,530,32.77156362,40.19627943,21.23551849,27.41625792,0,0,1,0,,,,,,,,,,,,,
29-01-2024 19:00,19,0,0,Compute,768,42.43712531,18.04088355,33.52040629,37.80971741,1,0,0,0,,,,,,,,,,,,,
29-01-2024 20:00,20,0,0,Web,619,23.71483522,6.821402932,20.47408428,22.64444015,0,0,0,1,,,,,,,,,,,,,
29-01-2024 20:00,20,0,0,Database,690,29.73365949,16.55118839,22.54374771,24.90620198,0,1,0,0,,,,,,,,,,,,,
29-01-2024 20:00,20,0,0,Media,533,27.41625792,27.20416635,18.36572937,23.60073322,0,0,1,0,,,,,,,,,,,,,
29-01-2024 20:00,20,0,0,Compute,518,37.80971741,11.18349912,25.53404069,33.0885305,1,0,0,0,,,,,,,,,,,,,
29-01-2024 21:00,21,0,0,Web,597,22.64444015,13.13427864,9.972478603,13.66437442,0,0,0,1,,,,,,,,,,,,,
29-01-2024 21:00,21,0,0,Database,394,24.90620198,8.651840096,10.27868033,14.63063621,0,1,0,0,,,,,,,,,,,,,
29-01-2024 21:00,21,0,0,Media,417,23.60073322,30.06241723,24.88810698,20.62416246,0,0,1,0,,,,,,,,,,,,,
29-01-2024 21:00,21,0,0,Compute,473,33.0885305,10.08939216,16.90976324,22.82592885,1,0,0,0,,,,,,,,,,,,,
29-01-2024 22:00,22,0,0,Web,422,13.66437442,8.180919208,13.48025529,12.92695571,0,0,0,1,,,,,,,,,,,,,
29-01-2024 22:00,22,0,0,Database,380,14.63063621,4.233333006,18.22848459,17.30334476,0,1,0,0,,,,,,,,,,,,,
29-01-2024 22:00,22,0,0,Media,250,20.62416246,14.46557084,6.65691677,11.03739678,0,0,1,0,,,,,,,,,,,,,
29-01-2024 22:00,22,0,0,Compute,358,22.82592885,7.074291703,8.808738285,12.7349632,1,0,0,0,,,,,,,,,,,,,
29-01-2024 23:00,23,0,0,Web,208,12.92695571,1,7.092352592,9.790665595,0,0,0,1,,,,,,,,,,,,,
29-01-2024 23:00,23,0,0,Database,257,17.30334476,1,7.539244852,12.86277707,0,1,0,0,,,,,,,,,,,,,
29-01-2024 23:00,23,0,0,Media,291,11.03739678,1,1,6.781735694,0,0,1,0,,,,,,,,,,,,,
29-01-2024 23:00,23,0,0,Compute,220,12.7349632,11.00420618,5.103136816,7.640028702,1,0,0,0,,,,,,,,,,,,,
30-01-2024 00:00,0,1,0,Web,110,9.790665595,3.062875626,13.40242657,5.733186298,0,0,0,1,,,,,,,,,,,,,
30-01-2024 00:00,0,1,0,Database,184,12.86277707,8.989972259,8.969407443,8.5317146,0,1,0,0,,,,,,,,,,,,,
30-01-2024 00:00,0,1,0,Media,171,6.781735694,2.04881798,1,4.38260442,0,0,1,0,,,,,,,,,,,,,
30-01-2024 00:00,0,1,0,Compute,101,7.640028702,6.052101025,2.427461499,7.131994428,1,0,0,0,,,,,,,,,,,,,
30-01-2024 01:00,1,1,0,Web,159,5.733186298,1,1,6.374087559,0,0,0,1,,,,,,,,,,,,,
30-01-2024 01:00,1,1,0,Database,103,8.5317146,4.660871886,14.03489597,6.10598315,0,1,0,0,,,,,,,,,,,,,
30-01-2024 01:00,1,1,0,Media,189,4.38260442,5.82608191,9.252906548,15.19247683,0,0,1,0,,,,,,,,,,,,,
30-01-2024 01:00,1,1,0,Compute,77,7.131994428,1.286379575,1,7.051230334,1,0,0,0,,,,,,,,,,,,,
30-01-2024 02:00,2,1,0,Web,224,6.374087559,1,8.451510755,4.803861946,0,0,0,1,,,,,,,,,,,,,
30-01-2024 02:00,2,1,0,Database,239,6.10598315,1,2.375719682,9.774828844,0,1,0,0,,,,,,,,,,,,,
30-01-2024 02:00,2,1,0,Media,217,15.19247683,1,14.73624475,10.64858081,0,0,1,0,,,,,,,,,,,,,
30-01-2024 02:00,2,1,0,Compute,188,7.051230334,1,6.214537795,5.75835462,1,0,0,0,,,,,,,,,,,,,
30-01-2024 03:00,3,1,0,Web,258,4.803861946,1.200585121,7.456549298,6.176514176,0,0,0,1,,,,,,,,,,,,,
30-01-2024 03:00,3,1,0,Database,191,9.774828844,1,1,11.09897966,0,1,0,0,,,,,,,,,,,,,
30-01-2024 03:00,3,1,0,Media,161,10.64858081,3.225276253,8.929759333,12.58057692,0,0,1,0,,,,,,,,,,,,,
30-01-2024 03:00,3,1,0,Compute,249,5.75835462,3.165043976,5.244669354,8.065014101,1,0,0,0,,,,,,,,,,,,,
30-01-2024 04:00,4,1,0,Web,341,6.176514176,3.017877862,2.165665469,7.301524899,0,0,0,1,,,,,,,,,,,,,
30-01-2024 04:00,4,1,0,Database,322,11.09897966,8.193105359,5.811345869,13.55761464,0,1,0,0,,,,,,,,,,,,,
30-01-2024 04:00,4,1,0,Media,378,12.58057692,16.36560535,13.54433592,14.5232701,0,0,1,0,,,,,,,,,,,,,
30-01-2024 04:00,4,1,0,Compute,491,8.065014101,1,6.343435659,12.38376666,1,0,0,0,,,,,,,,,,,,,
30-01-2024 05:00,5,1,0,Web,640,7.301524899,11.36339594,10.33233258,16.506743,0,0,0,1,,,,,,,,,,,,,
30-01-2024 05:00,5,1,0,Database,374,13.55761464,1,12.00988934,20.18717428,0,1,0,0,,,,,,,,,,,,,
30-01-2024 05:00,5,1,0,Media,573,14.5232701,21.47446997,15.2629,15.81793739,0,0,1,0,,,,,,,,,,,,,
30-01-2024 05:00,5,1,0,Compute,437,12.38376666,10.52578942,8.156643146,13.55332402,1,0,0,0,,,,,,,,,,,,,
30-01-2024 06:00,6,1,0,Web,463,16.506743,20.72197749,11.55464837,15.30741865,0,0,0,1,,,,,,,,,,,,,
30-01-2024 06:00,6,1,0,Database,452,20.18717428,11.84144956,8.847182755,18.98271783,0,1,0,0,,,,,,,,,,,,,
30-01-2024 06:00,6,1,0,Media,472,15.81793739,31.878392,12.43452886,14.3345826,0,0,1,0,,,,,,,,,,,,,
30-01-2024 06:00,6,1,0,Compute,459,13.55332402,8.658363897,16.55113805,16.25890353,1,0,0,0,,,,,,,,,,,,,
30-01-2024 07:00,7,1,0,Web,805,15.30741865,35.76146246,12.38683586,16.40204933,0,0,0,1,,,,,,,,,,,,,
30-01-2024 07:00,7,1,0,Database,642,18.98271783,16.98071792,26.08697138,29.1357993,0,1,0,0,,,,,,,,,,,,,
30-01-2024 07:00,7,1,0,Media,457,14.3345826,51.1183241,16.63677434,20.63107067,0,0,1,0,,,,,,,,,,,,,
30-01-2024 07:00,7,1,0,Compute,559,16.25890353,25.7883758,25.43343812,28.85930441,1,0,0,0,,,,,,,,,,,,,
30-01-2024 08:00,8,1,0,Web,944,16.40204933,29.69447419,14.00178878,24.49558744,0,0,0,1,,,,,,,,,,,,,
30-01-2024 08:00,8,1,0,Database,520,29.1357993,23.36642355,32.20522675,34.71830471,0,1,0,0,,,,,,,,,,,,,
30-01-2024 08:00,8,1,0,Media,649,20.63107067,63.86535354,20.73281396,24.9611818,0,0,1,0,,,,,,,,,,,,,
30-01-2024 08:00,8,1,0,Compute,839,28.85930441,31.85329439,33.84082413,38.25499438,1,0,0,0,,,,,,,,,,,,,
30-01-2024 09:00,9,1,0,Web,1079,24.49558744,40.10642815,21.22357295,25.57607227,0,0,0,1,,,,,,,,,,,,,
30-01-2024 09:00,9,1,0,Database,785,34.71830471,25.21843696,33.17203051,34.20235205,0,1,0,0,,,,,,,,,,,,,
30-01-2024 09:00,9,1,0,Media,914,24.9611818,59.63762293,29.79386777,26.10244704,0,0,1,0,,,,,,,,,,,,,
30-01-2024 09:00,9,1,0,Compute,704,38.25499438,31.12786749,39.82697413,40.70128396,1,0,0,0,,,,,,,,,,,,,
30-01-2024 10:00,10,1,0,Web,1204,25.57607227,56.87634005,17.42168339,26.97108705,0,0,0,1,,,,,,,,,,,,,
30-01-2024 10:00,10,1,0,Database,946,34.20235205,12.39608943,39.62041281,44.74487095,0,1,0,0,,,,,,,,,,,,,
30-01-2024 10:00,10,1,0,Media,783,26.10244704,74.02559532,28.66737404,35.46616722,0,0,1,0,,,,,,,,,,,,,
30-01-2024 10:00,10,1,0,Compute,794,40.70128396,36.64809174,44.10888054,49.74601175,1,0,0,0,,,,,,,,,,,,,
30-01-2024 11:00,11,1,0,Web,1268,26.97108705,55.33162221,21.861198,32.01442083,0,0,0,1,,,,,,,,,,,,,
30-01-2024 11:00,11,1,0,Database,744,44.74487095,39.86597179,33.66425664,41.12176943,0,1,0,0,,,,,,,,,,,,,
30-01-2024 11:00,11,1,0,Media,802,35.46616722,92.8182577,30.47017072,34.82714298,0,0,1,0,,,,,,,,,,,,,
30-01-2024 11:00,11,1,0,Compute,962,49.74601175,34.76740013,44.6612629,54.13138576,1,0,0,0,,,,,,,,,,,,,
30-01-2024 12:00,12,1,0,Web,1386,32.01442083,50.94641529,30.00816955,31.89540258,0,0,0,1,,,,,,,,,,,,,
30-01-2024 12:00,12,1,0,Database,1057,41.12176943,21.27396459,38.76107271,46.61171316,0,1,0,0,,,,,,,,,,,,,
30-01-2024 12:00,12,1,0,Media,907,34.82714298,89.85865451,36.006932,43.34273882,0,0,1,0,,,,,,,,,,,,,
30-01-2024 12:00,12,1,0,Compute,916,54.13138576,39.8179278,41.1188871,54.83234741,1,0,0,0,,,,,,,,,,,,,
30-01-2024 13:00,13,1,0,Web,1429,31.89540258,58.28974508,26.29350128,35.18569483,0,0,0,1,,,,,,,,,,,,,
30-01-2024 13:00,13,1,0,Database,1042,46.61171316,39.51733804,39.45410165,47.7686155,0,1,0,0,,,,,,,,,,,,,
30-01-2024 13:00,13,1,0,Media,923,43.34273882,93.27390543,34.12167644,45.57694011,0,0,1,0,,,,,,,,,,,,,
30-01-2024 13:00,13,1,0,Compute,1056,54.83234741,30.14783398,41.18053527,54.17699139,1,0,0,0,,,,,,,,,,,,,
30-01-2024 14:00,14,1,0,Web,1330,35.18569483,59.46251769,26.49497079,36.2417452,0,0,0,1,,,,,,,,,,,,,
30-01-2024 14:00,14,1,0,Database,868,47.7686155,29.09898488,35.74757229,47.45382106,0,1,0,0,,,,,,,,,,,,,
30-01-2024 14:00,14,1,0,Media,946,45.57694011,83.79587787,30.39817107,38.86313527,0,0,1,0,,,,,,,,,,,,,
30-01-2024 14:00,14,1,0,Compute,881,54.17699139,28.30738928,48.01157821,58.1791502,1,0,0,0,,,,,,,,,,,,,
30-01-2024 15:00,15,1,0,Web,1269,36.2417452,63.4694815,28.01981912,36.54735723,0,0,0,1,,,,,,,,,,,,,
30-01-2024 15:00,15,1,0,Database,877,47.45382106,30.24135092,44.95809695,48.01357954,0,1,0,0,,,,,,,,,,,,,
30-01-2024 15:00,15,1,0,Media,836,38.86313527,79.94808589,35.77304684,36.57972104,0,0,1,0,,,,,,,,,,,,,
30-01-2024 15:00,15,1,0,Compute,1024,58.1791502,30.38997169,45.48178133,52.84239065,1,0,0,0,,,,,,,,,,,,,
30-01-2024 16:00,16,1,0,Web,1175,36.54735723,51.67919133,25.94838934,29.46587146,0,0,0,1,,,,,,,,,,,,,
30-01-2024 16:00,16,1,0,Database,919,48.01357954,26.52024715,32.54752502,42.66875918,0,1,0,0,,,,,,,,,,,,,
30-01-2024 16:00,16,1,0,Media,800,36.57972104,75.1891296,33.47912893,39.92613938,0,0,1,0,,,,,,,,,,,,,
30-01-2024 16:00,16,1,0,Compute,919,52.84239065,28.83498613,35.62080542,49.70942623,1,0,0,0,,,,,,,,,,,,,
30-01-2024 17:00,17,1,0,Web,1184,29.46587146,46.76056033,17.28038156,28.24312091,0,0,0,1,,,,,,,,,,,,,
30-01-2024 17:00,17,1,0,Database,755,42.66875918,27.49964736,26.80139554,36.91868994,0,1,0,0,,,,,,,,,,,,,
30-01-2024 17:00,17,1,0,Media,642,39.92613938,75.39181534,27.86660489,32.21893862,0,0,1,0,,,,,,,,,,,,,
30-01-2024 17:00,17,1,0,Compute,844,49.70942623,23.224383,42.57330412,42.88928271,1,0,0,0,,,,,,,,,,,,,
30-01-2024 18:00,18,1,0,Web,976,28.24312091,41.25253661,18.94600883,26.43584842,0,0,0,1,,,,,,,,,,,,,
30-01-2024 18:00,18,1,0,Database,662,36.91868994,20.55716613,23.5743928,36.39149973,0,1,0,0,,,,,,,,,,,,,
30-01-2024 18:00,18,1,0,Media,670,32.21893862,62.8930047,27.87229473,32.99790311,0,0,1,0,,,,,,,,,,,,,
30-01-2024 18:00,18,1,0,Compute,744,42.88928271,29.14667322,36.29943463,38.99853811,1,0,0,0,,,,,,,,,,,,,
30-01-2024 19:00,19,1,0,Web,837,26.43584842,36.92052923,8.592007321,14.73205798,0,0,0,1,,,,,,,,,,,,,
30-01-2024 19:00,19,1,0,Database,499,36.39149973,11.37123819,30.65928025,32.74525838,0,1,0,0,,,,,,,,,,,,,
30-01-2024 19:00,19,1,0,Media,440,32.99790311,40.68361354,29.17338746,24.54273798,0,0,1,0,,,,,,,,,,,,,
30-01-2024 19:00,19,1,0,Compute,536,38.99853811,18.78542144,31.00249211,30.7568873,1,0,0,0,,,,,,,,,,,,,
30-01-2024 20:00,20,1,0,Web,594,14.73205798,17.63897744,19.3279403,20.01172229,0,0,0,1,,,,,,,,,,,,,
30-01-2024 20:00,20,1,0,Database,398,32.74525838,3.372394224,24.36391351,28.58442453,0,1,0,0,,,,,,,,,,,,,
30-01-2024 20:00,20,1,0,Media,353,24.54273798,23.12275812,9.741546203,17.29351124,0,0,1,0,,,,,,,,,,,,,
30-01-2024 20:00,20,1,0,Compute,408,30.7568873,23.28816932,18.78152657,24.27323733,1,0,0,0,,,,,,,,,,,,,
30-01-2024 21:00,21,1,0,Web,478,20.01172229,13.81340964,13.83094661,13.87520606,0,0,0,1,,,,,,,,,,,,,
30-01-2024 21:00,21,1,0,Database,432,28.58442453,21.33233042,18.43636241,21.11295076,0,1,0,0,,,,,,,,,,,,,
30-01-2024 21:00,21,1,0,Media,472,17.29351124,18.54131597,11.95986882,12.32821186,0,0,1,0,,,,,,,,,,,,,
30-01-2024 21:00,21,1,0,Compute,435,24.27323733,11.71953781,9.970217226,16.94274708,1,0,0,0,,,,,,,,,,,,,
30-01-2024 22:00,22,1,0,Web,455,13.87520606,10.65588936,13.63498512,12.02178327,0,0,0,1,,,,,,,,,,,,,
30-01-2024 22:00,22,1,0,Database,330,21.11295076,9.517794446,14.83769939,13.63022606,0,1,0,0,,,,,,,,,,,,,
30-01-2024 22:00,22,1,0,Media,312,12.32821186,13.07808595,15.87315655,11.18533329,0,0,1,0,,,,,,,,,,,,,
30-01-2024 22:00,22,1,0,Compute,323,16.94274708,1.756162763,14.02515104,16.96044243,1,0,0,0,,,,,,,,,,,,,
30-01-2024 23:00,23,1,0,Web,310,12.02178327,7.961480638,14.29343477,8.146394996,0,0,0,1,,,,,,,,,,,,,
30-01-2024 23:00,23,1,0,Database,205,13.63022606,8.556750453,12.24307484,12.95483706,0,1,0,0,,,,,,,,,,,,,
30-01-2024 23:00,23,1,0,Media,211,11.18533329,6.321253945,7.823991398,9.671018817,0,0,1,0,,,,,,,,,,,,,
30-01-2024 23:00,23,1,0,Compute,182,16.96044243,9.105610009,13.8943372,14.37938834,1,0,0,0,,,,,,,,,,,,,
