job_id,arrival_time,duration,res_0,res_1
0,0,15,1,1
1,0,9,1,1
2,0,15,1,1
3,0,15,1,1
4,0,15,2,1
5,0,15,1,1
6,0,15,2,5
7,0,15,1,1
8,0,15,1,1
9,0,15,1,1
10,0,15,1,1
11,0,15,1,1
12,0,15,1,1
13,0,2,1,1
14,0,15,1,1
15,0,15,1,1
16,0,15,10,10
17,0,15,1,1
18,0,15,1,1
19,0,15,1,1
20,0,15,1,1
21,0,15,1,1
22,0,15,1,1
23,0,15,2,5
24,0,15,1,1
25,0,15,10,10
26,0,1,3,5
27,0,15,3,5
28,0,15,1,1
29,0,15,1,1
30,0,1,1,1
31,0,15,3,5
32,0,15,1,1
33,0,15,2,1
34,0,15,2,1
35,0,15,2,1
36,0,15,1,5
37,0,15,2,1
38,0,15,1,1
39,0,2,3,5
40,0,15,1,1
41,0,15,1,1
42,0,1,3,5
43,0,15,1,1
44,0,15,1,1
45,0,15,1,1
46,0,15,2,1
47,0,15,2,1
48,0,8,2,5
49,0,15,1,1
50,0,15,3,5
51,0,15,1,1
52,0,15,2,5
53,0,15,1,1
54,0,15,1,1
55,0,15,1,1
56,0,15,1,1
57,0,15,1,1
58,0,15,1,1
59,0,15,3,5
60,0,15,1,1
61,0,15,1,1
62,0,15,1,1
63,0,15,1,1
64,0,15,3,5
65,0,15,2,5
66,0,15,1,1
67,0,15,1,1
68,0,15,3,5
69,0,15,1,1
70,0,15,3,5
71,0,15,1,1
72,0,15,2,5
73,0,15,2,1
74,0,15,1,1
75,0,15,1,1
76,0,15,1,1
77,0,15,2,5
78,0,15,1,1
79,0,15,3,5
80,0,15,1,1
81,0,15,1,1
82,0,15,1,1
83,0,15,2,5
84,0,15,1,1
85,0,15,1,1
86,0,15,3,5
87,0,15,1,1
88,0,15,2,5
89,0,15,1,1
90,0,15,1,1
91,0,15,2,1
92,0,2,1,1
93,0,15,2,1
94,0,15,1,1
95,0,15,1,1
96,0,15,1,1
97,0,15,1,1
98,0,15,1,1
99,0,15,1,1
100,0,15,1,1
101,0,15,1,1
102,0,15,1,1
103,0,15,2,1
104,0,15,1,1
105,0,15,2,5
106,0,15,1,1
107,0,15,1,1
108,0,15,1,1
109,0,15,1,1
110,0,15,1,1
111,0,15,1,1
112,0,15,1,1
113,0,15,1,1
114,0,15,1,1
115,0,15,2,1
116,0,2,3,5
117,0,15,1,1
118,0,15,1,1
119,0,15,2,5
120,0,15,1,1
121,0,15,1,1
122,0,15,1,1
123,0,15,1,1
124,0,15,1,1
125,0,15,1,1
126,0,15,1,1
127,0,15,1,1
128,0,15,1,1
129,0,15,1,1
130,0,15,1,1
131,0,15,1,1
132,0,15,1,1
133,0,15,1,1
134,0,15,1,1
135,0,15,1,1
136,0,15,1,1
137,0,15,1,1
138,0,15,3,5
139,0,15,3,5
140,0,15,2,1
141,0,15,2,1
142,0,15,2,5
143,0,15,1,1
144,0,15,1,1
145,0,15,1,1
146,0,15,1,1
147,0,15,1,1
148,0,15,1,1
149,0,15,1,1
150,0,15,1,1
151,0,15,2,5
152,0,15,2,5
153,0,15,1,1
154,0,15,2,5
155,0,15,1,1
156,0,15,1,1
157,0,15,1,1
158,0,15,2,5
159,0,15,1,1
160,0,15,1,1
161,0,15,10,10
162,0,15,1,1
163,0,15,2,1
164,0,15,2,5
165,0,15,1,1
166,0,15,1,1
167,0,15,3,5
168,0,12,1,5
169,0,15,1,1
170,0,15,1,1
171,0,15,1,1
172,0,15,1,1
173,0,15,1,1
174,0,15,1,1
175,0,15,2,5
176,0,15,2,1
177,0,15,1,1
178,0,15,1,1
179,0,15,2,1
180,0,15,1,1
181,0,15,1,1
182,0,15,1,1
183,0,15,1,1
184,0,15,1,1
185,0,15,1,1
186,0,15,1,1
187,0,15,1,1
188,0,15,1,1
189,0,15,2,5
190,0,15,2,1
191,0,15,1,1
192,0,15,1,1
193,0,15,1,1
194,0,15,3,5
195,0,15,1,1
196,0,15,1,1
197,0,15,1,1
198,0,15,1,1
199,0,15,1,1
200,0,15,2,1
201,0,15,1,1
202,0,15,1,1
203,0,15,1,1
204,0,15,1,1
205,0,14,1,1
206,0,15,1,1
207,0,15,1,1
208,0,15,3,5
209,0,15,1,1
210,0,15,1,1
211,0,15,1,1
212,0,15,1,1
213,0,15,1,1
214,0,15,1,1
215,0,15,1,1
216,0,15,1,1
217,0,15,1,1
218,0,1,3,5
219,0,15,1,1
220,0,5,2,5
221,0,15,1,1
222,0,15,3,5
223,0,15,2,1
224,0,15,1,1
225,0,15,2,5
226,0,15,1,1
227,0,15,1,1
228,0,15,1,1
229,0,15,1,1
230,0,15,2,1
231,0,15,1,1
232,0,15,1,1
233,0,15,1,1
234,0,15,1,1
235,0,15,1,1
236,0,15,1,1
237,0,15,1,1
238,0,15,2,1
239,0,15,1,1
240,0,15,3,5
241,0,15,1,1
242,0,15,1,1
243,0,15,1,1
244,0,15,10,10
245,0,15,1,1
246,0,15,1,1
247,0,15,1,1
248,0,15,1,1
249,0,15,2,5
250,0,15,1,1
251,0,15,1,1
252,0,15,1,1
253,0,15,1,1
254,0,1,1,1
255,0,15,1,1
256,0,15,1,1
257,0,15,1,1
258,0,1,2,5
259,0,15,2,5
260,0,15,1,1
261,0,15,1,1
262,0,15,1,1
263,0,15,1,1
264,0,15,2,1
265,0,15,1,1
266,0,15,1,1
267,0,15,1,1
268,0,15,1,1
269,0,15,2,5
270,0,15,1,1
271,0,15,3,5
272,0,1,2,5
273,0,15,1,1
274,0,15,1,1
275,0,15,1,1
276,0,15,1,1
277,0,15,1,1
278,0,15,1,1
279,0,15,1,1
280,0,15,1,1
281,0,15,2,5
282,0,15,1,1
283,0,15,1,1
284,0,15,3,5
285,0,15,1,1
286,0,15,1,1
287,0,15,2,1
288,0,15,1,1
289,0,15,1,1
290,0,15,1,1
291,0,15,1,1
292,0,15,2,5
293,0,15,1,1
294,0,15,2,5
295,0,15,1,1
296,0,15,1,1
297,0,15,1,1
298,0,15,2,5
299,0,15,1,1
300,0,15,1,1
301,0,15,1,1
302,0,15,2,5
303,0,15,1,1
304,0,15,1,1
305,0,15,1,1
306,0,15,2,1
307,0,15,1,1
308,0,15,1,1
309,0,15,2,5
310,0,15,1,1
311,0,15,2,1
312,0,15,1,1
313,0,15,2,1
314,0,15,2,1
315,0,15,2,5
316,0,15,1,1
317,0,8,2,5
318,0,15,1,1
319,0,15,1,1
320,0,15,1,1
321,0,15,1,1
322,0,15,3,5
323,0,15,1,1
324,0,15,2,5
325,0,15,1,1
326,0,15,1,1
327,0,15,3,5
328,0,15,1,1
329,0,15,1,1
330,0,15,1,1
331,0,15,1,1
332,0,15,1,1
333,0,15,1,1
334,0,15,1,1
335,0,12,1,1
336,0,15,1,1
337,0,15,1,1
338,0,15,1,1
339,0,15,1,1
340,0,15,1,1
341,0,15,1,1
342,0,15,1,1
343,0,15,1,1
344,0,15,1,1
345,0,15,2,1
346,0,15,3,5
347,0,15,1,1
348,0,15,1,1
349,0,6,1,1
350,0,15,2,1
351,0,15,2,1
352,0,15,1,1
353,0,15,1,1
354,0,11,1,1
355,0,15,1,1
356,0,15,1,1
357,0,15,1,1
358,0,15,2,1
359,0,15,1,1
360,0,15,1,1
361,0,15,1,1
362,0,15,1,1
363,0,15,1,1
364,0,15,1,1
365,0,15,2,1
366,0,15,1,1
367,0,15,1,1
368,0,15,2,1
369,0,15,1,1
370,0,15,1,1
371,0,15,1,1
372,0,15,3,5
373,0,15,1,1
374,0,15,1,1
375,0,15,1,1
376,0,15,1,1
377,0,15,1,1
378,0,15,2,1
379,0,15,1,1
380,0,15,1,1
381,0,15,2,1
382,0,15,1,1
383,0,15,2,5
384,0,15,1,1
385,0,15,2,1
386,0,15,1,1
387,0,15,1,1
388,0,15,1,1
389,0,15,1,1
390,0,15,1,1
391,0,15,1,1
392,0,15,2,1
393,0,15,2,5
394,0,15,1,1
395,0,15,1,1
396,0,15,1,1
397,0,15,1,1
398,0,15,1,1
399,0,15,1,1
400,0,15,2,1
401,0,15,3,5
402,0,15,1,1
403,0,15,1,1
404,0,15,1,1
405,0,15,1,1
406,0,15,1,1
407,0,15,3,5
408,0,15,1,1
409,0,15,2,5
410,0,15,1,1
411,0,15,1,1
412,0,15,3,5
413,0,15,1,1
414,0,15,2,5
415,0,15,1,1
416,0,15,2,5
417,0,15,1,1
418,0,15,1,1
419,0,15,2,1
420,0,15,1,1
421,0,15,3,5
422,0,15,1,1
423,0,15,1,1
424,0,11,2,1
425,0,15,1,1
426,0,15,1,1
427,0,15,1,1
428,0,15,1,1
429,0,15,1,1
430,0,15,1,1
431,0,15,1,1
432,0,15,1,1
433,0,15,2,5
434,0,15,2,1
435,0,15,1,1
436,0,15,1,1
437,0,6,1,1
438,0,15,1,1
439,0,15,1,1
440,0,15,1,1
441,0,15,2,1
442,0,15,2,1
443,0,15,1,1
444,0,15,1,1
445,0,15,2,5
446,0,15,1,1
447,0,15,1,1
448,0,15,10,10
449,0,15,1,1
450,0,15,1,1
451,0,15,2,1
452,0,15,1,1
453,0,15,1,1
454,0,15,1,1
455,0,15,2,1
456,0,15,2,5
457,0,15,1,1
458,0,15,1,1
459,0,15,1,1
460,0,15,3,5
461,0,15,1,1
462,0,15,1,1
463,0,15,1,1
464,0,15,2,1
465,0,15,2,5
466,0,15,1,1
467,0,15,1,1
468,0,15,1,1
469,0,15,1,1
470,0,15,2,1
471,0,15,2,1
472,0,15,2,5
473,0,15,2,1
474,0,15,1,1
475,0,5,1,1
476,0,15,1,1
477,0,15,1,1
478,0,15,2,5
479,0,15,1,1
480,0,15,2,1
481,0,15,1,1
482,0,15,1,1
483,0,15,1,1
484,0,15,1,1
485,0,15,1,1
486,0,15,2,1
487,0,15,1,1
488,0,15,1,1
489,0,15,1,1
490,0,15,1,1
491,0,15,1,1
492,0,15,2,5
493,0,15,1,1
494,0,15,1,1
495,0,15,1,1
496,0,15,1,1
497,0,15,2,1
498,0,15,1,1
499,0,15,1,1
500,0,15,2,5
501,0,15,1,1
502,0,15,1,1
503,0,15,1,1
504,0,15,1,1
505,0,15,2,1
506,0,15,1,1
507,0,15,1,1
508,0,15,1,1
509,0,15,1,1
510,0,15,2,5
511,0,15,1,1
512,0,15,1,1
513,0,15,1,1
514,0,15,1,1
515,0,15,1,1
516,0,15,1,1
517,0,15,2,5
518,0,15,1,1
519,0,15,1,1
520,0,4,1,1
521,0,15,1,1
522,0,15,1,1
523,0,15,1,1
524,0,15,1,1
525,0,15,1,1
526,0,15,1,1
527,0,15,1,1
528,0,15,1,1
529,0,15,1,1
530,0,15,1,1
531,0,15,1,1
532,0,15,1,1
533,0,15,2,1
534,0,15,1,1
535,0,15,2,1
536,0,15,1,1
537,0,15,1,1
538,0,15,1,1
539,0,15,2,5
540,0,15,1,1
541,0,15,3,5
542,0,15,1,1
543,0,15,3,5
544,0,15,1,1
545,0,15,1,1
546,0,15,1,1
547,0,15,1,1
548,0,15,1,1
549,0,15,1,1
550,0,15,1,1
551,0,15,1,1
552,0,15,1,1
553,0,15,2,5
554,0,15,1,1
555,0,15,1,1
556,0,15,1,1
557,0,15,2,5
558,0,15,1,1
559,0,15,1,1
560,0,15,1,1
561,0,15,1,1
562,0,15,1,1
563,0,15,1,1
564,0,15,1,1
565,0,15,3,5
566,0,15,2,5
567,0,15,1,1
568,0,15,2,1
569,0,15,1,1
570,0,8,2,5
571,0,15,1,1
572,0,15,1,1
573,0,15,1,1
574,0,15,1,1
575,0,15,1,1
576,0,15,1,1
577,0,15,1,1
578,0,15,1,1
579,0,15,1,1
580,0,15,1,1
581,0,15,1,1
582,0,15,1,1
583,0,15,1,1
584,0,15,1,1
585,0,15,1,1
586,0,15,1,1
587,0,15,1,1
588,0,15,1,1
589,0,15,1,1
590,0,15,2,1
591,0,15,1,1
592,0,15,1,1
593,0,15,1,1
594,0,15,2,5
595,0,15,3,5
596,0,15,10,10
597,0,7,1,1
598,0,15,1,1
599,0,15,1,1
600,0,15,2,1
601,0,15,1,1
602,0,15,1,1
603,0,15,2,5
604,0,15,1,1
605,0,15,2,1
606,0,15,1,1
607,0,15,1,1
608,0,15,1,1
609,0,15,1,1
610,0,15,1,1
611,0,15,1,1
612,0,15,3,5
613,0,15,2,5
614,0,15,2,1
615,0,15,1,1
616,0,15,1,1
617,0,7,1,1
618,0,15,1,1
619,0,15,1,1
620,0,15,1,1
621,0,1,1,1
622,0,15,2,1
623,0,15,1,1
624,0,15,1,1
625,0,15,1,1
626,0,15,1,1
627,0,15,1,1
628,0,15,1,1
629,0,15,1,1
630,0,15,2,5
631,0,15,1,1
632,0,15,1,1
633,0,15,1,1
634,0,15,1,1
635,0,15,1,1
636,0,15,1,1
637,0,15,1,1
638,0,15,2,5
639,0,15,1,1
640,0,15,2,5
641,0,15,1,1
642,0,15,1,1
643,0,15,1,1
644,0,15,2,1
645,0,15,1,1
646,0,15,1,1
647,0,15,1,1
648,0,15,1,1
649,0,15,1,1
650,0,15,2,5
651,0,15,2,1
652,0,1,3,5
653,0,15,1,1
654,0,15,1,1
655,0,15,2,1
656,0,15,1,1
657,0,6,1,1
658,0,15,1,1
659,0,15,1,1
660,0,15,2,5
661,0,15,1,1
662,0,15,1,1
663,0,15,1,1
664,0,1,2,5
665,0,15,1,1
666,0,15,3,5
667,0,15,1,1
668,0,15,1,1
669,0,15,1,1
670,0,15,1,1
671,0,15,1,1
672,0,15,1,1
673,0,15,1,1
674,0,15,1,1
675,0,15,2,5
676,0,15,2,5
677,0,15,1,1
678,0,15,1,1
679,0,15,2,1
680,0,15,1,1
681,0,15,1,1
682,0,15,1,1
683,0,15,1,1
684,0,15,2,1
685,0,15,1,1
686,0,15,1,1
687,0,15,1,1
688,0,15,1,1
689,0,15,1,1
690,0,15,1,1
691,0,1,1,1
692,0,15,1,1
693,0,15,1,1
694,0,15,1,1
695,0,15,2,1
696,0,15,1,1
697,0,15,1,1
698,0,15,1,1
699,0,15,1,1
700,0,15,1,1
701,0,15,1,1
702,0,15,1,1
703,0,15,1,1
704,0,15,1,1
705,0,15,1,1
706,0,15,2,5
707,0,15,1,1
708,0,15,1,1
709,0,1,1,1
710,0,15,2,1
711,0,15,1,1
712,0,15,1,1
713,0,5,1,1
714,0,15,2,5
715,0,15,1,1
716,0,15,1,1
717,0,3,1,1
718,0,15,2,1
719,0,15,1,1
720,0,6,2,5
721,0,15,1,1
722,0,15,1,1
723,0,15,1,1
724,0,15,3,10
725,0,15,1,1
726,0,15,1,1
727,0,15,1,1
728,0,15,1,1
729,0,15,1,1
730,0,15,2,5
731,0,15,2,5
732,0,15,1,1
733,0,15,1,1
734,0,15,1,1
735,0,15,2,5
736,0,15,1,1
737,0,15,1,1
738,0,15,3,5
739,0,15,2,1
740,0,15,1,1
741,0,15,1,1
742,0,15,1,1
743,0,15,2,1
744,0,15,1,1
745,0,15,1,1
746,0,15,2,5
747,0,15,1,1
748,0,15,1,1
749,0,15,1,1
750,0,15,1,1
751,0,15,1,1
752,0,15,1,1
753,0,15,1,1
754,0,7,1,1
755,0,15,1,1
756,0,15,3,5
757,0,15,1,1
758,0,15,1,1
759,0,15,3,5
760,0,15,2,1
761,0,15,1,1
762,0,15,1,1
763,0,15,1,1
764,0,15,1,1
765,0,15,1,1
766,0,15,1,1
767,0,15,1,1
768,0,15,1,1
769,0,15,1,1
770,0,15,1,1
771,0,15,2,5
772,0,15,1,1
773,0,15,2,1
774,0,5,1,1
775,0,15,1,1
776,0,15,2,5
777,0,15,1,1
778,0,15,1,1
779,0,15,2,1
780,0,15,2,1
781,0,15,1,1
782,0,15,1,1
783,0,15,1,1
784,0,15,1,1
785,0,15,1,1
786,0,15,1,1
787,0,15,1,1
788,0,15,1,1
789,0,15,1,1
790,0,15,1,1
791,0,15,1,1
792,0,15,1,1
793,0,15,1,1
794,0,15,1,1
795,0,15,1,1
796,0,15,1,1
797,0,15,1,1
798,0,5,1,1
799,0,15,1,1
800,0,15,2,1
801,0,15,1,1
802,0,15,1,1
803,0,15,1,1
804,0,15,1,1
805,0,15,1,1
806,0,3,1,1
807,0,15,1,1
808,0,15,1,1
809,0,15,2,5
810,0,15,1,1
811,0,15,1,1
812,0,15,1,1
813,0,15,1,1
814,0,15,1,1
815,0,15,1,1
816,0,15,1,1
817,0,15,1,1
818,0,15,1,1
819,0,15,1,1
820,0,15,2,5
821,0,15,1,1
822,0,15,1,1
823,0,15,1,1
824,0,15,1,1
825,0,15,1,1
826,0,15,1,1
827,0,15,2,5
828,0,15,1,1
829,0,5,1,1
830,0,15,1,1
831,0,15,2,5
832,0,15,2,1
833,0,4,10,10
834,0,15,2,5
835,0,15,1,1
836,0,15,1,1
837,0,15,1,1
838,0,15,2,1
839,0,15,1,1
840,0,15,10,10
841,0,15,2,5
842,0,15,1,1
843,0,15,2,1
844,0,15,1,1
845,0,15,3,5
846,0,15,1,1
847,0,15,1,1
848,0,15,1,1
849,0,15,1,1
850,0,15,1,1
851,0,15,1,1
852,0,15,1,1
853,0,15,1,1
854,0,15,1,1
855,0,15,1,1
856,0,15,1,1
857,0,15,1,1
858,0,15,1,1
859,0,15,2,5
860,0,15,2,5
861,0,15,1,1
862,0,15,1,1
863,0,15,1,1
864,0,15,1,1
865,0,15,2,5
866,0,15,1,1
867,0,15,1,1
868,0,15,2,1
869,0,15,1,1
870,0,15,1,1
871,0,15,1,1
872,0,15,2,1
873,0,15,1,1
874,0,15,2,1
875,0,15,1,1
876,0,15,1,1
877,0,15,1,1
878,0,15,1,1
879,0,3,1,1
880,0,1,1,1
881,0,15,2,5
882,0,15,1,1
883,0,15,2,5
884,0,15,1,1
885,0,15,3,5
886,0,15,1,1
887,0,15,1,1
888,0,15,1,1
889,0,2,2,5
890,0,15,1,1
891,0,15,1,1
892,0,15,1,1
893,0,15,1,1
894,0,15,1,1
895,0,15,1,1
896,0,15,1,1
897,0,15,1,1
898,0,15,2,1
899,0,15,1,1
900,0,15,1,1
901,0,15,1,1
902,0,15,2,1
903,0,15,1,1
904,0,15,1,1
905,0,15,1,1
906,0,15,2,5
907,0,15,1,1
908,0,15,2,1
909,0,15,2,5
910,0,15,1,1
911,0,15,2,5
912,0,15,1,1
913,0,15,2,1
914,0,15,1,1
915,0,15,1,1
916,0,15,1,1
917,0,15,1,1
918,0,15,1,1
919,0,15,1,1
920,0,15,1,1
921,0,15,1,1
922,0,15,1,1
923,0,15,1,1
924,0,15,1,1
925,0,15,1,1
926,0,15,1,1
927,0,15,1,1
928,0,15,1,1
929,0,15,1,1
930,0,15,1,1
931,0,15,3,5
932,0,15,2,1
933,0,15,3,5
934,0,15,2,5
935,0,15,1,1
936,0,15,1,1
937,0,15,1,1
938,0,15,1,1
939,0,15,2,5
940,0,15,2,5
941,0,15,1,1
942,0,1,1,1
943,0,15,1,1
944,0,15,1,1
945,0,15,3,5
946,0,15,1,1
947,0,15,3,5
948,0,15,1,1
949,0,15,1,1
950,0,15,2,5
951,0,15,1,1
952,0,15,3,5
953,0,15,1,1
954,0,15,1,1
955,0,15,1,1
956,0,15,1,1
957,0,15,1,1
958,0,15,1,1
959,0,15,1,1
960,0,15,2,5
961,0,15,2,1
962,0,15,1,1
963,0,15,1,1
964,0,15,1,1
965,0,15,2,1
966,0,15,1,1
967,0,15,1,1
968,0,15,1,1
969,0,15,1,1
970,0,15,2,1
971,0,15,1,1
972,0,15,1,1
973,0,15,1,1
974,0,15,2,5
975,0,15,1,1
976,0,15,2,1
977,0,15,2,5
978,0,15,1,1
979,0,15,3,5
980,0,15,2,5
981,0,15,1,1
982,0,15,2,1
983,0,15,1,1
984,0,15,1,1
985,0,15,1,1
986,0,15,1,1
987,0,15,1,1
988,0,15,2,5
989,0,15,1,1
990,0,15,2,5
991,0,15,2,5
992,0,15,1,1
993,0,15,1,1
994,0,15,2,5
995,0,15,1,1
996,0,15,1,1
997,0,15,2,1
998,0,15,1,1
999,0,15,1,1
1000,0,15,1,1
1001,0,15,2,5
1002,0,15,1,1
1003,0,15,2,5
1004,0,15,1,1
1005,0,15,1,1
1006,0,15,1,1
1007,0,15,3,5
1008,0,1,2,5
1009,0,15,2,1
1010,0,15,1,1
1011,0,15,2,1
1012,0,15,1,1
1013,0,15,1,1
1014,0,15,1,1
1015,0,15,1,1
1016,0,15,1,1
1017,0,15,1,1
1018,0,15,1,1
1019,0,15,2,1
1020,0,15,2,1
1021,0,15,1,1
1022,0,15,1,1
1023,0,11,3,5
1024,0,15,1,1
1025,0,15,3,5
1026,0,15,1,1
1027,0,15,1,1
1028,0,15,1,1
1029,0,15,1,1
1030,0,15,1,1
1031,0,15,2,1
1032,0,15,1,1
1033,0,15,1,1
1034,0,15,2,1
1035,0,15,1,1
1036,0,15,1,1
1037,0,15,1,1
1038,0,15,2,5
1039,0,15,1,1
1040,0,15,1,1
1041,0,15,1,1
1042,0,15,1,1
1043,0,15,1,1
1044,0,15,2,5
1045,0,15,2,1
1046,0,15,1,1
1047,0,15,1,1
1048,0,15,1,1
1049,0,15,2,5
1050,0,15,3,5
1051,0,15,1,1
1052,0,15,1,1
1053,0,15,1,1
1054,0,15,1,1
1055,0,15,3,5
1056,0,15,1,1
1057,0,15,1,1
1058,0,15,1,1
1059,0,15,1,1
1060,0,15,1,1
1061,0,15,1,1
1062,0,15,1,1
1063,0,15,1,1
1064,0,15,1,1
1065,0,15,3,5
1066,0,15,1,1
1067,0,15,10,10
1068,0,15,1,1
1069,0,15,1,1
1070,0,15,1,1
1071,0,15,1,1
1072,0,4,1,1
1073,0,15,2,1
1074,0,15,1,1
1075,0,15,2,5
1076,0,15,2,5
1077,0,15,1,1
1078,0,15,3,5
1079,0,15,1,1
1080,0,15,1,1
1081,0,15,1,1
1082,0,15,2,5
1083,0,15,1,1
1084,0,15,2,1
1085,0,15,1,1
1086,0,15,2,1
1087,0,15,2,5
1088,0,15,1,1
1089,0,15,1,1
1090,0,15,2,1
1091,0,15,1,1
1092,0,15,1,1
1093,0,15,1,1
1094,0,15,1,1
1095,0,15,1,1
1096,0,15,1,1
1097,0,15,2,1
1098,0,15,1,1
1099,0,15,1,1
1100,0,15,2,1
1101,0,15,2,1
1102,0,15,1,1
1103,0,15,1,1
1104,0,6,1,1
1105,0,15,1,1
1106,0,15,1,1
1107,0,15,1,1
1108,0,15,1,1
1109,0,15,1,1
1110,0,15,1,1
1111,0,15,1,1
1112,0,15,1,1
1113,0,15,1,1
1114,0,15,1,1
1115,0,15,1,1
1116,0,15,1,1
1117,0,8,2,5
1118,0,1,2,1
1119,0,15,2,5
1120,0,15,1,1
1121,0,15,2,5
1122,0,15,2,5
1123,0,15,1,1
1124,0,15,1,1
1125,0,15,1,1
1126,0,15,1,1
1127,0,15,1,1
1128,0,15,2,1
1129,0,15,1,1
1130,0,11,1,1
1131,0,15,1,1
1132,0,15,1,1
1133,0,15,1,1
1134,0,15,1,1
1135,0,15,1,1
1136,0,15,1,1
1137,0,1,1,1
1138,0,15,2,1
1139,0,15,1,1
1140,0,15,1,1
1141,0,15,1,1
1142,0,15,1,1
1143,0,15,1,1
1144,0,15,1,1
1145,0,15,1,1
1146,0,11,3,10
1147,0,15,1,1
1148,0,15,2,5
1149,0,15,1,1
1150,0,15,1,1
1151,0,15,1,1
1152,0,15,3,5
1153,0,15,2,1
1154,0,15,1,1
1155,0,15,1,1
1156,0,15,1,1
1157,0,15,2,5
1158,0,15,1,1
1159,0,15,1,1
1160,0,15,1,1
1161,0,15,1,1
1162,0,15,1,1
1163,0,15,1,1
1164,0,15,3,10
1165,0,15,1,1
1166,0,15,1,1
1167,0,15,1,1
1168,0,15,1,1
1169,0,15,1,1
1170,0,15,1,1
1171,0,15,1,1
1172,0,15,1,1
1173,0,15,1,1
1174,0,15,1,1
1175,0,15,1,1
1176,0,15,1,1
1177,0,15,1,1
1178,0,15,2,1
1179,0,15,1,1
1180,0,15,1,1
1181,0,15,1,1
1182,0,15,1,1
1183,0,15,1,1
1184,0,15,1,1
1185,0,15,1,1
1186,0,15,2,5
1187,0,1,3,5
1188,0,15,2,1
1189,0,15,1,1
1190,0,15,1,1
1191,0,15,1,1
1192,0,15,1,1
1193,0,15,1,1
1194,0,15,1,1
1195,0,15,2,5
1196,0,15,1,1
1197,0,15,2,5
1198,0,15,1,1
1199,0,15,1,1
1200,0,15,1,1
1201,0,15,2,1
1202,0,15,1,1
1203,0,15,1,1
1204,0,15,1,1
1205,0,15,1,1
1206,0,15,2,1
1207,0,15,2,5
1208,0,15,1,1
1209,0,15,1,1
1210,0,1,1,1
1211,0,6,1,1
1212,0,12,3,10
1213,0,15,1,1
1214,0,15,10,10
1215,0,15,1,1
1216,0,15,2,5
1217,0,15,1,1
1218,0,15,1,1
1219,0,15,1,1
1220,0,15,2,1
1221,0,15,3,5
1222,0,15,1,1
1223,0,15,1,1
1224,0,15,2,5
1225,0,15,1,1
1226,0,15,1,1
1227,0,15,1,1
1228,0,15,3,5
1229,0,15,1,1
1230,0,3,1,1
1231,0,15,1,1
1232,0,15,1,1
1233,0,15,1,1
1234,0,15,1,1
1235,0,15,2,1
1236,0,15,1,1
1237,0,15,1,1
1238,0,15,1,1
1239,0,15,3,5
1240,0,15,3,5
1241,0,15,1,1
1242,0,15,2,1
1243,0,15,2,1
1244,0,15,1,1
1245,0,15,1,1
1246,0,15,1,1
1247,0,15,1,1
1248,0,15,3,5
1249,0,15,1,1
1250,0,15,1,1
1251,0,15,1,1
1252,0,15,1,1
1253,0,15,1,1
1254,0,15,1,1
1255,0,15,1,1
1256,0,15,1,1
1257,0,15,1,1
1258,0,15,1,1
1259,0,15,1,1
1260,0,15,1,1
1261,0,15,1,1
1262,0,15,1,1
1263,0,15,1,1
1264,0,15,1,1
1265,0,15,2,1
1266,0,15,1,1
1267,0,15,2,5
1268,0,15,1,1
1269,0,15,1,1
1270,0,15,3,10
1271,0,15,2,5
1272,0,15,2,1
1273,0,15,1,1
1274,0,15,1,1
1275,0,15,1,1
1276,0,15,1,1
1277,0,15,1,1
1278,0,15,2,1
1279,0,15,2,1
1280,0,15,1,1
1281,0,15,3,5
1282,0,15,1,1
1283,0,15,1,1
1284,0,15,1,1
1285,0,15,1,1
1286,0,15,1,1
1287,0,15,1,1
1288,0,15,1,1
1289,0,15,1,1
1290,0,15,1,1
1291,0,15,1,1
1292,0,15,1,1
1293,0,15,2,5
1294,0,15,2,1
1295,0,15,1,1
1296,0,15,1,1
1297,0,15,1,1
1298,0,15,2,5
1299,0,15,1,1
1300,0,15,1,1
1301,0,15,1,1
1302,0,15,2,1
1303,0,15,3,5
1304,0,15,2,1
1305,0,15,1,1
1306,0,15,1,1
1307,0,15,3,5
1308,0,15,1,1
1309,0,15,2,5
1310,0,15,1,1
1311,0,15,1,1
1312,0,15,2,1
1313,0,15,1,1
1314,0,15,1,1
1315,0,15,1,1
1316,0,15,1,1
1317,0,15,2,5
1318,0,15,1,1
1319,0,15,2,5
1320,0,15,1,1
1321,0,15,1,1
1322,0,15,1,1
1323,0,15,1,1
1324,0,15,1,1
1325,0,15,2,5
1326,0,15,3,5
1327,0,15,1,1
1328,0,15,1,1
1329,0,15,2,5
1330,0,15,3,5
1331,0,15,1,1
1332,0,15,2,1
1333,0,15,1,1
1334,0,15,1,1
1335,0,15,1,1
1336,0,15,1,1
1337,0,15,2,1
1338,0,15,1,1
1339,0,15,1,1
1340,0,15,1,1
1341,0,15,1,1
1342,0,15,1,1
1343,0,15,1,1
1344,0,15,2,1
1345,0,15,1,1
1346,0,15,1,1
1347,0,15,1,1
1348,0,15,1,1
1349,0,15,2,5
1350,0,15,1,1
1351,0,15,1,1
1352,0,15,1,1
1353,0,15,1,1
1354,0,15,1,1
1355,0,15,1,1
1356,0,15,2,1
1357,0,15,1,1
1358,0,15,1,1
1359,0,15,1,1
1360,0,15,1,1
1361,0,15,2,5
1362,0,15,1,1
1363,0,1,1,1
1364,0,15,2,1
1365,0,15,1,1
1366,0,15,2,1
1367,0,15,2,1
1368,0,15,2,1
1369,0,15,1,1
1370,0,15,1,1
1371,0,15,1,1
1372,0,15,1,1
1373,0,15,1,1
1374,0,15,2,5
1375,0,15,1,1
1376,0,15,1,1
1377,0,15,1,1
1378,0,15,1,1
1379,0,15,1,1
1380,0,15,1,1
1381,0,15,1,1
1382,0,15,2,5
1383,0,15,1,1
1384,0,15,1,1
1385,0,15,1,1
1386,0,15,1,1
1387,0,15,2,1
1388,0,15,1,1
1389,0,15,1,1
1390,0,15,1,1
1391,0,15,1,1
1392,0,15,1,1
1393,0,15,3,5
1394,0,15,1,1
1395,0,15,3,5
1396,0,15,1,1
1397,0,15,1,1
1398,0,15,1,1
1399,0,15,2,1
1400,0,15,1,1
1401,0,15,1,1
1402,0,15,1,1
1403,0,15,1,1
1404,0,15,1,1
1405,0,15,1,1
1406,0,15,1,1
1407,0,15,2,5
1408,0,15,1,1
1409,0,15,2,1
1410,0,15,1,1
1411,0,8,1,1
1412,0,15,1,1
1413,0,15,1,1
1414,0,15,1,1
1415,0,15,1,1
1416,0,15,1,1
1417,0,15,1,1
1418,0,15,1,1
1419,0,15,1,1
1420,0,15,1,1
1421,0,15,1,1
1422,0,15,1,1
1423,0,15,1,1
1424,0,15,1,1
1425,0,15,1,1
1426,0,15,1,1
1427,0,15,1,1
1428,0,15,1,1
1429,0,15,1,1
1430,0,15,1,1
1431,0,15,3,5
1432,0,15,1,1
1433,0,15,1,1
1434,0,15,2,1
1435,0,15,2,5
1436,0,15,1,1
1437,0,15,2,1
1438,0,15,2,1
1439,0,15,2,1
1440,0,15,1,1
1441,0,15,1,1
1442,0,15,2,5
1443,0,15,1,1
1444,0,15,1,1
1445,0,15,1,1
1446,0,15,1,1
1447,0,15,2,5
1448,0,15,1,1
1449,0,15,1,1
1450,0,15,1,1
1451,0,15,2,1
1452,0,15,1,1
1453,0,15,1,1
1454,0,15,1,1
1455,0,15,3,5
1456,0,15,1,1
1457,0,15,2,5
1458,0,15,1,1
1459,0,8,2,5
1460,0,15,1,1
1461,0,15,1,1
1462,0,15,1,1
1463,0,15,1,1
1464,0,15,1,1
1465,0,15,1,1
1466,0,2,1,1
1467,0,1,3,5
1468,0,15,1,1
1469,0,15,1,1
1470,0,15,1,1
1471,0,2,3,5
1472,0,15,1,1
1473,0,15,1,1
1474,0,15,2,5
1475,0,15,1,1
1476,0,15,2,5
1477,0,15,3,5
1478,0,15,2,1
1479,0,15,1,1
1480,0,15,1,1
1481,0,15,1,1
1482,0,15,1,1
1483,0,15,1,1
1484,0,5,1,1
1485,0,15,2,1
1486,0,15,1,1
1487,0,15,1,1
1488,0,15,1,1
1489,0,15,1,1
1490,0,15,1,1
1491,0,15,2,5
1492,0,15,1,1
1493,0,15,1,1
1494,0,15,2,1
1495,0,15,1,1
1496,0,15,1,1
1497,0,15,1,1
1498,0,15,1,1
1499,0,15,3,5
1500,0,15,2,5
1501,0,15,2,1
1502,0,15,1,1
1503,0,15,1,1
1504,0,15,2,1
1505,0,15,1,1
1506,0,15,1,1
1507,0,15,2,1
1508,0,15,2,1
1509,0,15,3,5
1510,0,15,1,1
1511,0,15,1,1
1512,0,15,1,1
1513,0,15,2,1
1514,0,15,2,1
1515,0,15,2,1
1516,0,15,1,1
1517,0,15,1,1
1518,0,15,1,1
1519,0,15,1,1
1520,0,15,1,1
1521,0,15,1,1
1522,0,15,2,1
1523,0,15,1,1
1524,0,15,2,5
1525,0,15,1,1
1526,0,15,1,1
1527,0,15,1,1
1528,0,15,10,10
1529,0,15,3,5
1530,0,15,1,1
1531,0,15,1,1
1532,0,15,1,1
1533,0,15,1,1
1534,0,15,1,1
1535,0,15,2,1
1536,0,15,1,1
1537,0,15,1,1
1538,0,15,1,1
1539,0,15,1,1
1540,0,15,1,1
1541,0,15,2,5
1542,0,15,1,1
1543,0,15,2,1
1544,0,15,1,1
1545,0,15,1,1
1546,0,15,3,5
1547,0,15,1,1
1548,0,15,1,1
1549,0,15,1,1
1550,0,15,1,1
1551,0,15,2,1
1552,0,15,2,5
1553,0,15,1,1
1554,0,15,1,1
1555,0,15,1,1
1556,0,15,1,1
1557,0,15,1,1
1558,0,15,3,5
1559,0,15,2,1
1560,0,15,1,1
1561,0,15,2,1
1562,0,15,1,1
1563,0,15,1,1
1564,0,7,1,1
1565,0,15,1,1
1566,0,15,1,1
1567,0,4,1,1
1568,0,1,1,1
1569,0,15,2,1
1570,0,15,1,1
1571,0,15,1,1
1572,0,15,1,1
1573,0,1,2,5
1574,0,15,1,1
1575,0,15,1,1
1576,0,15,1,1
1577,0,15,1,1
1578,0,15,1,1
1579,0,15,1,1
1580,0,15,1,1
1581,0,15,1,1
1582,0,15,1,1
1583,0,15,2,1
1584,0,15,1,1
1585,0,15,1,1
1586,0,15,1,1
1587,0,15,1,1
1588,0,15,1,1
1589,0,15,1,1
1590,0,15,1,1
1591,0,1,3,5
1592,0,7,1,1
1593,0,1,1,1
1594,0,15,1,1
1595,0,15,1,1
1596,0,15,1,1
1597,0,15,1,1
1598,0,15,1,1
1599,0,15,1,1
1600,0,15,1,1
1601,0,1,1,1
1602,0,15,2,1
1603,0,15,3,5
1604,0,15,1,1
1605,0,15,2,1
1606,0,15,1,1
1607,0,6,1,1
1608,0,15,1,1
1609,0,15,2,5
1610,0,15,3,5
1611,0,15,1,1
1612,0,15,2,5
1613,0,15,1,1
1614,0,15,1,1
1615,0,15,1,1
1616,0,15,2,1
1617,0,15,1,1
1618,0,15,1,1
1619,0,15,1,1
1620,0,15,2,5
1621,0,15,1,1
1622,0,15,1,1
1623,0,15,1,1
1624,0,15,1,1
1625,0,15,2,1
1626,0,15,1,1
1627,0,15,1,1
1628,0,15,1,1
1629,0,3,2,5
1630,0,15,2,1
1631,0,15,1,1
1632,0,15,1,1
1633,0,15,1,1
1634,0,1,1,1
1635,0,1,1,1
1636,0,15,1,1
1637,0,15,1,1
1638,0,1,1,1
1639,0,15,10,10
1640,0,1,3,5
1641,0,1,1,1
1642,0,1,1,1
1643,0,1,1,1
1644,0,1,1,1
1645,0,8,1,1
1646,1,1,1,1
1647,1,1,2,1
1648,1,2,1,1
1649,1,1,1,1
1650,1,6,1,1
1651,1,15,1,1
1652,2,1,2,5
1653,2,15,1,1
1654,2,1,1,1
1655,2,15,2,5
1656,2,1,1,1
1657,2,1,1,1
1658,2,2,1,1
1659,2,1,1,1
1660,2,1,1,1
1661,2,1,2,1
1662,2,2,2,5
1663,3,1,1,1
1664,3,15,1,1
1665,3,1,3,5
1666,3,7,1,1
1667,3,4,1,1
1668,3,1,2,5
1669,3,6,1,1
1670,3,1,1,1
1671,3,1,1,1
1672,3,7,2,5
1673,3,4,2,1
1674,3,1,2,1
1675,3,1,2,5
1676,3,1,1,1
1677,4,15,1,1
1678,4,1,2,5
1679,4,2,2,5
1680,4,1,2,5
1681,4,2,2,5
1682,4,1,1,1
1683,5,14,1,1
1684,5,1,2,1
1685,5,5,1,1
1686,5,1,1,1
1687,5,1,1,1
1688,5,7,1,1
1689,5,1,1,1
1690,5,1,2,1
1691,5,1,2,5
1692,5,1,1,1
1693,5,1,1,1
1694,6,1,1,1
1695,6,5,1,1
1696,6,1,2,1
1697,6,2,1,1
1698,6,1,1,1
1699,6,1,1,1
1700,6,1,1,1
1701,6,1,1,1
1702,6,1,1,1
1703,6,1,1,1
1704,6,1,1,1
1705,6,1,1,1
1706,6,1,1,1
1707,6,1,2,5
1708,6,1,2,5
1709,6,2,1,1
1710,6,15,1,1
1711,7,1,1,1
1712,7,1,2,1
1713,7,2,1,1
1714,7,1,1,1
1715,7,1,1,1
1716,7,4,3,5
1717,7,1,1,1
1718,8,1,2,1
1719,8,1,2,5
1720,8,1,1,1
1721,8,1,3,5
1722,8,9,1,1
1723,8,1,3,5
1724,9,1,1,1
1725,9,1,2,1
1726,9,1,1,1
1727,9,1,2,5
1728,9,1,1,1
1729,9,1,2,5
1730,9,1,1,1
1731,9,1,1,1
1732,9,1,2,5
1733,9,1,1,1
1734,9,15,2,5
1735,9,1,1,1
1736,9,1,1,1
1737,9,1,1,1
1738,10,1,2,5
1739,10,1,1,1
1740,10,1,2,5
1741,10,1,1,1
1742,10,4,2,5
1743,10,1,1,1
1744,10,12,1,1
1745,11,1,2,5
1746,11,15,1,1
1747,11,3,1,1
1748,11,1,1,1
1749,11,15,1,1
1750,11,15,2,5
1751,11,1,1,1
1752,11,1,2,5
1753,11,1,2,5
1754,12,1,2,1
1755,12,1,1,1
1756,12,2,1,1
1757,12,1,2,1
1758,12,1,1,1
1759,12,1,1,1
1760,12,2,1,1
1761,12,1,2,5
1762,12,1,1,1
1763,12,1,1,1
1764,12,1,1,1
1765,12,3,1,1
1766,12,1,1,1
1767,12,1,1,1
1768,13,15,2,5
1769,13,1,1,1
1770,13,1,2,5
1771,13,1,3,5
1772,13,1,2,5
1773,14,1,1,1
1774,14,1,1,1
1775,14,15,1,1
1776,14,15,1,1
1777,14,1,2,5
1778,14,1,10,10
1779,14,1,2,5
1780,15,1,1,1
1781,15,1,1,1
1782,15,2,1,1
1783,15,15,3,10
1784,15,1,3,5
1785,15,2,1,1
1786,15,1,1,1
1787,15,1,1,1
1788,15,2,1,1
1789,15,2,1,1
1790,15,1,2,5
1791,15,1,2,5
1792,16,2,1,1
1793,16,1,1,1
1794,16,1,1,1
1795,16,4,1,1
1796,16,1,2,1
1797,16,1,2,1
1798,16,1,3,5
1799,16,15,2,5
1800,17,1,1,1
1801,17,3,1,1
1802,17,1,1,1
1803,17,1,1,1
1804,17,1,1,1
1805,17,1,1,1
1806,17,1,2,5
1807,17,1,2,5
1808,17,1,2,5
1809,18,1,1,1
1810,18,1,1,1
1811,18,1,1,1
1812,18,1,2,1
1813,18,1,2,5
1814,18,13,3,5
1815,19,1,2,1
1816,19,1,1,1
1817,19,1,1,1
1818,19,1,2,5
1819,19,1,3,5
1820,19,7,1,1
1821,19,2,1,1
1822,20,1,1,1
1823,20,1,1,1
1824,20,1,2,5
1825,20,1,1,1
1826,20,1,1,1
1827,20,1,1,1
1828,20,1,2,5
1829,20,1,1,1
1830,20,1,1,1
1831,20,2,3,5
1832,20,2,3,5
1833,20,1,1,1
1834,20,1,2,1
1835,20,2,1,1
1836,20,1,1,1
1837,20,15,2,5
1838,20,2,1,1
1839,20,1,1,1
1840,20,2,1,1
1841,21,1,3,5
1842,21,1,2,5
1843,21,1,1,1
1844,21,1,3,5
1845,22,1,2,5
1846,22,1,1,1
1847,22,1,2,1
1848,22,15,1,1
1849,22,1,1,1
1850,22,1,3,5
1851,22,1,2,5
1852,22,1,3,5
1853,22,1,1,1
1854,23,1,1,1
1855,23,1,2,5
1856,23,1,2,5
1857,23,1,1,1
1858,23,15,2,5
1859,23,2,2,5
1860,24,3,2,5
1861,24,1,1,1
1862,24,1,2,5
1863,24,15,1,1
1864,24,1,2,1
1865,25,15,2,1
1866,25,1,2,5
1867,25,1,2,5
1868,25,1,2,1
1869,25,1,2,5
1870,25,1,1,1
1871,25,1,1,1
1872,25,1,1,1
1873,25,1,1,1
1874,25,1,1,1
1875,25,2,3,5
1876,25,1,1,1
1877,25,1,1,1
1878,26,1,2,5
1879,26,1,1,1
1880,26,15,10,10
1881,26,1,2,5
1882,26,1,1,1
1883,27,1,2,5
1884,27,1,2,1
1885,27,12,1,1
1886,27,12,1,1
1887,27,15,1,1
1888,28,1,2,5
1889,28,10,3,5
1890,28,1,1,1
1891,28,1,1,1
1892,28,1,2,1
1893,28,1,1,1
1894,28,1,2,5
1895,28,12,1,1
1896,29,1,1,1
1897,29,15,2,5
1898,29,12,1,1
1899,29,1,2,1
1900,29,1,2,1
1901,29,1,1,1
1902,29,9,2,1
1903,30,1,3,5
1904,30,1,1,1
1905,30,1,1,1
1906,30,3,3,5
1907,30,15,1,1
1908,31,1,1,1
1909,31,1,2,5
1910,31,3,3,5
1911,31,1,1,1
1912,31,1,3,5
1913,31,15,3,5
1914,31,1,2,1
1915,31,1,1,1
1916,31,1,2,5
1917,31,1,2,1
1918,31,1,1,1
1919,31,9,1,1
1920,32,1,1,1
1921,32,1,1,1
1922,32,1,1,1
1923,32,1,1,1
1924,32,15,2,5
1925,32,1,1,1
1926,32,1,2,5
1927,32,1,1,1
1928,33,1,2,1
1929,33,1,2,5
1930,33,1,1,1
1931,33,1,2,5
1932,33,1,1,1
1933,33,1,2,5
1934,33,1,2,5
1935,33,1,2,5
1936,33,1,3,5
1937,33,1,1,1
1938,33,1,2,1
1939,34,1,1,1
1940,34,1,1,1
1941,34,15,2,5
1942,34,1,1,1
1943,34,1,1,1
1944,34,1,2,1
1945,34,1,1,1
1946,34,1,1,1
1947,34,1,2,5
1948,34,1,2,1
1949,34,7,1,1
1950,34,13,1,1
1951,35,1,2,5
1952,35,1,2,5
1953,35,1,2,1
1954,35,15,1,1
1955,35,2,2,5
1956,35,1,1,1
1957,36,3,10,10
1958,36,1,1,1
1959,36,1,1,1
1960,36,1,1,1
1961,37,1,1,1
1962,37,1,1,1
1963,37,1,1,1
1964,37,12,1,1
1965,37,1,2,1
1966,37,1,2,5
1967,37,1,2,5
1968,37,3,10,10
1969,37,2,10,10
1970,38,1,1,1
1971,38,1,2,5
1972,38,1,2,5
1973,38,1,2,5
1974,38,1,1,1
1975,38,1,1,1
1976,38,15,1,1
1977,38,1,1,1
1978,39,1,1,1
1979,39,1,2,5
1980,39,1,2,5
1981,39,1,1,1
1982,39,1,1,1
1983,39,1,1,1
1984,39,1,1,1
1985,39,1,2,1
1986,39,1,3,5
1987,39,1,1,1
1988,40,1,2,5
1989,40,1,1,1
1990,40,1,1,1
1991,40,5,3,5
1992,40,1,1,1
1993,40,1,1,1
1994,40,1,2,5
1995,40,1,1,1
1996,40,1,1,1
1997,40,1,2,5
1998,41,13,1,1
1999,41,1,1,1
2000,41,15,1,1
2001,41,15,1,1
2002,41,2,1,1
2003,41,1,2,5
2004,41,1,2,5
2005,41,1,2,5
2006,41,1,2,1
2007,42,1,3,5
2008,42,1,2,5
2009,42,12,2,5
2010,42,1,2,5
2011,42,2,1,1
2012,42,1,1,1
2013,43,1,1,1
2014,43,1,1,1
2015,43,15,1,1
2016,43,1,2,5
2017,43,15,1,1
2018,44,1,1,1
2019,44,1,1,1
2020,44,1,3,5
2021,44,3,3,5
2022,44,2,1,1
2023,44,1,1,1
2024,44,1,1,1
2025,44,1,3,5
2026,45,15,10,10
2027,45,1,1,1
2028,45,1,1,1
2029,45,1,1,1
2030,45,1,1,1
2031,45,1,1,1
2032,45,2,1,1
2033,45,1,1,1
2034,45,2,2,5
2035,45,1,2,5
2036,45,1,2,5
2037,45,15,1,1
2038,46,1,2,5
2039,46,1,2,5
2040,46,1,2,5
2041,46,15,1,1
2042,46,1,2,1
2043,46,1,2,1
2044,46,1,1,1
2045,47,1,1,1
2046,47,1,1,1
2047,47,1,1,1
2048,47,1,2,5
2049,47,1,1,1
2050,47,1,2,5
2051,47,1,1,1
2052,47,1,1,1
2053,47,14,1,1
2054,48,1,1,1
2055,48,1,1,1
2056,48,1,1,1
2057,48,1,1,1
2058,48,1,10,10
2059,48,6,2,5
2060,48,1,1,1
2061,48,1,1,1
2062,48,1,1,1
2063,49,3,2,5
2064,49,1,1,1
2065,49,7,1,1
2066,49,1,2,5
2067,49,3,2,5
2068,49,5,2,5
2069,49,10,2,5
2070,49,5,2,5
2071,50,1,2,5
2072,50,1,2,5
2073,50,1,2,5
2074,50,8,2,5
2075,50,1,1,1
2076,50,1,1,1
2077,51,10,2,5
2078,51,1,1,1
2079,51,1,1,1
2080,51,13,1,1
2081,51,1,1,1
2082,51,2,2,5
2083,51,1,1,1
2084,51,1,2,1
2085,51,1,3,5
2086,51,1,1,1
2087,51,8,3,5
2088,51,1,1,1
2089,51,1,2,5
2090,51,1,1,1
2091,51,1,1,1
2092,51,1,1,1
2093,51,1,1,1
2094,52,1,1,1
2095,52,1,1,1
2096,52,1,1,1
2097,52,1,1,1
2098,52,1,1,1
2099,52,13,1,1
2100,52,1,3,5
2101,53,1,2,5
2102,53,15,1,1
2103,53,1,1,1
2104,53,1,2,5
2105,53,1,3,5
2106,53,1,1,1
2107,53,1,3,5
2108,53,10,1,1
2109,54,1,1,1
2110,54,1,2,5
2111,54,1,1,1
2112,54,1,2,5
2113,54,1,2,5
2114,54,1,2,5
2115,54,15,2,1
2116,54,1,2,1
2117,54,3,2,5
2118,54,3,3,5
2119,54,1,2,5
2120,54,1,3,5
2121,54,1,1,1
2122,54,15,1,1
2123,55,1,1,1
2124,55,1,1,1
2125,55,1,1,1
2126,55,1,2,5
2127,55,1,2,5
2128,55,1,1,1
2129,55,1,1,1
2130,55,1,1,1
2131,55,15,1,1
2132,55,1,3,5
2133,55,1,1,1
2134,56,10,1,1
2135,56,1,1,1
2136,56,1,1,1
2137,56,15,2,1
2138,56,1,1,1
2139,56,1,1,1
2140,56,1,1,1
2141,56,1,1,1
2142,56,1,1,1
2143,56,1,1,1
2144,56,2,1,1
2145,56,1,3,5
2146,57,4,2,1
2147,57,1,1,1
2148,57,1,2,5
2149,57,15,1,1
2150,57,1,2,5
2151,57,15,2,5
2152,57,1,1,1
2153,58,15,1,1
2154,58,1,1,1
2155,58,8,1,1
2156,58,13,1,1
2157,58,1,10,10
2158,58,1,1,1
2159,58,1,10,10
2160,58,1,1,1
2161,58,1,2,5
2162,58,1,1,1
2163,58,1,1,1
2164,58,1,2,5
2165,58,1,1,1
2166,59,1,3,5
2167,59,1,3,5
2168,59,1,1,1
2169,59,1,2,5
2170,59,1,1,1
2171,59,13,1,1
2172,59,1,3,5
2173,59,1,1,1
2174,59,1,1,1
2175,59,1,1,1
2176,59,1,1,1
2177,59,1,1,1
2178,59,1,2,5
2179,59,1,3,5
2180,59,1,1,1
2181,59,1,1,1
2182,59,3,1,1
2183,60,1,1,1
2184,60,15,1,1
2185,60,1,1,1
2186,60,1,1,1
2187,60,1,1,1
2188,60,1,1,1
2189,60,1,1,1
2190,60,1,2,5
2191,60,1,1,1
2192,60,1,1,1
2193,60,1,2,5
2194,60,1,1,1
2195,60,1,2,1
2196,60,1,1,1
2197,60,1,2,5
2198,61,1,1,1
2199,61,13,1,1
2200,61,1,1,1
2201,61,15,2,5
2202,61,1,2,5
2203,61,1,2,5
2204,61,1,1,1
2205,61,1,2,1
2206,61,3,1,1
2207,61,15,2,5
2208,61,2,1,1
2209,62,3,1,1
2210,62,1,2,5
2211,62,15,2,5
2212,62,1,2,5
2213,62,1,1,1
2214,62,3,1,1
2215,62,1,1,1
2216,62,1,2,5
2217,62,1,1,1
2218,63,1,1,1
2219,63,1,2,5
2220,63,1,2,5
2221,63,1,1,1
2222,63,1,2,5
2223,63,1,1,1
2224,64,1,2,5
2225,64,1,2,5
2226,64,1,1,1
2227,64,1,1,1
2228,64,3,1,1
2229,64,1,1,1
2230,65,1,3,5
2231,65,1,2,5
2232,65,3,3,5
2233,65,15,1,1
2234,65,2,3,5
2235,65,1,1,1
2236,65,4,1,1
2237,65,1,2,5
2238,65,1,1,1
2239,65,15,1,1
2240,65,1,1,1
2241,65,1,1,1
2242,65,1,2,5
2243,65,1,1,1
2244,65,3,2,5
2245,65,1,2,5
2246,66,1,2,5
2247,66,1,2,1
2248,66,4,1,1
2249,66,15,1,1
2250,66,15,2,5
2251,66,1,2,5
2252,66,1,1,1
2253,66,1,2,5
2254,66,1,1,1
2255,66,1,2,5
2256,66,1,1,1
2257,66,1,1,1
2258,67,1,1,1
2259,67,1,1,1
2260,67,1,1,1
2261,67,4,1,1
2262,67,1,2,5
2263,67,1,1,1
2264,68,1,3,5
2265,68,1,2,5
2266,68,1,2,5
2267,68,1,2,5
2268,68,1,2,1
2269,68,3,2,5
2270,68,1,2,1
2271,68,6,1,1
2272,68,1,2,5
2273,69,1,1,1
2274,69,1,2,5
2275,69,1,2,1
2276,69,1,2,5
2277,69,1,1,1
2278,69,1,1,1
2279,69,1,2,5
2280,69,1,2,5
2281,69,2,1,1
2282,69,2,1,1
2283,69,1,1,1
2284,69,1,2,5
2285,70,1,1,1
2286,70,1,1,1
2287,70,7,1,1
2288,70,1,1,1
2289,70,1,1,1
2290,70,1,1,1
2291,70,1,2,5
2292,70,1,1,1
2293,70,1,2,5
2294,70,15,3,10
2295,71,4,1,1
2296,71,1,2,5
2297,71,1,2,1
2298,71,5,1,1
2299,71,1,1,1
2300,71,5,1,1
2301,71,1,1,1
2302,71,1,1,1
2303,71,2,1,1
2304,71,1,2,5
2305,71,1,2,1
2306,71,4,1,1
2307,72,1,2,5
2308,72,1,2,1
2309,72,1,1,1
2310,72,1,1,1
2311,72,1,2,1
2312,72,1,2,5
2313,72,1,1,1
2314,72,1,2,1
2315,72,1,1,1
2316,73,1,2,5
2317,73,1,1,1
2318,73,2,1,1
2319,73,1,1,1
2320,73,1,1,1
2321,73,1,1,1
2322,73,1,1,1
2323,73,1,1,1
2324,73,2,1,1
2325,73,1,1,1
2326,74,1,1,1
2327,75,1,1,1
2328,75,1,1,1
2329,75,4,1,1
2330,75,1,1,1
2331,75,1,1,1
2332,76,1,2,5
2333,76,1,3,5
2334,76,4,3,5
2335,76,1,2,5
2336,76,1,2,1
2337,77,1,2,5
2338,77,2,1,1
2339,77,1,1,1
2340,78,1,2,1
2341,78,1,2,5
2342,78,1,2,5
2343,78,1,1,1
2344,78,1,2,5
2345,78,1,1,1
2346,78,4,1,1
2347,78,1,1,1
2348,78,3,1,1
2349,79,1,1,1
2350,79,1,1,1
2351,79,15,2,1
2352,79,1,1,1
2353,79,15,1,1
2354,79,2,1,1
2355,79,1,2,5
2356,80,1,2,5
2357,80,1,1,1
2358,81,1,2,5
2359,81,1,2,5
2360,81,1,1,1
2361,81,1,1,1
2362,81,1,3,5
2363,81,1,1,1
2364,81,1,2,5
2365,81,1,2,5
2366,82,1,2,5
2367,82,1,2,5
2368,82,15,2,5
2369,82,1,1,1
2370,82,1,2,1
2371,82,1,1,1
2372,82,1,1,1
2373,83,1,2,1
2374,83,1,2,5
2375,83,1,3,5
2376,83,9,1,1
2377,83,1,2,1
2378,83,3,1,1
2379,83,1,2,5
2380,83,4,2,5
2381,84,1,1,1
2382,84,1,1,1
2383,84,1,1,1
2384,84,1,1,1
2385,84,1,2,1
2386,84,1,1,1
2387,84,1,1,1
2388,84,1,1,1
2389,84,1,1,1
2390,84,1,1,1
2391,84,1,2,5
2392,84,1,1,1
2393,84,6,1,1
2394,84,1,2,5
2395,84,1,1,1
2396,84,1,1,1
2397,84,2,2,5
2398,85,1,1,1
2399,85,1,1,1
2400,85,1,1,1
2401,85,1,2,5
2402,86,1,1,1
2403,86,1,1,1
2404,86,3,2,5
2405,86,3,2,5
2406,87,1,1,1
2407,87,1,1,1
2408,87,1,1,1
2409,87,1,2,5
2410,87,1,1,1
2411,87,1,1,1
2412,87,1,1,1
2413,87,1,1,1
2414,88,1,1,1
2415,88,1,2,5
2416,88,1,2,5
2417,88,1,2,5
2418,88,1,2,5
2419,89,1,2,5
2420,89,1,1,1
2421,89,1,1,1
2422,89,1,1,1
2423,89,1,1,1
2424,89,1,1,1
2425,89,1,1,1
2426,90,1,2,1
2427,90,1,1,1
2428,90,15,1,1
2429,90,1,1,1
2430,90,15,2,5
2431,90,1,1,1
2432,90,1,2,5
2433,91,1,1,1
2434,91,1,2,5
2435,91,1,2,5
2436,91,1,2,5
2437,92,1,2,5
2438,92,9,3,5
2439,92,1,1,1
2440,92,1,1,1
2441,92,1,3,5
2442,92,15,1,1
2443,92,1,2,5
2444,92,1,1,1
2445,93,1,2,5
2446,93,15,10,10
2447,93,1,1,1
2448,93,1,2,5
2449,93,1,2,5
2450,94,1,1,1
2451,94,15,3,5
2452,94,1,2,1
2453,94,1,1,1
2454,94,1,1,1
2455,94,1,2,5
2456,95,1,1,1
2457,95,1,1,1
2458,95,1,2,5
2459,95,1,1,1
2460,95,1,2,5
2461,95,1,2,1
2462,95,1,1,1
2463,95,1,2,5
2464,95,1,1,1
2465,95,1,1,1
2466,96,15,10,10
2467,96,1,1,1
2468,96,8,3,5
2469,96,1,2,1
2470,97,1,2,5
2471,97,1,3,5
2472,97,1,1,1
2473,97,1,1,1
2474,97,1,1,1
2475,97,1,1,1
2476,97,1,2,5
2477,98,1,2,5
2478,98,1,1,1
2479,98,1,2,5
2480,98,1,1,1
2481,99,1,2,5
2482,99,1,1,1
2483,99,15,2,5
2484,99,1,1,1
2485,99,1,1,1
2486,99,1,2,5
2487,100,1,1,1
2488,100,1,2,5
2489,100,15,1,1
2490,100,2,1,1
2491,100,1,1,1
2492,100,2,1,1
2493,100,15,2,1
2494,100,2,1,1
2495,100,1,2,5
2496,100,1,1,1
2497,101,1,1,1
2498,101,1,1,1
2499,101,1,1,1
2500,101,2,1,1
2501,101,2,1,1
2502,101,1,1,1
2503,101,1,2,5
2504,102,1,1,1
2505,102,1,3,5
2506,102,1,1,1
2507,102,2,1,1
2508,102,3,1,1
2509,102,14,1,1
2510,102,1,2,5
2511,102,1,1,1
2512,102,1,2,5
2513,102,1,2,1
2514,103,1,2,5
2515,103,3,1,1
2516,103,1,1,1
2517,103,1,1,1
2518,103,1,3,5
2519,103,1,2,5
2520,103,1,2,5
2521,104,1,2,5
2522,104,7,1,1
2523,104,1,1,1
2524,104,1,2,5
2525,104,1,1,1
2526,104,1,1,1
2527,104,1,2,5
2528,104,1,3,5
2529,104,1,1,1
2530,104,1,3,5
2531,105,4,3,5
2532,105,1,3,5
2533,105,1,2,5
2534,105,1,3,5
2535,105,3,2,5
2536,105,1,1,1
2537,106,1,2,5
2538,106,14,1,1
2539,106,1,2,5
2540,106,1,1,1
2541,106,1,2,1
2542,106,15,1,1
2543,106,1,1,1
2544,106,1,1,1
2545,107,1,1,1
2546,107,1,1,1
2547,107,1,1,1
2548,107,1,1,1
2549,107,1,2,5
2550,107,1,1,1
2551,107,1,1,1
2552,107,15,1,1
2553,107,1,1,1
2554,107,1,2,5
2555,107,1,1,1
2556,108,15,1,1
2557,108,1,1,1
2558,109,1,2,5
2559,109,1,2,5
2560,109,1,2,5
2561,109,1,1,1
2562,109,1,1,1
2563,109,1,2,5
2564,109,1,2,5
2565,109,1,1,1
2566,110,1,1,1
2567,110,1,1,1
2568,110,1,2,5
2569,110,1,2,5
2570,110,1,1,1
2571,110,1,2,1
2572,110,1,1,1
2573,110,1,2,5
2574,111,15,1,1
2575,111,1,2,5
2576,111,1,1,1
2577,111,1,2,1
2578,111,2,2,5
2579,111,1,2,1
2580,111,1,1,1
2581,111,1,1,1
2582,112,1,1,1
2583,112,1,1,1
2584,112,1,2,5
2585,112,5,1,1
2586,112,14,1,1
2587,112,1,1,1
2588,112,1,1,1
2589,113,1,1,1
2590,113,1,1,1
2591,113,1,2,5
2592,114,1,2,1
2593,114,1,1,1
2594,114,1,1,1
2595,114,1,1,1
2596,115,1,1,1
2597,115,1,1,1
2598,115,1,1,1
2599,115,1,2,5
2600,115,1,1,1
2601,115,1,2,5
2602,115,1,1,1
2603,115,1,1,1
2604,115,1,2,1
2605,115,1,1,1
2606,116,1,2,5
2607,116,1,1,1
2608,116,1,2,5
2609,117,1,2,5
2610,117,2,2,5
2611,117,1,2,5
2612,118,1,2,5
2613,118,1,1,1
2614,118,1,1,1
2615,118,1,2,5
2616,118,1,2,5
2617,119,15,1,1
2618,119,1,1,1
2619,119,1,1,1
2620,119,15,2,5
2621,119,15,2,5
2622,119,1,1,1
2623,119,1,1,1
2624,120,1,2,5
2625,120,1,1,1
2626,120,1,1,1
2627,120,1,1,1
2628,120,4,2,5
2629,120,1,1,1
2630,120,1,1,1
2631,120,1,2,5
2632,120,1,1,1
2633,121,1,2,5
2634,121,1,2,1
2635,121,1,1,1
2636,121,5,1,1
2637,121,1,2,5
2638,121,1,1,1
2639,121,1,1,1
2640,121,1,1,1
2641,121,1,1,1
2642,121,2,1,1
2643,121,1,1,1
2644,121,1,1,1
2645,121,1,2,5
2646,122,1,2,5
2647,122,15,2,5
2648,122,15,2,5
2649,122,1,2,5
2650,123,1,2,5
2651,123,1,1,1
2652,123,1,2,5
2653,123,1,1,1
2654,124,1,2,5
2655,124,1,2,5
2656,124,1,2,5
2657,124,1,1,1
2658,125,1,2,1
2659,125,1,1,1
2660,125,1,1,1
2661,125,1,1,1
2662,125,1,1,1
2663,125,1,2,5
2664,126,1,1,1
2665,126,1,1,1
2666,126,1,2,5
2667,126,1,1,1
2668,127,1,1,1
2669,127,2,1,1
2670,127,1,1,1
2671,127,2,3,5
2672,127,1,2,5
2673,127,1,1,1
2674,127,1,1,1
2675,128,1,2,5
2676,128,1,1,1
2677,128,1,2,5
2678,128,5,2,5
2679,128,7,1,1
2680,128,1,2,1
2681,128,4,1,1
2682,128,2,2,5
2683,129,1,1,1
2684,129,1,1,1
2685,129,1,1,1
2686,129,1,1,1
2687,129,1,1,1
2688,129,1,1,1
2689,130,1,1,1
2690,130,1,2,1
2691,130,1,1,1
2692,130,1,1,1
2693,130,1,1,1
2694,130,1,2,5
2695,130,1,3,5
2696,130,1,2,5
2697,130,1,2,5
2698,130,1,1,1
2699,131,1,1,1
2700,131,1,2,5
2701,131,1,2,5
2702,131,1,1,1
2703,131,6,1,1
2704,131,1,2,5
2705,132,1,2,5
2706,132,6,1,1
2707,132,1,1,1
2708,132,3,1,1
2709,132,1,1,1
2710,133,6,1,1
2711,133,1,3,5
2712,133,1,1,1
2713,133,1,1,1
2714,133,1,2,5
2715,133,1,1,1
2716,134,1,2,1
2717,134,1,1,1
2718,134,1,2,1
2719,134,1,1,1
2720,134,1,1,1
2721,134,2,1,1
2722,134,1,1,1
2723,134,1,1,1
2724,134,2,2,5
2725,135,1,2,5
2726,135,1,1,1
2727,135,1,1,1
2728,135,5,1,1
2729,135,1,1,1
2730,135,1,1,1
2731,135,1,1,1
2732,135,1,2,5
2733,135,1,2,5
2734,136,1,2,1
2735,136,1,1,1
2736,136,1,1,1
2737,136,1,2,1
2738,136,4,1,1
2739,137,1,1,1
2740,137,1,2,5
2741,137,1,2,5
2742,137,1,1,1
2743,137,6,1,1
2744,138,1,1,1
2745,138,1,1,1
2746,138,1,2,1
2747,138,1,1,1
2748,138,1,2,1
2749,138,1,2,5
2750,138,1,1,1
2751,138,1,2,5
2752,138,1,2,1
2753,138,1,1,1
2754,138,2,3,5
2755,138,1,1,1
2756,138,1,2,5
2757,138,1,1,1
2758,138,1,2,1
2759,138,1,2,5
2760,139,1,1,1
2761,139,1,1,1
2762,139,1,1,1
2763,139,2,1,1
2764,139,1,1,1
2765,139,1,1,1
2766,139,4,2,5
2767,140,1,2,5
2768,140,1,2,5
2769,140,1,1,1
2770,140,1,2,5
2771,140,1,1,1
2772,140,1,1,1
2773,140,1,2,5
2774,140,1,1,1
2775,140,1,1,1
2776,140,1,3,5
2777,140,1,2,1
2778,140,2,3,5
2779,141,2,3,5
2780,141,2,10,10
2781,141,1,3,5
2782,141,1,1,1
2783,142,1,1,1
2784,142,5,1,1
2785,142,1,3,5
2786,142,1,1,1
2787,142,1,3,5
2788,143,1,1,1
2789,143,1,2,5
2790,143,15,1,1
2791,143,1,2,5
2792,143,1,1,1
2793,144,1,3,5
2794,144,1,2,5
2795,144,2,1,1
2796,144,1,2,5
2797,144,1,1,1
2798,144,1,2,5
2799,144,1,2,5
2800,144,1,2,5
2801,144,1,1,1
2802,144,1,1,1
2803,144,1,2,5
2804,145,1,1,1
2805,145,1,1,1
2806,145,1,1,1
2807,145,1,1,1
2808,145,1,1,1
2809,145,1,1,1
2810,145,1,1,1
2811,145,3,2,5
2812,145,7,2,5
2813,146,15,1,1
2814,146,1,2,1
2815,146,1,2,5
2816,146,1,1,1
2817,146,1,2,5
2818,146,1,1,1
2819,146,1,1,1
2820,147,1,2,5
2821,147,15,2,5
2822,147,1,1,1
2823,147,1,2,5
2824,147,1,2,1
2825,147,14,1,1
2826,147,15,1,1
2827,147,15,1,1
2828,147,15,1,1
2829,148,1,1,1
2830,148,1,2,1
2831,148,1,1,1
2832,148,2,1,1
2833,148,2,1,1
2834,148,1,2,5
2835,148,2,1,1
2836,148,1,2,5
2837,148,1,2,5
2838,149,2,1,1
2839,149,4,2,1
2840,149,3,2,5
2841,149,15,1,1
2842,149,1,2,5
2843,149,2,1,1
2844,149,1,2,5
2845,149,1,2,1
2846,149,3,1,1
2847,149,1,1,1
2848,149,1,1,1
2849,149,2,1,1
2850,149,1,2,1
2851,150,1,1,1
2852,150,1,2,1
2853,150,1,2,5
2854,150,1,1,1
2855,150,1,1,1
2856,150,1,1,1
2857,150,1,1,1
2858,150,15,10,10
2859,150,1,2,5
2860,151,1,1,1
2861,151,1,1,1
2862,151,1,1,1
2863,151,1,1,1
2864,151,1,2,5
2865,151,15,1,1
2866,151,1,1,1
2867,152,1,2,1
2868,152,1,1,1
2869,152,1,1,1
2870,152,13,1,1
2871,152,3,2,5
2872,152,1,2,1
2873,152,1,2,5
2874,153,1,2,5
2875,153,1,2,1
2876,154,1,2,5
2877,154,1,2,5
2878,154,1,2,5
2879,155,1,2,5
2880,155,1,2,1
2881,156,6,1,1
2882,156,1,1,1
2883,156,1,1,1
2884,156,1,1,1
2885,156,1,1,1
2886,156,1,1,1
2887,156,1,1,1
2888,156,3,2,5
2889,156,1,1,1
2890,157,1,1,1
2891,157,1,2,5
2892,157,1,2,1
2893,157,15,2,5
2894,157,1,2,5
2895,158,1,2,1
2896,158,1,2,5
2897,159,1,2,1
2898,159,8,1,1
2899,159,1,2,5
2900,159,1,1,1
2901,159,7,3,5
2902,159,2,3,5
2903,159,15,1,1
2904,159,15,2,5
2905,159,2,1,1
2906,159,3,3,5
2907,160,1,1,1
2908,160,3,2,5
2909,160,2,1,1
2910,160,1,2,5
2911,160,1,2,5
2912,160,1,2,5
2913,160,1,1,1
2914,160,15,2,1
2915,160,15,2,1
2916,160,1,2,1
2917,160,1,2,5
2918,161,1,2,5
2919,161,1,2,5
2920,161,1,1,1
2921,161,1,2,5
2922,161,1,2,1
2923,161,1,1,1
2924,162,1,1,1
2925,162,1,1,1
2926,162,1,2,5
2927,162,1,1,1
2928,162,1,1,1
2929,162,1,1,1
2930,162,15,3,5
2931,162,15,10,10
2932,162,15,3,5
2933,162,1,1,1
2934,163,1,2,1
2935,163,1,2,5
2936,163,1,1,1
2937,163,1,2,5
2938,164,1,1,1
2939,164,1,2,1
2940,164,15,2,5
2941,164,1,1,1
2942,164,1,2,1
2943,164,1,1,1
2944,164,1,1,1
2945,164,1,2,5
2946,165,1,1,1
2947,165,1,1,1
2948,165,1,2,1
2949,165,1,1,1
2950,165,14,3,5
2951,165,1,1,1
2952,165,1,1,1
2953,166,1,1,1
2954,166,1,2,5
2955,166,3,1,1
2956,166,1,1,1
2957,166,1,1,1
2958,166,2,1,1
2959,167,2,1,1
2960,167,1,2,5
2961,167,1,2,5
2962,167,1,1,1
2963,167,1,1,1
2964,167,15,2,5
2965,167,1,1,1
2966,167,1,2,5
2967,168,1,1,1
2968,168,1,2,1
2969,168,2,3,5
2970,168,15,1,1
2971,168,3,3,5
2972,168,1,2,1
2973,168,1,2,1
2974,168,1,1,1
2975,168,1,1,1
2976,169,3,2,5
2977,169,1,2,5
2978,169,1,2,5
2979,169,1,1,1
2980,170,15,1,1
2981,170,1,1,1
2982,170,1,1,1
2983,170,1,1,1
2984,170,4,1,1
2985,170,1,1,1
2986,170,1,1,1
2987,170,1,1,1
2988,170,1,2,5
2989,170,3,2,5
2990,170,1,2,5
2991,171,1,1,1
2992,171,1,1,1
2993,171,4,1,1
2994,171,1,1,1
2995,171,1,2,1
2996,172,5,2,5
2997,172,4,1,1
2998,172,1,2,1
2999,172,4,1,1
3000,173,1,1,1
3001,174,2,1,1
3002,174,1,1,1
3003,174,1,2,5
3004,174,3,1,1
3005,174,15,2,5
3006,174,2,2,5
3007,175,1,2,5
3008,175,1,1,1
3009,175,1,1,1
3010,175,1,1,1
3011,175,7,1,1
3012,175,1,2,5
3013,175,1,1,1
3014,176,15,1,1
3015,176,1,1,1
3016,176,1,2,5
3017,176,1,1,1
3018,176,1,2,5
3019,176,1,1,1
3020,176,1,1,1
3021,177,1,2,5
3022,177,1,2,5
3023,178,6,1,1
3024,178,3,1,1
3025,178,1,1,1
3026,178,1,2,5
3027,178,12,1,1
3028,178,1,1,1
3029,178,1,1,1
3030,178,1,1,1
3031,178,1,1,1
3032,178,1,1,1
3033,178,1,1,1
3034,178,1,1,1
3035,179,4,1,1
3036,179,1,1,1
3037,179,1,2,5
3038,179,1,2,1
3039,179,1,1,1
3040,179,1,1,1
3041,180,1,1,1
3042,180,1,2,5
3043,180,9,1,1
3044,180,15,2,5
3045,180,1,3,5
3046,181,10,3,5
3047,181,15,1,1
3048,181,1,1,1
3049,181,2,3,5
3050,181,1,1,1
3051,181,1,1,1
3052,181,15,3,5
3053,181,1,1,1
3054,182,1,1,1
3055,182,1,1,1
3056,182,1,2,5
3057,182,1,2,5
3058,182,1,2,5
3059,182,1,2,5
3060,182,1,2,5
3061,182,4,1,1
3062,182,1,1,1
3063,183,12,1,1
3064,183,1,2,1
3065,183,1,1,1
3066,183,1,1,1
3067,183,1,1,1
3068,183,1,2,5
3069,184,1,2,5
3070,184,1,1,1
3071,184,1,1,1
3072,184,1,1,1
3073,184,1,1,1
3074,184,1,2,5
3075,184,1,1,1
3076,184,1,1,1
3077,184,1,1,1
3078,184,1,1,1
3079,184,1,1,1
3080,184,1,2,5
3081,184,1,1,1
3082,185,1,1,1
3083,185,2,3,5
3084,185,1,1,1
3085,185,1,1,1
3086,185,1,1,1
3087,185,1,1,1
3088,185,1,2,5
3089,186,1,2,1
3090,186,1,2,1
3091,187,1,1,1
3092,187,1,2,5
3093,187,1,1,1
3094,187,8,1,1
3095,187,7,1,1
3096,187,1,1,1
3097,188,1,1,1
3098,188,1,1,1
3099,188,1,1,1
3100,188,2,2,5
3101,188,6,1,1
3102,188,1,2,1
3103,188,1,1,1
3104,189,1,1,1
3105,189,1,1,1
3106,189,1,2,5
3107,189,1,3,5
3108,190,1,1,1
3109,190,1,2,5
3110,190,1,1,1
3111,190,6,3,5
3112,190,1,1,1
3113,190,1,1,1
3114,190,1,1,1
3115,190,1,2,1
3116,190,1,2,1
3117,190,1,2,1
3118,191,1,2,5
3119,191,1,1,1
3120,191,1,2,1
3121,191,1,2,5
3122,191,1,1,1
3123,191,1,1,1
3124,191,1,2,5
3125,191,7,1,1
3126,192,1,2,5
3127,192,1,1,1
3128,192,1,1,1
3129,192,1,1,1
3130,192,1,2,1
3131,192,1,1,1
3132,192,4,3,5
3133,192,1,2,1
3134,192,1,1,1
3135,193,1,2,5
3136,193,1,1,1
3137,193,4,2,5
3138,193,1,2,1
3139,193,1,1,1
3140,193,1,1,1
3141,193,1,1,1
3142,193,1,2,5
3143,193,1,2,5
3144,194,1,1,1
3145,194,1,1,1
3146,194,1,2,5
3147,194,15,2,5
3148,194,2,2,5
3149,194,15,1,1
3150,195,15,1,1
3151,195,1,2,1
3152,195,1,1,1
3153,195,1,2,1
3154,196,15,1,1
3155,196,1,2,5
3156,196,1,2,5
3157,196,15,3,5
3158,197,2,2,5
3159,197,15,2,5
3160,197,1,1,1
3161,197,1,1,1
3162,198,6,1,1
3163,198,1,1,1
3164,198,5,1,1
3165,199,1,1,1
3166,199,1,1,1
3167,199,1,1,1
3168,199,2,2,5
3169,199,1,1,1
3170,199,1,1,1
3171,199,1,1,1
3172,199,1,1,1
3173,199,1,3,5
3174,199,1,2,1
3175,199,1,3,5
3176,199,1,1,1
3177,200,1,1,1
3178,200,3,1,1
3179,200,9,1,1
3180,200,6,1,1
3181,200,1,1,1
3182,201,1,1,1
3183,201,1,2,5
3184,201,1,2,1
3185,201,2,2,5
3186,201,7,2,5
3187,201,1,2,5
3188,201,1,1,1
3189,201,1,2,5
3190,201,1,1,1
3191,201,13,1,1
3192,201,4,2,1
3193,202,1,1,1
3194,202,5,2,1
3195,202,1,2,5
3196,202,1,3,5
3197,202,1,2,5
3198,202,1,2,5
3199,202,1,3,5
3200,202,1,2,5
3201,202,1,2,1
3202,202,15,3,5
3203,203,1,2,5
3204,203,4,1,1
3205,203,1,2,5
3206,203,1,2,5
3207,204,4,2,5
3208,204,1,1,1
3209,204,1,1,1
3210,204,1,2,5
3211,204,1,2,5
3212,204,6,1,1
3213,204,1,1,1
3214,204,3,1,1
3215,204,1,2,5
3216,205,1,2,5
3217,205,1,2,5
3218,205,1,2,5
3219,205,1,3,5
3220,205,3,10,10
3221,205,1,2,5
3222,206,1,2,5
3223,206,1,2,5
3224,206,1,1,1
3225,206,1,1,1
3226,207,1,1,1
3227,207,1,2,5
3228,207,1,2,5
3229,207,8,1,1
3230,207,1,2,5
3231,207,2,2,5
3232,207,1,1,1
3233,208,2,3,5
3234,208,1,1,1
3235,208,4,2,5
3236,208,1,2,1
3237,208,9,1,1
3238,208,1,3,5
3239,208,1,2,5
3240,208,1,2,5
3241,209,3,2,5
3242,209,1,1,1
3243,209,15,1,1
3244,209,1,1,1
3245,209,1,2,5
3246,209,1,1,1
3247,209,1,1,1
3248,210,1,2,5
3249,211,1,1,1
3250,211,1,1,1
3251,211,1,2,5
3252,211,1,1,1
3253,211,3,1,1
3254,211,3,2,5
3255,211,1,1,1
3256,211,1,1,1
3257,212,1,1,1
3258,212,1,1,1
3259,212,1,1,1
3260,212,1,1,1
3261,212,1,2,5
3262,212,1,1,1
3263,212,2,1,1
3264,212,2,1,1
3265,212,1,2,5
3266,212,2,1,1
3267,213,1,1,1
3268,213,1,1,1
3269,213,3,1,1
3270,213,1,2,5
3271,214,1,1,1
3272,214,1,1,1
3273,214,1,2,5
3274,214,1,1,1
3275,214,1,1,1
3276,214,12,1,1
3277,215,1,1,1
3278,215,15,1,1
3279,215,1,1,1
3280,215,12,1,1
3281,215,1,2,5
3282,216,6,1,1
3283,216,1,2,1
3284,216,1,2,5
3285,216,15,3,5
3286,216,1,2,5
3287,217,1,1,1
3288,217,1,2,1
3289,217,1,1,1
3290,217,1,1,1
3291,217,1,2,5
3292,217,15,1,1
3293,217,1,2,1
3294,217,1,2,5
3295,217,1,1,1
3296,217,1,1,1
3297,217,1,2,5
3298,217,1,1,1
3299,218,1,2,5
3300,218,1,2,5
3301,218,1,2,1
3302,218,6,1,1
3303,218,13,1,1
3304,219,1,2,1
3305,219,15,1,1
3306,219,1,2,1
3307,219,1,1,1
3308,220,1,1,1
3309,220,1,1,1
3310,220,1,1,1
3311,220,1,1,1
3312,220,1,2,1
3313,220,1,2,5
3314,220,1,1,1
3315,220,1,1,1
3316,220,1,1,1
3317,220,1,1,1
3318,220,1,1,1
3319,221,7,1,1
3320,221,1,1,1
3321,221,15,1,1
3322,221,1,1,1
3323,221,1,1,1
3324,222,1,2,5
3325,222,2,2,5
3326,222,1,2,5
3327,222,1,1,1
3328,222,8,10,10
3329,222,4,2,5
3330,222,1,1,1
3331,222,15,2,5
3332,222,1,2,1
3333,222,1,2,1
3334,222,1,1,1
3335,223,1,1,1
3336,223,1,2,5
3337,223,1,1,1
3338,223,2,1,1
3339,223,1,1,1
3340,223,1,1,1
3341,223,15,3,5
3342,223,1,1,1
3343,223,1,1,1
3344,224,1,1,1
3345,224,3,2,5
3346,224,1,1,1
3347,224,1,2,1
3348,224,1,3,5
3349,224,3,2,5
3350,224,1,2,1
3351,225,15,2,1
3352,225,1,2,1
3353,225,1,1,1
3354,225,1,2,5
3355,226,1,2,5
3356,226,3,2,5
3357,226,1,1,1
3358,226,1,2,5
3359,226,3,1,1
3360,226,1,2,5
3361,226,1,2,5
3362,226,1,1,1
3363,226,2,2,5
3364,226,1,2,5
3365,226,1,1,1
3366,227,6,1,1
3367,227,9,1,1
3368,227,1,1,1
3369,227,1,1,1
3370,227,1,2,5
3371,228,3,1,1
3372,228,1,1,1
3373,228,1,2,5
3374,228,1,2,1
3375,228,1,2,1
3376,228,1,1,1
3377,228,1,1,1
3378,228,1,1,1
3379,229,1,1,1
3380,229,1,2,1
3381,229,1,2,5
3382,229,2,3,5
3383,229,14,3,5
3384,229,1,2,5
3385,229,1,1,1
3386,229,1,1,1
3387,229,15,2,5
3388,229,1,1,1
3389,229,12,3,5
3390,229,1,1,1
3391,229,1,1,1
3392,229,1,2,5
3393,229,11,3,5
3394,229,1,1,1
3395,230,1,2,5
3396,230,1,2,5
3397,230,1,2,5
3398,231,1,2,5
3399,231,1,2,5
3400,231,1,1,1
3401,231,1,1,1
3402,231,1,1,1
3403,231,15,1,1
3404,231,1,1,1
3405,231,1,1,1
3406,231,1,1,1
3407,232,1,1,1
3408,232,1,2,5
3409,232,1,1,1
3410,232,1,1,1
3411,232,2,1,1
3412,232,5,3,5
3413,232,2,2,5
3414,232,1,1,1
3415,233,1,1,1
3416,233,1,1,1
3417,233,1,1,1
3418,233,3,2,5
3419,233,1,1,1
3420,233,1,2,5
3421,233,1,1,1
3422,233,12,2,5
3423,233,1,2,1
3424,234,1,1,1
3425,234,1,2,5
3426,234,1,1,1
3427,234,1,1,1
3428,234,1,1,1
3429,235,1,2,1
3430,235,15,1,1
3431,235,1,2,5
3432,235,15,2,5
3433,235,1,2,5
3434,235,1,1,1
3435,235,1,2,5
3436,235,1,2,5
3437,235,1,3,5
3438,235,1,1,1
3439,236,1,2,5
3440,236,1,2,1
3441,236,1,1,1
3442,236,1,1,1
3443,236,7,10,10
3444,237,1,2,1
3445,237,1,2,5
3446,237,1,2,1
3447,237,1,2,5
3448,237,1,1,1
3449,238,1,2,5
3450,238,1,2,1
3451,238,8,3,5
3452,238,1,2,5
3453,238,1,2,5
3454,239,1,1,1
3455,239,1,2,5
3456,239,1,3,5
3457,239,2,2,5
3458,239,1,2,5
3459,239,2,2,5
3460,239,1,2,5
3461,239,1,2,1
3462,239,15,1,1
3463,239,1,1,1
3464,239,1,2,1
3465,239,15,1,1
3466,240,1,2,5
3467,240,4,1,1
3468,240,15,2,5
3469,240,1,1,1
3470,240,1,2,5
3471,240,1,2,5
3472,240,15,2,5
3473,240,1,1,1
3474,240,1,2,5
3475,240,1,1,1
3476,241,15,1,1
3477,241,1,1,1
3478,241,1,2,5
3479,241,15,2,5
3480,241,2,1,1
3481,241,1,1,1
3482,241,1,2,5
3483,241,1,2,5
3484,241,1,1,1
3485,241,1,1,1
3486,241,1,2,1
3487,242,1,1,1
3488,242,3,3,5
3489,242,1,2,1
3490,242,1,1,1
3491,242,1,1,1
3492,242,1,1,1
3493,242,1,1,1
3494,242,1,2,5
3495,242,1,1,1
3496,242,1,1,1
3497,243,1,1,1
3498,243,1,1,1
3499,243,1,2,5
3500,243,1,1,1
3501,243,1,1,1
3502,243,1,1,1
3503,243,1,1,1
3504,244,1,2,5
3505,244,1,1,1
3506,244,1,10,10
3507,244,1,10,10
3508,244,1,2,5
3509,244,1,2,5
3510,244,1,1,1
3511,244,1,1,1
3512,244,1,1,1
3513,244,1,1,1
3514,244,3,2,5
3515,244,1,1,1
3516,244,3,2,5
3517,244,1,1,1
3518,244,2,1,1
3519,244,1,2,1
3520,245,1,1,1
3521,245,1,2,5
3522,245,1,2,5
3523,245,3,2,5
3524,245,1,1,1
3525,245,1,1,1
3526,245,1,1,1
3527,245,1,1,1
3528,246,1,1,1
3529,246,13,1,1
3530,246,1,3,5
3531,246,1,2,5
3532,246,1,1,1
3533,246,1,2,1
3534,246,4,1,1
3535,247,1,1,1
3536,247,1,1,1
3537,247,1,2,5
3538,247,1,1,1
3539,247,8,2,5
3540,247,1,1,1
3541,247,1,2,1
3542,247,1,2,5
3543,247,1,1,1
3544,247,1,2,5
3545,247,2,1,1
3546,248,1,1,1
3547,248,1,1,1
3548,248,1,1,1
3549,248,1,10,10
3550,248,1,1,1
3551,248,4,1,1
3552,248,1,3,5
3553,248,15,2,5
3554,248,1,1,1
3555,248,7,2,1
3556,248,1,1,1
3557,249,1,1,1
3558,249,4,1,1
3559,249,1,1,1
3560,249,8,3,5
3561,250,1,2,1
3562,250,1,1,1
3563,250,1,1,1
3564,250,1,2,5
3565,250,5,1,1
3566,250,1,1,1
3567,250,1,1,1
3568,250,8,2,5
3569,251,1,1,1
3570,251,1,1,1
3571,251,2,1,1
3572,251,1,2,5
3573,251,1,2,5
3574,251,1,2,5
3575,251,1,1,1
3576,251,1,1,1
3577,251,1,1,1
3578,251,1,2,1
3579,251,15,1,1
3580,251,1,1,1
3581,251,1,1,1
3582,251,1,1,1
3583,251,1,1,1
3584,251,15,1,1
3585,251,1,2,5
3586,251,1,2,1
3587,251,1,2,1
3588,251,1,2,5
3589,251,1,1,1
3590,251,1,2,1
3591,251,1,3,5
3592,252,1,1,1
3593,252,9,1,1
3594,252,1,1,1
3595,252,1,1,1
3596,252,1,1,1
3597,252,1,1,1
3598,252,1,1,1
3599,253,1,2,5
3600,253,1,1,1
3601,253,1,1,1
3602,253,1,1,1
3603,253,4,1,1
3604,253,1,3,5
3605,253,1,1,1
3606,253,1,1,1
3607,253,1,1,1
3608,253,1,1,1
3609,253,1,2,5
3610,253,1,2,5
3611,253,1,2,1
3612,254,1,1,1
3613,254,1,1,1
3614,254,1,1,1
3615,254,1,1,1
3616,254,1,3,5
3617,254,1,1,1
3618,254,1,1,1
3619,254,1,1,1
3620,254,1,3,5
3621,254,9,1,1
3622,254,1,1,1
3623,254,1,1,1
3624,254,1,2,5
3625,254,6,1,1
3626,254,1,2,1
3627,254,4,1,1
3628,254,1,1,1
3629,254,1,2,1
3630,254,15,1,1
3631,255,1,1,1
3632,255,1,1,1
3633,255,2,1,1
3634,255,13,1,1
3635,255,1,1,1
3636,255,4,2,5
3637,255,1,2,5
3638,256,4,2,5
3639,256,1,2,5
3640,256,1,1,1
3641,256,1,2,5
3642,256,15,2,5
3643,256,1,3,5
3644,256,15,1,1
3645,256,1,2,1
3646,256,1,1,1
3647,256,3,1,1
3648,256,6,1,1
3649,256,15,3,5
3650,256,1,2,5
3651,256,1,2,5
3652,256,1,1,1
3653,256,1,1,1
3654,256,2,1,1
3655,256,1,3,5
3656,256,15,3,5
3657,257,1,2,5
3658,257,1,1,1
3659,257,1,2,5
3660,257,1,2,5
3661,257,1,2,5
3662,257,2,2,1
3663,257,8,1,1
3664,257,1,1,1
3665,257,1,2,1
3666,257,1,1,1
3667,257,1,2,5
3668,257,3,1,1
3669,257,1,1,1
3670,258,15,2,1
3671,258,1,1,1
3672,258,1,1,1
3673,258,1,1,1
3674,258,15,3,5
3675,258,1,1,1
3676,258,15,1,1
3677,258,1,1,1
3678,258,1,1,1
3679,258,1,1,1
3680,258,6,1,1
3681,258,1,1,1
3682,258,1,2,5
3683,258,1,1,1
3684,259,1,10,10
3685,259,4,1,1
3686,259,1,10,10
3687,259,1,1,1
3688,259,1,10,10
3689,259,1,1,1
3690,259,1,1,1
3691,259,1,1,1
3692,259,15,1,1
3693,259,1,1,1
3694,260,1,10,10
3695,260,1,10,10
3696,260,15,1,1
3697,260,1,1,1
3698,260,1,1,1
3699,260,1,1,1
3700,260,1,1,1
3701,260,1,1,1
3702,260,1,1,1
3703,260,6,3,5
3704,260,15,3,5
3705,260,1,1,1
3706,260,15,3,5
3707,260,1,1,1
3708,260,1,1,1
3709,260,1,1,1
3710,261,1,1,1
3711,261,1,1,1
3712,261,1,1,1
3713,261,1,1,1
3714,261,2,2,5
3715,261,1,1,1
3716,261,1,1,1
3717,261,15,1,1
3718,262,1,2,5
3719,262,1,2,1
3720,262,1,1,1
3721,262,15,1,1
3722,262,1,1,1
3723,262,1,1,1
3724,262,1,2,5
3725,262,1,1,1
3726,262,1,2,1
3727,262,2,3,5
3728,263,1,1,1
3729,263,1,2,5
3730,263,1,1,1
3731,263,1,2,5
3732,263,1,2,5
3733,263,2,2,5
3734,263,4,1,1
3735,263,1,2,1
3736,263,1,1,1
3737,263,1,1,1
3738,263,1,2,5
3739,263,1,1,1
3740,263,1,1,1
3741,263,1,1,1
3742,263,1,1,1
3743,264,1,1,1
3744,264,1,1,1
3745,264,1,2,5
3746,264,1,2,1
3747,264,1,1,1
3748,264,15,1,1
3749,264,7,2,1
3750,264,1,1,1
3751,264,1,1,1
3752,264,1,1,1
3753,264,4,2,1
3754,264,1,1,1
3755,264,4,1,1
3756,264,1,1,1
3757,265,2,1,1
3758,265,1,1,1
3759,265,1,2,5
3760,265,1,1,1
3761,265,1,1,1
3762,265,1,2,5
3763,265,1,1,1
3764,265,1,2,5
3765,265,1,10,10
3766,265,1,2,5
3767,266,1,2,5
3768,266,1,2,5
3769,266,1,10,10
3770,266,15,1,1
3771,266,1,1,1
3772,266,1,2,1
3773,266,1,1,1
3774,266,1,1,1
3775,266,2,1,1
3776,266,15,1,1
3777,266,15,1,1
3778,266,1,2,5
3779,266,1,2,5
3780,266,1,1,1
3781,266,3,1,1
3782,267,1,1,1
3783,267,1,1,1
3784,267,1,2,5
3785,267,15,1,1
3786,267,1,1,1
3787,267,1,2,5
3788,267,1,1,1
3789,267,5,2,5
3790,267,1,1,1
3791,267,1,2,5
3792,267,1,1,1
3793,268,1,3,5
3794,268,2,1,1
3795,268,1,1,1
3796,268,1,1,1
3797,268,1,2,5
3798,268,1,2,1
3799,268,3,1,1
3800,268,1,3,5
3801,268,1,2,1
3802,269,1,1,1
3803,269,6,2,5
3804,269,1,2,5
3805,269,1,1,1
3806,269,1,2,5
3807,269,1,1,1
3808,269,1,1,1
3809,269,1,2,5
3810,269,3,2,5
3811,269,1,1,1
3812,270,1,1,1
3813,270,1,1,1
3814,270,1,2,5
3815,270,1,2,5
3816,270,1,1,1
3817,270,1,1,1
3818,270,1,2,1
3819,270,7,3,5
3820,270,1,2,5
3821,270,1,2,5
3822,270,7,1,1
3823,270,1,1,1
3824,270,1,3,5
3825,270,8,2,5
3826,271,4,1,1
3827,272,1,1,1
3828,272,1,1,1
3829,273,1,1,1
3830,273,1,1,1
3831,273,2,2,5
3832,273,1,2,5
3833,273,2,2,5
3834,273,1,2,5
3835,274,1,1,1
3836,274,1,1,1
3837,274,1,1,1
3838,274,1,1,1
3839,274,1,2,5
3840,274,1,2,5
3841,274,3,3,5
3842,274,3,2,5
3843,274,1,2,1
3844,274,5,1,1
3845,274,1,2,5
3846,274,1,1,1
3847,275,1,1,1
3848,275,15,3,5
3849,275,1,2,5
3850,275,15,1,1
3851,275,1,1,1
3852,275,1,10,10
3853,275,1,10,10
3854,276,1,10,10
3855,276,1,10,10
3856,276,1,1,1
3857,276,2,2,1
3858,276,1,10,10
3859,276,1,1,1
3860,276,1,2,1
3861,276,1,2,5
3862,276,1,10,10
3863,276,1,2,5
3864,276,1,3,5
3865,276,1,2,1
3866,276,1,2,5
3867,276,1,3,5
3868,276,4,10,10
3869,277,1,1,1
3870,277,2,2,1
3871,277,1,2,5
3872,277,1,10,10
3873,277,1,1,1
3874,277,1,1,1
3875,277,1,1,1
3876,277,1,2,5
3877,277,1,2,1
3878,278,4,2,5
3879,278,1,1,1
3880,279,2,1,1
3881,279,1,1,1
3882,279,1,2,5
3883,279,1,1,1
3884,279,2,1,1
3885,279,2,1,1
3886,279,1,2,5
3887,279,1,2,5
3888,279,15,1,1
3889,279,15,1,1
3890,279,1,1,1
3891,279,15,1,1
3892,279,15,1,1
3893,279,1,2,5
3894,279,15,1,1
3895,279,1,2,1
3896,280,1,1,1
3897,280,12,2,5
3898,280,14,1,1
3899,280,1,1,1
3900,280,1,2,5
3901,280,1,1,1
3902,280,1,1,1
3903,280,1,3,5
3904,280,1,2,5
3905,280,1,2,5
3906,280,6,1,1
3907,280,1,1,1
3908,281,1,2,1
3909,281,1,1,1
3910,281,3,2,5
3911,282,1,2,5
3912,282,2,1,1
3913,282,2,1,1
3914,282,15,1,1
3915,282,1,1,1
3916,282,1,1,1
3917,283,1,1,1
3918,283,1,1,1
3919,283,1,1,1
3920,283,1,2,5
3921,284,1,1,1
3922,284,1,2,1
3923,284,1,1,1
3924,284,1,2,1
3925,284,1,1,1
3926,284,1,2,5
3927,284,1,2,5
3928,284,1,1,1
3929,284,15,1,1
3930,284,1,2,5
3931,284,1,2,5
3932,284,1,1,1
3933,285,1,1,1
3934,285,8,3,5
3935,285,15,2,1
3936,285,1,1,1
3937,285,1,2,5
3938,285,15,1,1
3939,286,1,2,1
3940,286,1,1,1
3941,286,1,1,1
3942,287,1,1,1
3943,287,15,1,1
3944,287,1,1,1
3945,287,1,1,1
3946,287,1,1,1
3947,287,1,1,1
3948,287,1,1,1
3949,287,1,1,1
3950,287,15,2,5
3951,287,1,2,1
3952,287,1,1,1
3953,287,1,2,5
3954,288,1,1,1
3955,288,1,2,1
3956,288,3,1,1
3957,288,1,1,1
3958,288,1,2,1
3959,289,1,2,1
3960,289,1,2,5
3961,289,1,1,1
3962,289,3,2,5
3963,289,1,1,1
3964,289,5,2,5
3965,289,1,1,1
3966,289,10,1,1
3967,290,1,2,5
3968,290,2,3,5
3969,290,1,2,5
3970,290,1,1,1
3971,290,1,3,5
3972,290,1,1,1
3973,290,15,1,1
3974,290,15,2,5
3975,290,3,1,1
3976,291,15,1,1
3977,291,4,1,1
3978,291,4,1,1
3979,291,1,1,1
3980,291,1,3,5
3981,291,1,2,5
3982,291,1,2,5
3983,292,1,2,5
3984,292,1,2,5
3985,292,1,2,5
3986,292,1,1,1
3987,292,1,2,5
3988,292,1,1,1
3989,292,1,1,1
3990,292,1,1,1
3991,292,1,1,1
3992,293,1,2,5
3993,293,15,1,1
3994,293,1,2,5
3995,293,1,1,1
3996,293,1,2,5
3997,294,1,2,5
3998,294,1,1,1
3999,294,1,1,1
4000,294,1,2,1
4001,295,1,1,1
4002,295,1,1,1
4003,295,1,1,1
4004,295,1,1,1
4005,295,1,1,1
4006,295,1,1,1
4007,295,1,1,1
4008,295,11,10,10
4009,295,1,2,5
4010,295,1,2,1
4011,296,1,1,1
4012,296,1,1,1
4013,296,1,2,5
4014,296,1,1,1
4015,296,1,1,1
4016,297,15,1,1
4017,297,6,2,5
4018,297,1,1,1
4019,297,1,1,1
4020,297,14,3,5
4021,297,1,1,1
4022,297,2,1,1
4023,297,10,3,5
4024,297,1,1,1
4025,297,3,1,1
4026,297,1,1,1
4027,298,1,1,1
4028,298,1,1,1
4029,298,1,2,1
4030,298,14,2,5
4031,298,14,1,1
4032,298,1,2,5
4033,298,1,1,1
4034,298,6,2,5
4035,299,1,1,1
4036,299,1,1,1
4037,299,1,1,1
4038,299,1,1,1
4039,299,15,10,10
4040,299,1,10,10
4041,299,1,1,1
4042,299,1,3,5
4043,299,1,1,1
4044,299,15,1,1
4045,300,1,2,5
4046,300,1,3,5
4047,300,1,2,5
4048,300,15,1,1
4049,300,15,1,1
4050,300,1,1,1
4051,301,15,1,1
4052,301,1,1,1
4053,301,1,1,1
4054,301,3,1,1
4055,301,15,3,5
4056,301,1,1,1
4057,301,1,1,1
4058,301,1,1,1
4059,301,1,2,5
4060,301,1,2,5
4061,301,15,1,1
4062,301,1,1,1
4063,301,1,1,1
4064,302,1,3,5
4065,302,1,10,10
4066,302,1,2,1
4067,302,1,1,1
4068,302,1,1,1
4069,302,1,1,1
4070,302,1,1,1
4071,302,1,1,1
4072,302,1,1,1
4073,302,1,1,1
4074,302,1,1,1
4075,302,15,1,1
4076,302,1,2,5
4077,303,1,2,5
4078,303,1,1,1
4079,303,14,1,1
4080,303,1,1,1
4081,303,15,1,1
4082,303,1,1,1
4083,304,1,1,1
4084,304,1,1,1
4085,304,5,3,5
4086,304,2,1,1
4087,304,1,1,1
4088,304,1,1,1
4089,304,10,1,1
4090,304,1,1,1
4091,304,1,1,1
4092,304,13,1,1
4093,304,1,1,1
4094,304,1,10,10
4095,304,1,1,1
4096,304,1,1,1
4097,304,1,10,10
4098,304,1,1,1
4099,304,1,2,5
4100,304,1,1,1
4101,305,2,2,1
4102,305,1,1,1
4103,305,1,1,1
4104,306,1,3,5
4105,306,4,3,5
4106,306,1,1,1
4107,306,1,10,10
4108,306,1,1,1
4109,306,1,1,1
4110,307,1,2,5
4111,307,15,3,5
4112,307,1,1,1
4113,307,1,1,1
4114,307,15,3,5
4115,307,1,1,1
4116,308,1,1,1
4117,308,1,2,5
4118,309,1,1,1
4119,309,2,1,1
4120,309,1,2,5
4121,309,3,1,1
4122,309,1,1,1
4123,309,8,3,5
4124,309,4,1,1
4125,309,1,2,5
4126,309,1,2,5
4127,309,1,1,1
4128,309,6,10,10
4129,310,1,2,5
4130,310,1,1,1
4131,310,6,3,5
4132,310,1,1,1
4133,310,1,3,5
4134,311,1,1,1
4135,311,9,3,5
4136,311,1,2,5
4137,311,1,2,1
4138,311,11,2,5
4139,311,1,1,1
4140,311,1,2,1
4141,311,1,1,1
4142,311,1,1,1
4143,311,1,2,5
4144,312,15,1,1
4145,312,1,2,5
4146,312,1,1,1
4147,312,1,1,1
4148,312,1,1,1
4149,312,1,1,1
4150,312,1,1,1
4151,312,1,1,1
4152,312,1,2,5
4153,312,3,1,1
4154,312,1,2,5
4155,312,1,2,5
4156,313,1,1,1
4157,313,1,2,5
4158,313,15,2,5
4159,313,12,2,1
4160,313,1,1,1
4161,313,1,2,5
4162,313,1,2,5
4163,313,1,2,1
4164,313,3,1,1
4165,313,1,1,1
4166,313,1,2,5
4167,314,2,2,5
4168,314,1,2,5
4169,314,1,2,5
4170,314,1,2,5
4171,314,1,2,5
4172,314,1,2,5
4173,314,1,2,5
4174,314,1,1,1
4175,314,1,2,5
4176,314,1,1,1
4177,314,1,2,1
4178,315,1,2,5
4179,315,1,3,5
4180,315,1,1,1
4181,315,1,2,5
4182,315,1,2,5
4183,315,3,10,10
4184,315,1,1,1
4185,315,1,2,5
4186,315,1,2,5
4187,315,1,2,5
4188,315,2,1,1
4189,315,1,1,1
4190,315,1,2,1
4191,316,1,2,5
4192,316,1,2,5
4193,316,6,2,5
4194,316,15,1,1
4195,316,4,3,5
4196,316,1,1,1
4197,316,1,2,5
4198,316,1,2,5
4199,316,1,2,5
4200,316,1,1,1
4201,317,1,10,10
4202,317,1,1,1
4203,317,15,1,1
4204,317,1,10,10
4205,317,2,1,1
4206,317,1,10,10
4207,317,1,1,1
4208,317,14,2,1
4209,317,1,3,5
4210,317,1,2,5
4211,317,1,1,1
4212,317,1,1,1
4213,317,1,2,1
4214,317,1,1,1
4215,318,1,2,1
4216,318,1,1,1
4217,318,1,1,1
4218,318,2,2,5
4219,318,15,1,1
4220,318,1,1,1
4221,319,8,1,1
4222,319,1,2,5
4223,319,1,2,5
4224,319,1,1,1
4225,319,8,1,1
4226,319,1,1,1
4227,319,1,1,1
4228,319,1,1,1
4229,320,1,1,1
4230,320,1,1,1
4231,320,7,1,1
4232,320,1,1,1
4233,320,13,1,1
4234,320,1,1,1
4235,320,1,2,5
4236,321,1,2,1
4237,321,1,3,5
4238,321,1,2,5
4239,321,15,1,1
4240,321,1,1,1
4241,321,2,1,1
4242,321,1,1,1
4243,321,1,2,5
4244,321,5,2,5
4245,321,1,1,1
4246,321,15,2,5
4247,321,15,1,1
4248,321,1,1,1
4249,321,1,1,1
4250,322,2,1,1
4251,322,15,1,1
4252,322,15,2,5
4253,322,1,1,1
4254,322,10,1,1
4255,322,1,1,1
4256,322,1,2,5
4257,323,1,1,1
4258,323,1,2,1
4259,323,15,2,5
4260,323,15,1,1
4261,323,1,1,1
4262,323,15,1,1
4263,323,1,1,1
4264,323,1,1,1
4265,323,1,2,1
4266,323,1,2,5
4267,323,1,1,1
4268,323,15,1,1
4269,323,1,2,5
4270,323,5,1,1
4271,323,1,10,10
4272,323,1,2,5
4273,323,1,2,5
4274,324,10,1,1
4275,324,7,2,5
4276,324,1,1,1
4277,324,1,1,1
4278,324,1,1,1
4279,324,3,1,1
4280,324,15,1,1
4281,324,15,1,1
4282,324,10,2,5
4283,324,1,2,5
4284,324,1,1,1
4285,324,1,1,1
4286,325,15,2,5
4287,325,1,1,1
4288,325,1,1,1
4289,325,1,2,5
4290,325,1,1,1
4291,325,1,1,1
4292,326,1,3,5
4293,326,15,1,1
4294,326,1,3,5
4295,326,1,1,1
4296,326,15,1,1
4297,326,8,1,1
4298,326,1,1,1
4299,326,15,1,1
4300,326,1,2,5
4301,326,1,2,5
4302,326,1,2,5
4303,326,1,3,5
4304,326,1,1,1
4305,326,1,1,1
4306,326,4,3,5
4307,326,1,1,1
4308,326,2,1,1
4309,327,1,1,1
4310,327,1,2,5
4311,327,1,1,1
4312,327,1,1,1
4313,327,1,1,1
4314,327,1,10,10
4315,327,9,2,1
4316,327,9,2,1
4317,327,1,2,5
4318,327,1,1,1
4319,327,9,2,1
4320,327,1,1,1
4321,328,9,2,1
4322,328,9,2,1
4323,328,4,2,1
4324,328,1,1,1
4325,328,1,2,5
4326,328,1,1,1
4327,328,1,1,1
4328,328,9,2,1
4329,328,1,1,1
4330,328,1,1,1
4331,328,1,1,1
4332,328,1,1,1
4333,328,15,1,1
4334,328,1,1,1
4335,328,15,1,1
4336,328,8,2,1
4337,328,1,1,1
4338,328,1,1,1
4339,328,1,2,5
4340,328,1,1,1
4341,328,15,2,5
4342,328,9,1,1
4343,329,4,1,1
4344,329,1,2,5
4345,329,1,2,5
4346,329,1,2,5
4347,329,1,2,5
4348,329,1,2,5
4349,329,1,2,1
4350,329,15,1,1
4351,329,15,1,1
4352,329,1,1,1
4353,329,15,1,1
4354,330,6,1,1
4355,330,1,2,1
4356,330,15,1,1
4357,330,1,2,5
4358,330,1,1,1
4359,330,7,1,1
4360,330,1,3,5
4361,330,15,2,1
4362,330,2,3,5
4363,331,5,2,5
4364,331,1,1,1
4365,331,1,1,1
4366,331,1,1,1
4367,331,1,3,5
4368,331,1,1,1
4369,332,3,1,1
4370,332,1,1,1
4371,332,1,1,1
4372,332,1,1,1
4373,332,1,1,1
4374,332,1,1,1
4375,332,1,1,1
4376,332,1,1,1
4377,332,1,1,1
4378,332,2,1,1
4379,332,15,2,5
4380,332,1,1,1
4381,332,1,1,1
4382,332,1,1,1
4383,332,4,3,5
4384,332,1,1,1
4385,332,1,1,1
4386,332,1,1,1
4387,332,1,1,1
4388,332,15,3,5
4389,332,1,1,1
4390,333,1,1,1
4391,333,1,1,1
4392,333,1,1,1
4393,333,1,1,1
4394,333,1,1,1
4395,333,1,1,1
4396,333,1,1,1
4397,333,1,2,1
4398,333,1,1,1
4399,333,1,1,1
4400,334,1,1,1
4401,334,2,3,5
4402,334,1,1,1
4403,334,15,1,1
4404,334,1,10,10
4405,335,1,2,5
4406,335,1,2,5
4407,335,1,10,10
4408,335,1,10,10
4409,335,1,1,1
4410,335,1,2,5
4411,335,1,1,1
4412,335,1,2,5
4413,335,1,2,5
4414,335,14,10,10
4415,335,1,1,1
4416,335,1,1,1
4417,336,1,1,1
4418,336,15,1,1
4419,336,1,3,5
4420,337,1,10,10
4421,337,1,10,10
4422,337,1,2,5
4423,337,2,1,1
4424,337,1,1,1
4425,337,5,1,1
4426,337,1,2,5
4427,337,1,1,1
4428,337,15,1,1
4429,337,1,1,1
4430,338,4,1,1
4431,338,1,1,1
4432,338,1,1,1
4433,338,1,1,1
4434,338,1,1,1
4435,338,15,2,5
4436,338,1,1,1
4437,338,1,2,1
4438,338,1,1,1
4439,338,1,1,1
4440,338,1,1,1
4441,338,1,2,5
4442,338,1,1,1
4443,339,1,10,10
4444,339,1,1,1
4445,339,1,1,1
4446,339,1,1,1
4447,339,1,1,1
4448,339,10,1,1
4449,339,1,1,1
4450,339,1,1,1
4451,339,1,2,1
4452,339,1,1,1
4453,339,1,1,1
4454,339,1,1,1
4455,339,1,1,1
4456,339,1,2,1
4457,339,1,1,1
4458,339,1,1,1
4459,340,1,1,1
4460,340,1,2,5
4461,340,1,1,1
4462,340,1,1,1
4463,340,1,2,5
4464,340,1,1,1
4465,340,6,1,1
4466,340,1,1,1
4467,340,1,2,5
4468,340,1,2,5
4469,340,1,1,1
4470,340,9,1,1
4471,340,4,1,1
4472,340,15,2,5
4473,340,1,2,1
4474,340,1,2,5
4475,341,1,2,5
4476,341,1,1,1
4477,341,2,1,1
4478,341,1,1,1
4479,341,1,3,5
4480,342,1,1,1
4481,342,1,2,1
4482,342,1,2,5
4483,342,1,10,10
4484,342,1,3,5
4485,342,1,2,5
4486,342,1,1,1
4487,342,2,1,1
4488,342,1,2,5
4489,342,1,1,1
4490,343,1,2,5
4491,343,1,1,1
4492,343,1,1,1
4493,343,1,1,1
4494,343,1,1,1
4495,343,1,1,1
4496,343,1,1,1
4497,344,1,1,1
4498,344,1,3,5
4499,344,1,1,1
4500,344,2,3,5
4501,344,1,2,1
4502,344,1,1,1
4503,344,1,3,5
4504,344,1,3,5
4505,345,1,3,5
4506,345,1,1,1
4507,345,1,1,1
4508,345,1,1,1
4509,345,1,1,1
4510,345,1,1,1
4511,345,1,2,5
4512,345,15,2,1
4513,345,1,1,1
4514,345,1,2,5
4515,345,1,2,5
4516,345,15,1,1
4517,345,1,2,5
4518,345,1,2,5
4519,346,1,2,1
4520,346,15,1,1
4521,346,1,2,5
4522,346,1,1,1
4523,346,15,2,5
4524,346,1,1,1
4525,346,15,1,1
4526,346,1,2,1
4527,346,1,2,5
4528,346,1,2,1
4529,346,1,2,5
4530,346,1,1,1
4531,347,1,1,1
4532,347,8,1,1
4533,347,1,2,1
4534,348,1,2,1
4535,348,1,1,1
4536,348,1,1,1
4537,348,1,1,1
4538,348,1,1,1
4539,348,1,1,1
4540,348,1,2,5
4541,348,1,3,5
4542,348,1,3,5
4543,348,1,1,1
4544,348,4,2,5
4545,348,1,3,5
4546,348,1,3,5
4547,349,1,1,1
4548,349,1,2,5
4549,349,1,1,1
4550,349,1,1,1
4551,349,1,2,5
4552,349,1,3,5
4553,349,1,1,1
4554,349,1,1,1
4555,349,1,1,1
4556,349,1,1,1
4557,350,2,2,5
4558,350,1,2,5
4559,350,1,3,5
4560,351,1,1,1
4561,351,1,1,1
4562,351,1,3,5
4563,351,1,1,1
4564,351,1,3,5
4565,351,1,1,1
4566,351,1,1,1
4567,351,14,1,1
4568,351,1,2,5
4569,352,15,2,5
4570,352,13,1,1
4571,352,15,1,1
4572,352,1,1,1
4573,352,1,2,1
4574,352,1,1,1
4575,353,1,1,1
4576,353,1,1,1
4577,353,2,2,5
4578,353,4,1,1
4579,353,1,2,5
4580,354,1,3,5
4581,354,1,3,5
4582,354,1,2,5
4583,354,1,2,5
4584,354,1,2,5
4585,354,1,2,5
4586,355,1,2,1
4587,355,1,3,5
4588,355,1,2,1
4589,355,4,2,5
4590,355,1,3,5
4591,356,1,2,5
4592,356,1,3,5
4593,356,1,3,5
4594,356,3,2,5
4595,356,1,2,1
4596,356,1,1,1
4597,356,1,2,5
4598,357,1,2,5
4599,357,1,1,1
4600,357,1,1,1
4601,357,1,1,1
4602,357,15,2,1
4603,357,3,2,5
4604,357,1,2,5
4605,357,1,1,1
4606,357,3,2,5
4607,357,1,1,1
4608,357,3,1,1
4609,357,1,1,1
4610,358,13,1,1
4611,358,1,3,5
4612,358,1,1,1
4613,358,1,1,1
4614,358,1,3,5
4615,358,1,3,5
4616,358,1,3,5
4617,358,1,1,1
4618,359,8,1,1
4619,359,1,2,5
4620,359,1,2,1
4621,360,1,2,5
4622,360,1,2,1
4623,360,1,1,1
4624,360,1,2,1
4625,360,6,2,1
4626,360,15,3,5
4627,360,1,2,5
4628,361,1,2,5
4629,361,1,1,1
4630,361,10,2,1
4631,361,1,2,5
4632,361,6,2,5
4633,361,1,2,1
4634,361,8,1,1
4635,361,1,1,1
4636,362,1,2,1
4637,362,1,1,1
4638,362,1,1,1
4639,362,1,1,1
4640,362,1,1,1
4641,362,1,2,5
4642,362,2,3,5
4643,362,1,1,1
4644,362,3,1,1
4645,362,2,1,1
4646,362,1,2,5
4647,362,1,1,1
4648,362,1,2,5
4649,362,1,2,1
4650,362,1,2,5
4651,362,1,1,1
4652,362,1,1,1
4653,362,2,2,5
4654,363,1,1,1
4655,363,3,3,5
4656,363,3,3,5
4657,363,7,1,1
4658,363,1,2,5
4659,363,1,1,1
4660,363,1,1,1
4661,363,2,3,5
4662,363,1,2,5
4663,363,1,2,5
4664,363,1,2,5
4665,364,3,3,5
4666,364,1,2,5
4667,364,1,1,1
4668,364,1,1,1
4669,364,1,1,1
4670,364,1,1,1
4671,364,1,1,1
4672,364,1,1,1
4673,365,1,1,1
4674,365,1,2,5
4675,365,1,1,1
4676,365,4,10,10
4677,366,1,1,1
4678,366,1,2,5
4679,366,1,1,1
4680,366,1,1,1
4681,366,1,3,5
4682,366,1,1,1
4683,367,1,1,1
4684,367,15,1,1
4685,367,1,2,5
4686,367,1,2,5
4687,367,1,1,1
4688,367,3,3,5
4689,367,2,1,1
4690,367,5,2,5
4691,367,4,1,1
4692,367,1,2,5
4693,368,1,2,5
4694,368,15,1,1
4695,368,15,1,1
4696,368,1,2,1
4697,368,3,10,10
4698,368,1,1,1
4699,368,13,2,5
4700,368,1,10,10
4701,369,1,1,1
4702,369,1,1,1
4703,369,1,1,1
4704,369,1,1,1
4705,369,1,1,1
4706,369,2,3,5
4707,369,1,1,1
4708,370,15,1,1
4709,370,15,1,1
4710,370,1,2,1
4711,370,1,2,1
4712,370,15,1,1
4713,370,1,2,5
4714,370,1,2,5
4715,370,1,1,1
4716,370,8,1,1
4717,370,12,1,1
4718,370,1,2,5
4719,371,5,10,10
4720,371,2,1,1
4721,371,6,2,5
4722,371,1,1,1
4723,371,1,1,1
4724,371,1,1,1
4725,372,1,2,1
4726,372,15,2,5
4727,372,1,1,1
4728,372,1,2,5
4729,373,1,2,5
4730,373,1,1,1
4731,373,1,2,5
4732,373,1,1,1
4733,373,2,1,1
4734,374,1,1,1
4735,374,1,2,5
4736,374,4,1,1
4737,374,1,10,10
4738,374,1,2,1
4739,374,1,2,1
4740,374,1,1,1
4741,374,14,1,1
4742,374,1,1,1
4743,375,1,2,1
4744,375,1,1,1
4745,375,1,3,5
4746,375,1,1,1
4747,375,1,1,1
4748,375,1,2,5
4749,375,15,1,1
4750,375,1,2,5
4751,376,1,1,1
4752,376,13,2,5
4753,376,1,3,5
4754,376,5,2,5
4755,376,1,2,1
4756,376,12,2,5
4757,376,1,1,1
4758,376,1,1,1
4759,376,1,1,1
4760,376,1,1,1
4761,376,1,2,5
4762,376,1,2,5
4763,377,1,1,1
4764,377,1,1,1
4765,377,1,2,5
4766,377,1,1,1
4767,377,1,2,1
4768,377,1,2,5
4769,377,1,1,1
4770,377,13,2,5
4771,377,15,2,1
4772,378,1,1,1
4773,378,1,1,1
4774,378,1,2,1
4775,378,1,1,1
4776,378,1,2,5
4777,378,2,1,1
4778,379,1,2,5
4779,379,1,1,1
4780,379,1,1,1
4781,379,1,1,1
4782,379,1,2,1
4783,379,2,1,1
4784,379,1,1,1
4785,379,1,3,5
4786,379,1,3,5
4787,379,10,3,5
4788,379,1,1,1
4789,379,1,1,1
4790,379,1,1,1
4791,380,1,2,5
4792,380,1,2,1
4793,380,12,1,1
4794,380,1,2,1
4795,380,1,2,5
4796,380,1,1,1
4797,380,10,2,5
4798,380,1,1,1
4799,380,1,1,1
4800,380,1,2,5
4801,381,1,1,1
4802,381,1,1,1
4803,381,15,2,1
4804,381,1,1,1
4805,381,1,10,10
4806,381,1,1,1
4807,381,1,2,5
4808,381,1,2,5
4809,381,1,2,5
4810,382,1,2,5
4811,382,1,3,5
4812,382,2,1,1
4813,382,1,1,1
4814,382,1,1,1
4815,382,1,1,1
4816,382,1,2,1
4817,383,3,1,1
4818,383,1,2,5
4819,383,3,1,1
4820,383,9,1,1
4821,383,1,2,5
4822,383,1,2,1
4823,383,1,2,5
4824,384,1,1,1
4825,384,1,1,1
4826,384,15,2,1
4827,384,3,2,5
4828,384,1,1,1
4829,384,1,1,1
4830,384,1,1,1
4831,384,1,2,1
4832,384,1,2,5
4833,384,3,2,5
4834,384,1,1,1
4835,385,1,1,1
4836,385,1,1,1
4837,385,15,3,5
4838,385,2,3,5
4839,385,1,1,1
4840,385,1,2,5
4841,385,1,1,1
4842,385,1,1,1
4843,385,1,2,5
4844,385,1,1,1
4845,385,1,2,5
4846,385,1,1,1
4847,385,1,3,5
4848,386,1,2,5
4849,386,1,1,1
4850,386,1,1,1
4851,386,1,1,1
4852,386,1,2,1
4853,386,8,3,5
4854,386,1,3,5
4855,386,2,1,1
4856,386,1,1,1
4857,386,1,2,1
4858,386,1,1,1
4859,386,1,1,1
4860,386,1,1,1
4861,386,1,1,1
4862,386,1,2,5
4863,387,1,1,1
4864,387,1,2,5
4865,387,15,2,1
4866,387,1,2,5
4867,387,15,1,1
4868,387,1,2,1
4869,388,1,1,1
4870,388,1,1,1
4871,388,15,2,5
4872,388,1,1,1
4873,388,1,1,1
4874,388,1,10,10
4875,388,15,2,5
4876,388,1,2,5
4877,388,1,1,1
4878,388,4,1,1
4879,388,1,2,5
4880,388,1,1,1
4881,388,4,1,1
4882,389,1,1,1
4883,389,1,2,1
4884,389,4,1,1
4885,389,7,3,5
4886,389,9,1,1
4887,389,1,1,1
4888,389,2,3,5
4889,389,1,2,5
4890,389,7,1,1
4891,389,7,1,1
4892,389,1,1,1
4893,389,1,2,5
4894,389,2,1,1
4895,389,1,1,1
4896,389,1,1,1
4897,389,1,2,5
4898,389,1,2,5
4899,389,1,1,1
4900,389,1,1,1
4901,390,15,2,5
4902,390,15,1,1
4903,390,1,3,5
4904,390,1,2,5
4905,390,1,1,1
4906,390,1,2,5
4907,390,1,1,1
4908,390,1,2,5
4909,390,1,1,1
4910,390,1,1,1
4911,390,15,2,5
4912,390,1,3,5
4913,390,15,2,5
4914,391,3,1,1
4915,391,1,1,1
4916,391,1,2,5
4917,391,1,1,1
4918,391,1,2,5
4919,391,1,3,5
4920,391,3,1,1
4921,391,15,1,1
4922,391,11,1,1
4923,391,1,3,5
4924,391,13,1,1
4925,391,14,1,1
4926,391,15,2,5
4927,391,15,1,1
4928,391,6,1,1
4929,391,1,1,1
4930,392,1,1,1
4931,392,1,2,5
4932,392,1,2,1
4933,392,15,1,1
4934,392,1,1,1
4935,392,9,1,1
4936,392,13,2,1
4937,392,1,1,1
4938,392,1,1,1
4939,392,1,3,5
4940,392,1,1,1
4941,392,3,1,1
4942,392,3,1,1
4943,392,15,1,1
4944,393,1,2,5
4945,393,1,2,5
4946,393,1,2,1
4947,393,1,1,1
4948,393,1,2,5
4949,393,1,2,1
4950,393,1,2,5
4951,393,1,1,1
4952,393,1,2,5
4953,393,1,1,1
4954,394,1,2,5
4955,394,1,1,1
4956,394,1,1,1
4957,394,1,1,1
4958,394,1,1,1
4959,394,15,1,1
4960,395,1,1,1
4961,395,15,1,1
4962,395,1,1,1
4963,395,9,1,1
4964,395,1,1,1
4965,395,14,1,1
4966,395,1,1,1
4967,395,15,1,1
4968,395,12,1,1
4969,395,1,1,1
4970,395,1,10,10
4971,395,5,1,1
4972,395,15,1,1
4973,395,1,1,1
4974,395,1,2,5
4975,395,13,1,1
4976,395,1,1,1
4977,395,1,2,5
4978,396,1,2,5
4979,396,1,1,1
4980,396,1,1,1
4981,396,2,2,5
4982,396,2,1,1
4983,396,2,1,1
4984,396,1,1,1
4985,396,1,1,1
4986,396,15,1,1
4987,396,2,2,5
4988,396,8,1,1
4989,396,15,1,1
4990,397,1,2,5
4991,397,8,1,1
4992,397,1,1,1
4993,397,15,1,1
4994,397,2,2,5
4995,397,15,1,1
4996,397,1,1,1
4997,397,15,1,1
4998,397,15,1,1
4999,397,15,1,1
5000,397,1,1,1
5001,398,1,1,1
5002,398,1,2,5
5003,398,1,2,5
5004,398,1,1,1
5005,398,1,2,5
5006,398,1,1,1
5007,398,1,1,1
5008,398,1,1,1
5009,398,15,2,5
5010,398,2,1,1
5011,398,1,2,5
5012,398,1,2,5
5013,398,1,2,5
5014,398,1,1,1
5015,398,1,2,5
5016,398,2,1,1
5017,398,1,2,5
5018,398,1,1,1
5019,398,7,1,1
5020,399,1,1,1
5021,399,1,2,5
5022,399,1,2,5
5023,399,3,1,1
5024,399,15,10,10
5025,399,1,2,1
5026,399,1,2,5
5027,399,7,1,1
5028,399,8,1,1
5029,400,1,1,1
5030,400,1,1,1
5031,400,1,2,5
5032,400,1,2,5
5033,400,1,2,5
5034,400,1,1,1
5035,400,1,2,5
5036,401,1,1,1
5037,401,1,1,1
5038,401,1,1,1
5039,401,1,3,5
5040,401,1,2,5
5041,401,1,2,5
5042,401,1,1,1
5043,401,1,1,1
5044,401,1,1,1
5045,401,1,2,5
5046,401,1,2,5
5047,401,3,1,1
5048,401,1,1,1
5049,401,1,2,1
5050,401,2,10,10
5051,402,1,1,1
5052,402,1,2,1
5053,402,1,1,1
5054,402,1,2,5
5055,402,1,1,1
5056,402,14,1,1
5057,402,1,1,1
5058,402,1,2,5
5059,402,1,1,1
5060,402,1,2,5
5061,403,1,3,5
5062,403,1,1,1
5063,403,1,1,1
5064,403,1,1,1
5065,404,1,2,5
5066,404,1,1,1
5067,404,1,2,1
5068,404,14,1,1
5069,404,1,2,5
5070,404,1,2,5
5071,404,1,2,5
5072,404,1,1,1
5073,404,15,2,5
5074,404,1,3,5
5075,404,2,1,1
5076,404,1,2,5
5077,404,1,1,1
5078,404,1,1,1
5079,404,6,1,1
5080,405,3,2,5
5081,405,1,1,1
5082,405,1,1,1
5083,405,1,1,1
5084,405,1,2,5
5085,405,1,1,1
5086,406,1,1,1
5087,406,1,1,1
5088,406,8,1,1
5089,406,1,2,5
5090,407,1,1,1
5091,407,7,1,1
5092,407,8,1,1
5093,407,15,1,1
5094,407,1,1,1
5095,407,1,1,1
5096,407,2,2,5
5097,407,1,2,5
5098,407,1,1,1
5099,408,1,2,1
5100,408,2,1,1
5101,408,1,1,1
5102,408,1,2,5
5103,408,1,1,1
5104,408,1,2,5
5105,408,1,2,1
5106,409,1,1,1
5107,409,2,2,5
5108,409,1,1,1
5109,409,2,2,5
5110,409,1,1,1
5111,409,1,1,1
5112,409,1,2,5
5113,409,1,1,1
5114,409,15,1,1
5115,409,1,2,5
5116,409,1,2,5
5117,410,1,2,5
5118,410,1,1,1
5119,410,1,1,1
5120,410,1,1,1
5121,410,1,2,5
5122,410,15,1,1
5123,410,1,2,1
5124,410,1,1,1
5125,411,1,2,5
5126,411,1,2,5
5127,411,4,1,1
5128,411,1,1,1
5129,411,12,1,1
5130,411,1,1,1
5131,412,1,1,1
5132,412,1,1,1
5133,412,1,1,1
5134,412,1,1,1
5135,412,1,2,5
5136,412,15,1,1
5137,412,1,1,1
5138,412,1,1,1
5139,412,15,1,1
5140,412,1,1,1
5141,412,15,1,1
5142,412,15,1,1
5143,412,1,1,1
5144,412,1,1,1
5145,412,1,2,1
5146,412,1,2,5
5147,412,15,1,1
5148,413,1,2,1
5149,413,15,1,1
5150,413,3,2,5
5151,414,1,1,1
5152,414,1,1,1
5153,414,1,1,1
5154,414,1,1,1
5155,414,2,2,5
5156,414,2,3,5
5157,414,1,1,1
5158,414,2,1,1
5159,414,3,2,5
5160,414,1,1,1
5161,414,2,1,1
5162,415,1,2,5
5163,415,1,2,5
5164,415,1,1,1
5165,415,1,2,5
5166,415,1,1,1
5167,415,10,1,1
5168,416,4,1,1
5169,416,3,1,1
5170,416,1,2,1
5171,416,3,1,1
5172,417,1,1,1
5173,417,1,2,1
5174,417,1,3,5
5175,417,1,1,1
5176,417,1,1,1
5177,417,1,2,5
5178,418,1,2,5
5179,418,1,2,5
5180,418,1,1,1
5181,418,1,2,5
5182,418,1,1,1
5183,418,5,1,1
5184,419,1,1,1
5185,419,2,1,1
5186,419,1,2,5
5187,419,1,2,1
5188,419,2,2,5
5189,420,1,1,1
5190,420,1,2,5
5191,420,1,1,1
5192,420,1,1,1
5193,420,15,1,1
5194,420,1,1,1
5195,420,1,2,5
5196,421,1,1,1
5197,421,1,2,5
5198,421,1,1,1
5199,421,1,2,5
5200,422,1,1,1
5201,422,1,2,5
5202,422,1,3,5
5203,422,1,2,5
5204,423,3,2,5
5205,423,1,1,1
5206,423,2,2,5
5207,423,1,2,1
5208,423,15,2,1
5209,423,1,1,1
5210,423,1,1,1
5211,423,2,2,5
5212,423,1,2,5
5213,423,1,2,5
5214,423,1,1,1
5215,423,1,2,5
5216,423,15,1,1
5217,423,1,1,1
5218,423,1,1,1
5219,424,1,2,5
5220,424,1,1,1
5221,424,1,1,1
5222,424,1,1,1
5223,424,1,1,1
5224,424,1,2,5
5225,424,1,1,1
5226,424,1,1,1
5227,424,1,2,5
5228,425,1,1,1
5229,425,1,1,1
5230,425,1,2,1
5231,425,1,1,1
5232,426,1,1,1
5233,426,12,1,1
5234,426,1,2,1
5235,426,1,1,1
5236,426,9,1,1
5237,426,6,1,1
5238,426,3,3,5
5239,426,1,1,1
5240,426,1,2,5
5241,426,1,2,5
5242,426,1,3,5
5243,426,9,1,1
5244,426,1,3,5
5245,426,3,3,5
5246,426,5,1,1
5247,426,9,1,1
5248,426,1,1,1
5249,426,1,1,1
5250,427,11,3,10
5251,427,1,1,1
5252,427,1,1,1
5253,427,1,1,1
5254,427,1,2,5
5255,427,11,3,10
5256,428,11,2,1
5257,428,1,3,5
5258,428,1,2,5
5259,428,1,1,1
5260,428,15,1,1
5261,428,8,1,1
5262,428,1,1,1
5263,428,1,1,1
5264,428,11,2,1
5265,428,1,1,1
5266,429,3,2,5
5267,429,2,2,5
5268,429,1,1,1
5269,429,1,2,5
5270,429,10,3,5
5271,429,1,2,5
5272,430,15,1,1
5273,430,3,1,1
5274,430,1,2,5
5275,430,15,1,1
5276,430,1,2,5
5277,430,15,3,5
5278,431,1,1,1
5279,431,1,1,1
5280,431,3,2,5
5281,431,1,2,5
5282,431,1,1,1
5283,431,1,3,5
5284,431,1,3,5
5285,431,2,1,1
5286,431,1,1,1
5287,431,12,3,5
5288,431,1,2,5
5289,431,9,3,5
5290,432,15,1,1
5291,432,6,10,10
5292,432,1,1,1
5293,432,3,1,1
5294,432,9,3,5
5295,432,1,2,5
5296,432,1,1,1
5297,432,1,2,1
5298,432,2,1,1
5299,432,1,2,1
5300,432,1,10,10
5301,433,1,3,5
5302,433,1,2,5
5303,433,1,1,1
5304,433,1,2,5
5305,433,1,1,1
5306,433,2,2,5
5307,433,1,2,5
5308,434,1,1,1
5309,434,1,2,1
5310,434,1,3,5
5311,434,1,1,1
5312,434,1,2,1
5313,434,1,2,5
5314,434,1,1,1
5315,434,1,2,1
5316,435,1,2,5
5317,435,15,1,1
5318,435,1,3,5
5319,435,3,2,5
5320,435,15,1,1
5321,435,1,2,5
5322,435,1,1,1
5323,435,1,3,5
5324,435,1,2,5
5325,435,1,3,5
5326,435,1,1,1
5327,435,1,2,5
5328,435,15,2,5
5329,435,1,1,1
5330,435,15,1,1
5331,436,15,1,1
5332,436,15,1,1
5333,436,1,2,5
5334,436,2,3,5
5335,436,1,2,1
5336,436,2,1,1
5337,436,3,2,5
5338,436,1,2,1
5339,436,1,2,1
5340,436,1,1,1
5341,436,1,2,5
5342,436,1,1,1
5343,437,3,2,5
5344,437,1,2,5
5345,437,1,2,5
5346,438,15,1,1
5347,438,1,1,1
5348,438,1,3,5
5349,438,1,1,1
5350,438,1,2,5
5351,439,1,2,5
5352,439,1,10,10
5353,439,1,1,1
5354,439,15,1,1
5355,439,1,2,5
5356,439,1,2,5
5357,439,1,1,1
5358,439,1,1,1
5359,440,1,1,1
5360,440,2,1,1
5361,440,2,10,10
5362,440,1,2,5
5363,440,1,1,1
5364,440,1,2,5
5365,440,1,1,1
5366,440,1,3,5
5367,440,1,1,1
5368,441,15,3,5
5369,441,1,2,5
5370,442,1,2,5
5371,442,1,1,1
5372,443,1,2,1
5373,443,1,3,5
5374,443,5,3,5
5375,443,1,1,1
5376,443,1,1,1
5377,443,1,2,1
5378,443,1,1,1
5379,444,1,2,1
5380,444,2,1,1
5381,444,1,2,5
5382,444,1,1,1
5383,444,1,1,1
5384,444,1,2,1
5385,444,2,2,5
5386,445,1,1,1
5387,445,1,1,1
5388,445,12,2,5
5389,445,7,1,1
5390,445,1,1,1
5391,445,11,2,5
5392,445,1,1,1
5393,445,1,1,1
5394,445,1,1,1
5395,446,6,1,1
5396,446,1,2,5
5397,446,1,2,5
5398,446,5,2,5
5399,446,1,2,5
5400,446,15,1,1
5401,446,1,2,1
5402,446,1,1,1
5403,446,1,1,1
5404,446,1,1,1
5405,446,1,2,5
5406,446,1,1,1
5407,446,1,2,5
5408,446,1,2,5
5409,446,1,1,1
5410,446,15,1,1
5411,447,10,1,1
5412,447,1,1,1
5413,447,2,2,5
5414,447,3,1,1
5415,447,6,1,1
5416,447,1,3,5
5417,447,1,1,1
5418,447,1,2,5
5419,448,15,3,5
5420,448,1,2,1
5421,448,1,1,1
5422,448,12,1,1
5423,448,2,1,1
5424,448,1,2,5
5425,448,1,1,1
5426,448,1,2,5
5427,448,1,1,1
5428,448,1,1,1
5429,448,2,1,1
5430,449,4,10,10
5431,449,8,1,1
5432,449,15,1,1
5433,449,3,1,1
5434,449,1,1,1
5435,449,1,2,5
5436,449,2,2,1
5437,450,1,2,5
5438,450,6,1,1
5439,450,1,2,1
5440,450,1,3,5
5441,450,1,3,5
5442,451,15,1,1
5443,451,1,1,1
5444,451,1,2,5
5445,451,1,2,5
5446,451,15,1,1
5447,451,8,1,1
5448,451,1,1,1
5449,451,1,1,1
5450,451,1,2,5
5451,452,3,2,5
5452,452,2,1,1
5453,452,1,2,5
5454,452,3,1,1
5455,452,1,1,1
5456,453,15,1,1
5457,453,15,1,1
5458,453,1,1,1
5459,453,1,2,5
5460,453,1,1,1
5461,453,2,10,10
5462,453,1,2,5
5463,453,1,2,5
5464,453,1,2,5
5465,454,2,1,1
5466,454,1,1,1
5467,454,1,2,5
5468,454,1,1,1
5469,454,4,1,1
5470,454,1,2,5
5471,454,15,2,5
5472,454,1,2,5
5473,454,1,1,1
5474,454,1,1,1
5475,454,1,1,1
5476,454,1,1,1
5477,454,1,1,1
5478,454,1,2,5
5479,454,1,2,5
5480,454,4,1,1
5481,454,6,2,5
5482,454,2,1,1
5483,454,1,2,5
5484,454,1,2,5
5485,454,1,1,1
5486,454,1,1,1
5487,454,1,2,1
5488,455,1,1,1
5489,455,1,1,1
5490,455,15,2,5
5491,455,15,1,1
5492,455,1,3,5
5493,455,1,3,5
5494,455,15,3,5
5495,455,1,1,1
5496,455,1,1,1
5497,455,1,3,5
5498,456,1,10,10
5499,456,1,2,5
5500,456,1,1,1
5501,456,9,2,1
5502,456,9,2,1
5503,456,1,1,1
5504,456,1,1,1
5505,456,1,1,1
5506,456,9,2,1
5507,456,9,2,1
5508,456,1,1,1
5509,456,1,1,1
5510,456,1,1,1
5511,456,1,1,1
5512,456,9,2,1
5513,456,3,2,5
5514,456,9,2,1
5515,456,3,1,1
5516,456,1,1,1
5517,457,1,1,1
5518,457,1,1,1
5519,457,1,2,5
5520,457,1,2,5
5521,457,1,2,5
5522,457,1,2,5
5523,457,1,2,5
5524,457,1,2,5
5525,457,1,2,5
5526,457,1,1,1
5527,457,1,1,1
5528,457,1,2,5
5529,458,1,1,1
5530,458,9,1,1
5531,458,1,1,1
5532,458,15,1,1
5533,458,15,3,5
5534,458,15,3,5
5535,458,1,1,1
5536,458,1,1,1
5537,459,2,1,1
5538,459,4,2,1
5539,459,4,2,1
5540,459,1,3,10
5541,459,1,1,1
5542,459,4,1,1
5543,459,1,1,1
5544,459,1,2,5
5545,459,3,3,5
5546,459,4,2,1
5547,459,1,2,5
5548,460,8,1,1
5549,460,1,2,5
5550,460,10,2,5
5551,460,14,2,5
5552,460,13,1,1
5553,460,10,2,5
5554,461,1,1,1
5555,461,1,2,5
5556,461,1,1,1
5557,461,1,1,1
5558,461,8,1,1
5559,461,15,1,1
5560,461,1,1,1
5561,461,1,1,1
5562,461,2,1,1
5563,462,7,1,1
5564,462,1,1,1
5565,462,3,1,1
5566,462,1,1,1
5567,462,6,1,1
5568,462,15,1,1
5569,462,15,1,1
5570,462,9,1,1
5571,462,5,1,1
5572,462,1,1,1
5573,462,8,1,1
5574,462,1,1,1
5575,462,15,1,1
5576,462,1,1,1
5577,463,12,1,1
5578,463,4,1,1
5579,464,1,2,5
5580,464,6,1,1
5581,464,2,1,1
5582,464,2,1,1
5583,464,3,1,1
5584,464,1,2,1
5585,464,1,1,1
5586,464,1,1,1
5587,464,1,1,1
5588,465,3,1,1
5589,465,1,1,1
5590,465,8,1,1
5591,465,1,3,5
5592,465,1,1,1
5593,465,3,1,1
5594,465,1,1,1
5595,465,1,1,1
5596,465,1,2,5
5597,465,5,1,1
5598,465,1,1,1
5599,465,2,1,1
5600,465,8,1,1
5601,466,15,1,1
5602,466,1,1,1
5603,466,1,1,1
5604,466,1,1,1
5605,466,1,1,1
5606,466,4,2,1
5607,466,2,1,1
5608,466,1,1,1
5609,466,1,1,1
5610,467,3,2,5
5611,467,1,2,5
5612,467,3,2,5
5613,467,13,1,1
5614,467,15,1,1
5615,467,15,1,1
5616,467,1,1,1
5617,467,15,1,1
5618,467,1,1,1
5619,467,15,2,1
5620,467,15,1,1
5621,467,15,1,1
5622,468,15,1,1
5623,468,15,1,1
5624,468,1,1,1
5625,468,15,1,1
5626,468,15,1,1
5627,468,15,1,1
5628,468,15,1,1
5629,468,15,1,1
5630,468,15,1,1
5631,468,15,1,1
5632,468,15,1,1
5633,468,15,1,1
5634,468,1,1,1
5635,468,1,2,5
5636,469,3,1,1
5637,469,1,2,5
5638,469,1,2,5
5639,469,3,1,1
5640,469,1,2,5
5641,470,3,1,1
5642,470,1,1,1
5643,470,1,2,1
5644,470,13,2,1
5645,470,1,1,1
5646,470,1,2,5
5647,470,1,1,1
5648,470,1,1,1
5649,470,15,2,5
5650,470,1,3,5
5651,470,1,1,1
5652,470,13,3,10
5653,470,1,2,5
5654,470,15,1,1
5655,471,1,2,5
5656,471,1,2,5
5657,471,1,3,5
5658,471,1,1,1
5659,471,1,1,1
5660,471,2,1,1
5661,471,1,1,1
5662,471,1,2,1
5663,471,2,1,1
5664,472,9,1,1
5665,472,1,1,1
5666,472,1,2,1
5667,472,7,1,1
5668,472,1,1,1
5669,472,1,1,1
5670,472,1,2,5
5671,472,15,1,1
5672,473,1,1,1
5673,473,1,1,1
5674,473,1,1,1
5675,473,2,3,5
5676,473,1,1,1
5677,473,1,3,5
5678,473,1,2,5
5679,473,1,1,1
5680,473,1,1,1
5681,474,2,3,5
5682,474,1,2,5
5683,474,1,1,1
5684,474,1,2,5
5685,474,1,2,5
5686,474,1,1,1
5687,474,1,1,1
5688,474,2,1,1
5689,475,1,1,1
5690,475,1,1,1
5691,475,1,1,1
5692,475,1,1,1
5693,475,1,1,1
5694,476,15,2,5
5695,476,1,2,5
5696,476,1,1,1
5697,476,1,1,1
5698,476,1,2,1
5699,476,13,1,1
5700,476,2,2,5
5701,477,9,1,1
5702,477,9,1,1
5703,477,1,2,1
5704,478,1,1,1
5705,478,12,1,1
5706,478,9,1,1
5707,478,1,1,1
5708,478,2,2,5
5709,478,1,1,1
5710,478,1,1,1
5711,478,1,1,1
5712,478,1,1,1
5713,479,1,1,1
5714,479,1,1,1
5715,479,1,2,5
5716,479,15,1,1
5717,479,15,1,1
5718,479,1,2,5
5719,479,1,1,1
5720,479,1,2,5
5721,479,15,1,1
5722,479,15,1,1
5723,479,15,2,5
5724,479,1,1,1
5725,479,1,2,1
5726,480,1,1,1
5727,480,10,2,1
5728,480,1,1,1
5729,480,1,2,5
5730,480,1,1,1
5731,480,1,1,1
5732,480,1,2,5
5733,480,1,1,1
5734,481,1,2,5
5735,481,2,1,1
5736,481,1,1,1
5737,481,5,2,5
5738,481,9,2,1
5739,481,1,2,5
5740,481,1,2,1
5741,481,1,2,5
5742,481,2,2,5
5743,481,9,2,1
5744,481,2,1,1
5745,481,1,3,5
5746,482,1,3,5
5747,482,4,2,1
5748,482,1,1,1
5749,482,1,1,1
5750,482,1,2,5
5751,482,1,2,5
5752,483,1,1,1
5753,483,1,2,1
5754,483,1,1,1
5755,483,1,1,1
5756,483,1,1,1
5757,483,2,1,1
5758,484,1,1,1
5759,484,1,1,1
5760,484,1,1,1
5761,484,1,2,5
5762,484,1,1,1
5763,485,1,1,1
5764,485,15,3,5
5765,485,1,2,1
5766,485,1,1,1
5767,485,1,1,1
5768,485,1,2,1
5769,485,15,3,5
5770,485,1,1,1
5771,485,15,1,1
5772,485,1,1,1
5773,485,11,2,5
5774,485,1,2,1
5775,486,1,1,1
5776,486,1,1,1
5777,486,1,2,1
5778,487,1,2,5
5779,487,1,1,1
5780,487,1,1,1
5781,487,1,2,5
5782,487,1,1,1
5783,487,1,2,5
5784,488,1,2,5
5785,488,1,1,1
5786,488,1,2,5
5787,488,1,2,1
5788,488,3,1,1
5789,489,1,2,5
5790,489,1,1,1
5791,489,1,2,5
5792,489,15,2,5
5793,489,1,1,1
5794,489,1,2,5
5795,489,3,1,1
5796,490,4,3,5
5797,490,1,2,1
5798,490,2,3,5
5799,490,1,1,1
5800,490,1,2,5
5801,490,1,3,5
5802,490,1,2,5
5803,490,1,1,1
5804,491,15,2,1
5805,491,6,1,1
5806,491,3,1,1
5807,491,1,2,5
5808,491,2,2,5
5809,491,1,1,1
5810,491,3,1,1
5811,491,1,2,1
5812,491,1,2,5
5813,491,8,1,1
5814,492,15,1,1
5815,492,15,1,1
5816,492,5,2,5
5817,492,1,1,1
5818,492,1,1,1
5819,492,1,1,1
5820,492,6,2,5
5821,492,1,2,5
5822,493,7,1,1
5823,493,1,2,1
5824,493,1,2,5
5825,493,6,2,1
5826,493,1,1,1
5827,493,1,2,5
5828,493,13,1,1
5829,493,1,2,5
5830,493,15,3,5
5831,493,4,2,1
5832,493,15,2,5
5833,493,1,3,5
5834,493,1,2,5
5835,493,1,2,5
5836,494,4,2,1
5837,494,1,1,1
5838,494,3,2,5
5839,494,1,2,5
5840,494,5,3,5
5841,495,1,1,1
5842,495,1,1,1
5843,495,1,1,1
5844,495,1,1,1
5845,495,1,1,1
5846,495,1,1,1
5847,495,5,2,5
5848,495,1,1,1
5849,495,1,1,1
5850,495,1,2,5
5851,495,1,2,1
5852,496,14,1,1
5853,496,11,10,10
5854,496,1,2,5
5855,496,1,2,5
5856,496,1,2,5
5857,496,2,1,1
5858,496,1,2,5
5859,496,5,3,5
5860,496,15,2,5
5861,497,1,1,1
5862,497,1,3,5
5863,497,4,3,5
5864,497,13,1,1
5865,498,15,1,1
5866,498,1,1,1
5867,498,1,2,5
5868,498,1,1,1
5869,498,1,1,1
5870,498,14,2,5
5871,498,1,2,5
5872,498,1,1,1
5873,498,1,2,5
5874,498,1,3,5
5875,498,1,2,5
5876,498,1,1,1
5877,498,1,2,5
5878,498,1,1,1
5879,498,1,2,5
5880,499,4,10,10
5881,499,15,2,5
5882,499,1,2,5
5883,499,6,2,1
5884,499,6,1,1
5885,499,1,1,1
5886,499,1,1,1
5887,499,1,1,1
5888,499,1,1,1
5889,500,1,3,5
5890,500,1,3,5
5891,500,11,1,1
5892,500,1,3,5
5893,500,1,1,1
5894,500,1,2,5
5895,500,1,2,5
5896,500,1,1,1
5897,500,15,1,1
5898,500,15,2,1
5899,500,1,3,5
5900,501,1,1,1
5901,501,1,1,1
5902,501,1,2,5
5903,501,15,10,10
5904,501,1,2,5
5905,501,1,1,1
5906,502,1,2,5
5907,502,1,1,1
5908,502,15,1,1
5909,502,1,1,1
5910,502,1,1,1
5911,502,2,10,10
5912,503,15,2,5
5913,503,4,1,1
5914,503,1,2,5
5915,504,1,1,1
5916,504,1,2,5
5917,504,1,1,1
5918,504,1,2,5
5919,504,1,2,5
5920,504,1,3,5
5921,504,1,2,5
5922,504,1,3,5
5923,504,12,2,5
5924,504,12,2,5
5925,504,1,2,1
5926,504,1,3,5
5927,505,15,2,5
5928,505,5,1,1
5929,505,1,2,5
5930,505,15,2,5
5931,505,1,1,1
5932,505,1,1,1
5933,505,15,1,1
5934,505,15,2,1
5935,505,2,1,1
5936,505,15,1,1
5937,505,1,2,5
5938,505,5,2,1
5939,506,1,2,5
5940,506,1,1,1
5941,506,15,1,1
5942,506,15,1,1
5943,506,15,2,1
5944,506,1,1,1
5945,506,2,2,5
5946,506,1,1,1
5947,506,1,1,1
5948,506,1,1,1
5949,507,1,2,1
5950,507,1,2,5
5951,507,1,2,5
5952,507,3,10,10
5953,507,1,1,1
5954,507,1,2,5
5955,507,1,1,1
5956,507,3,1,1
5957,507,1,1,1
5958,507,1,1,1
5959,507,1,2,1
5960,508,1,1,1
5961,508,2,2,5
5962,508,1,1,1
5963,508,3,1,1
5964,508,1,1,1
5965,509,1,1,1
5966,509,1,2,5
5967,509,1,1,1
5968,509,1,3,5
5969,509,5,3,5
5970,509,1,1,1
5971,509,1,1,1
5972,509,15,2,5
5973,509,1,1,1
5974,509,1,3,5
5975,509,1,1,1
5976,509,1,1,1
5977,510,2,1,1
5978,510,1,2,5
5979,510,1,2,5
5980,510,1,2,5
5981,510,8,10,10
5982,510,1,1,1
5983,510,1,2,1
5984,510,15,2,5
5985,510,2,2,5
5986,510,1,3,5
5987,510,1,1,1
5988,510,1,1,1
5989,510,1,1,1
5990,511,2,1,1
5991,511,1,2,5
5992,511,1,2,5
5993,511,1,1,1
5994,511,2,1,1
5995,512,1,1,1
5996,512,15,1,1
5997,512,1,2,5
5998,512,1,1,1
5999,512,15,1,1
6000,512,1,1,1
6001,512,15,2,5
6002,512,1,3,5
6003,512,1,2,5
6004,512,1,2,5
6005,512,1,2,5
6006,512,1,10,10
6007,513,1,1,1
6008,513,6,3,5
6009,513,1,2,5
6010,513,1,2,5
6011,513,1,1,1
6012,513,1,1,1
6013,514,1,3,5
6014,514,4,2,5
6015,514,1,2,5
6016,514,1,2,5
6017,514,1,1,1
6018,514,12,2,5
6019,514,1,2,5
6020,514,2,3,5
6021,514,1,2,5
6022,515,1,3,5
6023,515,1,2,5
6024,515,1,2,5
6025,515,2,1,1
6026,515,1,2,1
6027,515,1,1,1
6028,516,15,2,1
6029,516,1,1,1
6030,516,4,1,1
6031,516,1,2,1
6032,516,1,1,1
6033,516,1,2,1
6034,516,1,1,1
6035,516,1,2,5
6036,516,10,3,5
6037,517,1,2,5
6038,517,1,2,5
6039,517,13,3,5
6040,517,1,1,1
6041,517,1,2,5
6042,517,7,2,5
6043,517,15,3,5
6044,517,1,1,1
6045,517,1,1,1
6046,517,1,1,1
6047,517,15,3,5
6048,517,1,1,1
6049,518,1,2,5
6050,518,15,1,1
6051,518,1,1,1
6052,518,15,1,1
6053,518,1,1,1
6054,518,1,2,5
6055,518,1,2,5
6056,518,10,3,5
6057,518,1,2,5
6058,518,1,1,1
6059,518,2,3,5
6060,518,1,1,1
6061,519,1,2,5
6062,519,2,1,1
6063,519,1,2,5
6064,519,1,2,5
6065,519,1,2,5
6066,519,8,3,5
6067,519,2,1,1
6068,519,1,2,5
6069,519,15,2,5
6070,519,1,2,1
6071,519,1,2,5
6072,519,1,2,5
6073,520,1,1,1
6074,520,1,1,1
6075,520,1,3,5
6076,520,1,2,5
6077,520,2,2,5
6078,520,1,1,1
6079,520,1,1,1
6080,521,1,2,5
6081,521,1,1,1
6082,521,1,1,1
6083,521,1,1,1
6084,521,1,2,5
6085,521,1,2,5
6086,521,1,10,10
6087,521,1,1,1
6088,521,1,2,5
6089,522,2,1,1
6090,522,1,2,1
6091,522,1,1,1
6092,522,1,1,1
6093,522,13,2,5
6094,522,5,1,1
6095,522,1,2,5
6096,523,3,1,1
6097,523,9,1,1
6098,523,1,2,5
6099,523,15,2,5
6100,523,1,1,1
6101,523,1,1,1
6102,523,1,2,5
6103,523,1,1,1
6104,524,1,2,5
6105,524,1,1,1
6106,524,1,1,1
6107,524,1,1,1
6108,524,1,1,1
6109,524,15,2,5
6110,524,1,2,1
6111,524,1,2,1
6112,524,1,1,1
6113,524,1,2,5
6114,524,11,1,1
6115,524,1,1,1
6116,524,1,2,1
6117,524,1,2,5
6118,524,1,2,5
6119,524,2,1,1
6120,524,1,2,1
6121,525,1,2,5
6122,525,8,1,1
6123,525,3,10,10
6124,525,7,1,1
6125,525,1,1,1
6126,525,1,2,5
6127,525,1,1,1
6128,525,1,2,5
6129,525,1,2,5
6130,525,12,1,1
6131,526,1,2,5
6132,526,1,1,1
6133,526,1,2,5
6134,526,4,1,1
6135,526,1,1,1
6136,526,2,2,5
6137,526,15,1,1
6138,526,1,2,5
6139,526,1,1,1
6140,526,1,1,1
6141,527,1,1,1
6142,527,1,2,1
6143,527,8,1,1
6144,527,1,1,1
6145,527,1,1,1
6146,527,1,1,1
6147,527,1,2,1
6148,527,1,2,5
6149,528,1,1,1
6150,528,1,2,1
6151,528,1,10,10
6152,528,4,2,1
6153,528,10,1,1
6154,528,9,1,1
6155,528,12,1,1
6156,528,4,1,1
6157,528,1,3,5
6158,528,1,1,1
6159,528,1,1,1
6160,528,1,1,1
6161,528,2,1,1
6162,529,15,1,1
6163,529,1,2,5
6164,529,15,1,1
6165,529,1,2,5
6166,529,6,1,1
6167,529,1,2,5
6168,529,1,1,1
6169,529,1,1,1
6170,529,1,2,5
6171,529,15,1,1
6172,529,1,1,1
6173,529,7,1,1
6174,529,1,1,1
6175,530,1,3,5
6176,530,2,1,1
6177,530,1,3,5
6178,530,1,1,1
6179,530,1,1,1
6180,530,5,1,1
6181,530,1,1,1
6182,530,1,1,1
6183,530,1,10,10
6184,530,1,2,1
6185,530,2,2,5
6186,531,1,2,1
6187,531,1,10,10
6188,531,1,1,1
6189,531,1,1,1
6190,531,15,1,1
6191,531,15,1,1
6192,531,1,1,1
6193,531,1,1,1
6194,531,1,1,1
6195,532,1,1,1
6196,532,1,1,1
6197,532,1,1,1
6198,532,1,1,1
6199,532,1,2,5
6200,532,6,1,1
6201,532,1,2,5
6202,533,1,2,5
6203,533,1,1,1
6204,533,1,1,1
6205,533,1,1,1
6206,533,1,1,1
6207,533,4,1,1
6208,533,15,1,1
6209,533,10,1,1
6210,533,1,1,1
6211,533,6,1,1
6212,534,1,1,1
6213,534,1,1,1
6214,534,1,1,1
6215,534,1,1,1
6216,534,1,1,1
6217,534,1,1,1
6218,534,1,2,1
6219,534,1,2,1
6220,534,1,2,5
6221,534,1,2,5
6222,535,1,2,5
6223,535,1,1,1
6224,535,1,1,1
6225,535,1,1,1
6226,535,15,2,5
6227,535,1,1,1
6228,535,1,1,1
6229,535,2,1,1
6230,535,1,1,1
6231,535,1,1,1
6232,535,2,1,1
6233,536,1,2,5
6234,536,1,1,1
6235,536,1,1,1
6236,536,1,1,1
6237,536,2,1,1
6238,536,1,1,1
6239,536,1,1,1
6240,537,1,1,1
6241,537,2,1,1
6242,537,15,2,5
6243,537,1,2,1
6244,537,1,1,1
6245,537,1,2,1
6246,537,1,1,1
6247,537,1,1,1
6248,537,1,1,1
6249,537,5,1,1
6250,537,1,1,1
6251,537,1,2,5
6252,538,1,2,1
6253,538,15,1,1
6254,539,3,1,1
6255,539,1,2,5
6256,539,1,1,1
6257,539,1,2,1
6258,539,1,1,1
6259,539,8,2,5
6260,540,1,2,5
6261,540,1,1,1
6262,540,4,1,1
6263,540,1,1,1
6264,540,1,1,1
6265,540,1,2,5
6266,540,1,1,1
6267,540,1,1,1
6268,540,1,2,5
6269,540,1,1,1
6270,540,1,1,1
6271,540,1,1,1
6272,541,1,2,5
6273,541,15,1,1
6274,541,1,1,1
6275,541,15,1,1
6276,541,1,1,1
6277,541,1,1,1
6278,542,1,1,1
6279,542,1,1,1
6280,542,1,1,1
6281,542,1,1,1
6282,542,1,1,1
6283,542,1,2,5
6284,542,1,1,1
6285,542,1,2,5
6286,542,1,1,1
6287,542,1,1,1
6288,542,1,1,1
6289,542,1,1,1
6290,543,1,2,5
6291,543,1,1,1
6292,543,1,1,1
6293,543,15,1,1
6294,544,1,2,1
6295,544,15,1,1
6296,544,2,3,5
6297,544,1,2,5
6298,544,1,2,5
6299,544,15,1,1
6300,545,1,2,5
6301,545,1,1,1
6302,545,15,1,1
6303,545,1,1,1
6304,546,1,1,1
6305,546,15,1,1
6306,546,1,1,1
6307,546,15,1,1
6308,546,1,1,1
6309,546,1,1,1
6310,546,15,1,1
6311,546,1,2,1
6312,547,1,2,1
6313,547,1,2,5
6314,547,15,1,1
6315,547,1,1,1
6316,547,1,1,1
6317,547,1,2,1
6318,548,1,1,1
6319,548,1,1,1
6320,548,1,2,1
6321,548,1,1,1
6322,548,1,1,1
6323,548,1,2,5
6324,548,1,2,5
6325,548,2,1,1
6326,548,1,1,1
6327,549,1,1,1
6328,549,1,1,1
6329,549,1,1,1
6330,549,2,1,1
6331,549,1,2,5
6332,549,1,2,5
6333,550,1,1,1
6334,550,3,1,1
6335,550,1,2,5
6336,550,1,2,5
6337,550,4,1,1
6338,550,15,1,1
6339,550,1,1,1
6340,550,1,1,1
6341,550,1,1,1
6342,550,1,2,1
6343,550,1,3,5
6344,550,1,1,1
6345,551,1,1,1
6346,551,15,1,1
6347,551,1,1,1
6348,551,1,1,1
6349,551,1,1,1
6350,551,1,2,5
6351,551,1,2,5
6352,551,1,1,1
6353,552,1,3,5
6354,552,1,2,5
6355,552,2,1,1
6356,552,5,1,1
6357,552,3,2,5
6358,552,15,2,1
6359,553,15,1,1
6360,553,1,1,1
6361,553,1,2,5
6362,553,15,1,1
6363,553,2,1,1
6364,553,1,1,1
6365,554,3,1,1
6366,554,2,1,1
6367,554,15,1,1
6368,554,1,1,1
6369,554,6,1,1
6370,554,3,1,1
6371,554,1,2,5
6372,554,1,2,5
6373,554,1,1,1
6374,554,1,1,1
6375,554,1,2,5
6376,554,1,1,1
6377,554,15,1,1
6378,554,1,1,1
6379,555,1,1,1
6380,555,1,2,5
6381,555,1,2,5
6382,555,1,10,10
6383,555,1,1,1
6384,555,1,10,10
6385,555,2,2,5
6386,556,1,2,5
6387,556,1,1,1
6388,556,1,1,1
6389,556,2,1,1
6390,557,1,2,1
6391,557,1,2,5
6392,557,1,2,5
6393,557,1,2,5
6394,557,1,2,5
6395,557,1,2,5
6396,557,1,2,5
6397,557,1,2,5
6398,558,1,1,1
6399,558,8,2,5
6400,558,1,1,1
6401,558,15,1,1
6402,558,1,1,1
6403,559,1,1,1
6404,559,2,3,5
6405,559,1,3,5
6406,559,1,3,5
6407,559,1,1,1
6408,559,1,3,5
6409,559,1,3,5
6410,559,15,2,5
6411,559,1,1,1
6412,560,1,2,5
6413,560,1,2,1
6414,560,15,2,5
6415,561,1,10,10
6416,561,1,10,10
6417,561,1,10,10
6418,561,1,10,10
6419,561,13,1,1
6420,561,1,10,10
6421,561,1,10,10
6422,561,15,2,1
6423,561,1,10,10
6424,561,1,3,5
6425,562,1,1,1
6426,562,1,1,1
6427,562,1,1,1
6428,562,1,1,1
6429,562,1,1,1
6430,562,1,1,1
6431,562,1,1,1
6432,562,1,2,5
6433,562,1,2,5
6434,562,1,2,5
6435,562,15,1,1
6436,562,1,1,1
6437,562,1,1,1
6438,563,15,3,5
6439,563,1,2,5
6440,563,1,3,5
6441,563,2,1,1
6442,563,8,3,5
6443,563,2,1,1
6444,564,1,2,5
6445,564,3,1,1
6446,564,1,1,1
6447,564,1,2,5
6448,565,1,1,1
6449,565,8,1,1
6450,565,8,2,5
6451,565,1,1,1
6452,565,1,2,5
6453,565,1,2,5
6454,565,2,3,5
6455,565,4,2,5
6456,565,1,2,5
6457,565,1,1,1
6458,566,1,2,5
6459,566,1,2,5
6460,566,1,1,1
6461,566,1,2,5
6462,567,14,1,1
6463,567,1,1,1
6464,567,1,2,5
6465,567,1,1,1
6466,567,1,2,5
6467,567,2,1,1
6468,568,1,2,5
6469,568,1,1,1
6470,568,1,2,5
6471,568,1,1,1
6472,568,1,2,5
6473,568,1,1,1
6474,568,1,3,5
6475,569,1,1,1
6476,569,1,1,1
6477,570,1,1,1
6478,570,15,1,1
6479,570,1,1,1
6480,570,1,1,1
6481,571,1,2,5
6482,571,1,2,5
6483,571,1,2,5
6484,571,1,10,10
6485,571,1,2,5
6486,571,1,2,5
6487,571,1,3,5
6488,571,15,2,1
6489,571,1,1,1
6490,571,3,1,1
6491,572,1,1,1
6492,572,1,2,5
6493,572,6,1,1
6494,572,1,1,1
6495,573,1,1,1
6496,573,15,1,1
6497,573,1,2,5
6498,573,15,1,1
6499,573,1,2,5
6500,573,1,1,1
6501,573,1,1,1
6502,574,1,2,5
6503,574,15,1,1
6504,574,1,3,5
6505,574,1,1,1
6506,574,2,1,1
6507,574,1,1,1
6508,574,4,3,5
6509,574,15,1,1
6510,574,1,2,5
6511,574,15,1,1
6512,575,1,2,5
6513,575,2,2,1
6514,575,1,1,1
6515,575,1,1,1
6516,575,4,2,5
6517,575,1,1,1
6518,576,2,2,5
6519,576,1,1,1
6520,576,2,1,1
6521,576,1,2,5
6522,576,1,2,5
6523,576,5,2,5
6524,576,1,1,1
6525,576,1,1,1
6526,576,1,1,1
6527,576,1,1,1
6528,577,1,1,1
6529,577,4,2,5
6530,577,1,1,1
6531,577,1,1,1
6532,577,1,1,1
6533,577,3,1,1
6534,577,5,1,1
6535,577,1,1,1
6536,578,1,1,1
6537,578,1,1,1
6538,578,2,1,1
6539,578,1,1,1
6540,578,1,1,1
6541,578,1,1,1
6542,578,1,2,1
6543,578,1,1,1
6544,579,1,1,1
6545,579,1,2,5
6546,579,1,2,5
6547,579,1,1,1
6548,579,1,1,1
6549,579,1,1,1
6550,579,1,1,1
6551,579,3,2,5
6552,579,2,1,1
6553,579,1,2,5
6554,580,1,1,1
6555,580,15,1,1
6556,580,13,1,1
6557,580,1,1,1
6558,580,1,1,1
6559,580,1,1,1
6560,580,1,1,1
6561,580,1,1,1
6562,580,1,1,1
6563,581,1,1,1
6564,581,1,3,5
6565,581,1,2,5
6566,581,1,2,5
6567,581,1,2,5
6568,582,1,2,5
6569,582,1,1,1
6570,582,14,1,1
6571,582,10,1,1
6572,583,1,1,1
6573,583,2,2,5
6574,583,1,1,1
6575,583,1,1,1
6576,584,1,1,1
6577,584,1,1,1
6578,584,1,1,1
6579,584,1,1,1
6580,584,1,1,1
6581,584,1,1,1
6582,584,1,2,5
6583,584,1,2,5
6584,584,1,2,5
6585,584,1,2,5
6586,584,1,1,1
6587,584,1,2,5
6588,585,1,2,5
6589,585,1,1,1
6590,585,1,1,1
6591,585,1,2,5
6592,585,1,2,1
6593,585,5,2,5
6594,585,1,2,5
6595,585,1,1,1
6596,586,1,1,1
6597,586,15,1,1
6598,586,1,1,1
6599,586,1,2,5
6600,586,1,2,5
6601,586,11,1,1
6602,586,1,2,1
6603,586,1,2,5
6604,587,1,2,5
6605,587,1,2,5
6606,587,2,1,1
6607,587,1,1,1
6608,587,1,2,5
6609,587,1,1,1
6610,587,1,2,5
6611,587,1,2,5
6612,587,3,2,5
6613,588,1,2,5
6614,588,1,2,5
6615,588,1,1,1
6616,588,2,1,1
6617,588,1,2,1
6618,588,1,2,5
6619,589,2,1,1
6620,589,1,2,5
6621,589,1,2,5
6622,590,1,2,5
6623,590,1,1,1
6624,590,1,1,1
6625,590,1,2,5
6626,590,1,1,1
6627,590,1,1,1
6628,590,15,1,1
6629,591,1,2,5
6630,591,1,1,1
6631,591,15,1,1
6632,591,1,3,5
6633,591,1,2,5
6634,592,1,2,5
6635,592,1,2,5
6636,592,1,1,1
6637,592,5,1,1
6638,592,1,1,1
6639,592,1,1,1
6640,592,3,1,1
6641,592,15,1,1
6642,592,1,1,1
6643,593,1,1,1
6644,593,1,1,1
6645,593,1,1,1
6646,593,1,2,5
6647,593,1,1,1
6648,593,1,2,5
6649,593,4,2,5
6650,593,8,2,5
6651,593,8,2,5
6652,593,1,1,1
6653,593,1,1,1
6654,594,4,2,5
6655,594,4,2,5
6656,595,1,2,5
6657,595,1,1,1
6658,595,1,1,1
6659,595,14,1,1
6660,595,4,1,1
6661,595,3,1,1
6662,595,3,1,1
6663,596,1,1,1
6664,596,4,2,5
6665,596,1,3,5
6666,596,2,2,5
6667,596,1,1,1
6668,596,1,1,1
6669,596,1,1,1
6670,596,1,1,1
6671,596,1,2,5
6672,596,1,2,5
6673,597,1,1,1
6674,597,3,1,1
6675,597,1,2,5
6676,597,1,1,1
6677,597,1,1,1
6678,597,1,1,1
6679,598,1,1,1
6680,598,2,1,1
6681,598,1,1,1
6682,598,1,1,1
6683,599,15,2,1
6684,599,1,2,5
6685,599,1,2,1
6686,599,6,1,1
6687,599,15,2,1
6688,599,1,3,5
6689,599,1,2,5
6690,599,1,2,5
6691,600,1,2,1
6692,600,5,1,1
6693,600,1,2,5
6694,600,5,1,1
6695,600,1,2,1
6696,600,1,2,5
6697,600,15,1,1
6698,600,1,1,1
6699,600,1,1,1
6700,601,1,2,5
6701,601,1,1,1
6702,601,1,2,5
6703,601,1,2,1
6704,601,5,1,1
6705,601,1,2,5
6706,601,1,2,5
6707,601,1,2,5
6708,601,1,1,1
6709,601,1,1,1
6710,601,1,1,1
6711,601,1,2,5
6712,602,1,1,1
6713,602,2,1,1
6714,602,2,1,1
6715,602,15,3,5
6716,602,3,1,1
6717,602,1,2,5
6718,603,1,2,5
6719,603,1,2,1
6720,603,10,3,5
6721,603,2,2,5
6722,603,1,1,1
6723,603,1,2,5
6724,604,1,2,1
6725,604,15,1,1
6726,604,1,1,1
6727,604,1,1,1
6728,604,1,2,5
6729,604,2,3,5
6730,604,1,1,1
6731,605,15,1,1
6732,605,1,1,1
6733,605,1,2,5
6734,605,15,1,1
6735,605,2,1,1
6736,605,1,2,5
6737,605,1,1,1
6738,606,1,2,5
6739,606,1,2,5
6740,606,1,2,5
6741,606,1,1,1
6742,606,1,1,1
6743,607,4,1,1
6744,607,1,1,1
6745,607,1,1,1
6746,607,2,1,1
6747,607,1,1,1
6748,607,1,2,5
6749,608,1,2,5
6750,608,1,1,1
6751,608,1,2,5
6752,609,1,1,1
6753,609,2,1,1
6754,609,1,1,1
6755,609,1,1,1
6756,609,1,1,1
6757,609,1,1,1
6758,609,1,1,1
6759,609,1,2,5
6760,609,1,2,5
6761,609,1,1,1
6762,609,1,2,5
6763,609,1,1,1
6764,610,1,1,1
6765,610,1,2,5
6766,611,1,1,1
6767,611,1,2,5
6768,611,1,2,5
6769,611,1,1,1
6770,612,1,1,1
6771,612,2,2,5
6772,612,1,1,1
6773,612,1,1,1
6774,612,2,2,5
6775,612,1,1,1
6776,612,1,1,1
6777,613,1,1,1
6778,613,1,1,1
6779,613,1,2,5
6780,614,2,1,1
6781,614,1,2,5
6782,614,1,1,1
6783,614,1,2,5
6784,614,5,1,1
6785,614,1,1,1
6786,614,1,2,5
6787,614,1,1,1
6788,614,1,1,1
6789,615,1,1,1
6790,615,2,2,5
6791,615,1,2,5
6792,615,1,2,1
6793,615,1,2,5
6794,615,1,1,1
6795,616,3,1,1
6796,616,1,2,5
6797,616,1,1,1
6798,616,1,2,5
6799,617,1,2,5
6800,617,2,2,5
6801,617,1,1,1
6802,617,1,1,1
6803,618,1,2,5
6804,618,2,1,1
6805,618,9,1,1
6806,618,1,2,5
6807,618,1,1,1
6808,618,1,1,1
6809,618,1,1,1
6810,619,15,2,1
6811,619,1,1,1
6812,619,1,1,1
6813,619,1,2,1
6814,619,1,10,10
6815,619,1,2,1
6816,619,1,1,1
6817,619,1,2,5
6818,620,3,1,1
6819,620,2,1,1
6820,620,1,2,5
6821,620,2,1,1
6822,620,5,1,1
6823,620,1,2,5
6824,620,2,1,1
6825,621,3,1,1
6826,621,1,2,5
6827,621,1,2,5
6828,621,15,1,1
6829,621,1,2,5
6830,621,1,2,1
6831,621,3,1,1
6832,621,1,1,1
6833,622,1,1,1
6834,622,1,2,5
6835,622,1,2,5
6836,622,1,2,5
6837,623,1,1,1
6838,623,1,1,1
6839,623,1,2,5
6840,623,1,1,1
6841,623,1,1,1
6842,623,1,2,1
6843,623,1,2,5
6844,623,4,1,1
6845,623,1,2,1
6846,623,1,2,5
6847,623,1,2,5
6848,624,1,1,1
6849,624,2,2,5
6850,624,1,1,1
6851,624,1,2,5
6852,624,1,1,1
6853,624,1,1,1
6854,624,1,2,5
6855,624,1,1,1
6856,625,1,1,1
6857,625,1,1,1
6858,625,1,1,1
6859,625,1,1,1
6860,625,1,10,10
6861,625,1,10,10
6862,625,15,2,5
6863,625,1,10,10
6864,625,1,2,1
6865,625,1,10,10
6866,625,1,10,10
6867,625,1,10,10
6868,626,1,2,5
6869,626,1,1,1
6870,626,15,2,5
6871,626,1,10,10
6872,626,15,1,1
6873,626,1,1,1
6874,626,1,2,5
6875,626,15,1,1
6876,626,1,3,5
6877,626,6,3,5
6878,626,7,3,5
6879,626,6,3,5
6880,626,9,3,5
6881,626,1,1,1
6882,627,2,3,5
6883,627,1,2,5
6884,627,3,1,1
6885,627,1,3,5
6886,627,1,1,1
6887,627,1,2,1
6888,628,1,1,1
6889,628,15,1,1
6890,628,3,1,1
6891,628,15,1,1
6892,628,15,2,1
6893,628,1,1,1
6894,629,1,1,1
6895,629,1,1,1
6896,629,12,2,5
6897,629,1,1,1
6898,629,1,2,5
6899,629,1,1,1
6900,629,1,1,1
6901,629,1,1,1
6902,630,1,1,1
6903,630,5,2,5
6904,631,1,2,5
6905,631,1,1,1
6906,631,1,2,1
6907,631,1,1,1
6908,631,1,2,1
6909,631,15,1,1
6910,631,1,1,1
6911,631,1,2,5
6912,631,1,1,1
6913,632,1,2,5
6914,632,1,2,5
6915,632,1,2,5
6916,632,1,2,5
6917,632,5,1,1
6918,632,1,2,1
6919,632,1,1,1
6920,632,1,1,1
6921,632,1,1,1
6922,632,1,2,5
6923,632,1,1,1
6924,632,1,1,1
6925,633,4,1,1
6926,633,1,1,1
6927,633,1,2,5
6928,633,1,1,1
6929,633,1,2,1
6930,634,11,1,1
6931,634,2,2,5
6932,634,1,1,1
6933,634,1,2,5
6934,635,1,2,5
6935,635,15,1,1
6936,635,1,1,1
6937,635,1,2,1
6938,635,1,1,1
6939,636,1,1,1
6940,636,1,2,1
6941,636,1,1,1
6942,637,1,2,5
6943,637,1,1,1
6944,637,1,1,1
6945,637,1,2,5
6946,638,2,2,5
6947,638,1,2,1
6948,638,2,3,5
6949,638,2,3,5
6950,638,1,3,5
6951,638,3,3,5
6952,638,1,2,5
6953,638,3,3,5
6954,638,1,3,5
6955,639,1,2,5
6956,639,1,2,5
6957,639,1,1,1
6958,639,1,2,5
6959,639,15,1,1
6960,639,1,1,1
6961,640,1,1,1
6962,640,1,1,1
6963,640,4,1,1
6964,640,2,2,5
6965,640,1,2,5
6966,640,15,1,1
6967,640,1,1,1
6968,640,1,1,1
6969,640,1,2,5
6970,640,15,1,1
6971,640,1,1,1
6972,640,1,2,5
6973,640,1,2,5
6974,640,6,2,5
6975,641,2,2,1
6976,641,1,1,1
6977,641,1,2,5
6978,641,1,2,5
6979,641,15,1,1
6980,642,1,1,1
6981,642,14,1,1
6982,642,1,1,1
6983,642,1,2,5
6984,642,1,1,1
6985,642,1,2,1
6986,642,1,1,1
6987,642,1,1,1
6988,643,1,1,1
6989,643,13,1,1
6990,643,1,1,1
6991,643,15,1,1
6992,643,1,1,1
6993,643,1,1,1
6994,643,1,2,5
6995,644,1,2,5
6996,644,11,1,1
6997,644,1,1,1
6998,644,1,1,1
6999,644,1,3,5
7000,644,11,1,1
7001,645,15,1,1
7002,645,1,1,1
7003,645,1,2,1
7004,645,15,1,1
7005,645,1,1,1
7006,645,1,1,1
7007,645,1,1,1
7008,645,1,1,1
7009,645,1,1,1
7010,645,1,1,1
7011,646,1,1,1
7012,646,1,1,1
7013,646,14,1,1
7014,646,1,1,1
7015,646,1,1,1
7016,646,15,1,1
7017,646,1,2,1
7018,646,1,1,1
7019,647,1,2,5
7020,647,1,1,1
7021,648,1,1,1
7022,648,1,2,5
7023,648,1,2,5
7024,648,1,1,1
7025,648,15,1,1
7026,648,1,1,1
7027,648,1,2,1
7028,648,1,2,5
7029,648,1,1,1
7030,648,1,1,1
7031,648,1,2,1
7032,649,1,2,5
7033,649,1,1,1
7034,649,1,1,1
7035,649,11,1,1
7036,649,2,1,1
7037,649,1,2,5
7038,649,1,1,1
7039,649,1,1,1
7040,649,1,1,1
7041,649,1,1,1
7042,650,13,1,1
7043,650,1,1,1
7044,650,1,1,1
7045,650,14,1,1
7046,650,1,3,5
7047,650,10,1,1
7048,650,1,1,1
7049,650,1,1,1
7050,650,2,1,1
7051,650,1,2,5
7052,650,1,1,1
7053,650,1,1,1
7054,650,9,1,1
7055,651,1,1,1
7056,651,1,1,1
7057,651,1,2,5
7058,651,1,1,1
7059,651,1,1,1
7060,651,1,2,5
7061,651,1,1,1
7062,651,2,2,5
7063,651,1,2,5
7064,651,3,1,1
7065,651,2,1,1
7066,651,2,1,1
7067,651,2,1,1
7068,651,2,1,1
7069,651,1,2,5
7070,651,2,1,1
7071,651,1,2,5
7072,652,1,2,5
7073,652,10,1,1
7074,653,1,2,5
7075,653,2,2,5
7076,653,4,2,5
7077,653,3,2,5
7078,653,1,1,1
7079,653,1,1,1
7080,653,1,1,1
7081,653,1,1,1
7082,653,1,2,1
7083,654,1,1,1
7084,654,15,1,1
7085,654,1,1,1
7086,655,1,2,5
7087,655,1,1,1
7088,655,1,2,1
7089,655,1,1,1
7090,655,1,1,1
7091,655,1,2,1
7092,655,1,1,1
7093,655,1,2,5
7094,656,1,1,1
7095,656,1,2,5
7096,656,1,1,1
7097,656,1,1,1
7098,656,1,2,5
7099,656,1,1,1
7100,656,1,1,1
7101,656,1,1,1
7102,656,1,1,1
7103,656,1,1,1
7104,656,1,2,1
7105,657,1,2,5
7106,657,1,2,5
7107,657,1,2,5
7108,657,15,2,1
7109,658,8,1,1
7110,658,1,1,1
7111,658,1,2,5
7112,658,1,2,5
7113,658,5,1,1
7114,658,1,2,5
7115,658,1,3,5
7116,658,15,2,5
7117,658,7,1,1
7118,658,15,2,5
7119,659,1,1,1
7120,659,1,3,5
7121,659,7,3,5
7122,659,1,1,1
7123,659,2,1,1
7124,660,1,2,5
7125,660,1,1,1
7126,660,1,1,1
7127,660,1,2,5
7128,660,1,2,5
7129,660,1,1,1
7130,660,1,2,5
7131,660,1,1,1
7132,661,1,1,1
7133,661,7,1,1
7134,661,1,3,5
7135,661,11,1,1
7136,661,1,1,1
7137,661,1,3,5
7138,661,1,3,5
7139,661,1,1,1
7140,661,3,1,1
7141,661,1,3,5
7142,661,1,3,5
7143,661,1,1,1
7144,662,1,1,1
7145,662,1,1,1
7146,662,5,1,1
7147,662,6,1,1
7148,662,15,1,1
7149,662,15,1,1
7150,662,1,1,1
7151,662,1,3,5
7152,662,1,1,1
7153,662,1,3,5
7154,662,15,1,1
7155,662,2,1,1
7156,663,2,2,5
7157,663,1,3,5
7158,663,1,3,5
7159,664,14,2,1
7160,664,1,2,5
7161,664,1,2,5
7162,664,1,3,5
7163,664,1,3,5
7164,664,1,2,1
7165,665,1,3,5
7166,665,1,2,5
7167,665,1,1,1
7168,665,1,2,5
7169,665,1,2,5
7170,665,1,2,5
7171,665,1,2,5
7172,665,1,2,5
7173,665,1,1,1
7174,665,6,1,1
7175,665,1,2,5
7176,665,1,1,1
7177,666,15,1,1
7178,666,1,2,1
7179,666,1,1,1
7180,666,1,1,1
7181,666,1,3,5
7182,666,1,1,1
7183,666,1,1,1
7184,666,1,3,5
7185,666,1,3,5
7186,666,1,3,5
7187,666,1,1,1
7188,667,1,2,1
7189,667,1,1,1
7190,667,1,3,5
7191,667,1,2,5
7192,667,1,2,5
7193,667,1,3,5
7194,667,1,3,5
7195,667,1,1,1
7196,667,1,2,5
7197,667,1,3,5
7198,667,3,1,1
7199,668,1,1,1
7200,668,1,2,5
7201,668,1,2,1
7202,668,1,2,5
7203,668,15,1,1
7204,669,1,1,1
7205,669,1,1,1
7206,669,3,1,1
7207,669,1,1,1
7208,669,1,3,5
7209,669,1,1,1
7210,669,1,3,5
7211,669,1,2,5
7212,670,1,1,1
7213,670,1,3,5
7214,670,1,1,1
7215,670,1,2,5
7216,670,1,3,5
7217,670,1,1,1
7218,670,1,3,5
7219,670,1,1,1
7220,670,7,1,1
7221,670,7,1,1
7222,670,1,1,1
7223,671,1,2,5
7224,671,1,1,1
7225,671,1,1,1
7226,671,1,1,1
7227,671,1,2,5
7228,671,1,1,1
7229,671,15,2,5
7230,671,1,2,5
7231,672,1,2,5
7232,672,1,3,5
7233,672,1,2,5
7234,672,1,1,1
7235,672,1,3,5
7236,672,1,3,5
7237,672,1,3,5
7238,672,1,1,1
7239,672,1,2,5
7240,672,1,2,5
7241,673,1,1,1
7242,673,1,1,1
7243,673,1,1,1
7244,673,1,2,5
7245,673,2,1,1
7246,673,15,2,5
7247,673,1,1,1
7248,673,1,1,1
7249,673,1,1,1
7250,673,9,1,1
7251,673,1,1,1
7252,673,13,3,5
7253,674,15,2,5
7254,674,1,1,1
7255,674,1,2,5
7256,674,5,1,1
7257,674,1,3,5
7258,674,1,2,5
7259,674,1,2,5
7260,674,15,2,5
7261,674,1,3,5
7262,674,1,2,1
7263,675,1,1,1
7264,675,3,1,1
7265,675,1,3,5
7266,675,1,10,10
7267,675,1,1,1
7268,675,1,1,1
7269,675,1,1,1
7270,675,1,2,5
7271,675,1,2,5
7272,676,1,2,5
7273,676,1,3,5
7274,676,1,2,5
7275,676,15,3,5
7276,676,15,3,5
7277,676,1,3,5
7278,676,1,2,1
7279,677,1,2,5
7280,677,1,2,5
7281,677,13,1,1
7282,677,1,2,5
7283,677,15,1,1
7284,677,1,2,5
7285,677,1,2,5
7286,677,1,1,1
7287,677,1,3,5
7288,677,1,3,5
7289,678,1,2,1
7290,678,1,3,5
7291,678,1,10,10
7292,678,12,1,1
7293,678,1,1,1
7294,678,1,3,5
7295,678,1,2,5
7296,678,1,3,5
7297,678,5,3,5
7298,678,1,3,5
7299,678,1,1,1
7300,678,1,1,1
7301,678,1,1,1
7302,678,15,1,1
7303,678,15,1,1
7304,678,1,1,1
7305,679,1,2,5
7306,679,1,1,1
7307,679,1,2,5
7308,679,15,1,1
7309,679,1,1,1
7310,680,1,2,5
7311,680,1,3,5
7312,680,1,2,5
7313,680,7,1,1
7314,680,1,1,1
7315,680,1,2,5
7316,680,1,2,1
7317,680,3,2,5
7318,680,1,3,5
7319,680,15,1,1
7320,680,1,1,1
7321,680,1,1,1
7322,681,11,1,1
7323,681,1,1,1
7324,681,1,1,1
7325,681,1,2,5
7326,681,2,2,5
7327,681,1,1,1
7328,681,1,2,1
7329,681,1,1,1
7330,681,1,1,1
7331,682,10,1,1
7332,682,15,3,5
7333,682,1,3,5
7334,682,1,1,1
7335,682,1,3,5
7336,682,1,3,5
7337,682,1,3,5
7338,682,1,3,5
7339,682,1,2,1
7340,682,15,3,5
7341,683,1,3,5
7342,683,1,3,5
7343,683,1,3,5
7344,683,1,3,5
7345,683,1,1,1
7346,683,8,1,1
7347,683,1,2,5
7348,683,1,1,1
7349,683,1,1,1
7350,684,1,1,1
7351,684,1,1,1
7352,684,1,2,5
7353,684,1,1,1
7354,684,6,1,1
7355,684,1,1,1
7356,684,1,1,1
7357,684,8,1,1
7358,684,1,1,1
7359,684,1,2,1
7360,684,8,1,1
7361,684,6,1,1
7362,684,1,1,1
7363,685,1,1,1
7364,685,1,2,1
7365,685,6,1,1
7366,685,1,1,1
7367,685,1,1,1
7368,685,1,2,5
7369,685,1,1,1
7370,685,1,2,5
7371,685,1,2,1
7372,685,5,1,1
7373,685,1,2,5
7374,686,1,1,1
7375,686,1,1,1
7376,686,15,1,1
7377,686,1,1,1
7378,686,1,2,5
7379,686,1,3,5
7380,686,1,1,1
7381,686,1,1,1
7382,686,1,3,5
7383,687,1,3,5
7384,687,1,3,5
7385,687,1,2,5
7386,687,1,2,5
7387,687,2,2,5
7388,687,1,1,1
7389,687,1,2,1
7390,687,1,3,5
7391,687,2,1,1
7392,687,1,2,5
7393,687,1,3,5
7394,687,1,3,5
7395,687,2,1,1
7396,687,1,2,5
7397,687,1,1,1
7398,688,1,1,1
7399,688,1,1,1
7400,688,1,1,1
7401,688,1,2,1
7402,688,1,2,5
7403,688,1,1,1
7404,688,1,2,5
7405,689,1,2,5
7406,689,1,2,5
7407,689,1,1,1
7408,689,1,1,1
7409,689,1,1,1
7410,690,1,3,5
7411,690,1,1,1
7412,690,1,3,5
7413,690,1,3,5
7414,690,1,1,1
7415,690,1,1,1
7416,690,15,2,5
7417,690,1,2,5
7418,690,1,3,5
7419,690,15,1,1
7420,690,1,1,1
7421,690,1,1,1
7422,691,3,1,1
7423,691,1,1,1
7424,691,1,1,1
7425,691,1,1,1
7426,691,1,1,1
7427,691,1,1,1
7428,691,15,2,1
7429,691,1,2,5
7430,691,3,1,1
7431,691,1,1,1
7432,691,1,2,5
7433,691,2,1,1
7434,691,1,1,1
7435,691,1,2,5
7436,692,2,2,5
7437,692,12,2,5
7438,692,1,1,1
7439,692,1,1,1
7440,692,1,1,1
7441,692,1,1,1
7442,692,1,1,1
7443,692,15,3,5
7444,692,4,3,5
7445,692,4,3,5
7446,692,1,3,5
7447,693,1,1,1
7448,693,1,3,5
7449,693,1,2,5
7450,693,1,2,5
7451,693,1,1,1
7452,693,1,2,5
7453,693,15,1,1
7454,693,1,3,5
7455,693,1,2,1
7456,693,1,1,1
7457,693,1,2,5
7458,693,1,1,1
7459,694,1,2,5
7460,694,1,1,1
7461,694,6,3,5
7462,694,1,2,5
7463,694,1,1,1
7464,694,1,3,5
7465,695,15,1,1
7466,695,1,2,5
7467,695,15,1,1
7468,695,1,1,1
7469,695,1,1,1
7470,695,1,1,1
7471,695,1,1,1
7472,695,1,1,1
7473,695,1,1,1
7474,695,1,2,5
7475,696,3,2,5
7476,696,6,1,1
7477,696,3,1,1
7478,696,1,1,1
7479,696,6,1,1
7480,696,4,2,5
7481,696,1,1,1
7482,697,1,2,5
7483,697,1,2,5
7484,697,1,2,5
7485,697,15,2,5
7486,697,1,1,1
7487,698,13,3,5
7488,698,1,1,1
7489,698,1,1,1
7490,698,1,3,5
7491,698,1,2,5
7492,698,1,3,5
7493,698,1,1,1
7494,698,1,1,1
7495,698,1,1,1
7496,698,1,2,5
7497,698,14,2,5
7498,699,12,2,5
7499,699,1,1,1
7500,699,1,2,5
7501,699,1,2,1
7502,699,1,1,1
7503,699,1,1,1
7504,699,1,2,5
7505,699,1,1,1
7506,700,1,2,5
7507,700,1,2,5
7508,700,4,1,1
7509,700,1,2,5
7510,700,1,2,5
7511,700,1,2,5
7512,700,1,1,1
7513,701,1,2,5
7514,701,1,1,1
7515,701,1,2,5
7516,701,1,2,5
7517,701,1,2,5
7518,701,1,2,5
7519,701,1,1,1
7520,701,1,1,1
7521,701,1,1,1
7522,701,1,2,1
7523,702,1,2,5
7524,702,4,10,10
7525,702,15,2,5
7526,702,2,10,10
7527,702,1,3,5
7528,702,11,1,1
7529,702,15,1,1
7530,702,1,2,5
7531,703,1,2,1
7532,703,1,2,5
7533,703,1,1,1
7534,703,4,1,1
7535,703,9,1,1
7536,703,1,2,5
7537,703,12,1,1
7538,704,1,2,5
7539,704,1,2,1
7540,704,8,10,10
7541,704,1,1,1
7542,704,1,1,1
7543,704,1,2,5
7544,704,15,2,5
7545,704,15,2,5
7546,704,1,1,1
7547,704,1,1,1
7548,705,3,3,5
7549,705,1,3,5
7550,705,1,2,5
7551,705,1,2,5
7552,705,1,2,5
7553,706,1,1,1
7554,706,1,2,5
7555,706,1,2,5
7556,706,1,2,5
7557,706,6,1,1
7558,706,1,2,5
7559,706,2,1,1
7560,706,1,2,5
7561,706,1,2,5
7562,706,1,2,5
7563,706,2,1,1
7564,706,6,1,1
7565,706,1,1,1
7566,706,1,1,1
7567,706,1,1,1
7568,707,2,2,5
7569,707,1,2,1
7570,707,1,2,5
7571,707,1,2,5
7572,707,10,10,10
7573,707,12,2,1
7574,708,1,2,5
7575,708,1,2,5
7576,708,1,1,1
7577,708,1,1,1
7578,708,1,1,1
7579,709,15,1,1
7580,709,8,2,5
7581,709,15,1,1
7582,709,2,3,5
7583,709,4,1,1
7584,709,1,1,1
7585,709,1,2,5
7586,709,1,1,1
7587,709,1,2,5
7588,709,1,2,5
7589,709,1,10,10
7590,709,1,2,5
7591,710,1,1,1
7592,710,1,1,1
7593,710,1,2,1
7594,710,3,1,1
7595,710,1,2,5
7596,711,1,1,1
7597,711,14,1,1
7598,711,1,2,5
7599,711,15,1,1
7600,711,15,1,1
7601,712,1,1,1
7602,712,15,1,1
7603,712,1,1,1
7604,712,1,1,1
7605,712,1,2,5
7606,712,8,3,5
7607,712,15,1,1
7608,712,1,2,5
7609,712,2,1,1
7610,712,1,1,1
7611,713,1,1,1
7612,713,1,2,5
7613,713,1,2,5
7614,713,5,1,1
7615,713,1,1,1
7616,713,1,1,1
7617,713,1,1,1
7618,713,1,1,1
7619,713,8,1,1
7620,713,11,3,5
7621,714,1,2,5
7622,714,1,2,5
7623,714,1,2,5
7624,714,1,1,1
7625,714,1,1,1
7626,714,1,10,10
7627,714,1,2,5
7628,714,7,3,5
7629,715,2,1,1
7630,715,1,1,1
7631,715,12,1,1
7632,715,1,1,1
7633,715,1,10,10
7634,715,1,3,5
7635,715,1,2,5
7636,715,1,2,5
7637,715,1,2,5
7638,715,3,1,1
7639,715,1,1,1
7640,715,1,2,5
7641,715,1,2,5
7642,715,1,2,5
7643,715,1,1,1
7644,715,15,1,1
7645,715,1,2,1
7646,715,15,1,1
7647,715,1,1,1
7648,715,7,10,10
7649,716,1,2,5
7650,716,1,2,5
7651,716,2,3,5
7652,716,1,2,5
7653,716,9,1,1
7654,716,1,1,1
7655,717,1,10,10
7656,717,1,1,1
7657,717,1,1,1
7658,717,1,2,5
7659,717,1,1,1
7660,717,1,1,1
7661,717,1,2,5
7662,717,1,2,5
7663,717,1,1,1
7664,717,1,1,1
7665,717,1,1,1
7666,717,1,1,1
7667,717,1,1,1
7668,717,1,2,5
7669,717,1,3,5
7670,717,15,1,1
7671,718,1,2,5
7672,718,1,1,1
7673,718,2,2,5
7674,718,1,1,5
7675,718,1,1,1
7676,718,1,1,1
7677,719,8,1,1
7678,719,1,2,1
7679,719,15,1,1
7680,719,1,2,1
7681,719,1,1,1
7682,719,3,1,1
7683,719,1,1,1
7684,719,1,2,5
7685,719,1,2,5
7686,720,1,2,5
7687,720,1,1,1
7688,720,1,2,5
7689,720,1,2,1
7690,720,3,3,5
7691,720,1,1,1
7692,720,1,2,5
7693,721,11,1,1
7694,721,7,1,1
7695,721,15,1,1
7696,721,1,3,5
7697,721,1,2,5
7698,721,1,2,5
7699,721,5,1,1
7700,722,1,1,1
7701,722,1,2,5
7702,722,13,1,1
7703,722,1,1,1
7704,722,1,1,1
7705,722,3,10,10
7706,722,1,1,1
7707,722,1,1,1
7708,722,1,2,5
7709,722,1,2,5
7710,722,1,2,5
7711,722,1,1,1
7712,722,15,1,1
7713,723,1,2,5
7714,723,1,2,5
7715,723,1,1,1
7716,723,1,1,1
7717,723,1,2,5
7718,723,1,1,1
7719,723,1,1,1
7720,723,1,1,1
7721,723,1,1,1
7722,723,1,2,5
7723,723,15,2,5
7724,723,6,2,5
7725,723,1,1,1
7726,723,1,2,5
7727,724,1,2,5
7728,724,1,2,5
7729,724,1,1,1
7730,724,1,2,5
7731,724,3,1,1
7732,724,1,2,5
7733,724,1,2,5
7734,724,1,1,1
7735,724,2,10,10
7736,725,1,2,5
7737,725,1,2,5
7738,725,1,3,5
7739,725,1,2,5
7740,725,4,1,1
7741,725,1,1,1
7742,725,10,1,1
7743,725,7,1,1
7744,725,1,1,1
7745,725,1,1,1
7746,725,3,1,1
7747,725,7,1,1
7748,725,1,2,1
7749,725,1,1,1
7750,725,2,1,1
7751,725,3,1,1
7752,726,15,3,5
7753,726,11,1,1
7754,726,1,1,1
7755,726,15,2,5
7756,726,1,1,1
7757,726,1,1,1
7758,726,2,1,1
7759,726,1,1,1
7760,727,1,2,5
7761,727,5,1,1
7762,727,1,1,1
7763,727,1,2,5
7764,727,1,2,5
7765,727,1,1,1
7766,727,15,2,1
7767,727,9,1,1
7768,728,1,2,5
7769,728,1,1,1
7770,728,1,10,10
7771,728,3,1,1
7772,728,1,1,1
7773,728,15,2,5
7774,728,4,2,5
7775,728,1,10,10
7776,728,8,1,1
7777,728,9,1,1
7778,728,1,10,10
7779,728,1,10,10
7780,728,1,2,5
7781,728,5,1,1
7782,728,2,3,5
7783,728,1,10,10
7784,728,2,1,1
7785,728,1,1,1
7786,728,1,10,10
7787,728,1,1,1
7788,728,1,2,5
7789,728,15,1,1
7790,728,1,2,5
7791,728,2,1,1
7792,728,15,1,1
7793,728,1,2,5
7794,728,1,1,1
7795,729,1,2,5
7796,729,1,1,1
7797,729,1,1,1
7798,729,1,2,5
7799,729,2,3,5
7800,729,1,1,1
7801,729,1,2,5
7802,729,1,2,1
7803,729,15,1,1
7804,729,1,1,1
7805,729,1,2,5
7806,729,5,1,1
7807,729,1,3,5
7808,729,1,1,1
7809,730,1,2,1
7810,730,1,3,5
7811,730,1,2,5
7812,730,1,1,1
7813,730,1,10,10
7814,730,2,10,10
7815,730,15,10,10
7816,730,1,2,5
7817,730,1,2,5
7818,730,1,1,1
7819,730,1,2,5
7820,730,1,1,1
7821,730,1,2,5
7822,731,1,2,5
7823,731,15,1,1
7824,731,3,1,1
7825,731,4,2,5
7826,731,13,10,10
7827,731,2,3,5
7828,731,1,1,1
7829,731,1,1,1
7830,731,1,1,1
7831,731,15,1,1
7832,731,1,2,5
7833,731,1,2,5
7834,732,1,1,1
7835,732,1,2,5
7836,732,1,1,1
7837,732,1,1,1
7838,732,1,1,1
7839,732,1,2,5
7840,732,1,1,1
7841,733,1,1,1
7842,733,1,1,1
7843,733,1,2,5
7844,733,1,2,5
7845,733,1,2,5
7846,733,1,1,1
7847,733,1,1,1
7848,734,1,1,1
7849,734,4,1,1
7850,734,3,1,1
7851,734,1,2,1
7852,734,1,1,1
7853,734,1,1,1
7854,734,15,1,1
7855,734,1,2,5
7856,734,1,1,1
7857,735,1,10,10
7858,735,1,2,5
7859,735,1,2,5
7860,735,1,1,1
7861,735,4,2,5
7862,735,6,1,1
7863,735,1,2,5
7864,735,1,1,1
7865,735,4,1,1
7866,736,1,2,5
7867,736,1,2,5
7868,736,1,2,5
7869,736,1,2,5
7870,736,1,1,1
7871,736,1,3,5
7872,736,1,2,1
7873,737,1,1,1
7874,737,1,2,1
7875,737,1,10,10
7876,737,2,1,1
7877,737,1,1,1
7878,737,1,2,5
7879,737,1,2,5
7880,737,1,1,1
7881,737,1,2,5
7882,737,1,1,1
7883,737,1,10,10
7884,738,1,1,1
7885,738,1,10,10
7886,738,1,2,5
7887,738,2,2,5
7888,738,1,2,5
7889,738,1,1,1
7890,738,1,3,5
7891,739,3,1,1
7892,739,2,2,5
7893,739,1,2,5
7894,739,2,3,5
7895,739,1,1,1
7896,739,3,1,1
7897,739,1,2,1
7898,739,1,1,1
7899,739,1,1,1
7900,739,1,2,5
7901,739,1,1,1
7902,740,1,1,1
7903,740,1,1,1
7904,740,1,3,5
7905,740,1,2,5
7906,740,9,1,1
7907,740,1,3,5
7908,740,2,2,5
7909,740,1,1,1
7910,740,1,1,1
7911,740,1,2,5
7912,740,15,2,5
7913,740,4,1,1
7914,740,1,3,5
7915,740,1,1,1
7916,740,1,1,1
7917,741,1,1,1
7918,741,1,2,5
7919,741,1,2,5
7920,741,1,3,5
7921,742,1,1,1
7922,742,4,1,1
7923,742,1,1,1
7924,742,1,1,1
7925,742,1,1,1
7926,742,1,1,1
7927,742,1,1,1
7928,743,1,2,1
7929,743,1,1,1
7930,743,1,1,1
7931,743,1,2,5
7932,743,1,1,1
7933,744,1,1,1
7934,744,1,1,1
7935,744,3,1,1
7936,744,1,3,5
7937,744,1,1,1
7938,744,1,2,5
7939,744,15,1,1
7940,744,1,1,1
7941,745,1,2,5
7942,745,1,2,5
7943,745,15,1,1
7944,745,1,3,5
7945,745,1,2,5
7946,745,3,1,1
7947,745,15,1,1
7948,745,1,3,5
7949,745,1,3,5
7950,745,1,1,1
7951,745,1,2,5
7952,746,15,1,1
7953,746,1,3,5
7954,746,15,1,1
7955,746,1,2,5
7956,746,15,1,1
7957,746,1,3,5
7958,746,1,3,5
7959,746,15,2,1
7960,746,1,2,5
7961,746,15,1,1
7962,746,1,2,5
7963,746,1,3,5
7964,746,1,1,1
7965,746,1,3,5
7966,746,15,1,1
7967,746,15,1,1
7968,746,1,2,5
7969,746,14,1,1
7970,747,1,2,1
7971,747,1,2,5
7972,747,15,1,1
7973,747,1,1,1
7974,747,2,1,1
7975,747,15,1,1
7976,747,1,3,5
7977,747,1,3,5
7978,747,3,1,1
7979,747,3,1,1
7980,747,1,2,1
7981,747,12,1,1
7982,748,2,1,1
7983,748,1,1,1
7984,748,2,1,1
7985,748,1,3,5
7986,748,1,3,5
7987,748,1,1,1
7988,748,11,1,1
7989,748,1,1,1
7990,748,1,3,5
7991,748,1,3,5
7992,748,1,1,1
7993,748,1,1,1
7994,748,1,2,5
7995,748,1,2,5
7996,748,15,1,1
7997,748,10,1,1
7998,749,1,1,1
7999,749,1,1,1
8000,749,11,1,1
8001,749,1,3,5
8002,749,4,1,1
8003,749,2,1,1
8004,749,1,3,5
8005,750,1,10,10
8006,750,1,2,5
8007,750,1,1,1
8008,750,1,3,5
8009,750,8,1,1
8010,750,1,3,5
8011,750,1,1,1
8012,750,1,2,5
8013,750,1,2,5
8014,750,1,1,1
8015,750,1,1,1
8016,750,1,1,1
8017,750,1,1,1
8018,750,1,1,1
8019,751,1,2,1
8020,751,7,1,1
8021,751,1,2,5
8022,751,1,2,1
8023,751,1,1,1
8024,751,1,1,1
8025,751,1,1,1
8026,751,15,3,5
8027,752,1,1,1
8028,752,1,1,1
8029,752,1,1,1
8030,752,15,2,1
8031,752,4,1,1
8032,752,15,2,1
8033,752,1,2,5
8034,753,1,2,5
8035,753,4,1,1
8036,753,1,1,1
8037,753,1,2,1
8038,753,3,2,5
8039,753,15,2,5
8040,753,1,1,1
8041,754,1,2,5
8042,754,15,1,1
8043,754,15,1,1
8044,754,1,2,1
8045,754,1,1,1
8046,754,1,2,5
8047,754,1,2,5
8048,754,1,1,1
8049,754,1,2,1
8050,754,15,1,1
8051,754,3,1,1
8052,754,15,3,5
8053,754,1,1,1
8054,754,1,2,5
8055,755,1,1,1
8056,755,1,2,5
8057,755,2,2,5
8058,755,1,1,1
8059,755,1,1,1
8060,755,1,3,5
8061,756,1,1,1
8062,756,1,1,1
8063,756,1,1,1
8064,757,1,2,5
8065,757,1,1,1
8066,757,1,1,1
8067,757,3,2,5
8068,757,1,1,1
8069,757,14,2,5
8070,758,1,2,1
8071,758,1,1,1
8072,758,1,1,1
8073,759,1,1,1
8074,759,1,2,5
8075,759,1,1,1
8076,759,1,2,5
8077,759,2,1,1
8078,759,1,1,1
8079,759,1,1,1
8080,759,1,1,1
8081,759,1,2,5
8082,759,2,1,1
8083,760,1,2,1
8084,761,1,1,1
8085,761,1,2,5
8086,761,15,2,5
8087,761,1,1,1
8088,761,1,1,1
8089,761,1,10,10
8090,761,1,10,10
8091,761,1,10,10
8092,761,1,10,10
8093,762,1,1,1
8094,762,1,1,1
8095,762,1,1,1
8096,762,1,2,5
8097,762,1,1,1
8098,762,1,10,10
8099,762,4,2,5
8100,762,1,2,5
8101,762,3,2,5
8102,762,1,2,5
8103,762,9,2,5
8104,762,15,2,5
8105,762,15,2,5
8106,763,1,2,1
8107,763,1,1,1
8108,763,15,2,5
8109,763,1,1,1
8110,763,1,1,1
8111,763,12,1,1
8112,763,1,2,1
8113,764,1,2,5
8114,764,1,1,1
8115,764,1,1,1
8116,764,1,2,5
8117,764,1,1,1
8118,764,1,1,1
8119,764,1,1,1
8120,764,12,1,1
8121,765,1,1,1
8122,765,1,1,1
8123,765,1,1,1
8124,765,1,1,1
8125,765,1,1,1
8126,765,1,2,5
8127,765,1,2,1
8128,765,1,2,5
8129,765,1,1,1
8130,765,8,10,10
8131,765,14,1,1
8132,765,4,2,5
8133,766,3,2,5
8134,766,15,2,5
8135,766,7,10,10
8136,766,1,1,1
8137,766,1,2,5
8138,766,1,1,1
8139,766,1,1,1
8140,766,1,2,5
8141,766,1,1,1
8142,766,1,2,5
8143,767,1,3,5
8144,767,1,1,1
8145,767,1,1,1
8146,767,1,1,1
8147,767,1,2,5
8148,767,1,1,1
8149,767,1,1,1
8150,767,1,1,1
8151,767,1,2,5
8152,768,1,2,5
8153,768,15,1,1
8154,768,1,2,5
8155,768,1,1,1
8156,768,15,1,1
8157,768,1,2,5
8158,768,1,1,1
8159,768,15,1,1
8160,768,15,1,1
8161,768,15,1,1
8162,769,1,3,5
8163,769,15,1,1
8164,769,1,1,1
8165,769,1,3,5
8166,769,1,3,5
8167,769,1,3,5
8168,769,1,2,1
8169,769,1,1,1
8170,769,1,1,1
8171,769,1,2,5
8172,770,1,2,5
8173,770,1,1,1
8174,770,1,1,1
8175,770,15,2,5
8176,770,1,3,5
8177,770,1,2,5
8178,770,1,1,1
8179,771,1,1,1
8180,771,1,1,1
8181,771,8,10,10
8182,771,1,1,1
8183,771,10,1,1
8184,771,1,2,5
8185,771,1,1,1
8186,772,11,1,1
8187,772,1,1,1
8188,772,2,3,5
8189,772,1,3,5
8190,772,1,2,5
8191,772,2,1,1
8192,772,9,2,5
8193,772,2,1,1
8194,772,1,3,5
8195,772,1,1,1
8196,772,1,2,1
8197,772,1,3,5
8198,772,1,3,5
8199,772,4,1,1
8200,772,1,3,5
8201,772,1,3,5
8202,773,1,3,5
8203,773,1,2,5
8204,773,2,1,1
8205,773,1,1,1
8206,773,1,1,1
8207,773,9,2,5
8208,773,1,1,1
8209,773,1,2,5
8210,773,1,2,5
8211,773,1,1,1
8212,774,1,2,5
8213,774,1,3,5
8214,774,1,3,5
8215,774,1,3,5
8216,774,1,2,5
8217,774,1,1,1
8218,774,1,1,1
8219,774,2,1,1
8220,775,1,1,1
8221,775,1,1,1
8222,775,1,2,5
8223,775,1,2,5
8224,775,1,2,5
8225,775,1,1,1
8226,775,4,1,1
8227,775,1,1,1
8228,775,1,2,5
8229,775,1,2,5
8230,775,1,2,5
8231,775,1,2,5
8232,775,1,3,5
8233,775,1,3,5
8234,775,1,3,5
8235,776,1,1,1
8236,776,1,2,5
8237,776,15,1,1
8238,776,1,1,1
8239,776,1,2,5
8240,776,1,2,5
8241,776,1,2,5
8242,776,1,2,5
8243,776,1,2,5
8244,776,1,1,1
8245,776,1,10,10
8246,776,1,1,1
8247,776,2,10,10
8248,776,1,1,1
8249,776,1,1,1
8250,777,1,3,5
8251,777,1,3,5
8252,777,2,2,5
8253,777,11,2,5
8254,777,1,3,5
8255,777,1,1,1
8256,777,1,3,5
8257,777,1,1,1
8258,777,1,1,1
8259,777,1,1,1
8260,778,1,3,5
8261,778,1,1,1
8262,778,1,3,5
8263,778,1,1,1
8264,778,1,2,5
8265,778,8,3,5
8266,778,1,2,5
8267,778,1,3,5
8268,778,1,1,1
8269,778,1,2,5
8270,778,1,2,5
8271,778,2,3,5
8272,778,2,2,5
8273,778,1,1,1
8274,778,1,1,1
8275,779,1,1,1
8276,779,1,1,1
8277,779,1,2,1
8278,779,1,1,1
8279,779,1,2,1
8280,779,15,1,1
8281,779,15,1,1
8282,779,15,1,1
8283,779,15,1,1
8284,779,1,2,5
8285,780,3,1,1
8286,780,2,3,5
8287,780,1,1,1
8288,780,1,2,5
8289,781,15,2,5
8290,781,1,2,5
8291,781,1,1,1
8292,781,1,3,5
8293,781,1,3,5
8294,781,1,3,5
8295,781,1,1,1
8296,781,1,2,5
8297,781,1,3,5
8298,781,1,3,5
8299,781,2,1,1
8300,781,1,1,1
8301,781,1,1,1
8302,781,15,1,1
8303,781,1,1,1
8304,781,1,1,1
8305,781,2,1,1
8306,781,1,2,5
8307,781,2,10,10
8308,781,15,10,10
8309,781,1,1,1
8310,782,1,1,1
8311,782,1,1,1
8312,782,1,2,1
8313,782,1,10,10
8314,782,15,3,5
8315,782,1,2,5
8316,782,1,10,10
8317,782,1,2,5
8318,782,1,1,1
8319,782,1,1,1
8320,782,14,10,10
8321,782,1,2,5
8322,783,1,1,1
8323,783,1,2,1
8324,783,8,2,5
8325,783,1,2,1
8326,783,1,3,5
8327,783,1,2,5
8328,783,1,3,5
8329,783,1,1,1
8330,783,1,3,5
8331,783,1,1,1
8332,783,1,1,1
8333,784,1,1,1
8334,784,1,1,1
8335,784,1,1,1
8336,784,1,1,1
8337,784,1,1,1
8338,784,1,1,1
8339,784,1,2,5
8340,784,1,1,1
8341,784,1,1,1
8342,784,10,1,1
8343,784,1,1,1
8344,784,8,1,1
8345,784,1,1,1
8346,784,1,2,5
8347,784,1,3,5
8348,784,1,1,1
8349,785,1,1,1
8350,785,1,2,5
8351,785,1,2,5
8352,785,15,2,1
8353,785,1,1,1
8354,785,1,1,1
8355,785,6,1,1
8356,785,1,1,1
8357,785,10,1,1
8358,785,1,10,10
8359,786,1,3,5
8360,786,1,1,1
8361,786,1,1,1
8362,786,15,1,1
8363,786,1,10,10
8364,786,1,2,1
8365,786,1,10,10
8366,786,1,3,5
8367,786,1,1,1
8368,786,1,1,1
8369,787,1,1,1
8370,787,1,1,1
8371,787,1,1,1
8372,787,1,2,5
8373,787,15,2,1
8374,787,15,1,1
8375,787,10,3,5
8376,787,1,2,5
8377,787,1,1,1
8378,788,10,3,5
8379,788,1,1,1
8380,788,1,1,1
8381,788,10,3,5
8382,788,15,1,1
8383,788,1,2,5
8384,788,1,1,1
8385,788,13,1,1
8386,788,1,1,1
8387,788,4,1,1
8388,788,4,1,1
8389,788,3,3,5
8390,788,2,10,10
8391,788,1,1,1
8392,788,1,2,5
8393,788,1,2,5
8394,788,1,10,10
8395,789,1,1,1
8396,789,1,2,5
8397,789,1,2,5
8398,789,1,1,1
8399,789,8,1,1
8400,789,9,3,5
8401,789,1,1,1
8402,789,1,10,10
8403,790,1,1,1
8404,790,15,1,1
8405,790,1,2,1
8406,790,1,1,1
8407,790,15,1,1
8408,790,1,1,1
8409,790,3,1,1
8410,790,1,1,1
8411,790,1,1,1
8412,790,1,1,1
8413,790,1,1,1
8414,790,15,1,1
8415,791,1,2,1
8416,791,1,3,5
8417,791,1,1,1
8418,791,1,1,1
8419,791,1,3,5
8420,791,1,2,5
8421,791,3,3,5
8422,791,7,1,1
8423,792,8,1,1
8424,792,15,1,1
8425,792,1,1,1
8426,792,1,1,1
8427,792,4,2,5
8428,792,2,2,5
8429,792,1,2,5
8430,792,1,1,1
8431,792,1,1,1
8432,792,7,1,1
8433,792,7,1,1
8434,792,1,2,1
8435,793,8,1,1
8436,793,1,2,5
8437,793,1,1,1
8438,793,1,2,5
8439,793,1,1,1
8440,793,1,3,5
8441,793,1,1,1
8442,793,1,2,5
8443,793,4,1,1
8444,793,1,2,1
8445,793,1,2,5
8446,793,6,1,1
8447,793,1,10,10
8448,793,1,1,1
8449,794,1,1,1
8450,794,1,1,1
8451,794,1,1,1
8452,794,1,1,1
8453,794,1,1,1
8454,794,15,1,1
8455,794,1,2,5
8456,794,1,1,1
8457,794,7,2,5
8458,794,1,2,5
8459,794,1,10,10
8460,794,1,2,5
8461,794,1,2,5
8462,795,15,2,5
8463,795,1,2,5
8464,795,1,2,1
8465,795,1,2,5
8466,795,1,1,1
8467,795,1,2,5
8468,795,7,1,1
8469,795,1,1,1
8470,795,1,2,5
8471,795,1,1,1
8472,795,1,1,1
8473,795,8,1,1
8474,795,1,3,5
8475,795,1,1,1
8476,795,1,1,1
8477,796,4,2,5
8478,796,15,1,1
8479,796,9,1,1
8480,796,15,1,1
8481,796,4,2,5
8482,796,1,1,1
8483,796,15,2,1
8484,796,1,1,1
8485,796,15,1,1
8486,796,1,1,1
8487,796,1,2,5
8488,797,1,3,5
8489,797,1,2,5
8490,797,1,2,1
8491,797,1,3,5
8492,797,1,2,1
8493,797,1,3,5
8494,797,1,1,1
8495,797,1,2,1
8496,797,1,2,1
8497,797,1,1,1
8498,797,1,2,5
8499,797,1,2,5
8500,797,1,1,1
8501,798,1,1,1
8502,798,2,1,1
8503,798,1,1,1
8504,798,1,1,1
8505,798,1,2,1
8506,798,1,1,1
8507,798,1,1,1
8508,798,3,1,1
8509,798,1,1,1
8510,798,15,1,1
8511,798,1,1,1
8512,798,1,2,5
8513,798,1,2,5
8514,798,1,1,1
8515,798,1,3,5
8516,799,15,3,5
8517,799,1,1,1
8518,799,1,3,5
8519,799,1,3,5
8520,799,15,1,1
8521,799,1,1,1
8522,799,1,2,5
8523,799,6,1,1
8524,799,2,1,1
8525,799,1,10,10
8526,799,1,1,1
8527,799,5,1,1
8528,799,9,1,1
8529,800,1,1,1
8530,800,3,1,1
8531,800,1,1,1
8532,800,15,1,1
8533,800,2,2,5
8534,800,1,2,5
8535,801,8,1,1
8536,801,1,1,1
8537,801,1,1,1
8538,801,1,2,1
8539,801,1,1,1
8540,801,1,2,5
8541,801,1,2,5
8542,801,1,3,5
8543,802,1,2,5
8544,802,1,2,5
8545,802,1,2,5
8546,802,1,3,5
8547,802,15,1,1
8548,802,1,1,1
8549,802,9,1,1
8550,802,1,1,1
8551,802,1,1,1
8552,802,1,2,1
8553,803,4,1,1
8554,803,1,1,1
8555,803,1,2,1
8556,803,1,2,5
8557,803,1,2,1
8558,803,2,1,1
8559,803,8,1,1
8560,803,1,2,1
8561,804,1,2,5
8562,804,1,1,1
8563,804,11,1,1
8564,804,1,1,1
8565,804,1,3,5
8566,804,7,1,1
8567,804,1,1,1
8568,804,1,1,1
8569,804,1,2,5
8570,804,1,3,5
8571,804,1,2,5
8572,804,1,1,1
8573,804,1,1,1
8574,804,1,1,1
8575,805,1,1,1
8576,805,1,2,5
8577,805,15,1,1
8578,805,3,1,1
8579,805,1,2,1
8580,805,15,1,1
8581,805,3,2,1
8582,806,1,2,1
8583,806,4,1,1
8584,806,1,1,1
8585,806,1,2,5
8586,806,15,1,1
8587,806,1,1,1
8588,806,1,1,1
8589,806,1,2,5
8590,807,1,2,1
8591,807,2,1,1
8592,807,1,2,5
8593,807,15,2,5
8594,807,1,2,1
8595,808,1,3,5
8596,808,1,3,5
8597,808,1,3,5
8598,808,1,3,5
8599,808,1,2,1
8600,808,1,1,1
8601,808,15,1,1
8602,808,1,2,1
8603,808,4,1,1
8604,809,3,1,1
8605,809,3,1,1
8606,809,1,2,5
8607,809,1,2,5
8608,809,1,1,1
8609,809,1,2,1
8610,810,1,2,5
8611,810,6,2,5
8612,810,6,2,5
8613,810,1,10,10
8614,810,1,2,5
8615,810,1,2,5
8616,810,2,1,1
8617,810,1,1,1
8618,810,1,1,1
8619,810,2,1,1
8620,810,2,1,1
8621,810,1,1,1
8622,810,1,1,1
8623,810,1,10,10
8624,811,1,1,1
8625,811,2,1,1
8626,811,7,2,5
8627,811,1,2,5
8628,811,7,2,5
8629,811,2,1,1
8630,812,1,1,1
8631,812,1,1,1
8632,812,1,1,1
8633,812,1,1,1
8634,812,1,1,1
8635,812,1,1,1
8636,812,1,1,1
8637,812,1,1,1
8638,812,1,10,10
8639,812,1,2,5
8640,812,1,1,1
8641,812,2,1,1
8642,813,1,2,5
8643,813,15,1,1
8644,813,1,2,5
8645,813,1,1,1
8646,813,1,10,10
8647,813,1,1,1
8648,813,1,2,5
8649,813,2,1,1
8650,813,1,2,5
8651,813,2,1,1
8652,814,1,2,5
8653,814,1,2,5
8654,814,1,1,1
8655,814,1,1,1
8656,814,15,1,1
8657,814,2,2,5
8658,814,1,2,5
8659,814,1,1,1
8660,814,12,1,1
8661,814,15,1,1
8662,815,1,1,1
8663,815,1,2,5
8664,815,1,1,1
8665,815,1,2,5
8666,815,15,2,5
8667,815,1,1,1
8668,815,1,2,5
8669,815,12,1,1
8670,815,1,1,1
8671,815,1,2,5
8672,815,1,2,5
8673,815,1,2,5
8674,815,1,2,1
8675,815,1,2,5
8676,815,1,1,1
8677,815,1,2,5
8678,816,1,1,1
8679,816,2,2,5
8680,816,1,1,1
8681,816,1,1,1
8682,816,15,3,10
8683,816,10,1,1
8684,816,2,2,5
8685,816,1,1,1
8686,816,1,1,1
8687,816,1,1,1
8688,817,1,2,5
8689,817,1,2,5
8690,817,8,1,1
8691,817,1,2,5
8692,817,1,1,1
8693,817,7,1,1
8694,817,4,2,5
8695,817,15,2,5
8696,817,15,1,1
8697,817,1,1,1
8698,817,15,3,10
8699,817,1,1,1
8700,817,1,1,1
8701,817,1,1,1
8702,818,1,2,5
8703,818,1,2,5
8704,818,1,2,5
8705,818,6,1,1
8706,818,13,2,5
8707,818,1,2,5
8708,818,5,1,1
8709,818,2,1,1
8710,818,1,1,1
8711,818,1,10,10
8712,819,6,1,1
8713,819,6,1,1
8714,819,5,1,1
8715,820,1,2,5
8716,820,1,1,1
8717,820,1,2,1
8718,820,9,1,1
8719,820,9,1,1
8720,820,1,1,1
8721,820,1,3,5
8722,820,1,3,5
8723,820,1,3,5
8724,820,1,10,10
8725,820,1,1,1
8726,821,1,2,5
8727,821,1,2,5
8728,821,1,2,5
8729,821,1,10,10
8730,821,1,10,10
8731,821,1,1,1
8732,821,1,3,5
8733,821,1,1,1
8734,822,1,2,1
8735,822,1,3,5
8736,822,1,10,10
8737,822,1,10,10
8738,822,1,10,10
8739,822,1,10,10
8740,822,3,1,1
8741,822,1,3,5
8742,822,1,1,1
8743,822,15,1,1
8744,822,1,1,1
8745,823,1,1,1
8746,823,1,2,5
8747,823,1,2,1
8748,823,1,1,1
8749,823,1,1,1
8750,823,1,1,1
8751,823,8,2,5
8752,823,1,2,5
8753,823,1,3,5
8754,824,1,1,1
8755,824,1,2,5
8756,824,1,2,5
8757,824,1,1,1
8758,824,12,2,1
8759,824,1,1,1
8760,824,1,1,1
8761,824,1,1,1
8762,824,1,1,1
8763,825,1,1,1
8764,825,1,1,1
8765,825,15,2,1
8766,825,1,2,1
8767,825,15,1,1
8768,825,1,1,1
8769,825,1,10,10
8770,825,1,10,10
8771,825,11,1,1
8772,825,1,1,1
8773,825,1,1,1
8774,826,15,1,1
8775,826,1,2,5
8776,826,15,1,1
8777,826,1,10,10
8778,826,15,1,1
8779,826,15,3,5
8780,826,1,2,5
8781,826,15,3,5
8782,827,15,2,1
8783,827,1,2,5
8784,827,15,2,1
8785,827,1,2,5
8786,827,15,3,10
8787,827,1,2,5
8788,827,15,2,5
8789,827,1,2,5
8790,828,15,2,1
8791,828,1,10,10
8792,828,1,1,1
8793,828,1,1,1
8794,828,1,1,1
8795,828,1,1,1
8796,828,1,1,1
8797,828,1,1,1
8798,829,5,10,10
8799,829,1,1,1
8800,829,1,2,5
8801,829,1,1,1
8802,829,14,3,5
8803,829,1,2,5
8804,829,15,2,5
8805,829,1,3,5
8806,829,1,2,1
8807,829,1,2,5
8808,830,13,1,1
8809,830,1,1,1
8810,830,1,2,1
8811,830,1,2,1
8812,830,1,2,5
8813,830,1,2,5
8814,830,15,2,5
8815,830,1,1,1
8816,831,1,2,5
8817,831,3,1,1
8818,831,1,2,5
8819,831,1,1,1
8820,831,1,1,1
8821,831,1,1,1
8822,831,15,2,5
8823,831,4,1,1
8824,831,2,2,5
8825,831,1,1,1
8826,832,1,2,5
8827,832,5,2,1
8828,832,1,1,1
8829,832,1,2,5
8830,832,1,2,5
8831,832,1,2,5
8832,832,1,2,5
8833,832,1,2,1
8834,832,1,2,5
8835,832,1,1,1
8836,832,2,2,5
8837,832,1,1,1
8838,832,1,1,1
8839,833,1,1,1
8840,833,1,3,5
8841,833,1,2,5
8842,833,15,2,1
8843,833,1,2,1
8844,833,1,1,1
8845,833,1,2,5
8846,833,6,2,5
8847,833,3,1,1
8848,834,1,3,5
8849,834,15,2,5
8850,834,1,1,1
8851,834,1,1,1
8852,834,1,2,5
8853,834,1,1,1
8854,834,15,1,1
8855,834,1,1,1
8856,834,1,2,5
8857,835,15,1,1
8858,835,15,1,1
8859,835,15,1,1
8860,835,1,2,1
8861,835,10,1,1
8862,835,15,1,1
8863,835,15,1,1
8864,835,1,2,5
8865,835,15,1,1
8866,835,1,2,5
8867,835,15,1,1
8868,835,2,1,1
8869,835,1,3,5
8870,835,1,2,5
8871,835,1,3,5
8872,835,1,1,1
8873,835,2,3,5
8874,835,1,3,5
8875,835,15,1,1
8876,836,1,3,5
8877,836,1,3,5
8878,836,1,10,10
8879,837,2,1,1
8880,837,1,2,5
8881,837,9,1,1
8882,837,1,1,1
8883,837,1,1,1
8884,837,15,10,10
8885,837,1,2,1
8886,838,4,10,10
8887,838,1,3,5
8888,838,15,1,1
8889,838,1,1,1
8890,838,2,2,5
8891,838,12,2,5
8892,838,13,2,5
8893,838,1,2,5
8894,838,1,10,10
8895,838,1,10,10
8896,838,1,3,5
8897,838,1,2,1
8898,838,1,1,1
8899,838,1,1,1
8900,839,1,3,5
8901,839,8,3,5
8902,839,1,2,5
8903,839,1,1,1
8904,839,13,2,5
8905,839,2,1,1
8906,839,1,1,1
8907,839,1,1,1
8908,840,1,1,1
8909,840,1,1,1
8910,840,2,1,1
8911,840,1,1,1
8912,840,2,2,5
8913,840,2,1,1
8914,840,2,3,5
8915,840,1,1,1
8916,840,15,2,5
8917,840,1,2,5
8918,840,2,2,5
8919,840,1,1,1
8920,841,1,1,1
8921,841,1,1,1
8922,841,1,1,1
8923,841,1,1,1
8924,841,1,1,1
8925,841,7,1,1
8926,841,1,3,5
8927,841,1,2,1
8928,841,1,2,1
8929,841,12,1,1
8930,841,15,1,1
8931,841,1,2,5
8932,842,1,1,1
8933,842,1,2,5
8934,842,1,2,5
8935,842,1,1,1
8936,842,1,1,1
8937,842,8,1,1
8938,842,1,3,5
8939,842,2,3,5
8940,843,14,3,5
8941,843,1,2,5
8942,843,2,1,1
8943,843,1,2,5
8944,843,1,3,5
8945,843,15,3,5
8946,843,2,1,1
8947,843,1,2,5
8948,843,5,10,10
8949,844,15,1,1
8950,844,1,1,1
8951,844,1,2,5
8952,844,1,1,1
8953,844,1,1,1
8954,844,1,2,5
8955,845,2,1,1
8956,845,2,1,1
8957,845,1,1,1
8958,845,14,1,1
8959,845,1,1,1
8960,845,1,1,1
8961,845,1,1,1
8962,845,15,2,5
8963,845,1,2,5
8964,845,1,1,1
8965,845,1,2,1
8966,845,1,2,5
8967,846,1,1,1
8968,846,1,2,1
8969,846,1,1,1
8970,846,1,2,5
8971,846,15,3,5
8972,846,2,1,1
8973,846,15,3,5
8974,846,15,1,1
8975,846,1,1,1
8976,846,15,3,5
8977,846,1,1,1
8978,846,15,3,5
8979,846,15,1,1
8980,846,1,10,10
8981,846,15,3,5
8982,846,1,10,10
8983,847,1,1,1
8984,847,1,2,5
8985,847,1,2,5
8986,847,2,2,5
8987,847,1,1,1
8988,847,11,1,1
8989,847,1,1,1
8990,847,1,1,1
8991,847,1,2,5
8992,847,1,1,1
8993,847,1,2,5
8994,848,1,2,5
8995,848,1,1,1
8996,848,1,1,1
8997,848,1,3,5
8998,848,1,2,1
8999,848,1,2,5
9000,848,1,1,1
9001,848,1,1,1
9002,849,1,1,1
9003,849,1,2,5
9004,849,10,2,5
9005,849,1,1,1
9006,849,8,1,1
9007,849,4,1,1
9008,850,13,3,5
9009,850,1,1,1
9010,850,1,1,1
9011,850,1,2,5
9012,850,1,10,10
9013,850,1,3,5
9014,850,1,2,1
9015,850,1,2,1
9016,850,3,1,1
9017,850,1,1,1
9018,850,3,1,1
9019,850,1,2,1
9020,851,1,1,1
9021,851,1,1,1
9022,851,1,3,5
9023,851,1,1,1
9024,851,15,1,1
9025,851,1,1,1
9026,851,1,1,1
9027,851,1,2,5
9028,851,1,1,1
9029,851,1,2,5
9030,851,1,1,1
9031,851,1,1,1
9032,851,1,1,1
9033,851,1,1,1
9034,852,1,1,1
9035,852,1,2,5
9036,852,1,1,1
9037,852,9,2,5
9038,852,1,1,1
9039,852,15,1,1
9040,852,1,1,1
9041,852,1,1,1
9042,852,8,1,1
9043,853,8,1,1
9044,853,1,2,5
9045,853,2,1,1
9046,853,1,1,1
9047,853,1,2,1
9048,853,1,1,1
9049,853,1,2,5
9050,853,2,1,1
9051,853,1,1,1
9052,853,2,1,1
9053,853,1,2,5
9054,853,1,1,1
9055,853,1,1,1
9056,854,6,1,1
9057,854,2,2,5
9058,854,1,1,1
9059,854,2,2,5
9060,854,1,1,1
9061,854,1,2,5
9062,854,1,1,1
9063,854,1,2,5
9064,854,15,2,5
9065,854,2,2,5
9066,854,3,1,1
9067,854,3,1,1
9068,854,1,1,1
9069,854,1,1,1
9070,855,15,1,1
9071,855,1,1,1
9072,855,4,2,5
9073,855,15,1,1
9074,855,2,1,1
9075,855,1,2,1
9076,855,4,1,1
9077,855,1,2,5
9078,856,1,1,1
9079,856,1,2,5
9080,856,1,10,10
9081,856,9,1,1
9082,856,1,1,1
9083,856,9,1,1
9084,856,15,1,1
9085,856,1,3,5
9086,857,1,1,1
9087,857,1,1,1
9088,857,1,1,1
9089,857,1,2,5
9090,857,2,1,1
9091,857,2,1,1
9092,857,1,1,1
9093,857,1,1,1
9094,857,12,2,5
9095,857,15,2,5
9096,857,1,3,5
9097,857,6,1,1
9098,857,1,1,1
9099,858,1,2,5
9100,858,1,1,1
9101,858,6,1,1
9102,858,3,1,1
9103,858,1,1,1
9104,858,3,2,5
9105,858,1,2,1
9106,858,1,1,1
9107,858,3,1,1
9108,858,1,10,10
9109,858,1,1,1
9110,858,15,1,1
9111,858,1,1,1
9112,858,11,1,1
9113,858,1,1,1
9114,859,1,1,1
9115,859,8,3,5
9116,859,1,1,1
9117,859,1,1,1
9118,859,4,3,5
9119,859,7,3,5
9120,859,1,1,1
9121,859,1,1,1
9122,859,15,2,5
9123,859,1,2,1
9124,859,1,1,1
9125,859,15,1,1
9126,859,1,1,1
9127,859,15,1,1
9128,860,5,1,1
9129,860,1,2,5
9130,860,1,2,1
9131,860,1,2,5
9132,860,2,1,1
9133,860,1,2,1
9134,860,1,2,1
9135,860,1,1,1
9136,860,1,2,5
9137,860,1,2,1
9138,860,1,2,1
9139,860,1,2,1
9140,860,1,2,1
9141,860,1,2,1
9142,860,2,1,1
9143,860,1,2,1
9144,860,1,2,5
9145,860,1,1,1
9146,860,1,3,5
9147,860,1,10,10
9148,860,1,2,1
9149,860,15,1,1
9150,860,1,2,1
9151,861,12,1,1
9152,861,15,2,5
9153,861,1,1,1
9154,861,1,1,1
9155,861,1,1,1
9156,861,1,2,1
9157,861,1,1,1
9158,861,15,1,1
9159,861,1,1,1
9160,862,1,1,1
9161,862,1,1,1
9162,862,1,3,5
9163,862,9,1,1
9164,862,1,2,1
9165,862,1,1,1
9166,862,1,2,5
9167,862,1,3,5
9168,863,15,2,5
9169,863,1,1,1
9170,863,1,10,10
9171,863,1,1,1
9172,863,1,1,1
9173,863,1,1,1
9174,863,4,1,1
9175,863,1,1,1
9176,863,15,1,1
9177,864,1,1,1
9178,864,1,3,5
9179,864,1,1,1
9180,864,1,2,5
9181,864,5,1,1
9182,864,8,1,1
9183,864,1,2,5
9184,864,1,1,1
9185,864,2,1,1
9186,864,15,1,1
9187,864,1,2,5
9188,864,1,1,1
9189,864,1,1,1
9190,865,1,1,1
9191,865,1,2,5
9192,865,1,2,5
9193,865,1,2,5
9194,865,1,10,10
9195,866,1,2,1
9196,866,1,1,1
9197,866,2,1,1
9198,866,6,1,1
9199,866,1,1,1
9200,866,1,1,1
9201,867,7,3,5
9202,867,1,1,1
9203,867,1,1,1
9204,867,1,1,1
9205,867,1,1,1
9206,867,1,1,1
9207,868,1,1,1
9208,868,1,1,1
9209,868,2,1,1
9210,868,1,3,5
9211,868,1,2,5
9212,868,1,3,5
9213,868,2,1,1
9214,868,1,3,5
9215,868,15,2,5
9216,868,1,1,1
9217,868,1,1,1
9218,868,1,1,1
9219,868,1,2,5
9220,869,1,1,1
9221,869,1,2,1
9222,869,2,1,1
9223,869,1,1,1
9224,869,3,1,1
9225,869,5,1,1
9226,869,1,2,5
9227,869,1,1,1
9228,870,1,1,1
9229,870,1,1,1
9230,870,1,2,5
9231,870,1,1,1
9232,870,1,1,1
9233,870,1,1,1
9234,870,1,1,1
9235,870,1,1,1
9236,870,1,2,5
9237,870,2,3,5
9238,871,1,1,1
9239,871,1,1,1
9240,871,1,10,10
9241,871,1,1,1
9242,871,4,1,1
9243,871,1,2,1
9244,871,1,1,1
9245,872,1,2,1
9246,872,1,1,1
9247,872,1,1,1
9248,872,1,2,5
9249,872,1,2,5
9250,873,1,1,1
9251,873,1,2,5
9252,873,1,2,5
9253,873,1,1,1
9254,873,1,2,5
9255,873,1,1,1
9256,873,1,2,5
9257,873,2,2,5
9258,874,1,1,1
9259,874,1,2,5
9260,874,4,1,1
9261,874,1,1,1
9262,874,15,3,10
9263,874,1,2,5
9264,874,3,2,5
9265,874,7,1,1
9266,874,1,1,1
9267,875,15,1,1
9268,875,1,1,1
9269,875,1,1,1
9270,875,1,2,5
9271,875,15,1,1
9272,875,15,1,1
9273,875,3,1,1
9274,875,15,2,5
9275,875,1,2,5
9276,875,15,1,1
9277,875,6,1,1
9278,875,1,2,5
9279,875,4,2,1
9280,875,15,1,1
9281,875,15,1,1
9282,875,15,1,1
9283,875,15,1,1
9284,876,1,2,1
9285,876,1,2,5
9286,876,1,2,5
9287,876,15,1,1
9288,876,15,1,1
9289,876,15,1,1
9290,876,15,2,5
9291,876,1,1,1
9292,876,1,2,5
9293,876,1,2,5
9294,876,1,10,10
9295,876,15,3,5
9296,876,1,2,5
9297,877,3,1,1
9298,877,1,2,5
9299,877,1,2,5
9300,877,1,2,5
9301,877,1,2,1
9302,878,4,1,1
9303,878,1,1,1
9304,878,1,1,1
9305,878,1,1,1
9306,878,1,1,1
9307,878,1,1,1
9308,878,1,1,1
9309,878,1,3,5
9310,878,1,1,1
9311,878,1,2,5
9312,878,1,2,1
9313,878,1,1,1
9314,878,1,1,1
9315,879,1,1,1
9316,879,1,1,1
9317,879,1,1,1
9318,879,1,2,5
9319,879,2,1,1
9320,879,1,2,1
9321,879,1,2,5
9322,879,15,1,1
9323,879,10,1,1
9324,879,15,1,1
9325,879,15,1,1
9326,879,15,1,1
9327,879,15,1,1
9328,879,13,1,1
9329,879,15,1,1
9330,880,1,1,1
9331,880,1,1,1
9332,880,15,2,5
9333,880,1,2,5
9334,880,1,1,1
9335,880,2,3,5
9336,880,1,2,5
9337,881,1,2,5
9338,881,8,1,1
9339,881,3,2,5
9340,881,1,10,10
9341,881,1,1,1
9342,881,1,2,5
9343,881,5,2,5
9344,881,1,2,5
9345,881,1,1,1
9346,881,1,1,1
9347,881,1,1,1
9348,881,1,1,1
9349,881,11,1,1
9350,881,5,2,5
9351,881,1,1,1
9352,882,1,2,5
9353,882,11,1,1
9354,882,12,1,1
9355,882,12,1,1
9356,882,15,1,1
9357,882,9,1,1
9358,882,2,1,1
9359,882,1,2,5
9360,882,1,1,1
9361,882,15,1,1
9362,882,2,1,1
9363,882,10,1,1
9364,883,9,1,1
9365,883,1,2,1
9366,883,1,10,10
9367,883,1,1,1
9368,883,1,1,1
9369,883,3,2,5
9370,883,1,1,1
9371,883,3,1,1
9372,883,2,1,1
9373,883,1,2,1
9374,883,1,1,1
9375,884,3,1,1
9376,884,1,2,1
9377,884,1,1,1
9378,884,1,1,1
9379,884,1,1,1
9380,884,1,1,1
9381,884,1,1,1
9382,884,1,1,1
9383,884,1,1,1
9384,884,1,1,1
9385,884,1,1,1
9386,884,1,2,5
9387,884,1,2,5
9388,884,1,2,1
9389,884,1,2,5
9390,884,13,2,5
9391,884,6,1,1
9392,885,2,1,1
9393,885,1,2,5
9394,885,2,1,1
9395,885,1,2,5
9396,885,1,1,1
9397,885,1,1,1
9398,885,2,1,1
9399,885,2,1,1
9400,885,1,1,1
9401,885,2,1,1
9402,885,2,1,1
9403,885,2,1,1
9404,885,2,1,1
9405,885,1,10,10
9406,885,1,10,10
9407,885,1,2,5
9408,885,2,1,1
9409,885,15,1,1
9410,885,1,10,10
9411,885,1,10,10
9412,885,1,2,5
9413,885,1,1,1
9414,886,1,2,5
9415,886,1,1,1
9416,886,1,2,1
9417,886,1,1,1
9418,886,1,1,1
9419,886,1,2,5
9420,886,15,1,1
9421,887,1,2,5
9422,887,2,1,1
9423,887,1,1,1
9424,887,1,1,1
9425,887,1,2,5
9426,887,1,1,1
9427,887,6,1,1
9428,888,4,2,1
9429,888,1,2,5
9430,888,1,10,10
9431,888,1,1,1
9432,888,1,1,1
9433,888,1,10,10
9434,888,1,1,1
9435,888,15,2,1
9436,888,1,2,1
9437,888,15,2,1
9438,888,2,1,1
9439,888,1,2,5
9440,889,1,2,5
9441,889,1,1,1
9442,889,1,2,5
9443,889,1,1,1
9444,889,1,1,1
9445,889,1,3,5
9446,889,1,1,1
9447,889,8,3,5
9448,890,4,2,5
9449,890,15,1,1
9450,890,1,3,5
9451,890,1,1,1
9452,890,1,1,1
9453,890,15,1,1
9454,890,1,2,5
9455,890,1,2,5
9456,890,1,2,5
9457,890,1,2,5
9458,891,1,3,5
9459,891,2,2,5
9460,891,1,2,5
9461,891,1,1,1
9462,891,1,1,1
9463,891,15,3,5
9464,891,15,2,1
9465,891,1,2,5
9466,891,8,1,1
9467,892,1,1,1
9468,892,1,1,1
9469,892,1,1,1
9470,892,1,1,1
9471,893,1,1,1
9472,893,1,2,5
9473,893,15,1,1
9474,893,1,2,5
9475,893,1,2,1
9476,893,1,1,1
9477,893,1,1,1
9478,894,1,1,1
9479,894,2,2,5
9480,894,1,1,1
9481,894,1,2,1
9482,894,1,2,5
9483,894,1,1,1
9484,894,15,1,1
9485,894,2,1,1
9486,895,1,1,1
9487,895,1,1,1
9488,895,1,1,1
9489,895,1,1,1
9490,895,1,1,1
9491,895,1,1,1
9492,895,1,2,1
9493,895,1,1,1
9494,895,1,1,1
9495,895,14,1,1
9496,895,15,2,1
9497,896,1,1,1
9498,896,1,2,5
9499,896,15,3,5
9500,896,1,2,5
9501,896,11,3,5
9502,896,2,2,5
9503,896,1,2,5
9504,896,1,2,5
9505,896,1,2,5
9506,896,1,1,1
9507,896,1,1,1
9508,896,1,2,1
9509,896,1,1,1
9510,897,1,1,1
9511,897,1,2,5
9512,897,1,1,1
9513,897,1,2,5
9514,897,1,2,5
9515,897,1,2,5
9516,897,1,2,5
9517,897,3,1,1
9518,897,1,1,1
9519,897,1,1,1
9520,898,15,2,5
9521,898,1,1,1
9522,898,4,1,1
9523,898,1,2,5
9524,898,15,3,5
9525,899,1,3,5
9526,899,10,3,5
9527,899,1,2,5
9528,899,1,1,1
9529,899,1,1,1
9530,899,1,1,1
9531,899,1,2,5
9532,899,15,2,1
9533,899,1,1,1
9534,900,1,1,1
9535,900,1,1,1
9536,900,1,2,5
9537,900,4,1,1
9538,900,3,10,10
9539,900,3,1,1
9540,900,3,1,1
9541,900,1,1,1
9542,900,2,2,5
9543,900,1,1,1
9544,900,5,2,1
9545,901,1,1,1
9546,901,1,2,5
9547,901,1,1,1
9548,901,15,2,5
9549,901,1,2,5
9550,901,1,1,1
9551,901,1,1,1
9552,901,1,10,10
9553,901,1,2,5
9554,901,15,1,1
9555,901,1,1,1
9556,901,1,2,5
9557,901,10,1,1
9558,901,10,1,1
9559,901,1,2,5
9560,901,10,1,1
9561,901,1,1,1
9562,901,7,1,1
9563,901,1,2,5
9564,901,1,1,1
9565,901,7,1,1
9566,901,7,1,1
9567,901,1,2,5
9568,902,1,2,1
9569,902,1,1,1
9570,902,1,1,1
9571,902,1,1,1
9572,902,14,3,5
9573,902,1,2,5
9574,902,1,10,10
9575,902,15,1,1
9576,902,1,2,5
9577,903,15,10,10
9578,903,1,2,5
9579,903,1,1,1
9580,903,1,3,5
9581,903,1,2,5
9582,903,1,2,5
9583,904,1,3,5
9584,904,1,1,1
9585,904,1,1,1
9586,904,1,1,1
9587,904,1,2,5
9588,904,5,2,5
9589,904,1,1,1
9590,904,1,2,5
9591,904,4,1,1
9592,904,1,2,5
9593,904,1,2,1
9594,904,1,2,5
9595,904,3,3,5
9596,904,1,10,10
9597,904,12,2,5
9598,904,1,1,1
9599,904,1,1,1
9600,904,12,2,5
9601,904,1,2,5
9602,905,1,1,1
9603,905,1,2,5
9604,905,1,3,5
9605,905,1,1,1
9606,905,1,2,5
9607,905,1,1,1
9608,905,1,1,1
9609,905,1,1,1
9610,906,2,1,1
9611,906,5,2,5
9612,906,1,1,1
9613,906,1,1,1
9614,906,15,1,1
9615,906,1,1,1
9616,906,4,1,1
9617,906,1,1,1
9618,906,1,1,1
9619,906,1,1,1
9620,906,1,1,1
9621,906,1,2,5
9622,906,1,2,1
9623,906,1,10,10
9624,906,1,1,1
9625,906,1,1,1
9626,906,1,1,1
9627,906,1,1,1
9628,907,15,3,5
9629,907,1,1,1
9630,907,1,1,1
9631,907,4,1,1
9632,907,1,2,1
9633,907,1,1,1
9634,907,11,1,1
9635,907,2,2,5
9636,908,4,1,1
9637,908,10,2,5
9638,908,1,2,5
9639,908,10,2,5
9640,908,1,2,5
9641,908,1,2,5
9642,908,5,1,1
9643,908,5,1,1
9644,909,1,1,1
9645,909,1,1,1
9646,909,1,1,1
9647,909,1,1,1
9648,909,1,2,5
9649,909,1,1,1
9650,909,1,1,1
9651,909,1,1,1
9652,909,1,2,5
9653,909,1,2,5
9654,910,1,2,5
9655,910,1,1,1
9656,910,1,1,1
9657,910,1,1,1
9658,910,15,2,5
9659,910,1,3,5
9660,910,1,1,1
9661,910,1,1,1
9662,910,1,2,5
9663,910,3,1,1
9664,910,1,3,5
9665,910,3,2,5
9666,910,1,2,5
9667,910,2,2,5
9668,910,3,2,5
9669,911,1,1,1
9670,911,1,1,1
9671,911,1,2,5
9672,911,1,2,5
9673,911,1,2,5
9674,911,9,1,1
9675,911,1,1,1
9676,911,1,2,1
9677,911,1,2,5
9678,912,1,1,1
9679,912,1,1,1
9680,912,1,2,5
9681,912,1,1,1
9682,912,1,2,5
9683,912,4,10,10
9684,912,1,1,1
9685,912,1,3,5
9686,912,1,2,5
9687,912,10,3,5
9688,912,1,2,5
9689,912,8,3,5
9690,913,10,3,5
9691,913,15,1,1
9692,913,5,1,1
9693,913,1,1,1
9694,913,2,1,1
9695,913,1,2,1
9696,913,1,10,10
9697,913,3,2,5
9698,913,1,1,1
9699,914,1,1,1
9700,914,5,3,5
9701,914,1,1,1
9702,914,1,1,1
9703,914,1,2,5
9704,914,1,2,1
9705,914,15,1,1
9706,914,1,1,1
9707,914,1,1,1
9708,914,1,1,1
9709,914,1,2,1
9710,915,1,1,1
9711,915,1,1,1
9712,915,1,1,1
9713,915,1,1,1
9714,915,1,1,1
9715,915,15,1,1
9716,915,1,1,1
9717,915,1,2,5
9718,915,1,1,1
9719,915,1,2,5
9720,915,1,1,1
9721,915,1,1,1
9722,915,15,1,1
9723,916,1,1,1
9724,916,15,1,1
9725,916,1,1,1
9726,916,1,2,5
9727,916,1,2,5
9728,916,2,2,5
9729,916,1,1,1
9730,916,1,1,1
9731,916,11,2,5
9732,916,1,10,10
9733,916,1,1,1
9734,916,1,1,1
9735,916,1,1,1
9736,916,1,1,1
9737,917,1,1,1
9738,917,1,1,1
9739,917,15,1,1
9740,917,1,2,5
9741,917,1,1,1
9742,917,1,1,1
9743,917,1,1,1
9744,917,1,2,5
9745,917,1,1,1
9746,917,1,1,1
9747,917,1,1,1
9748,917,1,1,1
9749,917,2,2,5
9750,917,2,3,5
9751,917,1,1,1
9752,917,1,3,5
9753,918,1,2,5
9754,918,1,1,1
9755,918,1,2,5
9756,918,1,2,5
9757,918,1,2,5
9758,918,1,2,5
9759,919,1,1,1
9760,919,5,2,5
9761,919,1,10,10
9762,919,1,1,1
9763,919,1,2,5
9764,919,15,1,1
9765,919,1,2,5
9766,919,1,1,1
9767,919,2,2,5
9768,919,1,1,1
9769,919,1,1,1
9770,919,1,2,5
9771,920,1,1,1
9772,920,1,2,1
9773,920,1,1,1
9774,920,15,1,1
9775,920,15,1,1
9776,920,1,1,1
9777,920,8,1,1
9778,920,1,1,1
9779,921,1,2,5
9780,921,1,2,5
9781,921,1,1,1
9782,921,1,1,1
9783,921,15,2,5
9784,921,11,1,1
9785,921,1,1,1
9786,921,1,1,1
9787,922,15,1,1
9788,922,1,1,1
9789,922,1,1,1
9790,922,1,1,1
9791,922,1,1,1
9792,922,1,1,1
9793,922,1,1,1
9794,922,15,2,5
9795,923,1,2,1
9796,923,1,2,5
9797,923,4,2,1
9798,923,1,1,1
9799,923,1,1,1
9800,923,1,1,1
9801,923,6,2,5
9802,924,15,1,1
9803,924,1,1,1
9804,924,1,3,5
9805,924,1,10,10
9806,924,1,2,5
9807,924,15,1,1
9808,924,1,2,5
9809,924,1,1,1
9810,924,1,1,1
9811,924,1,10,10
9812,924,1,1,1
9813,925,4,1,1
9814,925,1,2,5
9815,925,1,2,5
9816,925,1,2,5
9817,925,1,1,1
9818,925,1,3,5
9819,925,9,1,1
9820,925,7,10,10
9821,925,1,1,1
9822,926,15,1,1
9823,926,1,1,1
9824,926,1,1,1
9825,926,1,1,1
9826,926,6,2,5
9827,926,1,1,1
9828,926,1,1,1
9829,926,1,1,1
9830,926,2,2,5
9831,926,2,2,5
9832,926,1,1,1
9833,926,3,2,5
9834,926,1,10,10
9835,926,1,1,1
9836,926,9,1,1
9837,926,15,2,5
9838,927,1,1,1
9839,927,1,1,1
9840,927,4,2,5
9841,927,15,1,1
9842,927,1,2,5
9843,927,2,1,1
9844,927,15,1,1
9845,928,1,2,5
9846,928,15,2,5
9847,928,1,1,1
9848,928,1,2,5
9849,928,4,1,1
9850,929,1,2,5
9851,929,1,1,1
9852,929,4,2,5
9853,929,1,1,1
9854,929,1,2,5
9855,929,3,1,1
9856,929,15,1,1
9857,929,1,1,1
9858,929,1,1,1
9859,930,1,1,1
9860,930,9,1,1
9861,930,15,2,1
9862,930,4,2,1
9863,930,1,1,1
9864,930,1,1,1
9865,930,1,2,5
9866,931,1,2,5
9867,931,1,2,5
9868,931,1,2,5
9869,931,2,1,1
9870,931,1,2,5
9871,931,1,1,1
9872,931,4,1,1
9873,931,1,2,5
9874,931,1,1,1
9875,931,9,1,1
9876,931,1,1,1
9877,931,1,1,1
9878,932,1,1,1
9879,932,15,1,1
9880,932,1,1,1
9881,932,1,2,5
9882,932,15,1,1
9883,932,1,1,1
9884,932,15,1,1
9885,932,1,2,5
9886,932,2,1,1
9887,932,2,1,1
9888,932,1,2,5
9889,933,5,1,1
9890,933,1,1,1
9891,933,1,1,1
9892,933,1,1,1
9893,933,1,1,1
9894,933,8,2,1
9895,933,3,2,5
9896,933,1,1,1
9897,933,4,2,5
9898,934,1,1,1
9899,934,1,1,1
9900,934,1,1,1
9901,934,1,1,1
9902,934,15,2,1
9903,934,1,1,1
9904,934,1,1,1
9905,934,1,1,1
9906,934,15,2,1
9907,934,15,2,1
9908,934,15,2,1
9909,934,8,2,1
9910,934,8,1,1
9911,934,1,2,5
9912,934,1,1,1
9913,934,1,1,1
9914,935,1,10,10
9915,935,1,1,1
9916,935,1,1,1
9917,935,1,1,1
9918,935,1,10,10
9919,935,5,1,1
9920,935,15,1,1
9921,935,1,1,1
9922,935,1,2,1
9923,935,1,1,1
9924,935,1,1,1
9925,935,1,1,1
9926,935,1,2,5
9927,935,15,1,1
9928,936,1,1,1
9929,936,15,1,1
9930,936,1,1,1
9931,936,1,10,10
9932,936,1,2,5
9933,936,1,1,1
9934,936,1,2,5
9935,936,1,1,1
9936,936,1,3,5
9937,936,1,3,5
9938,937,1,3,5
9939,937,1,2,5
9940,937,1,1,1
9941,937,1,1,1
9942,937,1,2,5
9943,937,1,1,1
9944,937,1,1,1
9945,937,8,1,1
9946,937,1,1,1
9947,938,1,2,5
9948,938,1,1,1
9949,938,1,2,1
9950,938,2,2,5
9951,938,1,2,5
9952,938,1,2,5
9953,938,1,1,1
9954,938,2,2,5
9955,938,1,2,5
9956,938,1,1,1
9957,938,1,1,1
9958,938,1,1,1
9959,938,1,1,1
9960,938,1,1,1
9961,938,1,1,1
9962,938,9,1,1
9963,939,1,2,5
9964,939,2,1,1
9965,939,2,2,5
9966,939,1,1,1
9967,940,12,1,1
9968,940,1,3,5
9969,940,1,1,1
9970,940,1,2,5
9971,940,3,1,1
9972,940,1,1,1
9973,940,1,1,1
9974,940,15,1,1
9975,940,1,2,5
9976,940,1,1,1
9977,940,15,1,1
9978,940,15,3,5
9979,941,1,1,1
9980,941,1,1,1
9981,941,1,2,5
9982,941,1,1,1
9983,941,1,1,1
9984,941,1,1,1
9985,941,1,2,5
9986,941,1,3,5
9987,941,1,2,5
9988,942,1,3,5
9989,942,1,3,5
9990,942,1,2,5
9991,942,1,3,5
9992,942,6,2,5
9993,942,1,3,5
9994,942,1,1,1
9995,942,1,1,1
9996,943,2,1,1
9997,943,1,1,1
9998,943,1,1,1
9999,943,1,1,1
10000,943,1,1,1
10001,943,1,1,1
10002,943,1,2,5
10003,943,1,1,1
10004,943,1,2,5
10005,943,1,2,1
10006,943,2,1,1
10007,943,1,2,1
10008,944,6,1,1
10009,944,1,3,5
10010,944,1,3,5
10011,944,1,1,1
10012,944,1,3,5
10013,945,1,1,1
10014,945,1,1,1
10015,945,1,1,1
10016,945,1,2,1
10017,945,15,1,1
10018,945,1,1,1
10019,945,1,1,1
10020,945,1,2,5
10021,945,1,2,5
10022,945,1,2,5
10023,945,1,2,5
10024,945,15,1,1
10025,945,1,2,5
10026,946,2,1,1
10027,946,1,1,1
10028,946,14,1,1
10029,946,2,1,1
10030,946,14,1,1
10031,946,15,1,1
10032,946,1,2,5
10033,946,15,1,1
10034,946,15,2,1
10035,946,1,1,1
10036,946,15,1,1
10037,946,1,1,1
10038,946,2,2,1
10039,947,15,1,1
10040,947,1,1,1
10041,947,1,1,1
10042,947,14,1,1
10043,947,1,1,1
10044,947,1,2,5
10045,947,3,10,10
10046,947,1,1,1
10047,948,1,1,1
10048,948,1,1,1
10049,948,1,1,1
10050,948,1,1,1
10051,948,1,2,5
10052,948,1,1,1
10053,948,1,2,5
10054,948,12,1,1
10055,948,1,2,5
10056,948,1,2,5
10057,948,1,2,5
10058,948,1,2,5
10059,948,1,1,1
10060,948,12,1,1
10061,949,1,1,1
10062,949,11,1,1
10063,949,11,1,1
10064,949,1,1,1
10065,949,1,1,1
10066,950,4,1,1
10067,950,1,1,1
10068,950,1,1,1
10069,950,1,1,1
10070,950,15,1,1
10071,950,1,1,1
10072,950,10,1,1
10073,950,1,1,1
10074,951,1,1,1
10075,951,1,2,5
10076,951,1,1,1
10077,951,1,1,1
10078,951,1,1,1
10079,951,1,1,1
10080,951,3,1,1
10081,951,1,2,5
10082,951,1,1,1
10083,951,4,1,1
10084,951,15,1,1
10085,951,1,1,1
10086,951,7,1,1
10087,951,1,2,5
10088,952,1,1,1
10089,952,1,2,5
10090,952,1,2,5
10091,952,15,1,1
10092,952,1,1,1
10093,953,1,1,1
10094,953,1,1,1
10095,953,1,1,1
10096,953,4,1,1
10097,953,15,2,5
10098,953,1,1,1
10099,953,1,1,1
10100,953,6,2,1
10101,954,1,1,1
10102,954,15,2,1
10103,954,1,1,1
10104,954,2,2,5
10105,954,1,2,5
10106,954,2,2,5
10107,954,2,2,5
10108,954,15,2,5
10109,954,1,3,5
10110,954,1,2,5
10111,955,1,1,1
10112,955,1,2,5
10113,955,1,1,1
10114,955,1,1,1
10115,956,1,1,1
10116,956,1,1,1
10117,956,1,3,5
10118,956,1,3,5
10119,956,1,1,1
10120,956,1,2,5
10121,956,1,1,1
10122,956,1,1,1
10123,956,1,2,5
10124,956,1,1,1
10125,957,1,2,5
10126,957,1,1,1
10127,957,2,1,1
10128,957,3,2,5
10129,957,1,1,1
10130,957,1,2,5
10131,957,12,1,1
10132,957,1,1,1
10133,957,1,1,1
10134,957,1,1,1
10135,957,1,1,1
10136,957,1,1,1
10137,957,1,1,1
10138,957,1,1,1
10139,957,1,1,1
10140,957,1,1,1
10141,957,1,1,1
10142,957,1,2,5
10143,957,1,2,5
10144,957,1,2,5
10145,957,3,1,1
10146,957,1,1,1
10147,958,1,1,1
10148,958,2,2,5
10149,958,1,1,1
10150,958,15,3,5
10151,958,1,2,5
10152,958,1,2,1
10153,958,1,2,5
10154,958,1,1,1
10155,958,1,1,1
10156,958,1,1,1
10157,958,15,1,1
10158,958,1,1,1
10159,958,4,1,1
10160,959,1,1,1
10161,959,1,1,1
10162,959,1,1,1
10163,959,1,1,1
10164,959,1,1,1
10165,959,1,1,1
10166,959,1,2,5
10167,959,1,1,1
10168,959,1,1,1
10169,959,1,1,1
10170,959,1,1,1
10171,959,1,2,5
10172,959,1,1,1
10173,959,1,2,5
10174,959,1,1,1
10175,959,1,2,5
10176,959,1,1,1
10177,959,1,2,5
10178,960,3,1,1
10179,960,1,2,5
10180,960,2,1,1
10181,960,2,1,1
10182,960,1,1,1
10183,960,1,2,1
10184,960,2,1,1
10185,960,1,2,5
10186,960,1,1,1
10187,960,3,1,1
10188,961,1,1,1
10189,961,1,1,1
10190,961,1,2,5
10191,961,1,2,5
10192,961,1,1,1
10193,961,1,1,1
10194,961,1,2,5
10195,961,5,1,1
10196,961,1,1,1
10197,961,1,2,5
10198,961,1,1,1
10199,962,1,1,1
10200,962,1,1,1
10201,962,3,2,5
10202,962,3,1,1
10203,962,1,1,1
10204,962,1,1,1
10205,962,1,3,5
10206,962,1,1,1
10207,962,3,2,5
10208,962,1,3,5
10209,962,1,1,1
10210,962,1,2,5
10211,962,1,1,1
10212,962,2,2,5
10213,962,1,1,1
10214,962,1,1,1
10215,962,1,2,5
10216,963,10,10,10
10217,963,1,1,1
10218,963,1,1,1
10219,963,1,2,5
10220,963,1,1,1
10221,963,1,2,5
10222,963,1,2,1
10223,964,1,1,1
10224,964,1,10,10
10225,964,1,1,1
10226,964,1,1,1
10227,965,15,2,5
10228,965,1,1,1
10229,965,15,10,10
10230,965,1,2,5
10231,965,1,1,1
10232,966,2,3,5
10233,966,1,1,1
10234,966,15,2,5
10235,966,1,1,1
10236,967,15,1,1
10237,967,15,2,5
10238,967,3,2,5
10239,967,1,10,10
10240,967,1,1,1
10241,967,1,1,1
10242,967,1,1,1
10243,967,1,1,1
10244,967,3,1,1
10245,967,1,1,1
10246,967,1,3,5
10247,967,1,1,1
10248,967,1,2,5
10249,967,1,1,1
10250,967,1,3,5
10251,967,1,1,1
10252,967,1,1,1
10253,967,1,1,1
10254,968,1,3,5
10255,968,1,2,5
10256,968,1,1,1
10257,968,1,2,5
10258,968,1,2,5
10259,968,1,1,1
10260,968,1,1,1
10261,969,15,1,1
10262,969,1,2,5
10263,969,1,2,5
10264,969,1,2,5
10265,969,1,1,1
10266,970,1,2,5
10267,970,1,1,1
10268,970,3,1,1
10269,970,1,1,1
10270,970,1,2,5
10271,970,15,3,5
10272,970,1,2,5
10273,971,13,10,10
10274,971,1,1,1
10275,971,7,1,1
10276,971,15,3,5
10277,971,1,1,1
10278,971,1,1,1
10279,971,1,2,5
10280,971,1,1,1
10281,971,12,2,5
10282,971,15,2,5
10283,971,1,1,1
10284,972,1,2,5
10285,972,1,10,10
10286,972,1,1,1
10287,972,15,1,1
10288,972,15,2,5
10289,972,4,3,5
10290,972,1,1,1
10291,972,1,3,5
10292,973,1,2,5
10293,973,1,1,1
10294,973,1,1,1
10295,973,1,1,1
10296,973,1,1,1
10297,973,1,2,5
10298,973,1,1,1
10299,973,1,1,1
10300,973,1,1,1
10301,973,1,2,5
10302,973,1,1,1
10303,974,15,1,1
10304,974,1,3,5
10305,974,1,3,5
10306,974,1,10,10
10307,974,1,1,1
10308,974,1,2,5
10309,975,1,2,5
10310,975,15,1,1
10311,975,1,2,5
10312,975,14,1,1
10313,975,1,2,1
10314,975,1,1,1
10315,975,1,1,1
10316,975,1,2,5
10317,976,3,3,5
10318,976,1,1,1
10319,976,1,1,1
10320,976,2,1,1
10321,976,1,2,5
10322,976,2,3,5
10323,976,1,2,5
10324,976,15,1,1
10325,976,1,2,5
10326,976,1,2,5
10327,976,2,3,5
10328,977,1,1,1
10329,977,1,2,5
10330,977,2,1,1
10331,977,2,2,5
10332,977,2,2,5
10333,977,1,2,5
10334,977,15,3,5
10335,978,1,1,1
10336,978,1,2,5
10337,978,1,2,5
10338,978,1,1,1
10339,978,1,1,1
10340,978,1,1,1
10341,978,1,2,5
10342,978,1,2,5
10343,978,1,1,1
10344,978,1,1,1
10345,978,14,1,1
10346,978,15,3,5
10347,979,1,3,5
10348,979,15,3,5
10349,979,1,1,1
10350,979,1,1,1
10351,979,1,1,1
10352,979,3,3,5
10353,979,1,1,1
10354,979,15,1,1
10355,980,1,1,1
10356,980,1,2,5
10357,980,1,1,1
10358,980,1,2,5
10359,980,1,2,5
10360,980,2,1,1
10361,980,1,2,5
10362,980,2,1,1
10363,980,15,1,1
10364,981,1,1,1
10365,981,15,1,1
10366,981,15,1,1
10367,981,15,1,1
10368,981,1,1,1
10369,981,13,2,5
10370,981,1,2,5
10371,981,10,1,1
10372,981,2,2,1
10373,981,1,1,1
10374,981,1,1,1
10375,981,1,1,1
10376,981,1,1,1
10377,982,2,1,1
10378,982,2,1,1
10379,982,1,2,5
10380,982,15,1,1
10381,982,2,2,5
10382,982,13,1,1
10383,982,1,1,1
10384,982,2,2,1
10385,982,2,1,1
10386,982,1,1,1
10387,982,1,2,5
10388,983,1,1,1
10389,983,1,2,5
10390,983,1,2,5
10391,983,1,1,1
10392,983,1,2,5
10393,983,4,2,5
10394,983,4,2,5
10395,983,2,2,5
10396,983,4,2,5
10397,983,1,1,1
10398,983,1,1,1
10399,984,1,1,1
10400,984,1,1,1
10401,984,1,1,1
10402,984,1,1,1
10403,984,1,2,5
10404,984,1,1,1
10405,984,1,1,1
10406,984,15,1,1
10407,984,1,1,1
10408,984,1,2,5
10409,985,15,3,5
10410,985,1,2,5
10411,985,5,2,5
10412,985,1,2,5
10413,985,15,3,5
10414,985,1,2,1
10415,985,1,1,1
10416,985,1,2,5
10417,986,2,1,1
10418,986,11,1,1
10419,986,2,2,5
10420,986,1,1,1
10421,986,1,2,5
10422,986,1,1,1
10423,986,2,2,5
10424,986,1,1,1
10425,987,1,1,1
10426,987,1,1,1
10427,987,15,2,1
10428,987,1,1,1
10429,987,1,1,1
10430,987,1,2,5
10431,987,1,1,1
10432,987,1,2,1
10433,987,1,1,1
10434,987,1,2,5
10435,988,1,1,1
10436,988,4,2,5
10437,988,15,1,1
10438,988,1,2,1
10439,988,1,2,5
10440,988,1,1,1
10441,988,1,2,5
10442,988,15,1,1
10443,988,1,1,1
10444,988,15,1,1
10445,989,1,2,5
10446,989,1,1,1
10447,989,1,1,1
10448,989,1,1,1
10449,989,1,2,5
10450,989,12,1,1
10451,989,1,1,1
10452,989,10,1,1
10453,989,11,1,1
10454,989,3,1,1
10455,989,1,1,1
10456,989,1,1,1
10457,989,15,1,1
10458,989,1,1,1
10459,989,10,1,1
10460,989,1,1,1
10461,989,1,2,5
10462,989,1,1,1
10463,989,4,1,1
10464,989,1,1,1
10465,989,1,1,1
10466,989,1,2,5
10467,990,1,1,1
10468,990,3,1,1
10469,990,3,1,1
10470,990,1,1,1
10471,990,1,1,1
10472,990,1,1,1
10473,990,2,1,1
10474,990,1,1,1
10475,990,1,2,5
10476,990,1,2,5
10477,990,1,1,1
10478,991,1,1,1
10479,991,1,2,5
10480,991,15,2,5
10481,991,1,2,5
10482,991,1,2,5
10483,991,6,1,1
10484,991,1,1,1
10485,991,1,3,5
10486,991,1,1,1
10487,991,4,1,1
10488,991,4,1,1
10489,992,1,1,1
10490,992,1,1,1
10491,992,1,1,1
10492,992,1,2,5
10493,992,1,1,1
10494,992,15,1,1
10495,992,10,1,1
10496,992,1,1,1
10497,993,1,1,1
10498,993,8,1,1
10499,993,6,2,5
10500,993,15,1,1
10501,993,1,2,5
10502,993,1,2,5
10503,993,2,2,5
10504,993,3,2,5
10505,993,1,1,1
10506,994,1,1,1
10507,994,1,1,1
10508,994,1,2,5
10509,994,10,1,1
10510,994,11,1,1
10511,994,1,1,1
10512,994,1,2,5
10513,995,1,2,5
10514,995,1,2,5
10515,995,1,1,1
10516,995,1,2,5
10517,995,1,2,5
10518,995,1,2,5
10519,996,1,2,5
10520,996,4,2,5
10521,996,1,2,5
10522,996,1,2,5
10523,996,6,1,1
10524,996,8,1,1
10525,996,1,1,1
10526,997,1,2,5
10527,997,1,1,1
10528,997,1,10,10
10529,997,9,1,1
10530,997,1,1,1
10531,997,1,2,5
10532,997,1,1,1
10533,998,4,1,1
10534,998,1,2,1
10535,998,1,1,1
10536,998,15,1,1
10537,998,8,1,1
10538,998,1,2,5
10539,998,15,1,1
10540,998,1,2,5
10541,998,3,1,1
10542,998,1,2,5
10543,998,1,2,5
10544,999,1,10,10
10545,999,2,1,1
10546,999,1,1,1
10547,999,1,10,10
10548,999,4,3,5
10549,999,1,1,1
10550,999,7,1,1
10551,999,15,1,1
10552,999,10,1,1
10553,999,1,1,1
10554,1000,1,2,5
10555,1000,15,1,1
10556,1000,1,2,5
10557,1000,2,1,1
10558,1000,1,1,1
10559,1000,1,1,1
10560,1001,6,1,1
10561,1001,1,1,1
10562,1001,15,1,1
10563,1001,5,1,1
10564,1001,1,1,1
10565,1001,2,1,1
10566,1001,1,1,1
10567,1001,1,2,5
10568,1001,1,1,1
10569,1001,1,1,1
10570,1001,1,1,1
10571,1001,7,1,1
10572,1001,1,2,5
10573,1001,1,1,1
10574,1001,1,1,1
10575,1002,8,1,1
10576,1002,1,1,1
10577,1002,1,2,1
10578,1002,1,1,1
10579,1002,1,1,1
10580,1003,1,2,5
10581,1003,1,1,1
10582,1003,1,2,5
10583,1003,15,1,1
10584,1004,1,1,1
10585,1004,1,2,1
10586,1004,1,1,1
10587,1004,1,1,1
10588,1004,1,10,10
10589,1004,15,1,1
10590,1004,1,2,5
10591,1004,1,1,1
10592,1004,2,1,1
10593,1004,1,1,1
10594,1004,10,1,1
10595,1004,8,1,1
10596,1004,7,1,1
10597,1004,1,1,1
10598,1004,3,1,1
10599,1005,1,1,1
10600,1005,1,2,1
10601,1005,1,2,5
10602,1005,1,1,1
10603,1005,1,1,1
10604,1005,1,1,1
10605,1005,1,1,1
10606,1006,1,2,5
10607,1006,1,1,1
10608,1006,1,2,5
10609,1006,1,2,5
10610,1006,1,2,5
10611,1006,3,1,1
10612,1006,1,1,1
10613,1006,1,1,1
10614,1006,1,1,1
10615,1006,1,1,1
10616,1006,1,1,1
10617,1006,1,2,5
10618,1007,1,1,1
10619,1007,1,1,1
10620,1007,1,2,5
10621,1007,1,10,10
10622,1007,1,2,5
10623,1008,5,1,1
10624,1008,1,2,5
10625,1008,1,1,1
10626,1008,2,2,5
10627,1008,1,2,5
10628,1009,1,2,5
10629,1009,1,1,1
10630,1009,3,1,1
10631,1009,15,3,5
10632,1009,1,2,5
10633,1009,1,1,1
10634,1010,1,1,1
10635,1010,1,1,1
10636,1010,1,1,1
10637,1010,1,2,5
10638,1010,8,1,1
10639,1011,1,1,1
10640,1011,15,1,1
10641,1011,1,3,5
10642,1011,1,2,1
10643,1011,1,2,5
10644,1011,1,2,5
10645,1012,1,1,1
10646,1012,1,1,1
10647,1012,1,2,5
10648,1012,8,1,1
10649,1012,1,2,1
10650,1012,3,1,1
10651,1012,15,2,5
10652,1012,1,2,5
10653,1012,15,2,5
10654,1013,1,1,1
10655,1013,1,2,5
10656,1013,1,1,1
10657,1013,15,1,1
10658,1013,1,2,5
10659,1013,1,2,5
10660,1013,1,1,1
10661,1014,1,10,10
10662,1014,15,1,1
10663,1014,1,2,1
10664,1014,1,2,5
10665,1015,1,2,5
10666,1015,2,2,5
10667,1015,1,2,5
10668,1015,1,1,1
10669,1015,1,1,1
10670,1015,1,2,5
10671,1015,1,1,1
10672,1016,1,2,5
10673,1016,15,1,1
10674,1017,1,1,1
10675,1017,1,1,1
10676,1017,3,1,1
10677,1017,3,2,5
10678,1017,1,1,1
10679,1017,1,1,1
10680,1017,1,1,1
10681,1017,8,1,1
10682,1017,1,1,1
10683,1017,1,1,1
10684,1017,1,1,1
10685,1017,2,2,5
10686,1018,1,2,5
10687,1018,1,2,5
10688,1018,1,2,5
10689,1018,3,2,5
10690,1018,1,10,10
10691,1018,2,1,1
10692,1018,1,1,1
10693,1019,7,1,1
10694,1019,1,1,1
10695,1019,1,1,1
10696,1019,1,1,1
10697,1019,15,2,1
10698,1020,1,2,5
10699,1020,1,2,1
10700,1020,1,1,1
10701,1020,1,2,5
10702,1020,1,3,5
10703,1020,1,1,1
10704,1020,1,1,1
10705,1020,1,2,5
10706,1021,1,2,5
10707,1021,1,10,10
10708,1021,15,2,1
10709,1021,1,1,1
10710,1021,1,2,5
10711,1021,1,1,1
10712,1021,1,3,5
10713,1022,2,1,1
10714,1022,1,1,1
10715,1022,1,1,1
10716,1022,1,2,5
10717,1022,1,2,5
10718,1022,1,2,5
10719,1023,1,1,1
10720,1023,1,1,1
10721,1023,1,1,1
10722,1023,4,1,1
10723,1024,1,10,10
10724,1024,1,2,5
10725,1024,1,1,1
10726,1024,1,2,1
10727,1025,1,1,1
10728,1025,1,2,5
10729,1026,1,2,1
10730,1026,1,1,1
10731,1026,1,1,1
10732,1026,1,2,1
10733,1026,1,2,5
10734,1026,1,1,1
10735,1027,1,1,1
10736,1027,1,1,1
10737,1028,1,2,1
10738,1028,1,1,1
10739,1028,4,1,1
10740,1028,1,1,1
10741,1029,15,1,1
10742,1029,1,1,1
10743,1029,1,1,1
10744,1029,2,1,1
10745,1029,1,2,5
10746,1029,1,2,5
10747,1029,1,2,5
10748,1029,15,1,1
10749,1029,1,2,5
10750,1029,1,1,1
10751,1029,1,1,1
10752,1029,1,1,1
10753,1030,1,1,1
10754,1030,3,1,1
10755,1030,12,2,5
10756,1030,1,1,1
10757,1030,1,1,1
10758,1031,1,1,1
10759,1031,1,2,5
10760,1031,1,2,5
10761,1031,1,1,1
10762,1031,1,1,1
10763,1031,1,2,5
10764,1032,5,1,1
10765,1032,5,1,1
10766,1032,1,2,5
10767,1032,1,1,1
10768,1032,2,2,5
10769,1032,1,2,5
10770,1032,1,2,5
10771,1032,1,1,1
10772,1032,1,2,5
10773,1033,1,2,5
10774,1033,1,3,5
10775,1033,3,1,1
10776,1033,1,1,1
10777,1033,2,1,1
10778,1034,1,1,1
10779,1034,1,1,1
10780,1034,1,1,1
10781,1034,2,2,5
10782,1035,15,1,1
10783,1035,1,1,1
10784,1035,1,1,1
10785,1035,15,1,1
10786,1036,2,2,5
10787,1036,1,1,1
10788,1036,1,1,1
10789,1036,1,1,1
10790,1036,1,2,5
10791,1036,1,10,10
10792,1036,4,1,1
10793,1036,1,1,1
10794,1036,1,1,1
10795,1036,1,2,5
10796,1037,1,1,1
10797,1037,2,2,5
10798,1037,12,2,5
10799,1038,1,1,1
10800,1038,4,1,1
10801,1038,1,2,5
10802,1038,1,1,1
10803,1039,1,1,1
10804,1039,1,1,1
10805,1039,1,10,10
10806,1039,1,2,5
10807,1039,3,2,5
10808,1039,1,2,5
10809,1039,1,10,10
10810,1039,1,2,5
10811,1039,1,1,1
10812,1039,1,2,5
10813,1039,5,1,1
10814,1040,1,2,5
10815,1040,1,1,1
10816,1040,2,3,5
10817,1040,1,1,1
10818,1040,1,1,1
10819,1040,1,2,5
10820,1040,1,1,1
10821,1040,1,1,1
10822,1040,1,2,1
10823,1040,1,2,5
10824,1040,1,1,1
10825,1040,1,3,5
10826,1040,1,1,1
10827,1041,5,2,5
10828,1042,1,2,5
10829,1042,1,1,1
10830,1042,1,1,1
10831,1042,2,2,5
10832,1042,15,2,5
10833,1042,15,1,1
10834,1042,1,1,1
10835,1042,1,1,1
10836,1042,1,1,1
10837,1042,1,1,1
10838,1042,1,1,1
10839,1042,1,2,5
10840,1042,1,1,1
10841,1043,1,10,10
10842,1043,1,1,1
10843,1043,1,10,10
10844,1043,1,2,5
10845,1044,1,2,5
10846,1044,15,1,1
10847,1044,1,2,5
10848,1044,1,2,5
10849,1044,9,3,5
10850,1044,1,2,5
10851,1044,4,3,5
10852,1044,1,1,1
10853,1045,1,2,5
10854,1045,2,3,5
10855,1045,1,1,1
10856,1045,2,3,5
10857,1045,1,2,5
10858,1045,1,2,5
10859,1045,1,1,1
10860,1045,1,1,1
10861,1045,15,1,1
10862,1045,1,2,1
10863,1045,1,2,5
10864,1046,5,2,5
10865,1046,8,1,1
10866,1046,1,1,1
10867,1046,1,2,5
10868,1046,2,1,1
10869,1046,1,2,5
10870,1046,1,2,5
10871,1046,2,2,5
10872,1046,1,1,1
10873,1046,1,3,5
10874,1046,1,2,5
10875,1047,12,1,1
10876,1047,1,1,1
10877,1047,2,3,5
10878,1047,1,2,5
10879,1047,1,1,1
10880,1047,1,2,5
10881,1047,1,2,5
10882,1047,1,2,1
10883,1048,4,2,5
10884,1048,1,2,5
10885,1048,1,1,1
10886,1048,2,2,5
10887,1048,1,1,1
10888,1048,1,2,5
10889,1048,15,1,1
10890,1048,1,2,5
10891,1048,1,2,5
10892,1049,1,2,5
10893,1049,1,2,5
10894,1049,1,2,5
10895,1050,1,2,5
10896,1050,1,1,1
10897,1050,1,2,5
10898,1051,1,2,5
10899,1051,1,1,1
10900,1051,1,1,1
10901,1051,1,2,1
10902,1052,13,1,1
10903,1053,2,2,5
10904,1053,5,1,1
10905,1053,13,1,1
10906,1053,1,1,1
10907,1053,1,2,5
10908,1053,1,2,5
10909,1053,9,1,1
10910,1053,1,1,1
10911,1054,1,1,1
10912,1054,1,1,1
10913,1054,1,2,5
10914,1054,1,2,5
10915,1054,1,1,1
10916,1054,1,1,1
10917,1054,1,2,5
10918,1055,1,1,1
10919,1055,4,1,1
10920,1056,1,2,5
10921,1056,1,2,5
10922,1056,5,1,1
10923,1056,1,2,5
10924,1056,1,2,5
10925,1056,1,1,1
10926,1057,15,3,5
10927,1057,1,10,10
10928,1057,1,2,5
10929,1057,1,10,10
10930,1057,15,1,1
10931,1057,1,1,1
10932,1058,1,1,1
10933,1058,1,2,5
10934,1059,1,1,1
10935,1059,1,1,1
10936,1059,1,2,5
10937,1059,1,1,1
10938,1059,1,1,1
10939,1059,1,1,1
10940,1059,2,2,5
10941,1060,1,2,5
10942,1060,1,2,5
10943,1060,11,1,1
10944,1060,1,1,1
10945,1060,12,1,1
10946,1060,1,2,5
10947,1060,1,2,5
10948,1060,4,1,1
10949,1061,3,1,1
10950,1061,1,2,5
10951,1061,1,2,5
10952,1062,1,1,1
10953,1062,10,1,1
10954,1062,1,1,1
10955,1062,12,1,1
10956,1062,1,2,5
10957,1062,1,1,1
10958,1062,1,1,1
10959,1063,1,1,1
10960,1063,1,2,5
10961,1063,1,10,10
10962,1063,1,2,5
10963,1063,3,1,1
10964,1063,1,2,1
10965,1064,1,2,5
10966,1064,4,2,5
10967,1064,1,1,1
10968,1064,1,1,1
10969,1064,15,2,5
10970,1065,1,3,5
10971,1065,1,2,5
10972,1065,1,2,5
10973,1065,2,2,5
10974,1065,4,1,1
10975,1065,1,1,1
10976,1066,1,2,5
10977,1066,1,10,10
10978,1066,1,2,5
10979,1067,1,2,5
10980,1067,1,2,1
10981,1067,5,1,1
10982,1067,5,1,1
10983,1067,1,1,1
10984,1068,1,1,1
10985,1068,1,2,5
10986,1068,7,1,1
10987,1068,1,2,5
10988,1068,1,2,5
10989,1068,5,1,1
10990,1068,1,2,5
10991,1068,1,2,5
10992,1068,1,1,1
10993,1068,1,1,1
10994,1069,10,1,1
10995,1069,1,3,5
10996,1069,2,3,5
10997,1069,1,2,5
10998,1069,2,3,5
10999,1069,1,1,1
11000,1069,1,2,5
11001,1069,1,3,5
11002,1069,2,3,5
11003,1069,1,3,5
11004,1070,4,1,1
11005,1070,15,2,5
11006,1070,1,3,5
11007,1070,3,2,5
11008,1070,1,2,1
11009,1070,1,2,5
11010,1070,1,1,1
11011,1070,1,2,5
11012,1070,1,1,1
11013,1071,1,1,1
11014,1071,1,1,1
11015,1071,9,1,1
11016,1071,1,2,5
11017,1071,2,1,1
11018,1071,3,2,5
11019,1071,1,2,1
11020,1072,1,2,5
11021,1072,1,2,5
11022,1072,1,2,5
11023,1072,1,2,5
11024,1073,1,2,5
11025,1073,1,1,1
11026,1073,2,2,5
11027,1073,1,1,1
11028,1073,1,1,1
11029,1073,4,1,1
11030,1073,1,1,1
11031,1073,4,1,1
11032,1073,6,1,1
11033,1073,1,2,5
11034,1073,1,2,5
11035,1074,1,1,1
11036,1074,1,10,10
11037,1074,1,2,5
11038,1074,1,2,5
11039,1074,1,2,5
11040,1074,1,2,5
11041,1074,1,2,5
11042,1075,1,2,5
11043,1075,15,1,1
11044,1075,4,1,1
11045,1075,3,1,1
11046,1075,1,2,5
11047,1076,1,1,1
11048,1076,1,1,1
11049,1076,1,1,1
11050,1076,1,1,1
11051,1076,1,2,5
11052,1076,1,1,1
11053,1076,1,10,10
11054,1076,1,1,1
11055,1076,1,2,5
11056,1076,2,1,1
11057,1076,1,2,5
11058,1076,1,3,5
11059,1076,1,2,5
11060,1077,1,1,1
11061,1077,1,2,5
11062,1077,1,2,5
11063,1077,1,1,1
11064,1077,1,1,1
11065,1077,1,2,1
11066,1077,15,1,1
11067,1077,1,1,1
11068,1077,1,2,5
11069,1077,1,1,1
11070,1078,15,1,1
11071,1078,1,2,5
11072,1078,1,2,5
11073,1078,1,1,1
11074,1078,1,1,1
11075,1078,1,2,5
11076,1078,1,1,1
11077,1078,1,1,1
11078,1078,1,1,1
11079,1079,1,2,5
11080,1079,1,1,1
11081,1079,2,1,1
11082,1079,1,2,5
11083,1079,1,2,5
11084,1079,1,1,1
11085,1079,1,2,5
11086,1079,1,1,1
11087,1079,15,1,1
11088,1080,1,2,5
11089,1080,2,1,1
11090,1080,15,1,1
11091,1080,1,2,5
11092,1080,15,1,1
11093,1080,15,1,1
11094,1080,1,1,1
11095,1080,1,1,1
11096,1080,1,1,1
11097,1080,1,1,1
11098,1080,1,2,5
11099,1080,3,2,5
11100,1081,15,1,1
11101,1081,1,2,5
11102,1081,2,1,1
11103,1081,15,2,5
11104,1081,1,1,1
11105,1081,1,3,5
11106,1082,1,1,1
11107,1082,1,2,5
11108,1082,1,2,1
11109,1082,1,2,5
11110,1082,2,1,1
11111,1082,1,2,5
11112,1082,2,1,1
11113,1082,1,1,1
11114,1082,1,2,5
11115,1083,2,2,5
11116,1083,1,2,5
11117,1083,1,1,1
11118,1083,1,1,1
11119,1083,1,2,5
11120,1083,11,1,1
11121,1083,1,1,1
11122,1084,10,1,1
11123,1084,1,1,1
11124,1084,1,1,1
11125,1084,1,1,1
11126,1084,1,2,5
11127,1084,1,2,5
11128,1084,9,1,1
11129,1085,1,2,5
11130,1085,1,1,1
11131,1085,1,10,10
11132,1085,3,2,5
11133,1085,1,3,5
11134,1085,1,3,5
11135,1085,1,2,5
11136,1085,1,2,5
11137,1085,1,1,1
11138,1086,1,2,5
11139,1086,1,1,1
11140,1086,2,2,5
11141,1086,1,2,5
11142,1086,1,2,5
11143,1087,1,1,1
11144,1087,1,2,5
11145,1087,1,1,1
11146,1087,1,1,1
11147,1087,3,1,1
11148,1087,1,2,5
11149,1087,1,1,1
11150,1088,1,3,5
11151,1089,1,1,1
11152,1089,1,2,5
11153,1089,1,2,5
11154,1089,1,1,1
11155,1089,1,1,1
11156,1089,1,2,5
11157,1090,1,1,1
11158,1090,1,1,1
11159,1090,1,2,5
11160,1090,1,1,1
11161,1090,1,1,1
11162,1090,1,2,5
11163,1090,1,3,5
11164,1091,1,1,1
11165,1091,1,2,5
11166,1091,1,2,1
11167,1091,1,1,1
11168,1091,1,1,1
11169,1091,1,2,5
11170,1091,1,1,1
11171,1091,1,1,1
11172,1091,1,1,1
11173,1092,2,3,5
11174,1092,1,2,5
11175,1092,2,3,5
11176,1092,8,3,5
11177,1092,1,2,5
11178,1092,1,2,5
11179,1092,1,2,5
11180,1092,1,1,1
11181,1092,2,2,1
11182,1092,1,3,5
11183,1092,1,1,1
11184,1092,1,1,1
11185,1093,1,2,5
11186,1093,2,1,1
11187,1093,1,1,1
11188,1093,1,1,1
11189,1093,1,10,10
11190,1094,1,1,1
11191,1094,1,2,5
11192,1094,1,1,1
11193,1094,15,2,5
11194,1095,1,2,5
11195,1095,15,1,1
11196,1095,1,2,1
11197,1095,1,1,1
11198,1095,1,1,1
11199,1095,1,2,5
11200,1095,1,2,5
11201,1095,1,1,1
11202,1095,1,1,1
11203,1096,1,2,5
11204,1096,1,2,5
11205,1096,1,2,5
11206,1096,1,2,5
11207,1096,1,1,1
11208,1096,15,10,10
11209,1097,1,2,5
11210,1097,1,1,1
11211,1097,1,2,1
11212,1097,1,2,5
11213,1097,1,2,5
11214,1097,1,2,5
11215,1098,1,1,1
11216,1098,1,1,1
11217,1098,1,1,1
11218,1098,1,1,1
11219,1098,15,1,1
11220,1098,1,2,5
11221,1099,3,1,1
11222,1099,3,2,5
11223,1099,1,2,5
11224,1099,1,1,1
11225,1100,1,1,1
11226,1100,1,10,10
11227,1101,1,2,5
11228,1101,1,1,1
11229,1101,1,1,1
11230,1101,1,1,1
11231,1101,1,1,1
11232,1101,1,1,1
11233,1101,7,1,1
11234,1101,2,2,5
11235,1101,1,2,5
11236,1101,1,2,5
11237,1101,15,2,5
11238,1101,1,10,10
11239,1101,3,3,5
11240,1101,1,10,10
11241,1101,1,2,5
11242,1101,3,3,5
11243,1101,1,2,1
11244,1101,1,2,5
11245,1101,2,1,1
11246,1101,3,3,5
11247,1101,1,2,5
11248,1101,1,2,5
11249,1102,2,1,1
11250,1102,1,2,5
11251,1102,14,1,1
11252,1102,1,2,5
11253,1102,1,2,5
11254,1103,14,1,1
11255,1103,1,1,1
11256,1103,1,1,1
11257,1103,1,2,5
11258,1103,1,2,5
11259,1103,1,2,5
11260,1103,1,1,1
11261,1103,1,1,1
11262,1104,1,1,1
11263,1104,1,1,1
11264,1104,15,2,1
11265,1104,1,2,5
11266,1104,1,2,5
11267,1104,1,2,1
11268,1104,1,1,1
11269,1104,1,10,10
11270,1104,1,2,5
11271,1104,12,2,5
11272,1104,15,2,5
11273,1105,4,2,5
11274,1105,1,2,5
11275,1105,1,2,5
11276,1105,1,1,1
11277,1105,1,2,5
11278,1105,1,1,1
11279,1105,1,10,10
11280,1106,1,10,10
11281,1106,1,1,1
11282,1106,14,1,1
11283,1106,1,2,5
11284,1106,2,1,1
11285,1106,1,1,1
11286,1106,15,1,1
11287,1106,1,2,5
11288,1106,1,1,1
11289,1106,1,1,1
11290,1106,1,1,1
11291,1106,1,1,1
11292,1106,1,1,1
11293,1106,1,1,1
11294,1107,1,1,1
11295,1107,1,2,5
11296,1107,5,1,1
11297,1107,1,1,1
11298,1108,12,1,1
11299,1108,1,1,1
11300,1108,15,1,1
11301,1108,15,1,1
11302,1108,1,1,1
11303,1108,1,2,1
11304,1108,1,3,5
11305,1108,1,2,1
11306,1108,1,2,5
11307,1108,1,1,1
11308,1108,1,1,1
11309,1108,2,3,5
11310,1108,1,2,1
11311,1109,1,2,5
11312,1109,1,1,1
11313,1109,1,1,1
11314,1109,5,1,1
11315,1109,1,1,1
11316,1110,1,2,5
11317,1110,1,1,1
11318,1110,8,2,5
11319,1110,15,1,1
11320,1110,11,2,1
11321,1110,13,1,1
11322,1110,1,1,1
11323,1111,1,1,1
11324,1111,1,2,5
11325,1111,1,1,1
11326,1111,1,10,10
11327,1111,1,1,1
11328,1111,3,1,1
11329,1111,2,1,1
11330,1111,1,2,5
11331,1112,1,2,5
11332,1112,1,1,1
11333,1112,1,1,1
11334,1112,1,2,5
11335,1112,13,1,1
11336,1112,1,1,1
11337,1112,1,1,1
11338,1112,1,1,1
11339,1112,2,2,5
11340,1112,5,2,5
11341,1112,15,2,5
11342,1112,1,1,1
11343,1113,1,2,5
11344,1113,2,1,1
11345,1113,2,1,1
11346,1113,1,1,1
11347,1114,1,1,1
11348,1114,1,1,1
11349,1114,1,1,1
11350,1114,1,1,1
11351,1114,1,2,5
11352,1114,15,1,1
11353,1114,1,2,5
11354,1114,1,10,10
11355,1114,1,2,5
11356,1115,1,2,5
11357,1115,12,2,5
11358,1116,1,2,5
11359,1116,1,3,5
11360,1116,15,1,1
11361,1116,1,1,1
11362,1116,1,1,1
11363,1116,1,2,5
11364,1117,15,2,5
11365,1117,1,2,5
11366,1117,1,2,5
11367,1117,1,1,1
11368,1117,1,2,1
11369,1117,1,1,1
11370,1117,2,3,5
11371,1117,1,2,5
11372,1117,2,3,5
11373,1117,1,1,1
11374,1117,1,1,1
11375,1117,1,1,1
11376,1118,4,1,1
11377,1118,1,1,1
11378,1118,1,2,5
11379,1118,4,1,1
11380,1118,1,1,1
11381,1118,1,2,5
11382,1118,1,10,10
11383,1118,1,1,1
11384,1118,1,1,1
11385,1118,15,1,1
11386,1119,1,1,1
11387,1119,1,1,1
11388,1119,1,1,1
11389,1119,1,1,1
11390,1119,1,1,1
11391,1119,15,2,5
11392,1120,1,2,5
11393,1120,1,2,5
11394,1120,1,1,1
11395,1120,1,1,1
11396,1120,1,1,1
11397,1120,1,1,1
11398,1120,1,1,1
11399,1121,8,1,1
11400,1121,1,2,1
11401,1121,6,1,1
11402,1121,1,2,1
11403,1121,1,1,1
11404,1121,1,10,10
11405,1121,1,2,5
11406,1122,1,2,5
11407,1122,1,2,5
11408,1122,3,2,5
11409,1122,1,2,5
11410,1122,1,2,5
11411,1122,1,2,5
11412,1122,7,1,1
11413,1122,15,1,1
11414,1122,1,2,5
11415,1122,7,1,1
11416,1122,1,2,5
11417,1122,1,2,5
11418,1122,1,2,5
11419,1122,1,2,5
11420,1123,1,2,5
11421,1123,1,1,1
11422,1123,8,3,5
11423,1123,1,1,1
11424,1123,1,1,1
11425,1123,1,1,1
11426,1123,1,2,5
11427,1123,1,2,5
11428,1123,1,1,1
11429,1123,6,2,5
11430,1123,1,2,5
11431,1124,3,1,1
11432,1124,1,2,5
11433,1124,1,2,1
11434,1124,1,2,5
11435,1124,2,2,5
11436,1124,2,2,5
11437,1124,1,1,1
11438,1124,1,1,1
11439,1124,15,2,5
11440,1124,1,1,1
11441,1125,1,2,5
11442,1125,1,1,1
11443,1125,1,2,5
11444,1125,1,2,5
11445,1125,1,1,1
11446,1125,1,2,5
11447,1125,1,1,1
11448,1126,1,1,1
11449,1126,3,1,1
11450,1126,1,2,5
11451,1126,1,2,5
11452,1126,1,1,1
11453,1126,6,1,1
11454,1126,6,1,1
11455,1126,1,2,5
11456,1126,15,1,1
11457,1127,1,1,1
11458,1127,1,2,5
11459,1127,1,2,5
11460,1127,15,2,5
11461,1127,2,2,5
11462,1128,9,2,1
11463,1128,8,1,1
11464,1128,1,2,5
11465,1128,1,2,5
11466,1128,15,1,1
11467,1128,1,2,5
11468,1128,1,1,1
11469,1129,1,3,5
11470,1129,1,3,5
11471,1129,1,2,5
11472,1129,7,1,1
11473,1129,1,2,5
11474,1129,1,1,1
11475,1129,1,2,5
11476,1129,1,3,5
11477,1129,1,3,5
11478,1129,15,2,5
11479,1130,1,1,1
11480,1130,1,2,5
11481,1130,1,3,5
11482,1130,2,3,5
11483,1130,1,2,5
11484,1130,1,2,5
11485,1130,1,1,1
11486,1130,1,2,5
11487,1130,1,1,1
11488,1130,1,2,1
11489,1130,1,1,1
11490,1130,1,2,5
11491,1131,1,2,5
11492,1131,1,10,10
11493,1131,1,2,5
11494,1131,4,1,1
11495,1132,9,1,1
11496,1132,1,10,10
11497,1132,1,2,5
11498,1132,4,1,1
11499,1132,2,1,1
11500,1133,1,2,5
11501,1133,3,1,1
11502,1133,7,1,1
11503,1133,1,2,5
11504,1133,1,1,1
11505,1133,15,2,5
11506,1134,4,1,1
11507,1134,15,2,5
11508,1134,1,1,1
11509,1134,1,10,10
11510,1134,15,2,5
11511,1134,1,2,5
11512,1134,1,2,5
11513,1134,1,1,1
11514,1134,1,1,1
11515,1134,1,2,1
11516,1134,1,1,1
11517,1135,1,1,1
11518,1135,2,2,5
11519,1135,1,2,5
11520,1135,1,10,10
11521,1135,1,1,1
11522,1135,1,1,1
11523,1135,6,2,5
11524,1135,7,1,1
11525,1135,1,2,5
11526,1136,1,2,5
11527,1136,1,2,5
11528,1136,1,2,5
11529,1136,1,2,5
11530,1136,1,1,1
11531,1136,1,2,5
11532,1136,1,1,1
11533,1136,1,1,1
11534,1136,15,1,1
11535,1136,2,1,1
11536,1136,1,2,5
11537,1137,9,1,1
11538,1137,4,1,1
11539,1137,1,2,5
11540,1137,1,2,5
11541,1137,1,2,5
11542,1137,1,1,1
11543,1137,1,1,1
11544,1138,1,1,1
11545,1138,1,2,5
11546,1138,15,10,10
11547,1138,1,3,5
11548,1138,1,1,1
11549,1139,1,2,5
11550,1139,9,1,1
11551,1139,1,3,5
11552,1139,1,2,5
11553,1139,8,1,1
11554,1139,1,1,1
11555,1140,1,2,5
11556,1140,1,1,1
11557,1140,1,1,1
11558,1140,1,1,1
11559,1140,1,1,1
11560,1140,1,2,5
11561,1140,1,2,5
11562,1140,1,2,5
11563,1140,1,1,1
11564,1140,1,2,5
11565,1141,1,2,5
11566,1141,1,1,1
11567,1141,1,3,5
11568,1141,1,2,5
11569,1141,1,2,5
11570,1141,1,2,5
11571,1141,1,2,5
11572,1142,1,2,5
11573,1142,1,1,1
11574,1142,15,2,5
11575,1142,15,1,1
11576,1142,15,2,5
11577,1142,9,1,1
11578,1142,1,1,1
11579,1142,1,1,1
11580,1142,1,3,5
11581,1142,1,2,5
11582,1142,1,2,5
11583,1143,1,2,5
11584,1143,1,2,5
11585,1143,1,1,1
11586,1143,1,1,1
11587,1143,15,2,5
11588,1143,1,2,5
11589,1143,1,1,1
11590,1144,1,2,5
11591,1144,1,2,5
11592,1144,1,2,5
11593,1144,1,1,1
11594,1144,1,1,1
11595,1144,1,2,5
11596,1145,8,2,5
11597,1145,1,2,5
11598,1145,1,1,1
11599,1145,1,1,1
11600,1145,1,1,1
11601,1145,3,2,5
11602,1145,1,2,5
11603,1145,1,1,1
11604,1145,15,1,1
11605,1145,1,1,1
11606,1145,1,1,1
11607,1145,1,2,5
11608,1145,1,2,5
11609,1146,1,1,1
11610,1146,1,2,1
11611,1146,2,2,5
11612,1146,1,10,10
11613,1146,1,2,5
11614,1146,12,3,5
11615,1146,15,1,1
11616,1147,1,2,5
11617,1147,15,1,1
11618,1147,1,1,1
11619,1147,1,1,1
11620,1147,13,1,1
11621,1147,1,2,5
11622,1148,15,1,1
11623,1148,1,1,1
11624,1148,1,10,10
11625,1148,1,2,5
11626,1148,2,1,1
11627,1148,1,2,5
11628,1148,15,2,5
11629,1148,15,2,5
11630,1148,1,1,1
11631,1148,1,1,1
11632,1149,2,2,5
11633,1149,1,2,5
11634,1149,1,1,1
11635,1149,2,3,5
11636,1149,1,2,5
11637,1149,3,1,1
11638,1149,1,2,1
11639,1149,1,1,1
11640,1149,3,2,5
11641,1149,15,1,1
11642,1149,1,1,1
11643,1150,1,1,1
11644,1150,1,2,5
11645,1150,1,1,1
11646,1150,8,1,1
11647,1150,8,1,1
11648,1151,9,1,1
11649,1151,1,2,5
11650,1151,1,1,1
11651,1151,15,1,1
11652,1151,1,1,1
11653,1151,1,1,1
11654,1151,1,1,1
11655,1151,1,1,1
11656,1151,1,1,1
11657,1151,1,1,1
11658,1151,1,1,1
11659,1151,1,2,5
11660,1151,1,1,1
11661,1151,1,1,1
11662,1151,1,2,5
11663,1151,15,2,5
11664,1152,1,1,1
11665,1152,1,2,5
11666,1152,4,1,1
11667,1152,4,1,1
11668,1152,1,2,1
11669,1153,1,2,5
11670,1153,1,1,1
11671,1153,1,1,1
11672,1153,1,1,1
11673,1153,1,1,1
11674,1154,15,1,1
11675,1154,1,1,1
11676,1154,1,1,1
11677,1155,1,1,1
11678,1155,1,2,5
11679,1155,1,2,5
11680,1155,1,2,5
11681,1155,1,2,5
11682,1155,1,10,10
11683,1155,1,10,10
11684,1155,15,3,5
11685,1156,1,2,5
11686,1156,15,1,1
11687,1156,1,2,5
11688,1156,1,2,1
11689,1156,1,2,5
11690,1156,1,2,5
11691,1156,1,1,1
11692,1156,1,2,5
11693,1156,1,2,5
11694,1156,1,1,1
11695,1156,1,2,1
11696,1156,1,1,1
11697,1156,1,1,1
11698,1157,1,1,1
11699,1157,1,10,10
11700,1157,1,2,5
11701,1157,1,2,1
11702,1157,1,2,5
11703,1157,1,10,10
11704,1157,1,1,1
11705,1157,1,2,5
11706,1157,1,1,1
11707,1157,14,1,1
11708,1157,3,2,5
11709,1157,1,2,5
11710,1157,15,2,5
11711,1157,1,2,5
11712,1157,1,10,10
11713,1157,1,2,5
11714,1158,1,1,1
11715,1158,1,1,1
11716,1158,1,1,1
11717,1158,1,1,1
11718,1158,1,1,1
11719,1158,1,10,10
11720,1158,1,1,1
11721,1158,1,1,1
11722,1158,1,1,1
11723,1158,1,1,1
11724,1158,3,2,5
11725,1159,1,1,1
11726,1159,3,1,1
11727,1159,11,10,10
11728,1159,1,2,5
11729,1159,1,1,1
11730,1159,1,1,1
11731,1159,1,2,5
11732,1159,1,1,1
11733,1159,1,2,5
11734,1159,1,2,5
11735,1160,12,1,1
11736,1160,1,1,1
11737,1160,1,2,5
11738,1160,1,10,10
11739,1160,1,1,1
11740,1160,1,3,5
11741,1161,1,10,10
11742,1161,1,2,5
11743,1161,1,1,1
11744,1161,2,2,5
11745,1161,1,1,1
11746,1161,1,2,5
11747,1161,1,1,1
11748,1162,1,3,5
11749,1162,1,1,1
11750,1162,1,1,1
11751,1162,1,1,1
11752,1162,1,1,1
11753,1162,1,1,1
11754,1162,1,1,1
11755,1162,1,2,1
11756,1162,1,1,1
11757,1162,1,1,1
11758,1162,11,10,10
11759,1162,1,2,5
11760,1162,1,1,1
11761,1163,12,3,5
11762,1163,12,3,5
11763,1163,15,2,1
11764,1163,10,10,10
11765,1163,13,3,5
11766,1163,1,2,5
11767,1163,1,1,1
11768,1163,1,3,5
11769,1163,12,3,5
11770,1163,4,3,5
11771,1163,3,3,5
11772,1163,3,3,5
11773,1163,1,1,1
11774,1163,1,3,5
11775,1164,1,1,1
11776,1164,1,1,1
11777,1164,3,3,5
11778,1164,1,1,1
11779,1164,2,1,1
11780,1164,1,1,1
11781,1164,1,1,1
11782,1164,15,2,5
11783,1164,15,1,1
11784,1164,1,1,1
11785,1165,2,10,10
11786,1165,1,2,5
11787,1165,1,1,1
11788,1165,1,2,5
11789,1165,5,3,5
11790,1165,1,10,10
11791,1165,15,3,5
11792,1165,2,3,5
11793,1165,3,10,10
11794,1165,1,2,5
11795,1165,1,2,5
11796,1165,8,10,10
11797,1165,8,1,1
11798,1165,1,2,5
11799,1165,1,10,10
11800,1166,1,1,1
11801,1166,1,1,1
11802,1166,15,1,1
11803,1167,1,3,5
11804,1167,1,2,5
11805,1167,1,2,5
11806,1167,1,3,5
11807,1167,1,1,1
11808,1167,1,2,5
11809,1167,1,2,5
11810,1167,1,10,10
11811,1167,1,1,1
11812,1167,1,1,1
11813,1167,1,1,1
11814,1167,1,1,1
11815,1167,1,1,1
11816,1167,1,3,5
11817,1167,1,2,5
11818,1167,1,1,1
11819,1168,1,3,5
11820,1168,1,1,1
11821,1168,1,2,1
11822,1168,1,1,1
11823,1168,15,1,1
11824,1168,1,2,5
11825,1168,15,1,1
11826,1168,15,1,1
11827,1168,15,1,1
11828,1168,1,1,1
11829,1168,1,1,1
11830,1168,1,2,1
11831,1168,15,2,5
11832,1169,15,2,5
11833,1169,1,2,5
11834,1169,1,2,5
11835,1169,15,2,5
11836,1169,15,1,1
11837,1169,2,1,1
11838,1169,1,1,1
11839,1169,6,1,1
11840,1169,1,1,1
11841,1169,1,1,1
11842,1170,1,1,1
11843,1170,1,1,1
11844,1170,6,10,10
11845,1170,1,2,5
11846,1170,3,1,1
11847,1170,15,1,1
11848,1170,1,1,1
11849,1170,1,1,1
11850,1170,1,1,1
11851,1170,1,2,5
11852,1170,15,1,1
11853,1170,1,3,5
11854,1171,15,1,1
11855,1171,6,3,5
11856,1171,1,1,1
11857,1171,1,10,10
11858,1171,1,1,1
11859,1171,6,3,5
11860,1172,1,1,1
11861,1172,4,2,1
11862,1172,1,3,5
11863,1172,1,3,5
11864,1172,6,1,1
11865,1173,1,2,5
11866,1173,1,1,1
11867,1173,1,2,5
11868,1173,1,1,1
11869,1173,15,1,1
11870,1174,1,10,10
11871,1174,4,3,5
11872,1174,15,2,5
11873,1174,12,2,1
11874,1174,1,1,1
11875,1174,2,2,5
11876,1174,1,1,1
11877,1175,5,2,5
11878,1175,1,1,1
11879,1175,1,1,1
11880,1175,1,1,1
11881,1175,1,1,1
11882,1175,1,1,1
11883,1176,15,2,5
11884,1176,1,1,1
11885,1176,1,1,1
11886,1176,11,1,1
11887,1176,1,1,1
11888,1176,1,2,5
11889,1176,2,2,5
11890,1176,1,2,5
11891,1177,3,3,5
11892,1177,1,2,5
11893,1177,15,2,5
11894,1177,1,1,1
11895,1177,15,2,5
11896,1177,1,1,1
11897,1177,1,1,1
11898,1177,1,1,1
11899,1177,15,2,1
11900,1178,7,1,1
11901,1178,1,1,1
11902,1178,1,1,1
11903,1178,15,1,1
11904,1178,2,1,1
11905,1179,1,2,5
11906,1179,1,1,1
11907,1179,1,2,5
11908,1179,1,1,1
11909,1179,15,1,1
11910,1179,1,2,5
11911,1179,1,1,1
11912,1179,1,1,1
11913,1179,1,1,1
11914,1179,3,10,10
11915,1179,2,1,1
11916,1179,15,1,1
11917,1179,1,1,1
11918,1179,1,1,1
11919,1180,2,1,1
11920,1180,1,1,1
11921,1180,1,2,5
11922,1180,1,1,1
11923,1180,1,2,5
11924,1180,15,2,5
11925,1180,1,1,1
11926,1180,1,1,1
11927,1180,1,2,5
11928,1180,1,2,1
11929,1180,1,1,1
11930,1180,1,1,1
11931,1180,1,1,1
11932,1180,15,2,5
11933,1180,2,1,1
11934,1180,1,2,5
11935,1181,1,2,5
11936,1181,1,2,5
11937,1181,1,1,1
11938,1181,6,1,1
11939,1181,15,2,5
11940,1181,1,1,1
11941,1181,1,1,1
11942,1181,2,1,1
11943,1181,3,3,5
11944,1181,1,1,1
11945,1182,1,2,5
11946,1182,7,3,5
11947,1182,1,2,5
11948,1182,2,2,5
11949,1182,6,10,10
11950,1182,3,10,10
11951,1182,1,2,5
11952,1182,1,1,1
11953,1182,1,10,10
11954,1182,1,10,10
11955,1182,1,2,5
11956,1182,1,1,1
11957,1182,15,10,10
11958,1182,1,3,5
11959,1182,2,2,1
11960,1182,1,10,10
11961,1183,1,1,1
11962,1183,1,1,1
11963,1183,1,1,1
11964,1183,1,3,5
11965,1183,10,1,1
11966,1183,4,1,1
11967,1183,15,1,1
11968,1183,2,1,1
11969,1183,7,1,1
11970,1183,15,3,5
11971,1183,1,1,1
11972,1183,9,1,1
11973,1183,1,2,5
11974,1183,1,2,5
11975,1183,4,3,5
11976,1184,1,1,1
11977,1184,1,2,5
11978,1184,1,3,5
11979,1184,1,1,1
11980,1184,1,1,1
11981,1184,1,2,5
11982,1184,1,1,1
11983,1184,1,1,1
11984,1184,1,2,5
11985,1185,1,2,5
11986,1185,2,1,1
11987,1185,1,1,1
11988,1185,1,1,1
11989,1185,1,2,5
11990,1185,1,1,1
11991,1185,1,1,1
11992,1185,2,1,1
11993,1185,1,10,10
11994,1185,1,1,1
11995,1185,1,1,1
11996,1186,1,1,1
11997,1186,1,2,5
11998,1186,1,3,5
11999,1186,1,2,5
12000,1186,1,2,5
12001,1186,1,1,1
12002,1186,1,10,10
12003,1186,1,1,1
12004,1186,1,1,1
12005,1186,1,2,5
12006,1186,3,1,1
12007,1187,1,1,1
12008,1187,1,1,1
12009,1187,1,1,1
12010,1187,1,2,5
12011,1187,1,1,1
12012,1187,1,3,5
12013,1187,1,2,5
12014,1187,1,1,1
12015,1187,1,2,5
12016,1188,1,2,5
12017,1188,15,1,1
12018,1189,1,2,5
12019,1189,1,2,5
12020,1189,11,1,1
12021,1189,1,1,1
12022,1189,1,1,1
12023,1189,4,1,1
12024,1189,1,1,1
12025,1190,1,2,5
12026,1190,1,2,5
12027,1190,1,1,1
12028,1190,2,2,5
12029,1190,1,10,10
12030,1190,3,1,1
12031,1190,1,1,1
12032,1190,15,1,1
12033,1190,4,1,1
12034,1190,1,2,5
12035,1190,8,1,1
12036,1190,1,2,1
12037,1191,1,2,5
12038,1191,8,1,1
12039,1191,1,2,1
12040,1191,1,1,1
12041,1191,2,2,5
12042,1191,10,1,1
12043,1191,1,1,1
12044,1191,1,2,5
12045,1191,2,1,1
12046,1191,4,1,1
12047,1191,1,1,1
12048,1191,8,1,1
12049,1192,1,2,5
12050,1192,4,2,5
12051,1192,5,2,5
12052,1192,2,2,5
12053,1193,1,2,1
12054,1193,15,1,1
12055,1193,3,3,5
12056,1193,1,1,1
12057,1193,15,1,1
12058,1193,1,1,1
12059,1193,15,2,5
12060,1193,1,1,1
12061,1193,1,2,5
12062,1193,1,2,5
12063,1193,1,2,5
12064,1193,1,1,1
12065,1193,2,10,10
12066,1193,1,1,1
12067,1193,1,2,5
12068,1193,1,1,1
12069,1193,2,10,10
12070,1193,1,1,1
12071,1193,1,1,1
12072,1193,2,10,10
12073,1193,1,1,1
12074,1193,1,1,1
12075,1193,2,10,10
12076,1193,1,2,5
12077,1194,1,1,1
12078,1194,1,1,1
12079,1194,1,2,5
12080,1194,2,1,1
12081,1195,15,1,1
12082,1195,1,1,1
12083,1195,1,1,1
12084,1195,1,1,1
12085,1195,1,2,5
12086,1195,15,10,10
12087,1195,1,1,1
12088,1195,4,2,5
12089,1195,1,1,1
12090,1195,11,1,1
12091,1195,2,1,1
12092,1195,7,1,1
12093,1195,3,1,1
12094,1195,1,1,1
12095,1195,1,1,1
12096,1196,15,1,1
12097,1196,1,2,5
12098,1196,1,2,5
12099,1196,1,1,1
12100,1196,3,1,1
12101,1196,1,1,1
12102,1196,1,1,1
12103,1196,5,1,1
12104,1196,1,1,1
12105,1196,1,2,5
12106,1196,1,2,5
12107,1196,4,1,1
12108,1197,1,10,10
12109,1197,4,1,1
12110,1197,1,1,1
12111,1197,15,1,1
12112,1198,1,1,1
12113,1198,15,2,5
12114,1198,1,1,1
12115,1198,1,3,5
12116,1198,2,3,5
12117,1198,2,1,1
12118,1198,1,2,5
12119,1198,1,1,1
12120,1198,3,1,1
12121,1199,1,1,1
12122,1199,15,2,1
12123,1199,15,2,5
12124,1199,3,1,1
12125,1199,1,1,1
12126,1199,1,2,5
12127,1199,15,2,5
12128,1199,15,2,5
12129,1199,1,2,5
12130,1199,2,2,5
12131,1199,1,1,1
12132,1199,1,1,1
12133,1199,15,2,5
12134,1199,1,1,1
12135,1199,15,1,1
12136,1199,1,1,1
12137,1200,1,1,1
12138,1200,2,1,1
12139,1200,1,1,1
12140,1200,1,10,10
12141,1200,1,1,1
12142,1200,3,1,1
12143,1200,6,1,1
12144,1200,6,1,1
12145,1200,1,2,5
12146,1200,15,2,5
12147,1200,1,1,1
12148,1200,1,10,10
12149,1201,1,1,1
12150,1201,1,1,1
12151,1201,1,1,1
12152,1201,5,1,1
12153,1201,1,1,1
12154,1201,1,1,1
12155,1201,5,1,1
12156,1201,1,1,1
12157,1201,15,2,5
12158,1201,15,3,5
12159,1202,1,2,5
12160,1202,15,1,1
12161,1202,15,1,1
12162,1202,1,1,1
12163,1202,1,1,1
12164,1202,15,2,5
12165,1202,8,1,1
12166,1202,1,2,5
12167,1202,5,1,1
12168,1202,6,2,5
12169,1202,1,1,1
12170,1202,1,2,5
12171,1202,1,2,5
12172,1203,1,2,5
12173,1203,3,2,1
12174,1203,1,2,5
12175,1203,1,1,1
12176,1203,1,1,1
12177,1203,3,1,1
12178,1203,2,2,5
12179,1203,15,2,5
12180,1203,1,10,10
12181,1203,2,2,5
12182,1203,1,1,1
12183,1204,1,1,1
12184,1204,1,1,1
12185,1204,1,2,1
12186,1204,1,1,1
12187,1204,1,1,1
12188,1204,1,1,1
12189,1204,1,2,5
12190,1205,1,1,1
12191,1205,1,1,1
12192,1205,5,3,10
12193,1205,2,1,1
12194,1206,9,2,1
12195,1206,2,1,1
12196,1206,7,2,1
12197,1206,1,1,1
12198,1206,1,1,1
12199,1206,1,1,1
12200,1206,1,1,1
12201,1206,1,1,1
12202,1207,5,2,1
12203,1207,1,1,1
12204,1207,1,2,1
12205,1207,1,1,1
12206,1207,1,2,1
12207,1207,8,1,1
12208,1207,1,10,10
12209,1208,8,1,1
12210,1208,1,1,1
12211,1208,1,3,5
12212,1208,15,1,1
12213,1208,1,1,1
12214,1209,1,10,10
12215,1209,1,1,1
12216,1209,1,2,1
12217,1210,1,10,10
12218,1210,1,1,1
12219,1210,15,1,1
12220,1210,1,10,10
12221,1211,1,1,1
12222,1211,2,1,1
12223,1211,15,1,1
12224,1211,1,1,1
12225,1211,1,1,1
12226,1211,1,2,5
12227,1211,1,2,5
12228,1211,1,1,1
12229,1211,1,1,1
12230,1211,14,1,1
12231,1211,1,2,5
12232,1211,2,1,1
12233,1212,1,1,1
12234,1212,1,1,1
12235,1212,1,1,1
12236,1212,15,1,1
12237,1212,1,1,1
12238,1212,1,1,1
12239,1212,2,1,1
12240,1212,1,2,5
12241,1212,15,2,5
12242,1213,1,1,1
12243,1213,15,1,1
12244,1213,1,1,1
12245,1213,15,1,1
12246,1213,15,1,1
12247,1213,1,1,1
12248,1213,1,2,5
12249,1214,6,2,1
12250,1214,15,1,1
12251,1214,1,1,1
12252,1214,1,1,1
12253,1215,1,1,1
12254,1215,2,1,1
12255,1215,12,1,1
12256,1215,1,1,1
12257,1215,2,1,1
12258,1215,2,1,1
12259,1215,1,2,5
12260,1215,3,2,5
12261,1215,1,1,1
12262,1216,15,1,1
12263,1216,1,10,10
12264,1216,1,1,1
12265,1216,10,1,1
12266,1216,1,1,1
12267,1216,1,1,1
12268,1217,1,1,1
12269,1217,1,1,1
12270,1217,1,1,1
12271,1217,9,1,1
12272,1217,15,2,1
12273,1217,1,2,5
12274,1218,1,1,1
12275,1218,1,1,1
12276,1218,1,1,1
12277,1218,1,1,1
12278,1218,1,1,1
12279,1218,1,2,5
12280,1218,1,1,1
12281,1218,4,1,1
12282,1218,1,1,1
12283,1218,15,2,1
12284,1218,1,1,1
12285,1218,1,1,1
12286,1218,1,1,1
12287,1219,6,1,1
12288,1219,1,1,1
12289,1219,1,1,1
12290,1219,1,2,5
12291,1219,1,1,1
12292,1219,1,1,1
12293,1219,15,2,1
12294,1220,12,1,1
12295,1220,1,2,1
12296,1220,5,1,1
12297,1220,15,3,10
12298,1221,1,2,1
12299,1221,3,1,1
12300,1221,15,2,5
12301,1221,1,1,1
12302,1221,1,1,1
12303,1222,1,3,5
12304,1222,1,3,5
12305,1222,1,3,5
12306,1222,1,2,5
12307,1222,1,3,5
12308,1223,15,2,5
12309,1223,1,3,5
12310,1223,8,1,1
12311,1223,1,3,5
12312,1223,1,1,1
12313,1223,1,10,10
12314,1224,1,1,1
12315,1224,1,1,1
12316,1224,1,10,10
12317,1224,1,1,1
12318,1224,1,1,1
12319,1224,1,1,1
12320,1224,3,2,5
12321,1224,1,1,1
12322,1224,1,1,1
12323,1224,1,1,1
12324,1225,1,3,5
12325,1225,1,3,5
12326,1225,1,1,1
12327,1225,1,3,5
12328,1225,1,2,5
12329,1225,1,1,1
12330,1225,15,1,1
12331,1226,15,1,1
12332,1226,14,1,1
12333,1226,1,1,1
12334,1226,1,1,1
12335,1226,2,2,5
12336,1226,1,1,1
12337,1226,1,1,1
12338,1226,1,1,1
12339,1226,1,1,1
12340,1226,1,1,1
12341,1226,1,10,10
12342,1227,1,2,5
12343,1227,15,2,1
12344,1227,15,2,5
12345,1227,1,1,1
12346,1227,15,1,1
12347,1227,15,2,1
12348,1227,15,2,1
12349,1228,1,1,1
12350,1228,1,2,1
12351,1228,3,1,1
12352,1228,3,2,5
12353,1228,1,2,1
12354,1228,1,1,1
12355,1228,1,2,1
12356,1228,1,1,1
12357,1228,1,1,1
12358,1228,1,1,1
12359,1228,2,2,5
12360,1229,1,1,1
12361,1229,1,1,1
12362,1229,1,1,1
12363,1229,1,1,1
12364,1229,1,1,1
12365,1229,1,1,1
12366,1229,1,1,1
12367,1229,1,1,1
12368,1229,1,1,1
12369,1230,1,2,5
12370,1230,1,2,1
12371,1230,15,1,1
12372,1231,15,2,5
12373,1231,1,1,1
12374,1231,1,1,1
12375,1231,1,1,1
12376,1231,1,3,5
12377,1231,1,1,1
12378,1231,1,1,1
12379,1232,1,1,1
12380,1232,1,1,1
12381,1232,1,10,10
12382,1232,9,10,10
12383,1232,15,3,5
12384,1232,1,2,1
12385,1232,1,1,1
12386,1232,3,2,5
12387,1232,1,1,1
12388,1232,1,1,1
12389,1232,1,1,1
12390,1232,15,1,1
12391,1233,1,1,1
12392,1233,2,1,1
12393,1233,1,1,1
12394,1233,1,1,1
12395,1233,15,1,1
12396,1233,1,1,1
12397,1233,1,1,1
12398,1234,2,3,5
12399,1234,1,1,1
12400,1234,5,2,5
12401,1235,1,1,1
12402,1235,7,10,10
12403,1235,2,2,1
12404,1235,2,3,5
12405,1235,1,2,5
12406,1235,1,1,1
12407,1235,7,1,1
12408,1235,15,1,1
12409,1236,15,1,1
12410,1236,1,2,5
12411,1236,1,2,1
12412,1236,11,3,5
12413,1236,1,1,1
12414,1237,1,1,1
12415,1237,15,2,5
12416,1237,1,1,1
12417,1238,1,1,1
12418,1238,12,2,5
12419,1238,12,2,5
12420,1238,4,3,5
12421,1238,1,1,1
12422,1238,1,1,1
12423,1238,1,2,5
12424,1238,1,1,1
12425,1238,7,3,5
12426,1238,15,1,1
12427,1238,8,3,5
12428,1238,15,3,5
12429,1239,7,1,1
12430,1239,8,3,5
12431,1239,1,2,5
12432,1239,1,1,1
12433,1239,1,1,1
12434,1240,1,1,1
12435,1240,1,2,5
12436,1240,1,1,1
12437,1240,1,1,1
12438,1240,15,1,1
12439,1240,1,1,1
12440,1240,6,2,5
12441,1240,2,1,1
12442,1240,1,2,5
12443,1240,12,2,5
12444,1241,1,1,1
12445,1241,1,1,1
12446,1241,1,2,5
12447,1241,1,1,1
12448,1241,1,2,1
12449,1241,1,3,5
12450,1241,1,2,5
12451,1242,3,3,5
12452,1242,6,3,5
12453,1242,1,1,1
12454,1242,2,2,1
12455,1242,1,2,5
12456,1242,1,1,1
12457,1242,6,1,1
12458,1242,1,1,1
12459,1242,1,2,5
12460,1243,1,2,5
12461,1243,1,2,5
12462,1243,1,1,1
12463,1243,1,1,1
12464,1243,5,2,5
12465,1243,1,1,1
12466,1243,1,10,10
12467,1243,2,3,5
12468,1243,1,2,5
12469,1244,15,2,5
12470,1244,1,1,1
12471,1244,1,1,1
12472,1244,1,2,5
12473,1244,1,1,1
12474,1244,1,3,5
12475,1244,1,2,5
12476,1245,3,1,1
12477,1245,1,3,5
12478,1245,1,1,1
12479,1245,2,1,1
12480,1245,1,2,5
12481,1245,15,1,1
12482,1245,15,2,1
12483,1245,1,1,1
12484,1245,1,1,1
12485,1246,1,1,1
12486,1246,1,1,1
12487,1246,1,2,5
12488,1246,1,1,1
12489,1246,15,2,5
12490,1246,1,2,5
12491,1246,1,2,5
12492,1246,10,3,5
12493,1246,1,1,1
12494,1246,14,2,5
12495,1246,1,2,1
12496,1246,1,2,5
12497,1247,1,1,1
12498,1247,1,2,5
12499,1247,1,2,5
12500,1247,1,2,5
12501,1247,1,2,5
12502,1247,1,1,1
12503,1248,1,1,1
12504,1248,3,2,5
12505,1248,15,2,5
12506,1248,1,2,5
12507,1248,1,2,5
12508,1248,15,3,5
12509,1248,1,1,1
12510,1248,1,1,1
12511,1249,15,3,5
12512,1249,1,2,5
12513,1249,14,1,1
12514,1249,1,2,5
12515,1249,1,2,5
12516,1249,1,1,1
12517,1249,1,2,1
12518,1250,1,2,5
12519,1250,1,1,1
12520,1250,1,2,1
12521,1250,1,1,1
12522,1250,2,3,5
12523,1250,15,1,1
12524,1250,2,2,5
12525,1250,1,2,5
12526,1251,1,1,1
12527,1251,10,1,1
12528,1251,3,1,1
12529,1251,1,1,1
12530,1251,1,1,1
12531,1251,1,1,1
12532,1251,1,1,1
12533,1251,1,1,1
12534,1251,1,1,1
12535,1251,1,3,5
12536,1251,3,1,1
12537,1252,7,1,1
12538,1252,1,10,10
12539,1252,1,1,1
12540,1252,1,1,1
12541,1252,2,10,10
12542,1252,9,1,1
12543,1252,1,2,5
12544,1252,3,1,1
12545,1253,15,1,1
12546,1253,2,1,1
12547,1253,1,1,1
12548,1253,4,1,1
12549,1253,1,1,1
12550,1253,1,2,5
12551,1253,1,2,5
12552,1253,1,1,1
12553,1253,2,1,1
12554,1254,10,3,5
12555,1254,1,2,5
12556,1254,3,3,5
12557,1254,3,3,5
12558,1254,1,2,1
12559,1254,15,2,5
12560,1254,15,1,1
12561,1254,10,3,5
12562,1255,1,10,10
12563,1255,1,1,1
12564,1255,1,2,5
12565,1255,1,1,1
12566,1255,15,1,1
12567,1255,1,2,5
12568,1255,1,2,5
12569,1255,1,1,1
12570,1255,1,1,1
12571,1255,1,2,5
12572,1255,13,1,1
12573,1255,1,2,5
12574,1255,1,1,1
12575,1255,1,2,5
12576,1255,12,1,1
12577,1255,1,10,10
12578,1255,1,1,1
12579,1256,1,1,1
12580,1256,1,1,1
12581,1256,8,2,5
12582,1256,1,1,1
12583,1256,14,2,5
12584,1256,1,1,1
12585,1256,9,1,1
12586,1256,4,1,1
12587,1256,1,2,5
12588,1256,1,1,1
12589,1256,10,1,1
12590,1256,15,2,5
12591,1257,1,1,1
12592,1257,15,2,5
12593,1257,1,1,1
12594,1257,9,1,1
12595,1257,1,1,1
12596,1257,13,2,5
12597,1257,15,1,1
12598,1257,1,1,1
12599,1257,1,1,1
12600,1258,1,2,5
12601,1258,1,3,5
12602,1258,1,3,5
12603,1258,3,1,1
12604,1258,8,1,1
12605,1258,1,1,1
12606,1258,1,1,1
12607,1258,2,1,1
12608,1258,1,1,1
12609,1258,15,1,1
12610,1258,2,1,1
12611,1259,2,2,5
12612,1259,2,1,1
12613,1259,4,1,1
12614,1259,15,1,1
12615,1259,10,1,1
12616,1259,1,1,1
12617,1259,8,2,5
12618,1259,1,2,5
12619,1260,1,2,5
12620,1260,15,1,1
12621,1260,1,1,1
12622,1260,8,1,1
12623,1260,1,1,1
12624,1260,9,1,1
12625,1260,15,1,1
12626,1261,5,1,1
12627,1261,1,2,5
12628,1261,3,10,10
12629,1261,1,1,1
12630,1261,1,2,5
12631,1261,1,1,1
12632,1261,1,2,5
12633,1261,1,3,5
12634,1261,1,2,5
12635,1261,1,1,1
12636,1261,1,1,1
12637,1262,1,1,1
12638,1262,3,1,1
12639,1262,1,2,5
12640,1262,1,2,5
12641,1262,1,1,1
12642,1262,1,1,1
12643,1262,1,1,1
12644,1262,13,1,1
12645,1262,2,1,1
12646,1263,1,1,1
12647,1263,1,1,1
12648,1263,2,1,1
12649,1263,6,1,1
12650,1263,1,2,5
12651,1263,2,1,1
12652,1263,7,1,1
12653,1264,1,1,1
12654,1264,1,2,5
12655,1264,1,1,1
12656,1264,1,1,1
12657,1264,1,1,1
12658,1264,1,2,5
12659,1264,1,2,5
12660,1264,1,1,1
12661,1264,1,1,1
12662,1264,5,1,1
12663,1265,2,1,1
12664,1265,1,1,1
12665,1265,1,1,1
12666,1265,3,3,5
12667,1265,1,1,1
12668,1265,9,1,1
12669,1265,1,2,5
12670,1265,2,3,5
12671,1265,1,1,1
12672,1265,2,2,5
12673,1266,1,1,1
12674,1266,4,1,1
12675,1266,1,1,1
12676,1266,1,10,10
12677,1266,1,2,5
12678,1266,10,2,5
12679,1266,15,1,1
12680,1266,1,1,1
12681,1266,4,1,1
12682,1266,1,1,1
12683,1267,3,1,1
12684,1267,1,1,1
12685,1267,15,1,1
12686,1267,2,3,5
12687,1267,11,1,1
12688,1267,1,1,1
12689,1267,1,1,1
12690,1267,1,1,1
12691,1267,10,1,1
12692,1267,1,1,1
12693,1267,15,1,1
12694,1267,10,1,1
12695,1268,1,1,1
12696,1268,1,1,1
12697,1268,9,1,1
12698,1268,1,1,1
12699,1268,1,1,1
12700,1268,1,1,1
12701,1268,1,1,1
12702,1268,5,1,1
12703,1268,15,1,1
12704,1268,1,1,1
12705,1269,3,1,1
12706,1269,1,1,1
12707,1269,15,1,1
12708,1269,6,1,1
12709,1269,1,1,1
12710,1269,1,1,1
12711,1269,1,1,1
12712,1269,1,10,10
12713,1270,1,1,1
12714,1270,1,10,10
12715,1270,2,1,1
12716,1270,1,1,1
12717,1270,1,2,5
12718,1270,2,1,1
12719,1270,1,1,1
12720,1270,1,1,1
12721,1270,1,1,1
12722,1270,1,1,1
12723,1270,2,1,1
12724,1271,1,1,1
12725,1271,1,1,1
12726,1271,1,1,1
12727,1271,1,1,1
12728,1271,1,1,1
12729,1271,1,1,1
12730,1271,15,1,1
12731,1271,3,1,1
12732,1271,1,1,1
12733,1272,1,1,1
12734,1272,1,1,1
12735,1272,15,1,1
12736,1272,1,2,5
12737,1272,1,1,1
12738,1272,1,3,5
12739,1272,1,1,1
12740,1272,9,1,1
12741,1273,1,2,5
12742,1273,1,1,1
12743,1273,1,1,1
12744,1273,1,1,1
12745,1273,1,1,1
12746,1273,9,1,1
12747,1273,1,1,1
12748,1274,1,2,5
12749,1274,12,2,5
12750,1274,1,2,5
12751,1274,1,1,1
12752,1274,8,1,1
12753,1274,1,1,1
12754,1275,1,2,5
12755,1275,1,1,1
12756,1275,1,1,1
12757,1275,15,3,5
12758,1276,1,1,1
12759,1276,1,1,1
12760,1276,1,1,1
12761,1276,2,1,1
12762,1276,2,2,5
12763,1277,1,1,1
12764,1277,1,2,5
12765,1277,2,1,1
12766,1277,1,10,10
12767,1277,1,2,5
12768,1277,1,1,1
12769,1277,1,10,10
12770,1277,1,1,1
12771,1277,1,2,1
12772,1278,12,2,5
12773,1278,1,1,1
12774,1278,1,1,1
12775,1278,1,1,1
12776,1278,15,1,1
12777,1278,2,1,1
12778,1278,1,2,5
12779,1278,1,2,5
12780,1278,15,1,1
12781,1278,15,1,1
12782,1279,15,1,1
12783,1279,1,2,1
12784,1279,15,1,1
12785,1279,1,1,1
12786,1279,1,1,1
12787,1279,3,3,5
12788,1279,2,1,5
12789,1279,1,1,1
12790,1279,1,1,1
12791,1279,1,1,1
12792,1279,4,10,10
12793,1279,15,1,1
12794,1279,1,1,1
12795,1279,1,10,10
12796,1280,1,3,5
12797,1280,1,1,1
12798,1280,1,1,1
12799,1280,1,1,1
12800,1280,1,1,1
12801,1280,1,1,1
12802,1280,2,1,1
12803,1280,1,1,1
12804,1280,14,1,1
12805,1280,1,2,5
12806,1280,1,1,1
12807,1281,1,1,1
12808,1281,3,1,1
12809,1281,2,1,1
12810,1281,13,1,1
12811,1281,1,1,1
12812,1281,1,1,1
12813,1282,3,1,1
12814,1282,1,2,1
12815,1282,1,1,1
12816,1282,3,10,10
12817,1282,1,1,1
12818,1283,1,1,1
12819,1283,1,1,1
12820,1283,1,1,1
12821,1283,10,2,5
12822,1283,1,2,5
12823,1284,1,10,10
12824,1284,8,1,1
12825,1284,1,1,1
12826,1284,3,1,1
12827,1284,1,1,1
12828,1284,1,1,1
12829,1284,1,1,1
12830,1284,1,1,1
12831,1284,1,1,1
12832,1284,1,1,1
12833,1284,1,1,1
12834,1285,1,2,5
12835,1285,15,2,1
12836,1285,1,2,5
12837,1285,1,2,5
12838,1285,1,10,10
12839,1285,1,1,1
12840,1285,6,1,1
12841,1285,1,10,10
12842,1286,1,1,1
12843,1286,2,1,1
12844,1286,3,1,1
12845,1286,1,1,1
12846,1286,1,1,1
12847,1287,6,2,5
12848,1287,1,1,1
12849,1287,8,1,1
12850,1287,1,1,1
12851,1287,15,2,1
12852,1288,1,2,5
12853,1288,2,2,5
12854,1288,1,1,1
12855,1288,1,1,1
12856,1288,15,1,1
12857,1288,1,1,1
12858,1289,15,1,1
12859,1289,1,1,1
12860,1289,15,1,1
12861,1289,1,1,1
12862,1289,1,1,1
12863,1290,1,1,1
12864,1290,1,1,1
12865,1290,1,3,5
12866,1290,1,1,1
12867,1290,1,10,10
12868,1290,1,3,5
12869,1290,11,1,1
12870,1291,1,1,1
12871,1291,4,1,1
12872,1291,1,1,1
12873,1291,1,1,1
12874,1291,1,1,1
12875,1291,1,2,5
12876,1291,1,1,1
12877,1291,1,1,1
12878,1292,15,3,5
12879,1292,1,1,1
12880,1292,1,2,5
12881,1292,1,1,1
12882,1292,11,2,5
12883,1292,1,1,1
12884,1293,2,1,1
12885,1293,1,1,1
12886,1293,1,1,1
12887,1293,1,1,1
12888,1293,1,2,5
12889,1293,15,3,5
12890,1293,1,1,1
12891,1293,15,2,5
12892,1293,1,2,1
12893,1294,6,1,1
12894,1294,15,3,10
12895,1294,3,3,5
12896,1294,3,3,5
12897,1294,7,1,1
12898,1294,6,3,5
12899,1295,1,1,1
12900,1295,5,3,5
12901,1295,1,1,1
12902,1295,1,2,5
12903,1295,1,2,5
12904,1295,1,2,5
12905,1295,3,1,1
12906,1295,2,1,1
12907,1295,11,3,5
12908,1295,1,1,1
12909,1295,1,1,1
12910,1295,1,1,1
12911,1296,1,1,1
12912,1296,1,1,1
12913,1296,1,2,5
12914,1296,1,1,1
12915,1296,10,3,5
12916,1296,1,2,5
12917,1296,1,2,5
12918,1296,1,1,1
12919,1296,1,1,1
12920,1297,1,1,1
12921,1297,1,1,1
12922,1298,9,10,10
12923,1298,15,1,1
12924,1298,2,1,1
12925,1298,14,2,5
12926,1298,1,1,1
12927,1298,15,1,1
12928,1298,1,1,1
12929,1298,1,1,1
12930,1298,9,10,10
12931,1298,1,2,1
12932,1298,4,1,1
12933,1298,1,2,1
12934,1299,1,1,1
12935,1299,1,1,1
12936,1299,15,1,1
12937,1299,1,1,1
12938,1299,1,1,1
12939,1299,1,1,1
12940,1299,7,10,10
12941,1299,15,1,1
12942,1300,1,1,1
12943,1300,1,1,1
12944,1300,1,2,5
12945,1301,1,1,1
12946,1301,1,1,1
12947,1301,1,1,1
12948,1301,1,1,1
12949,1301,1,2,5
12950,1301,1,1,1
12951,1301,9,1,1
12952,1302,1,1,1
12953,1302,7,1,1
12954,1302,1,1,1
12955,1302,1,1,1
12956,1302,15,3,5
12957,1302,1,1,1
12958,1302,1,1,1
12959,1302,3,1,1
12960,1302,15,1,1
12961,1302,1,1,1
12962,1302,3,1,1
12963,1303,10,10,10
12964,1303,15,1,1
12965,1303,1,1,1
12966,1303,7,10,10
12967,1303,5,1,1
12968,1303,1,2,1
12969,1304,1,1,1
12970,1304,1,1,1
12971,1304,1,10,10
12972,1304,1,2,5
12973,1304,1,1,1
12974,1304,15,1,1
12975,1304,15,1,1
12976,1304,1,1,1
12977,1305,1,1,1
12978,1305,2,2,5
12979,1305,1,1,1
12980,1305,1,1,1
12981,1305,1,2,5
12982,1305,1,1,1
12983,1305,2,1,1
12984,1305,1,1,1
12985,1306,1,1,1
12986,1306,15,1,1
12987,1306,2,3,5
12988,1306,1,1,1
12989,1306,1,1,1
12990,1306,2,1,1
12991,1306,15,1,1
12992,1306,1,1,1
12993,1306,15,1,1
12994,1307,15,1,1
12995,1308,15,1,1
12996,1308,1,1,1
12997,1308,2,1,1
12998,1308,1,1,1
12999,1308,1,10,10
13000,1308,1,2,5
13001,1308,1,2,1
13002,1308,15,2,5
13003,1309,1,1,1
13004,1309,15,1,1
13005,1309,2,1,1
13006,1309,1,1,1
13007,1309,1,1,1
13008,1309,1,2,5
13009,1310,1,2,5
13010,1310,15,1,1
13011,1310,1,1,1
13012,1310,1,1,1
13013,1310,15,1,1
13014,1310,2,1,1
13015,1310,1,3,5
13016,1310,1,1,1
13017,1310,1,1,1
13018,1310,1,1,1
13019,1311,1,1,1
13020,1311,1,1,1
13021,1311,1,1,1
13022,1311,3,3,5
13023,1311,1,1,1
13024,1311,1,1,1
13025,1311,1,1,1
13026,1311,1,1,1
13027,1311,13,3,5
13028,1312,2,1,1
13029,1312,1,2,5
13030,1312,1,1,1
13031,1312,1,1,1
13032,1312,1,1,1
13033,1312,1,1,1
13034,1312,1,2,5
13035,1312,15,1,1
13036,1312,1,2,1
13037,1313,1,2,5
13038,1313,1,1,1
13039,1313,3,1,1
13040,1313,15,2,5
13041,1313,4,2,5
13042,1313,2,1,1
13043,1313,1,1,1
13044,1313,4,3,5
13045,1313,15,1,1
13046,1313,2,1,1
13047,1314,12,2,1
13048,1314,15,2,5
13049,1314,15,3,5
13050,1314,9,2,5
13051,1314,1,2,5
13052,1314,15,2,1
13053,1315,1,1,1
13054,1315,15,1,1
13055,1315,15,1,1
13056,1315,1,2,1
13057,1315,1,2,5
13058,1315,1,3,5
13059,1316,1,1,1
13060,1316,6,1,1
13061,1316,1,1,1
13062,1317,1,2,5
13063,1317,15,1,1
13064,1317,1,1,1
13065,1317,1,1,1
13066,1317,1,10,10
13067,1317,2,2,5
13068,1317,1,1,1
13069,1317,1,1,1
13070,1317,1,1,1
13071,1317,3,2,5
13072,1317,1,10,10
13073,1317,1,1,1
13074,1317,10,2,5
13075,1317,1,1,1
13076,1318,15,1,1
13077,1318,1,1,1
13078,1318,1,2,5
13079,1318,1,1,1
13080,1318,1,1,1
13081,1318,1,2,5
13082,1318,1,2,5
13083,1318,1,1,1
13084,1319,2,3,5
13085,1319,15,3,5
13086,1319,9,1,1
13087,1319,1,1,1
13088,1319,3,1,1
13089,1319,1,1,1
13090,1319,1,1,1
13091,1320,1,2,5
13092,1320,10,1,1
13093,1320,1,1,1
13094,1320,1,1,1
13095,1320,1,2,5
13096,1320,1,1,1
13097,1320,1,2,5
13098,1320,1,1,1
13099,1321,1,1,1
13100,1321,1,2,5
13101,1321,1,1,1
13102,1321,1,2,1
13103,1321,1,1,1
13104,1321,1,1,1
13105,1321,1,1,1
13106,1321,1,1,1
13107,1321,1,1,1
13108,1321,1,1,1
13109,1321,1,1,1
13110,1321,1,1,1
13111,1322,8,2,5
13112,1322,4,2,5
13113,1322,1,1,1
13114,1322,9,1,1
13115,1322,7,1,1
13116,1322,1,2,1
13117,1323,2,1,1
13118,1323,1,2,5
13119,1323,8,1,1
13120,1323,1,1,1
13121,1323,1,1,1
13122,1323,15,1,1
13123,1324,15,1,1
13124,1324,5,1,1
13125,1324,15,1,1
13126,1324,8,1,1
13127,1324,15,2,5
13128,1324,15,2,5
13129,1324,1,1,1
13130,1324,15,2,5
13131,1324,1,2,5
13132,1324,15,1,1
13133,1325,15,2,5
13134,1325,1,2,5
13135,1325,1,1,1
13136,1325,1,2,5
13137,1325,15,2,5
13138,1325,8,1,1
13139,1325,6,1,1
13140,1326,4,2,5
13141,1326,2,1,1
13142,1326,1,1,1
13143,1326,1,2,5
13144,1326,6,2,5
13145,1326,1,1,1
13146,1326,1,1,1
13147,1326,1,1,1
13148,1326,1,1,1
13149,1326,1,1,1
13150,1326,1,1,1
13151,1326,1,1,1
13152,1326,1,2,5
13153,1326,1,2,5
13154,1327,1,1,1
13155,1327,1,1,1
13156,1327,1,10,10
13157,1327,1,1,1
13158,1327,1,1,1
13159,1328,9,1,1
13160,1328,1,2,5
13161,1328,10,1,1
13162,1328,14,10,10
13163,1328,1,2,5
13164,1328,1,1,1
13165,1328,15,1,1
13166,1328,3,3,5
13167,1328,1,2,5
13168,1328,1,3,5
13169,1328,1,10,10
13170,1328,1,10,10
13171,1329,1,1,1
13172,1329,1,1,1
13173,1329,15,3,5
13174,1329,6,1,1
13175,1329,1,1,1
13176,1329,7,1,1
13177,1329,15,1,1
13178,1329,1,2,5
13179,1329,1,1,1
13180,1329,1,2,5
13181,1329,2,1,1
13182,1329,1,1,1
13183,1329,1,1,1
13184,1329,1,1,1
13185,1329,1,1,1
13186,1329,1,1,1
13187,1329,1,1,1
13188,1329,10,1,1
13189,1329,3,1,1
13190,1329,15,1,1
13191,1330,15,1,1
13192,1330,1,3,5
13193,1330,1,3,5
13194,1331,1,3,5
13195,1331,2,3,5
13196,1331,1,2,5
13197,1331,1,1,1
13198,1331,15,1,1
13199,1331,1,1,1
13200,1331,1,1,1
13201,1331,1,1,1
13202,1331,1,1,1
13203,1331,1,2,5
13204,1331,4,2,5
13205,1331,1,1,1
13206,1332,1,1,1
13207,1332,8,1,1
13208,1332,1,1,1
13209,1332,1,1,1
13210,1332,2,1,1
13211,1332,15,1,1
13212,1332,1,1,1
13213,1332,1,2,5
13214,1333,1,1,1
13215,1333,1,2,5
13216,1333,1,1,1
13217,1333,4,2,5
13218,1333,1,1,1
13219,1333,1,1,1
13220,1333,1,1,1
13221,1333,1,1,1
13222,1334,1,2,1
13223,1334,12,2,5
13224,1334,1,2,5
13225,1334,2,1,1
13226,1334,1,1,1
13227,1334,1,1,1
13228,1334,1,1,1
13229,1334,4,1,1
13230,1334,1,1,1
13231,1334,1,1,1
13232,1334,1,1,1
13233,1334,1,1,1
13234,1335,1,2,5
13235,1335,1,1,1
13236,1335,1,1,1
13237,1335,1,1,1
13238,1335,2,1,1
13239,1335,1,1,1
13240,1335,1,1,1
13241,1335,1,2,5
13242,1335,1,2,5
13243,1335,1,1,1
13244,1336,1,10,10
13245,1336,1,2,5
13246,1336,1,2,5
13247,1336,1,1,1
13248,1336,1,1,1
13249,1336,2,1,1
13250,1336,1,1,1
13251,1336,1,2,5
13252,1336,5,1,1
13253,1336,1,1,1
13254,1337,15,1,1
13255,1337,1,1,1
13256,1337,15,2,5
13257,1337,1,2,5
13258,1337,1,1,1
13259,1337,1,2,5
13260,1337,1,1,1
13261,1337,4,1,1
13262,1337,1,2,5
13263,1338,1,10,10
13264,1338,1,1,1
13265,1338,1,2,5
13266,1338,15,1,1
13267,1338,1,2,5
13268,1338,1,2,5
13269,1339,1,1,1
13270,1339,1,1,1
13271,1339,1,2,5
13272,1339,1,2,5
13273,1340,3,1,1
13274,1340,1,2,5
13275,1340,1,1,1
13276,1340,1,1,1
13277,1340,1,2,5
13278,1340,1,10,10
13279,1340,1,2,5
13280,1340,1,1,1
13281,1340,9,1,1
13282,1340,1,2,5
13283,1340,15,2,1
13284,1340,1,10,10
13285,1340,1,2,1
13286,1340,3,1,1
13287,1340,1,10,10
13288,1340,1,2,1
13289,1340,15,2,5
13290,1340,1,2,5
13291,1340,15,2,5
13292,1341,15,10,10
13293,1341,1,1,1
13294,1342,1,1,1
13295,1342,2,2,5
13296,1342,1,1,1
13297,1342,1,3,5
13298,1342,1,2,5
13299,1342,1,1,1
13300,1342,1,10,10
13301,1342,1,3,5
13302,1342,1,1,1
13303,1343,1,1,1
13304,1343,13,2,5
13305,1343,1,10,10
13306,1343,1,2,5
13307,1343,1,2,5
13308,1343,1,2,5
13309,1343,1,1,1
13310,1343,5,2,5
13311,1343,1,2,5
13312,1343,1,2,5
13313,1343,1,10,10
13314,1343,1,10,10
13315,1343,1,10,10
13316,1344,1,10,10
13317,1344,2,1,1
13318,1344,1,2,1
13319,1344,15,1,1
13320,1344,1,2,5
13321,1344,4,1,1
13322,1345,1,2,5
13323,1345,14,1,1
13324,1345,14,1,1
13325,1345,1,1,1
13326,1345,3,1,1
13327,1345,14,1,1
13328,1345,15,1,1
13329,1345,1,1,1
13330,1345,1,2,5
13331,1345,1,1,1
13332,1346,1,1,1
13333,1346,1,1,1
13334,1346,1,1,1
13335,1346,1,1,1
13336,1346,1,2,5
13337,1346,15,2,5
13338,1346,1,2,5
13339,1346,15,1,1
13340,1346,1,2,5
13341,1346,1,2,5
13342,1346,1,2,5
13343,1346,1,1,1
13344,1347,1,1,1
13345,1347,1,1,1
13346,1347,6,1,1
13347,1348,1,2,5
13348,1348,1,2,5
13349,1348,1,1,1
13350,1348,1,1,1
13351,1348,1,2,5
13352,1348,1,2,5
13353,1348,1,1,1
13354,1348,1,1,1
13355,1348,1,1,1
13356,1348,1,1,1
13357,1348,1,2,5
13358,1348,1,1,1
13359,1349,6,2,1
13360,1349,1,2,5
13361,1349,12,1,1
13362,1349,1,2,5
13363,1349,1,1,1
13364,1349,1,2,5
13365,1349,1,1,1
13366,1350,10,1,1
13367,1350,2,1,1
13368,1350,1,2,1
13369,1350,1,1,1
13370,1350,1,1,1
13371,1350,1,3,5
13372,1350,1,2,5
13373,1350,1,2,5
13374,1350,1,2,5
13375,1350,1,2,5
13376,1351,1,1,1
13377,1351,1,1,1
13378,1351,1,1,1
13379,1351,1,1,1
13380,1351,1,2,5
13381,1351,1,1,1
13382,1351,1,1,1
13383,1351,1,1,1
13384,1351,8,2,5
13385,1351,6,1,1
13386,1351,1,1,1
13387,1351,1,2,5
13388,1351,1,1,1
13389,1351,2,2,5
13390,1351,1,2,5
13391,1351,1,2,5
13392,1352,1,2,5
13393,1352,1,1,1
13394,1352,3,2,1
13395,1352,1,2,5
13396,1352,1,1,1
13397,1352,1,2,5
13398,1352,1,2,5
13399,1352,2,1,1
13400,1352,1,1,1
13401,1352,1,2,5
13402,1352,1,2,5
13403,1352,1,2,1
13404,1352,1,1,1
13405,1353,15,2,1
13406,1353,1,1,1
13407,1353,1,1,1
13408,1353,4,1,1
13409,1353,1,10,10
13410,1353,5,1,1
13411,1353,1,10,10
13412,1353,1,10,10
13413,1353,4,1,1
13414,1353,3,2,5
13415,1354,1,1,1
13416,1354,1,1,1
13417,1354,11,1,1
13418,1354,1,1,1
13419,1354,1,1,1
13420,1354,1,1,1
13421,1354,1,1,1
13422,1354,1,2,5
13423,1355,1,1,1
13424,1355,1,1,1
13425,1355,15,2,1
13426,1355,1,2,5
13427,1355,1,2,5
13428,1355,1,1,1
13429,1355,1,1,1
13430,1355,2,10,10
13431,1355,1,1,1
13432,1355,1,1,1
13433,1355,1,1,1
13434,1355,1,2,5
13435,1355,1,1,1
13436,1356,2,10,10
13437,1356,1,2,5
13438,1356,1,2,5
13439,1356,15,1,1
13440,1356,1,2,5
13441,1356,1,2,5
13442,1356,1,1,1
13443,1356,1,1,1
13444,1356,15,1,1
13445,1356,15,2,5
13446,1356,1,1,1
13447,1357,1,2,5
13448,1357,1,2,5
13449,1357,1,2,5
13450,1357,15,1,1
13451,1357,1,2,5
13452,1357,1,2,5
13453,1358,1,1,1
13454,1358,1,1,1
13455,1358,15,2,1
13456,1358,1,2,5
13457,1358,1,2,5
13458,1359,1,2,5
13459,1359,1,3,5
13460,1359,1,1,1
13461,1359,1,1,1
13462,1359,1,1,1
13463,1359,1,2,5
13464,1359,1,1,1
13465,1359,1,1,1
13466,1359,1,1,1
13467,1359,1,3,5
13468,1359,1,2,5
13469,1359,9,1,1
13470,1360,1,1,1
13471,1360,1,2,1
13472,1360,4,2,5
13473,1361,3,1,1
13474,1361,1,2,5
13475,1361,6,2,5
13476,1361,1,2,5
13477,1361,1,1,1
13478,1362,1,2,5
13479,1362,1,2,5
13480,1362,1,1,1
13481,1362,1,2,5
13482,1362,1,2,5
13483,1362,1,1,1
13484,1362,15,2,5
13485,1362,1,1,1
13486,1362,1,1,1
13487,1362,1,1,1
13488,1362,1,1,1
13489,1362,1,1,1
13490,1362,1,2,5
13491,1362,10,10,10
13492,1362,11,10,10
13493,1362,15,3,5
13494,1363,2,3,5
13495,1363,14,3,5
13496,1363,14,3,5
13497,1363,1,1,1
13498,1363,1,1,1
13499,1363,1,2,5
13500,1364,1,2,5
13501,1364,1,2,5
13502,1364,11,3,5
13503,1364,7,3,5
13504,1364,1,2,5
13505,1364,1,1,1
13506,1364,8,3,5
13507,1364,1,2,5
13508,1365,1,1,1
13509,1365,2,1,1
13510,1365,1,2,5
13511,1365,1,1,1
13512,1365,1,1,1
13513,1365,1,1,1
13514,1366,15,1,1
13515,1366,1,2,5
13516,1366,1,2,5
13517,1366,1,2,5
13518,1366,1,2,5
13519,1366,1,1,1
13520,1366,1,2,5
13521,1366,15,2,1
13522,1366,9,1,1
13523,1366,15,3,10
13524,1366,1,2,5
13525,1367,12,1,1
13526,1367,1,2,5
13527,1367,1,2,1
13528,1367,1,1,1
13529,1367,1,1,1
13530,1368,1,1,1
13531,1368,1,2,5
13532,1368,1,2,5
13533,1368,1,1,1
13534,1368,1,1,1
13535,1368,1,1,1
13536,1368,15,1,1
13537,1368,1,1,1
13538,1369,9,2,5
13539,1369,1,1,1
13540,1369,1,2,5
13541,1369,1,1,1
13542,1369,1,2,1
13543,1369,1,2,5
13544,1369,15,1,1
13545,1369,15,1,1
13546,1369,1,1,1
13547,1370,7,3,5
13548,1370,1,2,5
13549,1370,2,2,5
13550,1370,1,1,1
13551,1370,2,3,5
13552,1370,3,1,1
13553,1370,6,2,5
13554,1371,1,2,5
13555,1371,2,2,5
13556,1371,3,1,1
13557,1371,13,2,5
13558,1371,1,10,10
13559,1371,1,1,1
13560,1371,1,10,10
13561,1371,1,1,1
13562,1371,15,2,5
13563,1372,1,2,5
13564,1372,1,2,5
13565,1372,1,1,1
13566,1372,1,1,1
13567,1372,1,2,5
13568,1372,1,1,1
13569,1373,15,2,5
13570,1373,3,1,1
13571,1373,1,2,5
13572,1373,1,1,1
13573,1374,1,1,1
13574,1374,1,2,5
13575,1374,4,1,1
13576,1374,15,2,1
13577,1374,1,10,10
13578,1374,1,1,1
13579,1374,1,1,1
13580,1374,1,2,5
13581,1374,2,2,5
13582,1374,15,1,1
13583,1375,1,1,1
13584,1375,1,2,5
13585,1375,2,2,1
13586,1375,1,2,5
13587,1375,1,2,5
13588,1375,1,2,5
13589,1375,1,1,1
13590,1375,1,2,5
13591,1375,1,2,5
13592,1376,1,10,10
13593,1376,1,3,5
13594,1376,1,10,10
13595,1376,1,3,5
13596,1376,3,10,10
13597,1376,1,10,10
13598,1376,1,2,5
13599,1376,1,1,1
13600,1377,1,2,5
13601,1377,4,1,1
13602,1377,1,2,5
13603,1377,1,10,10
13604,1377,5,2,5
13605,1377,5,1,1
13606,1377,5,1,1
13607,1377,1,3,5
13608,1377,15,1,1
13609,1378,2,3,5
13610,1378,1,1,1
13611,1378,2,3,5
13612,1378,1,1,1
13613,1378,1,2,5
13614,1378,1,1,1
13615,1378,1,1,1
13616,1378,1,1,1
13617,1378,1,1,1
13618,1378,1,2,1
13619,1378,1,1,1
13620,1378,1,2,5
13621,1378,5,3,5
13622,1378,1,1,1
13623,1378,1,1,1
13624,1379,1,1,1
13625,1379,1,1,1
13626,1379,1,1,1
13627,1379,1,1,1
13628,1379,1,2,5
13629,1379,1,1,1
13630,1379,2,1,1
13631,1379,7,2,5
13632,1379,1,2,5
13633,1379,1,1,1
13634,1380,3,1,1
13635,1380,3,1,1
13636,1380,1,2,5
13637,1380,1,2,5
13638,1380,3,1,1
13639,1380,11,1,1
13640,1380,1,1,1
13641,1380,1,1,1
13642,1380,1,2,5
13643,1380,1,2,5
13644,1381,1,2,5
13645,1381,1,1,1
13646,1381,1,2,1
13647,1381,1,1,1
13648,1381,1,1,1
13649,1381,1,10,10
13650,1381,1,10,10
13651,1381,1,10,10
13652,1381,1,2,5
13653,1381,1,1,1
13654,1381,1,10,10
13655,1381,1,10,10
13656,1381,1,2,5
13657,1381,1,1,1
13658,1381,1,2,5
13659,1381,1,10,10
13660,1381,1,1,1
13661,1381,1,10,10
13662,1381,1,2,5
13663,1382,1,2,5
13664,1382,1,2,5
13665,1382,1,2,5
13666,1382,15,2,5
13667,1382,1,1,1
13668,1382,1,1,1
13669,1382,1,3,5
13670,1382,1,2,5
13671,1382,1,1,1
13672,1382,1,2,5
13673,1383,1,1,1
13674,1383,1,2,5
13675,1383,1,1,1
13676,1383,1,2,5
13677,1383,1,1,1
13678,1383,1,1,1
13679,1383,1,1,1
13680,1383,15,2,1
13681,1383,1,1,1
13682,1384,1,2,5
13683,1384,1,2,5
13684,1384,1,1,1
13685,1384,15,2,1
13686,1384,1,2,1
13687,1384,1,1,1
13688,1384,1,1,1
13689,1384,1,1,1
13690,1384,1,1,1
13691,1384,1,1,1
13692,1384,1,2,5
13693,1384,1,1,1
13694,1384,1,1,1
13695,1384,1,3,5
13696,1385,1,2,5
13697,1385,1,10,10
13698,1385,1,3,5
13699,1385,2,2,5
13700,1385,1,2,5
13701,1385,5,2,5
13702,1385,1,1,1
13703,1386,1,10,10
13704,1386,10,1,1
13705,1386,1,2,1
13706,1386,3,1,1
13707,1386,1,2,1
13708,1386,1,2,5
13709,1386,1,1,1
13710,1386,1,3,5
13711,1387,15,2,5
13712,1387,15,2,5
13713,1387,1,3,5
13714,1387,1,1,1
13715,1387,1,1,1
13716,1387,1,3,5
13717,1387,1,3,5
13718,1387,1,1,1
13719,1387,1,1,1
13720,1388,1,2,1
13721,1388,1,1,1
13722,1388,1,2,5
13723,1388,1,3,5
13724,1388,1,1,1
13725,1388,1,2,5
13726,1388,1,2,1
13727,1389,1,1,1
13728,1389,1,1,1
13729,1389,15,1,1
13730,1389,9,1,1
13731,1390,3,2,5
13732,1390,1,1,1
13733,1390,1,2,5
13734,1390,15,1,1
13735,1390,1,1,1
13736,1390,1,1,1
13737,1390,1,2,5
13738,1390,6,1,1
13739,1390,1,1,1
13740,1390,1,1,1
13741,1390,1,2,5
13742,1390,6,1,1
13743,1390,1,2,5
13744,1390,1,2,5
13745,1390,6,1,1
13746,1390,5,1,1
13747,1390,1,2,5
13748,1390,1,1,1
13749,1391,7,2,5
13750,1391,3,3,5
13751,1391,1,2,5
13752,1391,2,2,5
13753,1391,1,1,1
13754,1391,11,2,5
13755,1391,1,2,5
13756,1392,2,1,1
13757,1392,1,1,1
13758,1392,1,1,1
13759,1392,6,1,1
13760,1392,1,1,1
13761,1392,1,1,1
13762,1392,1,2,5
13763,1392,2,1,1
13764,1392,1,1,1
13765,1392,1,1,1
13766,1392,1,2,5
13767,1392,1,2,5
13768,1392,1,1,1
13769,1393,2,3,5
13770,1393,2,1,1
13771,1393,1,1,1
13772,1393,15,1,1
13773,1393,7,1,1
13774,1393,1,1,1
13775,1393,1,2,5
13776,1393,2,3,5
13777,1393,15,1,1
13778,1393,1,2,5
13779,1393,1,2,5
13780,1393,2,2,5
13781,1393,1,2,5
13782,1393,2,2,5
13783,1393,1,2,5
13784,1393,15,2,5
13785,1393,1,2,5
13786,1393,1,1,1
13787,1393,15,2,5
13788,1394,1,2,5
13789,1394,1,2,5
13790,1394,15,2,5
13791,1394,5,1,1
13792,1394,1,2,5
13793,1394,15,2,5
13794,1394,1,2,5
13795,1394,1,2,5
13796,1394,15,2,5
13797,1394,6,2,5
13798,1395,1,1,1
13799,1395,1,2,5
13800,1395,1,2,1
13801,1395,1,1,1
13802,1395,1,3,5
13803,1395,1,3,5
13804,1395,1,2,5
13805,1395,13,1,1
13806,1395,1,1,1
13807,1395,1,1,1
13808,1395,3,10,10
13809,1396,12,1,1
13810,1396,1,3,5
13811,1396,10,1,1
13812,1396,2,1,1
13813,1396,10,1,1
13814,1396,15,1,1
13815,1396,1,2,5
13816,1396,8,1,1
13817,1396,9,1,1
13818,1396,1,1,1
13819,1396,2,1,1
13820,1396,1,1,1
13821,1396,1,3,5
13822,1397,2,1,1
13823,1397,2,2,5
13824,1397,8,1,1
13825,1397,2,1,1
13826,1397,2,1,1
13827,1397,2,1,1
13828,1397,15,2,5
13829,1397,2,1,1
13830,1397,10,1,1
13831,1397,2,1,1
13832,1397,2,1,1
13833,1397,2,1,1
13834,1397,1,1,1
13835,1397,2,1,1
13836,1397,1,2,5
13837,1397,1,2,5
13838,1397,1,2,5
13839,1397,1,1,1
13840,1397,3,2,5
13841,1397,15,2,5
13842,1398,1,1,1
13843,1398,1,1,1
13844,1398,1,3,5
13845,1398,1,3,5
13846,1398,15,1,1
13847,1398,1,3,5
13848,1398,1,3,5
13849,1398,2,2,5
13850,1398,1,2,5
13851,1398,1,2,5
13852,1399,1,2,5
13853,1399,1,2,5
13854,1399,2,1,1
13855,1399,1,1,1
13856,1399,1,1,1
13857,1399,11,10,10
13858,1399,2,1,1
13859,1399,1,2,5
13860,1399,15,2,5
13861,1399,1,1,1
13862,1399,1,2,5
13863,1400,1,1,1
13864,1400,1,2,5
13865,1400,1,1,1
13866,1400,2,10,10
13867,1400,1,1,1
13868,1400,1,2,5
13869,1400,6,1,1
13870,1400,6,1,1
13871,1400,1,1,1
13872,1400,2,1,1
13873,1401,2,1,1
13874,1401,1,1,1
13875,1401,1,1,1
13876,1401,15,2,5
13877,1401,5,1,1
13878,1401,1,2,5
13879,1401,15,3,5
13880,1401,1,2,5
13881,1401,1,2,5
13882,1401,1,1,1
13883,1401,1,2,5
13884,1401,1,1,1
13885,1402,1,1,1
13886,1402,1,2,5
13887,1402,1,1,1
13888,1402,6,1,1
13889,1402,1,1,1
13890,1402,1,1,1
13891,1402,6,1,1
13892,1402,2,1,1
13893,1402,1,2,5
13894,1403,12,1,1
13895,1403,1,1,1
13896,1403,1,1,1
13897,1403,1,1,1
13898,1404,1,2,5
13899,1404,2,1,1
13900,1404,13,1,1
13901,1404,5,1,1
13902,1404,1,1,1
13903,1404,1,1,1
13904,1404,1,1,1
13905,1404,15,1,1
13906,1404,1,3,5
13907,1405,1,1,1
13908,1405,1,1,1
13909,1405,10,1,1
13910,1405,1,1,1
13911,1405,1,2,5
13912,1405,2,3,5
13913,1405,4,3,5
13914,1405,1,2,5
13915,1405,3,3,5
13916,1405,11,1,1
13917,1405,1,3,5
13918,1405,4,1,1
13919,1406,1,2,5
13920,1406,1,1,1
13921,1406,15,2,5
13922,1406,15,1,1
13923,1406,1,2,5
13924,1406,1,1,1
13925,1407,1,1,1
13926,1407,1,2,5
13927,1407,1,2,5
13928,1407,1,2,5
13929,1407,1,2,5
13930,1407,1,1,1
13931,1407,1,1,1
13932,1407,1,1,1
13933,1407,15,2,5
13934,1407,14,2,1
13935,1407,1,2,5
13936,1407,1,2,5
13937,1407,1,10,10
13938,1408,1,1,1
13939,1408,9,1,1
13940,1408,4,1,1
13941,1408,1,2,5
13942,1408,1,2,5
13943,1408,1,1,1
13944,1408,3,1,1
13945,1408,15,1,1
13946,1408,1,1,1
13947,1408,1,2,5
13948,1408,1,2,5
13949,1409,1,2,5
13950,1409,1,1,1
13951,1409,1,1,1
13952,1409,1,2,5
13953,1410,1,1,1
13954,1410,1,2,5
13955,1410,15,1,1
13956,1410,13,1,1
13957,1410,8,1,1
13958,1411,1,1,1
13959,1411,1,1,1
13960,1411,1,1,1
13961,1411,2,2,5
13962,1411,1,3,5
13963,1411,15,1,1
13964,1411,1,2,5
13965,1411,1,1,1
13966,1412,1,2,5
13967,1412,1,1,1
13968,1412,1,1,1
13969,1412,15,1,1
13970,1412,1,1,1
13971,1412,1,1,1
13972,1412,1,2,5
13973,1412,1,1,1
13974,1412,1,1,1
13975,1412,1,1,1
13976,1412,15,1,1
13977,1412,1,2,5
13978,1412,2,1,1
13979,1412,5,1,1
13980,1412,1,2,5
13981,1413,1,2,5
13982,1413,1,1,1
13983,1413,15,2,5
13984,1413,1,2,5
13985,1413,1,1,1
13986,1414,1,1,1
13987,1414,1,10,10
13988,1414,1,3,5
13989,1415,1,1,1
13990,1415,1,1,1
13991,1415,1,1,1
13992,1415,1,1,1
13993,1415,1,2,5
13994,1415,1,2,5
13995,1415,1,1,1
13996,1415,2,1,1
13997,1415,13,1,1
13998,1415,5,2,5
13999,1416,15,3,10
14000,1416,1,2,5
14001,1416,1,10,10
14002,1416,15,2,5
14003,1416,1,10,10
14004,1416,2,1,1
14005,1416,14,1,1
14006,1417,2,3,5
14007,1417,1,2,1
14008,1417,15,2,5
14009,1417,1,3,5
14010,1417,1,1,1
14011,1417,1,1,1
14012,1417,1,2,5
14013,1418,1,1,1
14014,1418,5,1,1
14015,1418,1,2,5
14016,1418,1,3,5
14017,1418,1,1,1
14018,1418,1,1,1
14019,1419,1,10,10
14020,1419,2,1,1
14021,1419,1,2,5
14022,1419,15,1,1
14023,1419,15,2,5
14024,1419,2,1,1
14025,1419,1,1,1
14026,1419,1,2,5
14027,1419,1,2,5
14028,1420,5,1,1
14029,1420,1,2,5
14030,1420,1,1,1
14031,1420,15,3,10
14032,1421,1,2,5
14033,1421,3,2,5
14034,1421,1,10,10
14035,1421,1,1,1
14036,1421,1,2,5
14037,1421,1,2,5
14038,1421,1,1,1
14039,1421,1,2,5
14040,1421,15,2,5
14041,1421,14,2,5
14042,1421,1,1,1
14043,1421,1,2,5
14044,1422,1,2,5
14045,1422,1,1,1
14046,1422,1,1,1
14047,1422,1,1,1
14048,1422,1,2,5
14049,1422,1,1,1
14050,1423,15,1,1
14051,1423,1,2,5
14052,1423,1,1,1
14053,1423,1,2,5
14054,1423,1,1,1
14055,1423,1,1,1
14056,1423,8,1,1
14057,1423,1,2,1
14058,1423,1,1,1
14059,1423,1,2,5
14060,1423,2,1,1
14061,1423,1,2,5
14062,1423,1,1,1
14063,1423,1,3,5
14064,1424,1,1,1
14065,1424,15,1,1
14066,1424,12,1,1
14067,1424,1,2,5
14068,1424,1,3,5
14069,1424,1,2,5
14070,1424,1,1,1
14071,1424,1,1,1
14072,1424,1,1,1
14073,1424,1,1,1
14074,1425,1,2,5
14075,1425,1,2,5
14076,1425,2,1,1
14077,1425,1,1,1
14078,1425,1,2,5
14079,1425,1,2,5
14080,1425,1,3,5
14081,1425,1,3,5
14082,1425,1,3,5
14083,1425,1,2,5
14084,1426,1,1,1
14085,1426,1,2,5
14086,1426,1,1,1
14087,1426,1,1,1
14088,1426,1,1,1
14089,1426,1,2,5
14090,1426,1,2,5
14091,1426,1,2,5
14092,1426,15,3,10
14093,1426,1,1,1
14094,1426,1,1,1
14095,1427,15,1,1
14096,1427,1,2,5
14097,1427,1,2,5
14098,1427,15,1,1
14099,1427,1,1,1
14100,1427,1,2,5
14101,1427,1,3,5
14102,1428,1,3,5
14103,1428,1,1,1
14104,1428,1,1,1
14105,1428,1,1,1
14106,1428,1,1,1
14107,1428,1,1,1
14108,1428,1,1,1
14109,1428,1,1,1
14110,1428,1,1,1
14111,1428,1,2,5
14112,1429,1,1,1
14113,1429,1,1,1
14114,1429,4,1,1
14115,1429,13,1,1
14116,1429,4,1,1
14117,1429,1,2,5
14118,1429,1,1,1
14119,1429,1,2,5
14120,1430,11,3,5
14121,1430,15,3,5
14122,1430,1,2,1
14123,1430,1,3,5
14124,1430,3,1,1
14125,1431,1,1,1
14126,1431,2,1,1
14127,1431,3,1,1
14128,1431,3,1,1
14129,1431,2,2,5
14130,1431,1,2,5
14131,1431,1,2,5
14132,1431,15,2,1
14133,1431,1,1,1
14134,1431,1,1,1
14135,1431,15,1,1
14136,1431,1,1,1
14137,1431,1,1,1
14138,1431,1,2,5
14139,1432,1,2,5
14140,1432,4,1,1
14141,1432,3,1,1
14142,1432,5,1,1
14143,1432,8,10,10
14144,1432,15,2,5
14145,1432,1,1,1
14146,1433,1,3,5
14147,1433,1,3,5
14148,1433,1,3,5
14149,1433,1,1,1
14150,1433,1,10,10
14151,1433,1,3,5
14152,1433,2,3,5
14153,1433,1,1,1
14154,1433,1,1,1
14155,1433,1,2,1
14156,1434,1,1,1
14157,1434,1,2,5
14158,1434,3,1,1
14159,1434,3,2,5
14160,1434,15,1,1
14161,1434,2,1,1
14162,1434,1,2,5
14163,1434,1,1,1
14164,1434,1,1,1
14165,1434,1,1,1
14166,1434,1,1,1
14167,1434,1,1,1
14168,1434,1,2,5
14169,1434,1,1,1
14170,1435,1,1,1
14171,1435,1,2,5
14172,1435,1,2,5
14173,1435,1,1,1
14174,1435,14,1,1
14175,1435,15,1,1
14176,1435,1,2,5
14177,1435,3,2,1
14178,1435,6,10,10
14179,1435,1,2,5
14180,1435,2,3,5
14181,1435,1,2,5
14182,1435,1,2,5
14183,1435,1,2,5
14184,1435,2,3,5
14185,1435,1,3,5
14186,1435,1,1,1
14187,1436,1,1,1
14188,1436,1,2,5
14189,1436,1,2,5
14190,1436,2,2,5
14191,1436,1,1,1
14192,1436,1,2,5
14193,1436,1,1,1
14194,1436,1,1,1
14195,1437,15,1,1
14196,1437,1,2,5
14197,1437,1,1,1
14198,1437,1,1,1
14199,1437,1,2,5
14200,1437,1,2,5
14201,1437,1,2,5
14202,1438,8,10,10
14203,1438,1,2,5
14204,1438,1,1,1
14205,1438,15,1,1
14206,1438,6,1,1
14207,1438,3,1,1
14208,1438,1,1,1
14209,1438,6,1,1
14210,1438,11,2,5
14211,1438,1,1,1
14212,1438,1,1,1
14213,1439,12,2,5
14214,1439,1,2,5
14215,1439,1,1,1
14216,1439,1,1,1
14217,1439,1,1,1
14218,1439,1,3,5
14219,1439,1,2,5
14220,1440,1,2,5
14221,1440,1,1,1
14222,1440,1,1,1
14223,1440,1,1,1
14224,1440,15,2,5
14225,1440,15,2,5
14226,1440,9,2,5
14227,1440,1,1,1
14228,1440,1,1,1
14229,1440,1,1,1
14230,1440,1,3,5
14231,1440,2,1,1
14232,1440,15,1,1
14233,1440,1,1,1
14234,1440,1,1,1
14235,1441,1,2,1
14236,1441,15,1,1
14237,1441,1,2,1
14238,1441,11,1,1
14239,1441,15,1,1
14240,1441,1,1,1
14241,1441,1,2,5
14242,1441,4,1,1
14243,1442,2,2,5
14244,1442,12,3,5
14245,1442,1,1,1
14246,1442,2,1,1
14247,1442,1,1,1
14248,1442,1,2,5
14249,1442,1,1,1
14250,1442,3,3,5
14251,1443,1,1,1
14252,1443,1,1,1
14253,1443,1,1,1
14254,1443,1,2,5
14255,1443,1,1,1
14256,1443,2,1,1
14257,1443,2,2,5
14258,1443,2,1,1
14259,1444,3,2,5
14260,1444,2,1,1
14261,1444,3,1,1
14262,1444,15,1,1
14263,1444,12,1,1
14264,1444,2,1,1
14265,1444,3,1,1
14266,1444,2,1,1
14267,1444,1,1,1
14268,1444,4,1,1
14269,1444,2,1,1
14270,1444,1,2,5
14271,1444,15,1,1
14272,1444,15,1,1
14273,1444,15,2,5
14274,1444,14,1,1
14275,1445,1,2,5
14276,1445,1,2,5
14277,1445,1,2,5
14278,1445,1,2,5
14279,1445,1,1,1
14280,1445,1,1,1
14281,1445,15,2,5
14282,1445,1,1,1
14283,1445,7,2,5
14284,1445,5,1,1
14285,1446,2,1,1
14286,1446,1,1,1
14287,1446,3,3,5
14288,1446,2,3,5
14289,1446,1,1,1
14290,1446,1,2,1
14291,1446,8,2,5
14292,1446,1,2,5
14293,1446,1,2,5
14294,1447,1,1,1
14295,1447,1,2,1
14296,1447,1,3,5
14297,1447,1,1,1
14298,1447,1,1,1
14299,1447,1,1,1
14300,1447,1,2,5
14301,1447,13,2,5
14302,1447,15,1,1
14303,1447,1,2,5
14304,1447,9,1,1
14305,1447,1,2,5
14306,1447,1,1,1
14307,1448,15,1,1
14308,1448,2,2,5
14309,1448,1,1,1
14310,1448,1,1,1
14311,1448,1,2,5
14312,1448,1,1,1
14313,1448,1,1,1
14314,1449,1,1,1
14315,1449,1,2,1
14316,1449,1,10,10
14317,1449,1,1,1
14318,1449,1,1,1
14319,1449,1,10,10
14320,1450,2,1,1
14321,1450,15,1,1
14322,1450,15,1,1
14323,1450,1,1,1
14324,1450,1,2,5
14325,1450,2,1,1
14326,1450,1,1,1
14327,1450,1,1,1
14328,1450,1,3,5
14329,1450,4,1,1
14330,1450,15,1,1
14331,1450,1,1,1
14332,1450,15,2,5
14333,1451,1,2,5
14334,1451,1,3,5
14335,1451,1,1,1
14336,1451,15,2,1
14337,1451,15,2,5
14338,1451,9,3,5
14339,1451,1,1,1
14340,1451,1,1,1
14341,1451,1,1,1
14342,1451,1,2,5
14343,1451,1,1,1
14344,1451,1,1,1
14345,1451,1,1,1
14346,1452,1,2,5
14347,1452,1,1,1
14348,1452,13,1,1
14349,1452,1,1,1
14350,1452,3,1,1
14351,1452,1,10,10
14352,1452,2,3,5
14353,1452,1,1,1
14354,1452,1,1,1
14355,1452,1,2,5
14356,1453,5,3,5
14357,1453,11,1,1
14358,1453,1,2,5
14359,1453,1,2,1
14360,1453,1,2,5
14361,1453,1,2,5
14362,1453,1,3,5
14363,1453,2,1,1
14364,1453,1,1,1
14365,1454,1,1,1
14366,1454,2,1,1
14367,1454,3,3,5
14368,1454,1,1,1
14369,1454,1,1,1
14370,1454,1,1,1
14371,1454,1,2,5
14372,1454,1,2,5
14373,1455,1,1,1
14374,1455,2,1,1
14375,1455,1,1,1
14376,1456,1,1,1
14377,1456,2,3,5
14378,1456,15,2,5
14379,1456,1,2,5
14380,1456,1,1,1
14381,1456,1,3,5
14382,1456,1,1,1
14383,1456,2,1,1
14384,1456,2,1,1
14385,1456,1,1,1
14386,1456,1,1,1
14387,1456,1,1,1
14388,1456,15,1,1
14389,1456,11,1,1
14390,1456,9,1,1
14391,1457,2,2,5
14392,1457,1,3,5
14393,1457,2,1,1
14394,1457,2,1,1
14395,1457,1,1,1
14396,1457,1,2,5
14397,1457,2,1,1
14398,1457,2,1,1
14399,1457,2,1,1
14400,1457,1,2,5
14401,1457,1,10,10
14402,1457,2,1,1
14403,1457,15,1,1
14404,1458,1,1,1
14405,1458,1,1,1
14406,1458,9,1,1
14407,1458,9,1,1
14408,1458,1,2,5
14409,1458,1,2,5
14410,1458,3,1,1
14411,1458,1,1,1
14412,1458,1,3,5
14413,1459,1,1,1
14414,1459,1,1,1
14415,1459,1,1,1
14416,1459,1,2,5
14417,1459,15,1,1
14418,1459,1,2,1
14419,1460,1,1,1
14420,1460,1,2,5
14421,1460,1,1,1
14422,1460,1,1,1
14423,1460,15,2,5
14424,1460,1,2,5
14425,1460,1,2,5
14426,1460,1,1,1
14427,1460,1,2,5
14428,1460,1,2,5
14429,1460,3,10,10
14430,1460,2,3,5
14431,1460,1,3,5
14432,1461,1,2,5
14433,1461,3,2,5
14434,1461,11,1,1
14435,1461,1,2,1
14436,1461,1,2,5
14437,1461,12,1,1
14438,1461,1,1,1
14439,1461,1,2,5
14440,1461,11,1,1
14441,1461,8,1,1
14442,1461,1,2,5
14443,1461,8,2,5
14444,1462,1,1,1
14445,1462,9,1,1
14446,1462,3,2,5
14447,1462,1,2,5
14448,1462,1,1,1
14449,1462,1,2,5
14450,1462,1,1,1
14451,1462,4,3,5
14452,1462,2,3,5
14453,1462,1,1,1
14454,1462,4,3,5
14455,1462,2,3,5
14456,1462,1,1,1
14457,1462,2,1,1
14458,1462,1,1,1
14459,1462,1,2,5
14460,1462,1,1,1
14461,1462,1,2,5
14462,1462,15,1,1
14463,1462,15,1,1
14464,1462,15,1,1
14465,1463,1,2,5
14466,1463,1,2,5
14467,1463,1,3,5
14468,1463,2,1,1
14469,1463,1,2,5
14470,1463,1,1,1
14471,1463,1,1,1
14472,1463,1,10,10
14473,1463,1,1,1
14474,1463,1,10,10
14475,1463,1,10,10
14476,1463,6,1,1
14477,1463,1,10,10
14478,1463,15,1,1
14479,1463,1,2,5
14480,1463,1,10,10
14481,1463,1,1,1
14482,1464,15,3,5
14483,1464,1,1,1
14484,1464,1,2,1
14485,1464,1,1,1
14486,1464,1,1,1
14487,1465,2,1,1
14488,1465,6,2,5
14489,1465,3,1,1
14490,1465,1,2,5
14491,1465,15,1,1
14492,1465,15,1,1
14493,1465,1,1,1
14494,1465,10,1,1
14495,1465,1,2,5
14496,1465,1,2,5
14497,1466,7,1,1
14498,1466,15,1,1
14499,1466,1,1,1
14500,1466,1,1,1
14501,1466,1,1,1
14502,1467,15,1,1
14503,1467,15,1,1
14504,1467,15,1,1
14505,1467,1,1,1
14506,1467,8,1,1
14507,1467,1,1,1
14508,1468,1,1,1
14509,1468,1,10,10
14510,1468,1,2,5
14511,1468,1,1,1
14512,1468,1,2,5
14513,1468,2,2,1
14514,1468,1,2,5
14515,1468,1,3,5
14516,1468,2,1,1
14517,1469,1,1,1
14518,1469,15,1,1
14519,1469,1,3,5
14520,1469,1,1,1
14521,1469,1,1,1
14522,1469,1,2,5
14523,1469,11,1,1
14524,1469,6,1,1
14525,1470,6,1,1
14526,1470,1,1,1
14527,1470,1,2,1
14528,1470,1,1,1
14529,1471,15,2,5
14530,1471,1,1,1
14531,1471,1,1,1
14532,1471,6,1,1
14533,1471,1,1,1
14534,1471,1,1,1
14535,1471,1,1,1
14536,1471,1,10,10
14537,1472,1,2,1
14538,1472,15,2,5
14539,1472,1,2,1
14540,1472,1,10,10
14541,1472,1,1,1
14542,1472,1,1,1
14543,1472,1,2,5
14544,1472,1,1,1
14545,1472,1,1,1
14546,1472,5,1,1
14547,1472,1,1,1
14548,1472,3,3,5
14549,1473,1,1,1
14550,1473,4,1,1
14551,1473,1,1,1
14552,1473,1,2,5
14553,1473,10,1,1
14554,1473,1,1,1
14555,1474,1,2,5
14556,1474,1,2,5
14557,1474,1,3,5
14558,1474,15,1,1
14559,1475,1,2,1
14560,1476,1,1,1
14561,1476,1,2,5
14562,1476,15,3,5
14563,1477,1,2,5
14564,1477,1,1,1
14565,1477,1,1,1
14566,1478,1,1,1
14567,1478,1,1,1
14568,1478,1,1,1
14569,1478,1,1,1
14570,1478,15,1,1
14571,1478,1,1,1
14572,1478,1,1,1
14573,1478,1,1,1
14574,1479,1,1,1
14575,1479,1,1,1
14576,1479,1,1,1
14577,1479,10,1,1
14578,1479,1,2,5
14579,1479,1,1,1
14580,1479,1,1,1
14581,1479,15,1,1
14582,1479,15,1,1
14583,1479,15,1,1
14584,1480,1,1,1
14585,1480,1,2,5
14586,1480,1,1,1
14587,1481,1,2,5
14588,1481,13,1,1
14589,1481,1,1,1
14590,1481,1,2,5
14591,1481,1,1,1
14592,1481,1,1,1
14593,1481,1,1,1
14594,1481,1,1,1
14595,1482,4,2,5
14596,1482,1,2,5
14597,1482,1,1,1
14598,1482,1,2,5
14599,1482,12,1,1
14600,1482,1,3,5
14601,1482,1,3,5
14602,1482,1,1,1
14603,1482,1,1,1
14604,1482,1,1,1
14605,1483,1,1,1
14606,1483,1,2,1
14607,1484,1,1,1
14608,1484,1,1,1
14609,1484,1,1,1
14610,1484,1,1,1
14611,1484,1,1,1
14612,1484,1,1,1
14613,1484,1,1,1
14614,1484,1,1,1
14615,1485,1,3,5
14616,1485,1,3,5
14617,1485,1,3,5
14618,1485,1,3,5
14619,1485,1,3,5
14620,1485,1,2,5
14621,1485,1,1,1
14622,1485,1,1,1
14623,1485,6,1,1
14624,1486,1,1,1
14625,1486,3,1,1
14626,1486,5,1,1
14627,1487,1,2,5
14628,1487,1,1,1
14629,1487,2,2,1
14630,1487,2,1,1
14631,1487,15,2,1
14632,1487,1,1,1
14633,1487,1,1,1
14634,1487,2,1,1
14635,1487,1,2,5
14636,1488,1,1,1
14637,1488,1,1,1
14638,1488,1,2,5
14639,1488,1,2,5
14640,1488,1,1,1
14641,1488,1,1,1
14642,1489,1,1,1
14643,1489,1,1,1
14644,1489,2,2,5
14645,1489,15,2,5
14646,1490,1,1,1
14647,1490,1,1,1
14648,1490,15,1,1
14649,1490,1,1,1
14650,1490,1,1,1
14651,1491,1,2,5
14652,1491,1,1,1
14653,1491,1,1,1
14654,1491,1,1,1
14655,1491,1,2,5
14656,1492,1,1,1
14657,1492,1,2,5
14658,1492,1,1,1
14659,1493,1,1,1
14660,1493,1,1,1
14661,1493,1,2,5
14662,1493,1,2,5
14663,1493,1,1,1
14664,1493,15,1,1
14665,1493,1,1,1
14666,1494,1,1,1
14667,1494,1,1,1
14668,1494,1,2,5
14669,1494,1,2,5
14670,1494,1,1,1
14671,1494,1,1,1
14672,1494,2,2,5
14673,1495,1,1,1
14674,1495,1,1,1
14675,1495,1,1,1
14676,1495,1,3,5
14677,1495,10,2,1
14678,1495,1,2,5
14679,1495,1,1,1
14680,1495,1,1,1
14681,1495,1,3,5
14682,1496,15,2,5
14683,1496,1,2,5
14684,1496,1,10,10
14685,1496,1,2,5
14686,1497,1,2,5
14687,1497,1,1,1
14688,1497,1,3,5
14689,1498,1,1,1
14690,1498,1,2,1
14691,1498,2,1,1
14692,1498,3,2,5
14693,1498,1,3,5
14694,1498,1,3,5
14695,1498,1,3,5
14696,1498,14,2,5
14697,1498,1,1,1
14698,1498,1,3,5
14699,1498,1,3,5
14700,1498,1,10,10
14701,1498,1,1,1
14702,1498,1,3,5
14703,1498,1,1,1
14704,1498,1,3,5
14705,1499,1,2,5
14706,1499,1,3,5
14707,1499,1,3,5
14708,1499,1,2,5
14709,1500,2,1,1
14710,1500,1,3,5
14711,1501,1,2,5
14712,1502,4,3,5
14713,1502,1,1,1
14714,1502,2,3,5
14715,1502,1,3,5
14716,1502,1,3,5
14717,1502,2,1,1
14718,1502,4,3,5
14719,1502,1,10,10
14720,1502,2,3,5
14721,1502,1,1,1
14722,1502,2,3,5
14723,1502,1,3,5
14724,1502,1,3,5
14725,1502,2,1,1
14726,1502,12,1,1
14727,1502,1,1,1
14728,1503,1,1,1
14729,1503,1,1,1
14730,1503,1,2,5
14731,1503,1,1,1
14732,1504,1,1,1
14733,1504,15,1,1
14734,1505,1,1,1
14735,1505,11,2,5
14736,1505,1,2,5
14737,1506,15,1,1
14738,1506,1,1,1
14739,1506,2,1,1
14740,1506,1,2,5
14741,1506,1,1,1
14742,1506,1,1,1
14743,1506,1,1,1
14744,1506,1,1,1
14745,1506,5,1,1
14746,1506,3,1,1
14747,1506,1,1,1
14748,1507,14,2,5
14749,1507,1,1,1
14750,1507,1,1,1
14751,1507,1,2,1
14752,1507,9,3,5
14753,1507,15,1,1
14754,1507,1,1,1
14755,1507,15,1,1
14756,1507,1,1,1
14757,1507,15,1,1
14758,1507,1,1,1
14759,1508,1,1,1
14760,1508,15,1,1
14761,1508,1,2,5
14762,1508,2,2,5
14763,1509,1,1,1
14764,1509,1,1,1
14765,1510,1,2,5
14766,1510,1,2,5
14767,1510,1,2,1
14768,1510,1,1,1
14769,1510,1,1,1
14770,1510,1,1,1
14771,1510,3,1,1
14772,1511,1,1,1
14773,1511,1,1,1
14774,1511,1,1,1
14775,1511,15,1,1
14776,1511,15,1,1
14777,1511,1,2,1
14778,1511,2,1,1
14779,1511,13,1,1
14780,1511,10,1,1
14781,1512,1,2,5
14782,1512,1,1,1
14783,1512,1,1,1
14784,1512,1,1,1
14785,1512,1,1,1
14786,1512,1,1,1
14787,1512,4,2,5
14788,1512,1,1,1
14789,1512,1,1,1
14790,1512,15,1,1
14791,1512,1,1,1
14792,1512,1,1,1
14793,1512,2,1,1
14794,1512,1,1,1
14795,1513,1,1,1
14796,1513,3,1,1
14797,1513,15,1,1
14798,1513,6,1,1
14799,1514,1,1,1
14800,1514,6,1,1
14801,1514,1,2,5
14802,1514,1,1,1
14803,1514,1,1,1
14804,1514,1,1,1
14805,1514,1,1,1
14806,1515,12,1,1
14807,1515,6,3,5
14808,1515,1,1,1
14809,1515,2,1,1
14810,1515,12,2,5
14811,1515,1,1,1
14812,1515,3,3,5
14813,1515,15,3,5
14814,1515,5,3,5
14815,1516,1,1,1
14816,1516,1,1,1
14817,1516,1,2,5
14818,1516,1,10,10
14819,1516,2,1,1
14820,1516,3,1,1
14821,1516,1,1,1
14822,1516,1,1,1
14823,1516,1,1,1
14824,1517,1,1,1
14825,1517,1,1,1
14826,1517,4,2,5
14827,1517,1,1,1
14828,1518,1,2,1
14829,1518,1,1,1
14830,1518,1,1,1
14831,1518,1,1,1
14832,1518,15,1,1
14833,1518,1,1,1
14834,1519,1,10,10
14835,1519,14,1,1
14836,1519,1,1,1
14837,1519,1,1,1
14838,1519,1,1,1
14839,1519,1,1,1
14840,1519,1,1,1
14841,1519,1,2,5
14842,1519,1,1,1
14843,1519,1,1,1
14844,1519,15,1,1
14845,1520,1,1,1
14846,1520,1,2,5
14847,1520,1,2,1
14848,1520,1,1,1
14849,1521,1,10,10
14850,1521,1,1,1
14851,1521,1,1,1
14852,1521,3,1,1
14853,1521,2,1,1
14854,1521,1,1,1
14855,1522,10,2,5
14856,1522,1,2,5
14857,1522,4,1,1
14858,1522,1,1,1
14859,1523,1,1,1
14860,1523,1,1,1
14861,1523,7,1,1
14862,1523,1,1,1
14863,1523,1,1,1
14864,1523,1,1,1
14865,1523,4,1,1
14866,1524,1,2,5
14867,1524,1,2,5
14868,1524,1,2,5
14869,1524,1,1,1
14870,1524,1,10,10
14871,1525,1,1,1
14872,1525,1,1,1
14873,1525,1,2,1
14874,1525,1,1,1
14875,1525,1,1,1
14876,1525,1,3,5
14877,1526,1,2,5
14878,1526,1,1,1
14879,1526,1,10,10
14880,1527,1,1,1
14881,1527,1,1,1
14882,1527,1,1,1
14883,1527,9,1,1
14884,1527,1,3,5
14885,1527,15,2,5
14886,1528,1,2,1
14887,1528,1,1,1
14888,1529,6,1,1
14889,1529,15,1,1
14890,1529,1,1,1
14891,1529,5,1,1
14892,1529,1,2,5
14893,1529,1,2,1
14894,1530,1,2,1
14895,1530,1,10,10
14896,1530,6,2,5
14897,1530,1,1,1
14898,1531,1,2,5
14899,1531,1,2,5
14900,1531,10,1,1
14901,1531,1,1,1
14902,1531,1,2,1
14903,1531,1,1,1
14904,1531,1,1,1
14905,1531,1,1,1
14906,1532,1,1,1
14907,1532,1,1,1
14908,1532,1,2,5
14909,1532,11,1,1
14910,1532,1,1,1
14911,1532,1,1,1
14912,1533,1,1,1
14913,1533,1,3,5
14914,1533,1,1,1
14915,1534,1,1,1
14916,1534,1,1,1
14917,1534,1,1,1
14918,1534,1,1,1
14919,1534,1,1,1
14920,1534,1,1,1
14921,1534,1,1,1
14922,1535,15,1,1
14923,1535,15,1,1
14924,1535,1,2,5
14925,1535,1,2,5
14926,1535,1,2,5
14927,1535,1,1,1
14928,1535,1,1,1
14929,1536,1,2,5
14930,1536,1,1,1
14931,1536,1,1,1
14932,1536,1,1,1
14933,1537,1,1,1
14934,1537,6,1,1
14935,1537,1,1,1
14936,1537,1,1,1
14937,1538,11,1,1
14938,1538,1,1,1
14939,1538,1,2,5
14940,1538,2,2,5
14941,1538,4,1,1
14942,1539,1,1,1
14943,1539,1,1,1
14944,1539,1,1,1
14945,1540,15,1,1
14946,1540,1,1,1
14947,1540,1,2,5
14948,1540,1,1,1
14949,1540,1,2,5
14950,1540,1,2,1
14951,1541,1,1,1
14952,1541,1,1,1
14953,1541,3,2,5
14954,1541,4,1,1
14955,1541,2,2,5
14956,1542,1,1,1
14957,1543,1,1,1
14958,1543,1,1,1
14959,1544,1,1,1
14960,1544,1,1,1
14961,1545,1,1,1
14962,1545,1,2,1
14963,1545,1,1,1
14964,1545,10,2,5
14965,1545,1,1,1
14966,1546,1,1,1
14967,1546,15,1,1
14968,1546,2,1,1
14969,1546,1,1,1
14970,1547,1,1,1
14971,1548,1,2,5
14972,1548,1,1,1
14973,1548,1,1,1
14974,1548,1,1,1
14975,1548,1,1,1
14976,1548,1,1,1
14977,1548,1,1,1
14978,1548,1,1,1
14979,1548,13,1,1
14980,1548,13,1,1
14981,1549,4,1,1
14982,1549,3,2,5
14983,1550,10,1,1
14984,1550,1,1,1
14985,1550,3,2,5
14986,1550,1,1,1
14987,1550,1,2,1
14988,1550,1,1,1
14989,1551,10,1,1
14990,1551,1,2,5
14991,1551,15,1,1
14992,1551,1,1,1
14993,1551,1,1,1
14994,1551,1,1,1
14995,1551,1,2,5
14996,1552,1,1,1
14997,1552,1,2,5
14998,1552,8,1,1
14999,1553,11,1,1
15000,1553,3,1,1
15001,1554,6,1,1
15002,1554,1,1,1
15003,1554,15,1,1
15004,1554,1,1,1
15005,1554,1,1,1
15006,1554,1,1,1
15007,1554,15,2,1
15008,1554,1,1,1
15009,1554,15,3,5
15010,1555,1,2,5
15011,1556,1,1,1
15012,1556,1,1,1
15013,1556,15,1,1
15014,1556,2,1,1
15015,1557,1,2,1
15016,1557,15,1,1
15017,1557,2,2,5
15018,1557,1,1,1
15019,1557,2,2,5
15020,1557,1,1,1
15021,1557,1,3,5
15022,1557,1,3,5
15023,1558,4,2,5
15024,1559,3,1,1
15025,1559,15,1,1
15026,1559,1,1,1
15027,1559,1,1,1
15028,1559,1,2,5
15029,1559,15,1,1
15030,1560,1,10,10
15031,1560,4,1,1
15032,1560,1,10,10
15033,1560,1,1,1
15034,1560,1,10,10
15035,1560,1,2,5
15036,1560,2,3,5
15037,1560,15,3,5
15038,1560,1,3,5
15039,1560,1,3,5
15040,1560,4,1,1
15041,1560,2,3,5
15042,1561,9,3,5
15043,1561,1,3,5
15044,1561,2,3,5
15045,1561,2,3,5
15046,1561,2,3,5
15047,1561,1,2,5
15048,1561,1,1,1
15049,1561,14,1,1
15050,1562,1,1,1
15051,1562,1,1,1
15052,1562,1,1,1
15053,1562,1,1,1
15054,1562,7,1,1
15055,1562,1,1,1
15056,1562,1,1,1
15057,1562,1,2,1
15058,1563,15,3,5
15059,1563,4,1,1
15060,1563,6,2,5
15061,1563,1,2,5
15062,1563,1,1,1
15063,1563,1,1,1
15064,1564,1,2,5
15065,1564,3,2,5
15066,1564,1,2,1
15067,1565,1,2,1
15068,1565,1,1,1
15069,1565,2,1,1
15070,1565,1,1,1
15071,1566,1,2,1
15072,1566,15,1,1
15073,1566,1,1,1
15074,1566,15,1,1
15075,1567,1,2,5
15076,1567,1,1,1
15077,1567,1,1,1
15078,1567,2,1,1
15079,1568,1,1,1
15080,1568,1,1,1
15081,1568,1,3,5
15082,1568,2,3,5
15083,1568,1,3,5
15084,1568,1,1,1
15085,1568,1,3,5
15086,1569,1,1,1
15087,1569,15,3,5
15088,1569,1,10,10
15089,1569,1,1,1
15090,1569,2,1,1
15091,1569,1,1,1
15092,1569,1,1,1
15093,1569,15,1,1
15094,1570,1,2,5
15095,1570,1,2,5
15096,1570,2,1,1
15097,1571,1,2,5
15098,1571,1,3,5
15099,1571,12,2,5
15100,1571,3,1,1
15101,1572,2,1,1
15102,1572,15,1,1
15103,1573,1,2,1
15104,1573,1,1,1
15105,1573,1,1,1
15106,1573,1,2,5
15107,1573,1,1,1
15108,1573,1,1,1
15109,1573,15,1,1
15110,1573,3,1,1
15111,1573,1,1,1
15112,1573,2,2,5
15113,1573,1,1,1
15114,1573,1,2,1
15115,1573,1,1,1
15116,1573,1,1,1
15117,1573,1,1,1
15118,1573,2,1,1
15119,1573,1,1,1
15120,1574,1,1,1
15121,1574,15,1,1
15122,1574,1,1,1
15123,1574,1,1,1
15124,1574,1,1,1
15125,1574,12,2,1
15126,1575,1,1,1
15127,1575,1,1,1
15128,1575,2,3,5
15129,1575,2,3,5
15130,1575,2,3,5
15131,1575,13,1,1
15132,1575,1,2,5
15133,1576,1,1,1
15134,1576,5,1,1
15135,1576,2,1,1
15136,1576,1,2,5
15137,1576,1,1,1
15138,1577,1,1,1
15139,1577,1,1,1
15140,1577,2,1,1
15141,1577,2,1,1
15142,1577,15,1,1
15143,1577,1,1,1
15144,1577,1,1,1
15145,1577,1,1,1
15146,1578,2,1,1
15147,1578,15,1,1
15148,1578,1,2,5
15149,1579,1,1,1
15150,1579,1,1,1
15151,1579,15,3,5
15152,1579,1,1,1
15153,1579,15,1,1
15154,1579,1,1,1
15155,1579,1,2,1
15156,1579,1,1,1
15157,1579,1,1,1
15158,1579,15,1,1
15159,1579,1,1,1
15160,1579,1,2,1
15161,1579,1,1,1
15162,1579,2,1,1
15163,1579,4,2,5
15164,1579,15,1,1
15165,1580,10,1,1
15166,1580,13,1,1
15167,1580,1,1,1
15168,1580,1,1,1
15169,1580,1,1,1
15170,1580,7,1,1
15171,1581,1,1,1
15172,1581,2,2,5
15173,1581,1,2,1
15174,1582,1,2,5
15175,1582,1,2,5
15176,1582,15,1,1
15177,1582,1,2,5
15178,1582,1,2,5
15179,1582,1,2,1
15180,1582,1,1,1
15181,1582,1,2,5
15182,1582,4,1,1
15183,1583,1,1,1
15184,1583,1,1,1
15185,1583,2,1,1
15186,1583,15,1,1
15187,1584,1,1,1
15188,1584,1,1,1
15189,1584,1,1,1
15190,1584,1,1,1
15191,1584,1,1,1
15192,1585,1,3,5
15193,1585,9,2,5
15194,1585,1,2,5
15195,1585,1,10,10
15196,1585,1,1,1
15197,1585,8,1,1
15198,1586,1,1,1
15199,1586,1,2,1
15200,1587,1,2,5
15201,1587,1,1,1
15202,1588,1,1,1
15203,1588,15,1,1
15204,1588,15,1,1
15205,1588,15,1,1
15206,1588,3,1,1
15207,1588,1,2,5
15208,1588,1,2,5
15209,1589,1,1,1
15210,1589,1,1,1
15211,1590,1,2,5
15212,1590,1,1,1
15213,1590,7,1,1
15214,1590,1,1,1
15215,1590,1,2,1
15216,1590,1,1,1
15217,1590,1,2,5
15218,1590,1,1,1
15219,1590,1,1,1
15220,1591,3,1,1
15221,1591,9,1,1
15222,1591,4,1,1
15223,1591,1,1,1
15224,1592,15,1,1
15225,1592,1,2,5
15226,1592,1,1,1
15227,1592,1,1,1
15228,1593,5,1,1
15229,1593,1,2,5
15230,1593,8,1,1
15231,1593,15,1,1
15232,1593,1,1,1
15233,1593,1,2,5
15234,1593,1,2,5
15235,1594,1,1,1
15236,1594,15,1,1
15237,1594,1,1,1
15238,1594,1,1,1
15239,1594,1,1,1
15240,1594,2,3,5
15241,1595,15,1,1
15242,1595,15,1,1
15243,1595,1,1,1
15244,1595,1,1,1
15245,1595,1,1,1
15246,1595,1,1,1
15247,1596,1,1,1
15248,1596,1,1,1
15249,1596,1,1,1
15250,1597,1,3,5
15251,1597,1,2,5
15252,1597,15,3,5
15253,1597,1,2,5
15254,1597,15,3,5
15255,1597,1,2,5
15256,1597,15,3,5
15257,1598,1,2,5
15258,1598,1,1,1
15259,1598,1,1,1
15260,1598,2,1,1
15261,1598,1,1,1
15262,1598,15,1,1
15263,1598,1,2,5
15264,1599,1,2,5
15265,1599,15,1,1
15266,1599,5,1,1
15267,1599,1,2,1
15268,1600,4,1,1
15269,1600,1,1,1
15270,1601,1,2,5
15271,1601,1,2,5
15272,1601,1,2,5
15273,1601,1,1,1
15274,1601,1,1,1
15275,1601,1,1,1
15276,1601,1,1,1
15277,1601,1,1,1
15278,1601,1,2,5
15279,1602,1,1,1
15280,1602,6,1,1
15281,1602,15,1,1
15282,1603,1,1,1
15283,1603,1,2,5
15284,1603,15,1,1
15285,1603,1,1,1
15286,1603,1,2,1
15287,1604,1,2,5
15288,1604,15,2,1
15289,1604,15,2,5
15290,1604,1,1,1
15291,1604,1,1,1
15292,1604,1,1,1
15293,1604,1,2,5
15294,1604,1,1,1
15295,1604,1,2,5
15296,1605,15,2,5
15297,1605,15,1,1
15298,1605,1,2,5
15299,1606,1,1,1
15300,1606,6,1,1
15301,1606,1,2,5
15302,1606,1,1,1
15303,1606,1,1,1
15304,1606,1,1,1
15305,1606,1,1,1
15306,1606,1,1,1
15307,1606,1,2,5
15308,1606,1,1,1
15309,1606,1,1,1
15310,1606,1,1,1
15311,1606,1,1,1
15312,1607,1,1,1
15313,1607,1,1,1
15314,1607,1,1,1
15315,1607,1,1,1
15316,1607,1,1,1
15317,1607,1,1,1
15318,1609,1,1,1
15319,1611,1,1,1
15320,1611,1,2,5
15321,1611,2,1,1
15322,1612,1,1,1
15323,1612,1,2,5
15324,1612,1,1,1
15325,1612,1,1,1
15326,1612,1,1,1
15327,1612,1,2,1
15328,1612,1,1,1
15329,1612,1,1,1
15330,1612,1,1,1
15331,1612,1,1,1
15332,1612,1,1,1
15333,1613,1,2,5
15334,1613,1,2,5
15335,1613,15,1,1
15336,1613,8,1,1
15337,1613,1,1,1
15338,1613,15,1,1
15339,1613,1,2,1
15340,1613,1,3,5
15341,1613,1,1,1
15342,1614,14,1,1
15343,1614,1,1,1
15344,1614,15,1,1
15345,1614,1,1,1
15346,1615,1,1,1
15347,1615,1,1,1
15348,1615,12,1,1
15349,1615,1,1,1
15350,1615,1,1,1
15351,1615,1,3,5
15352,1615,1,1,1
15353,1615,1,3,5
15354,1615,1,1,1
15355,1615,1,2,5
15356,1616,1,10,10
15357,1616,1,10,10
15358,1616,1,10,10
15359,1616,1,1,1
15360,1616,9,1,1
15361,1616,10,1,1
15362,1616,1,1,1
15363,1616,6,1,1
15364,1616,10,1,1
15365,1617,10,1,1
15366,1617,1,2,5
15367,1617,1,1,1
15368,1617,4,1,1
15369,1617,1,1,1
15370,1617,1,2,1
15371,1618,1,1,1
15372,1618,1,1,1
15373,1618,1,1,1
15374,1618,1,1,1
15375,1618,1,1,1
15376,1618,3,2,5
15377,1618,3,2,5
15378,1618,1,2,5
15379,1618,1,2,5
15380,1618,3,1,1
15381,1619,1,1,1
15382,1619,1,2,5
15383,1620,1,1,1
15384,1620,1,1,1
15385,1620,1,1,1
15386,1620,1,1,1
15387,1620,1,1,1
15388,1620,1,2,5
15389,1620,1,1,1
15390,1620,12,2,1
15391,1620,1,1,1
15392,1620,1,1,1
15393,1620,1,3,5
15394,1620,1,1,1
15395,1620,1,3,5
15396,1620,1,3,5
15397,1620,1,1,1
15398,1620,1,1,1
15399,1620,1,1,1
15400,1620,1,1,1
15401,1620,1,1,1
15402,1620,1,1,1
15403,1620,1,1,1
15404,1620,1,1,1
15405,1620,3,1,1
15406,1620,1,1,1
15407,1620,1,1,1
15408,1620,1,1,1
15409,1620,1,3,5
15410,1620,1,1,1
15411,1620,1,1,1
15412,1620,1,3,5
15413,1621,1,10,10
15414,1621,4,1,1
15415,1621,1,1,1
15416,1621,1,1,1
15417,1621,1,2,5
15418,1621,1,1,1
15419,1621,1,1,1
15420,1621,1,1,1
15421,1622,2,1,1
15422,1622,1,10,10
15423,1622,5,1,1
15424,1622,1,3,5
15425,1622,3,3,5
15426,1622,1,1,1
15427,1622,1,2,1
15428,1622,2,1,1
15429,1622,1,10,10
15430,1622,15,1,1
15431,1622,1,1,1
15432,1623,1,1,1
15433,1623,1,1,1
15434,1623,1,1,1
15435,1623,1,1,1
15436,1623,1,1,1
15437,1623,1,1,1
15438,1623,1,3,5
15439,1623,1,1,1
15440,1623,1,1,1
15441,1623,1,1,1
15442,1623,1,1,1
15443,1623,1,1,1
15444,1623,1,1,1
15445,1623,1,3,5
15446,1623,1,1,1
15447,1623,1,1,1
15448,1623,1,1,1
15449,1623,1,1,1
15450,1623,1,2,5
15451,1623,1,3,5
15452,1623,1,1,1
15453,1623,1,1,1
15454,1623,1,2,5
15455,1623,1,2,5
15456,1624,1,1,1
15457,1624,15,2,5
15458,1624,1,2,5
15459,1624,1,1,1
15460,1624,1,10,10
15461,1624,2,3,5
15462,1625,1,1,1
15463,1625,4,1,1
15464,1625,1,1,1
15465,1625,1,1,1
15466,1625,1,1,1
15467,1625,1,1,1
15468,1625,1,1,1
15469,1625,1,1,1
15470,1625,1,2,1
15471,1625,1,1,1
15472,1625,1,1,1
15473,1625,1,2,5
15474,1625,1,1,1
15475,1625,1,1,1
15476,1625,1,1,1
15477,1625,1,1,1
15478,1625,1,1,1
15479,1625,7,3,5
15480,1625,4,3,5
15481,1625,1,1,1
15482,1625,1,1,1
15483,1625,4,3,5
15484,1625,1,3,5
15485,1625,1,1,1
15486,1625,1,1,1
15487,1625,1,2,5
15488,1625,4,3,5
15489,1625,1,1,1
15490,1625,1,1,1
15491,1626,5,3,5
15492,1626,1,1,1
15493,1626,1,1,1
15494,1626,1,1,1
15495,1626,1,1,1
15496,1626,2,1,1
15497,1626,1,1,1
15498,1626,1,1,1
15499,1626,15,1,1
15500,1626,1,1,1
15501,1626,1,1,1
15502,1627,1,2,5
15503,1627,1,1,1
15504,1627,1,1,1
15505,1627,1,1,1
15506,1627,1,1,1
15507,1627,1,1,1
15508,1627,1,1,1
15509,1627,1,1,1
15510,1627,1,1,1
15511,1627,1,1,1
15512,1627,1,1,1
15513,1627,15,3,5
15514,1628,1,1,1
15515,1628,1,1,1
15516,1628,1,1,1
15517,1628,1,1,1
15518,1629,1,1,1
15519,1629,3,2,5
15520,1629,1,2,5
15521,1629,1,2,1
15522,1629,3,1,1
15523,1629,1,1,1
15524,1629,1,1,1
15525,1629,10,10,10
15526,1629,1,2,5
15527,1629,11,10,10
15528,1630,2,1,1
15529,1630,1,1,1
15530,1630,1,1,1
15531,1630,2,2,1
15532,1631,1,1,1
15533,1631,1,2,5
15534,1631,15,1,1
15535,1631,1,2,5
15536,1631,1,1,1
15537,1631,15,10,10
15538,1631,1,1,1
15539,1631,1,1,1
15540,1631,1,1,1
15541,1631,1,1,1
15542,1632,1,1,1
15543,1632,1,1,1
15544,1632,1,1,1
15545,1632,1,1,1
15546,1632,1,1,1
15547,1632,1,1,1
15548,1632,1,2,5
15549,1632,1,1,1
15550,1632,1,2,1
15551,1632,1,1,1
15552,1632,1,1,1
15553,1632,1,1,1
15554,1632,1,1,1
15555,1632,1,1,1
15556,1632,1,1,1
15557,1632,15,2,5
15558,1632,1,1,1
15559,1632,1,1,1
15560,1632,1,1,1
15561,1632,1,2,5
15562,1632,1,1,1
15563,1632,1,1,1
15564,1632,1,1,1
15565,1632,1,2,5
15566,1633,1,1,1
15567,1633,15,1,1
15568,1633,1,1,1
15569,1633,1,1,1
15570,1633,15,2,5
15571,1633,1,1,1
15572,1633,3,1,1
15573,1633,12,3,5
15574,1633,1,1,1
15575,1633,3,1,1
15576,1634,12,1,1
15577,1634,3,1,1
15578,1634,1,1,1
15579,1634,1,1,1
15580,1634,1,1,1
15581,1634,1,1,1
15582,1634,3,1,1
15583,1634,1,1,1
15584,1634,1,1,1
15585,1634,1,1,1
15586,1634,1,1,1
15587,1634,1,1,1
15588,1634,1,1,1
15589,1634,1,10,10
15590,1634,1,1,1
15591,1634,1,1,1
15592,1634,1,1,1
15593,1634,1,2,1
15594,1634,1,1,1
15595,1634,1,1,1
15596,1634,1,2,5
15597,1634,1,1,1
15598,1635,1,1,1
15599,1635,1,1,1
15600,1635,15,1,1
15601,1635,1,1,1
15602,1635,1,1,1
15603,1635,8,1,1
15604,1635,1,1,1
15605,1635,6,1,1
15606,1635,1,1,1
15607,1635,15,1,1
15608,1636,1,2,1
15609,1636,3,1,1
15610,1636,1,2,5
15611,1636,1,1,1
15612,1637,1,1,1
15613,1637,1,1,1
15614,1637,1,1,1
15615,1637,2,2,5
15616,1638,1,2,1
15617,1638,4,3,5
15618,1638,1,3,5
15619,1638,4,3,5
15620,1638,2,3,5
15621,1638,5,1,1
15622,1638,5,2,5
15623,1638,12,10,10
15624,1638,3,3,5
15625,1638,1,1,1
15626,1638,13,3,5
15627,1639,15,2,5
15628,1639,1,1,1
15629,1639,15,2,5
15630,1639,13,10,10
15631,1639,15,3,5
15632,1640,1,1,1
15633,1640,1,1,1
15634,1640,14,1,1
15635,1640,1,1,1
15636,1640,1,1,1
15637,1640,1,1,1
15638,1640,1,2,1
15639,1640,1,1,1
15640,1640,1,1,1
15641,1640,1,1,1
15642,1640,1,1,1
15643,1640,2,1,1
15644,1641,1,3,5
15645,1641,1,1,1
15646,1641,1,2,5
15647,1641,1,1,1
15648,1641,1,1,1
15649,1641,1,1,1
15650,1641,1,1,1
15651,1641,1,1,1
15652,1641,1,1,1
15653,1641,1,1,1
15654,1641,1,1,1
15655,1641,1,1,1
15656,1641,15,1,1
15657,1641,1,1,1
15658,1641,14,2,5
15659,1642,1,1,1
15660,1642,1,1,1
15661,1642,1,1,1
15662,1642,9,3,5
15663,1642,1,2,5
15664,1642,1,1,1
15665,1642,1,1,1
15666,1642,15,1,1
15667,1642,15,2,1
15668,1643,1,1,1
15669,1643,1,1,1
15670,1643,1,1,1
15671,1643,1,1,1
15672,1643,1,1,1
15673,1643,1,1,1
15674,1643,1,1,1
15675,1643,1,1,1
15676,1643,1,1,1
15677,1643,1,2,5
15678,1643,1,1,1
15679,1644,3,10,10
15680,1644,1,1,1
15681,1644,1,1,1
15682,1644,1,1,1
15683,1644,1,1,1
15684,1644,1,1,1
15685,1644,1,1,1
15686,1644,1,1,1
15687,1644,1,1,1
15688,1644,1,1,1
15689,1644,1,1,1
15690,1644,1,1,1
15691,1644,1,1,1
15692,1644,1,1,1
15693,1644,3,1,1
15694,1645,5,2,5
15695,1645,2,1,1
15696,1645,1,1,1
15697,1645,15,1,1
15698,1645,12,1,1
15699,1645,1,2,5
15700,1645,1,1,1
15701,1645,1,1,1
15702,1646,3,1,1
15703,1646,1,2,1
15704,1646,1,1,1
15705,1646,15,1,1
15706,1646,1,2,5
15707,1646,1,1,1
15708,1646,1,1,1
15709,1647,1,3,5
15710,1647,1,2,5
15711,1647,1,1,1
15712,1647,1,1,1
15713,1647,1,1,1
15714,1647,1,1,1
15715,1647,15,1,1
15716,1647,1,2,5
15717,1647,2,1,1
15718,1648,1,2,5
15719,1648,1,1,1
15720,1648,1,1,1
15721,1648,3,1,1
15722,1648,12,2,5
15723,1648,1,1,1
15724,1649,1,2,5
15725,1649,1,10,10
15726,1649,1,1,1
15727,1649,1,3,5
15728,1649,4,1,1
15729,1649,1,1,1
15730,1649,1,1,1
15731,1649,10,1,1
15732,1650,1,1,1
15733,1650,1,1,1
15734,1650,14,1,1
15735,1650,1,2,5
15736,1650,14,1,1
15737,1650,6,1,1
15738,1650,1,1,1
15739,1650,1,1,1
15740,1650,1,1,1
15741,1650,1,1,1
15742,1650,1,2,5
15743,1650,14,1,1
15744,1650,1,1,1
15745,1650,1,2,5
15746,1651,2,1,1
15747,1651,1,1,1
15748,1651,15,1,1
15749,1651,1,1,1
15750,1651,6,3,5
15751,1651,1,2,5
15752,1651,1,1,1
15753,1651,1,1,1
15754,1651,4,3,5
15755,1651,15,1,1
15756,1651,4,10,10
15757,1651,15,10,10
15758,1652,1,1,1
15759,1652,1,3,5
15760,1652,7,1,1
15761,1652,1,2,5
15762,1652,14,1,1
15763,1652,9,1,1
15764,1652,15,1,1
15765,1652,6,1,1
15766,1652,11,1,1
15767,1652,2,1,1
15768,1652,2,2,5
15769,1652,14,1,1
15770,1653,10,1,1
15771,1653,1,2,5
15772,1653,1,2,5
15773,1653,1,2,5
15774,1653,11,1,1
15775,1654,1,2,5
15776,1654,1,1,1
15777,1654,11,1,1
15778,1654,15,1,1
15779,1654,1,1,1
15780,1654,1,2,5
15781,1654,1,1,1
15782,1654,1,1,1
15783,1654,1,1,1
15784,1654,1,1,1
15785,1654,9,1,1
15786,1654,1,1,1
15787,1654,1,1,1
15788,1655,2,1,1
15789,1655,1,2,5
15790,1655,2,1,1
15791,1655,2,1,1
15792,1656,1,3,5
15793,1656,1,2,5
15794,1656,1,1,1
15795,1656,1,1,1
15796,1656,10,1,1
15797,1656,1,1,1
15798,1656,1,10,10
15799,1656,1,10,10
15800,1656,11,1,1
15801,1656,1,10,10
15802,1657,14,1,1
15803,1657,1,1,1
15804,1657,1,2,5
15805,1657,5,1,1
15806,1657,4,2,5
15807,1657,1,1,1
15808,1657,2,2,1
15809,1657,2,10,10
15810,1657,1,1,1
15811,1657,1,2,1
15812,1657,1,2,5
15813,1657,6,1,1
15814,1658,1,1,1
15815,1658,1,1,1
15816,1658,15,2,5
15817,1658,1,2,5
15818,1658,10,1,1
15819,1658,8,1,1
15820,1658,1,3,5
15821,1658,1,1,1
15822,1658,1,1,1
15823,1658,1,1,1
15824,1658,1,2,5
15825,1659,1,1,1
15826,1659,1,2,5
15827,1659,1,1,1
15828,1659,1,1,1
15829,1659,15,2,1
15830,1659,1,2,5
15831,1660,1,2,5
15832,1660,1,2,5
15833,1660,8,1,1
15834,1660,1,1,1
15835,1660,1,1,1
15836,1660,9,1,1
15837,1660,10,1,1
15838,1660,1,2,5
15839,1660,1,1,1
15840,1660,1,1,1
15841,1661,1,1,1
15842,1661,1,2,5
15843,1661,1,2,5
15844,1661,2,1,1
15845,1661,1,2,5
15846,1661,15,2,1
15847,1661,1,2,5
15848,1661,1,1,1
15849,1661,1,2,5
15850,1662,1,1,1
15851,1662,4,1,1
15852,1662,1,1,1
15853,1662,1,2,5
15854,1662,1,1,1
15855,1662,7,1,1
15856,1662,1,1,1
15857,1662,1,1,1
15858,1662,6,1,1
15859,1662,1,1,1
15860,1663,1,1,1
15861,1663,1,2,5
15862,1663,1,2,5
15863,1663,8,1,1
15864,1663,15,2,5
15865,1663,6,1,1
15866,1663,1,1,1
15867,1663,15,1,1
15868,1663,1,2,5
15869,1663,15,1,1
15870,1664,1,1,1
15871,1664,1,3,5
15872,1664,15,1,1
15873,1664,1,1,1
15874,1664,1,10,10
15875,1664,1,1,1
15876,1665,2,1,1
15877,1665,1,10,10
15878,1665,1,1,1
15879,1665,1,10,10
15880,1665,1,1,1
15881,1665,1,2,5
15882,1665,1,1,1
15883,1665,1,1,1
15884,1665,1,1,1
15885,1665,1,2,1
15886,1665,1,1,1
15887,1666,7,1,1
15888,1666,1,2,5
15889,1666,1,2,5
15890,1666,4,1,1
15891,1666,1,1,1
15892,1666,9,1,1
15893,1666,1,1,1
15894,1666,1,1,1
15895,1666,1,1,1
15896,1666,1,1,1
15897,1666,1,3,5
15898,1666,11,1,1
15899,1666,7,2,5
15900,1666,1,2,5
15901,1667,1,2,5
15902,1667,1,1,1
15903,1667,1,2,5
15904,1667,1,10,10
15905,1667,15,1,1
15906,1667,4,1,1
15907,1667,15,1,1
15908,1667,1,1,1
15909,1667,1,2,5
15910,1668,1,1,1
15911,1668,15,3,5
15912,1668,1,1,1
15913,1668,1,1,1
15914,1668,1,2,5
15915,1668,1,1,1
15916,1668,1,2,5
15917,1669,9,2,5
15918,1669,1,10,10
15919,1669,1,1,1
15920,1669,1,3,5
15921,1669,3,1,1
15922,1669,2,1,1
15923,1670,15,1,1
15924,1670,15,1,1
15925,1670,1,2,5
15926,1670,4,1,1
15927,1670,1,2,5
15928,1670,1,2,5
15929,1670,1,1,1
15930,1670,1,2,5
15931,1670,15,2,5
15932,1670,1,2,5
15933,1670,1,1,1
15934,1671,15,1,1
15935,1671,3,1,1
15936,1671,1,2,5
15937,1671,1,1,1
15938,1671,1,10,10
15939,1671,1,3,5
15940,1671,1,1,1
15941,1671,2,3,5
15942,1671,1,2,5
15943,1671,1,1,1
15944,1671,1,3,5
15945,1671,3,1,1
15946,1671,1,1,1
15947,1671,15,1,1
15948,1671,1,2,5
15949,1671,1,2,5
15950,1671,1,10,10
15951,1671,2,1,1
15952,1671,1,2,1
15953,1671,1,2,5
15954,1672,1,2,5
15955,1672,1,10,10
15956,1672,1,2,5
15957,1672,1,2,5
15958,1672,1,1,1
15959,1673,1,2,5
15960,1673,1,2,5
15961,1673,3,1,1
15962,1673,1,1,1
15963,1673,1,2,5
15964,1673,1,1,1
15965,1673,1,2,5
15966,1673,1,1,1
15967,1673,1,2,5
15968,1673,1,1,1
15969,1674,1,1,1
15970,1674,1,2,5
15971,1674,1,2,5
15972,1675,3,3,5
15973,1675,1,1,1
15974,1675,1,2,5
15975,1675,1,1,1
15976,1675,2,3,5
15977,1675,2,3,5
15978,1676,2,3,5
15979,1676,2,3,5
15980,1676,1,3,5
15981,1676,1,3,5
15982,1676,2,3,5
15983,1676,1,2,5
15984,1676,15,2,5
15985,1676,1,1,1
15986,1677,1,1,1
15987,1677,1,1,1
15988,1677,1,1,1
15989,1678,1,2,5
15990,1678,2,1,1
15991,1678,15,1,1
15992,1678,1,2,5
15993,1678,13,10,10
15994,1678,2,1,1
15995,1678,1,1,1
15996,1678,3,1,1
15997,1679,1,1,1
15998,1679,1,1,1
15999,1679,3,1,1
16000,1679,1,1,1
16001,1679,1,2,1
16002,1679,1,2,5
16003,1679,1,2,1
16004,1679,15,1,1
16005,1679,1,1,1
16006,1679,1,1,1
16007,1679,15,1,1
16008,1679,3,1,1
16009,1679,15,1,1
16010,1679,1,2,5
16011,1680,15,1,1
16012,1680,4,1,1
16013,1680,1,2,5
16014,1681,1,1,1
16015,1681,15,1,1
16016,1681,1,2,5
16017,1681,3,1,1
16018,1681,14,1,1
16019,1681,1,2,5
16020,1682,1,2,5
16021,1682,1,10,10
16022,1682,4,1,1
16023,1682,1,2,5
16024,1682,12,1,1
16025,1682,1,1,1
16026,1682,15,1,1
16027,1682,1,2,5
16028,1682,11,1,1
16029,1682,15,1,1
16030,1682,1,1,1
16031,1682,1,1,1
16032,1682,1,2,5
16033,1682,1,1,1
16034,1682,1,2,1
16035,1683,1,1,1
16036,1683,1,1,1
16037,1683,9,1,1
16038,1683,9,1,1
16039,1683,1,1,1
16040,1683,4,1,1
16041,1683,1,2,1
16042,1683,1,2,5
16043,1683,3,1,1
16044,1684,2,1,1
16045,1684,1,1,1
16046,1684,2,2,5
16047,1684,1,1,1
16048,1684,1,1,1
16049,1684,1,1,1
16050,1684,1,1,1
16051,1684,1,2,5
16052,1684,1,1,1
16053,1685,1,1,1
16054,1685,1,1,1
16055,1685,15,1,1
16056,1685,7,1,1
16057,1685,6,1,1
16058,1685,1,1,1
16059,1685,1,1,1
16060,1685,1,1,1
16061,1685,5,1,1
16062,1686,1,3,5
16063,1686,1,10,10
16064,1686,1,1,1
16065,1686,1,3,5
16066,1686,1,2,5
16067,1686,1,2,5
16068,1686,5,1,1
16069,1686,1,2,5
16070,1686,1,1,1
16071,1687,1,2,5
16072,1687,1,1,1
16073,1687,1,1,1
16074,1687,3,2,5
16075,1687,4,1,1
16076,1687,1,1,1
16077,1687,15,10,10
16078,1687,1,2,5
16079,1688,1,2,5
16080,1688,1,1,1
16081,1688,2,1,1
16082,1688,1,2,5
16083,1688,1,2,5
16084,1688,2,1,1
16085,1689,1,1,1
16086,1689,1,1,1
16087,1689,1,2,5
16088,1689,1,2,5
16089,1689,1,1,1
16090,1689,3,1,1
16091,1689,1,2,5
16092,1690,4,2,5
16093,1690,1,1,1
16094,1690,1,2,5
16095,1690,1,2,5
16096,1690,1,1,1
16097,1690,1,2,5
16098,1690,1,1,1
16099,1690,1,3,5
16100,1691,1,1,1
16101,1691,2,3,5
16102,1691,1,1,1
16103,1691,1,2,5
16104,1691,1,2,1
16105,1692,1,3,5
16106,1692,1,1,1
16107,1692,1,2,5
16108,1692,1,3,5
16109,1692,1,3,5
16110,1692,1,1,1
16111,1692,1,2,5
16112,1692,1,2,5
16113,1692,2,1,1
16114,1692,1,2,1
16115,1692,1,2,5
16116,1692,1,1,1
16117,1692,15,2,1
16118,1692,1,2,5
16119,1692,4,1,1
16120,1693,1,1,1
16121,1693,1,2,5
16122,1693,1,2,5
16123,1693,8,1,1
16124,1693,14,1,1
16125,1693,15,1,1
16126,1693,1,3,5
16127,1693,15,10,10
16128,1693,1,10,10
16129,1694,1,1,1
16130,1694,1,2,5
16131,1694,1,2,5
16132,1694,1,1,1
16133,1694,1,1,1
16134,1694,1,1,1
16135,1694,1,1,1
16136,1694,1,2,1
16137,1695,1,1,1
16138,1695,6,2,5
16139,1695,14,1,1
16140,1695,1,2,1
16141,1695,1,2,5
16142,1695,1,1,1
16143,1695,1,1,1
16144,1695,1,2,5
16145,1695,1,1,1
16146,1695,1,2,5
16147,1695,1,1,1
16148,1695,1,1,1
16149,1695,1,1,1
16150,1695,1,1,1
16151,1695,4,1,1
16152,1695,1,2,5
16153,1696,1,1,1
16154,1696,1,1,1
16155,1696,1,1,1
16156,1696,1,1,1
16157,1696,1,1,1
16158,1696,13,3,5
16159,1696,1,1,1
16160,1697,1,2,5
16161,1697,1,1,1
16162,1697,1,10,10
16163,1697,1,2,5
16164,1697,1,2,5
16165,1697,1,2,5
16166,1697,1,1,1
16167,1697,1,1,1
16168,1697,1,3,5
16169,1698,1,1,1
16170,1698,1,1,1
16171,1698,1,2,5
16172,1698,1,1,1
16173,1698,1,3,5
16174,1698,1,3,5
16175,1698,5,1,1
16176,1698,1,2,5
16177,1698,1,3,5
16178,1698,14,2,5
16179,1698,1,1,1
16180,1698,1,1,1
16181,1699,2,2,5
16182,1699,1,2,5
16183,1699,1,2,5
16184,1699,1,10,10
16185,1699,1,2,5
16186,1699,15,1,1
16187,1700,1,1,1
16188,1700,5,3,5
16189,1700,1,1,1
16190,1700,1,1,1
16191,1700,8,10,10
16192,1700,1,1,1
16193,1700,1,2,5
16194,1700,1,3,5
16195,1700,1,2,5
16196,1700,1,1,1
16197,1700,1,2,1
16198,1700,1,1,1
16199,1700,1,1,1
16200,1701,15,2,1
16201,1701,1,1,1
16202,1701,15,2,5
16203,1701,1,1,1
16204,1701,6,3,5
16205,1701,1,1,1
16206,1701,15,1,1
16207,1701,1,1,1
16208,1701,1,1,1
16209,1701,1,1,1
16210,1702,15,1,1
16211,1702,10,3,5
16212,1702,3,1,1
16213,1702,1,1,1
16214,1702,3,3,5
16215,1702,5,1,1
16216,1702,15,1,1
16217,1702,1,2,5
16218,1702,6,1,1
16219,1702,1,1,1
16220,1702,1,1,1
16221,1702,1,1,1
16222,1703,6,3,5
16223,1703,1,2,5
16224,1703,9,3,5
16225,1703,6,10,10
16226,1703,1,2,5
16227,1703,1,1,1
16228,1703,1,2,5
16229,1704,15,1,1
16230,1704,1,1,1
16231,1704,15,2,5
16232,1704,1,1,1
16233,1704,1,1,1
16234,1704,1,1,1
16235,1704,11,1,1
16236,1704,1,1,1
16237,1704,2,1,1
16238,1704,1,1,1
16239,1705,15,2,5
16240,1705,1,1,1
16241,1705,1,2,1
16242,1705,12,2,5
16243,1705,15,2,5
16244,1705,1,2,1
16245,1705,1,1,1
16246,1705,1,2,5
16247,1706,1,1,1
16248,1706,8,1,1
16249,1706,1,1,1
16250,1706,1,2,1
16251,1706,5,10,10
16252,1706,1,2,5
16253,1706,1,1,1
16254,1706,1,1,1
16255,1706,1,3,5
16256,1707,1,2,5
16257,1707,1,1,1
16258,1707,1,1,1
16259,1707,1,1,1
16260,1707,1,1,1
16261,1707,1,3,5
16262,1707,1,1,1
16263,1707,1,10,10
16264,1707,1,2,5
16265,1707,5,3,5
16266,1707,3,2,5
16267,1708,1,1,1
16268,1708,1,2,5
16269,1708,1,2,5
16270,1708,1,1,1
16271,1708,1,2,5
16272,1708,1,1,1
16273,1708,1,1,1
16274,1708,1,2,5
16275,1708,1,2,1
16276,1708,1,1,1
16277,1708,1,1,1
16278,1709,1,1,1
16279,1709,2,1,1
16280,1709,1,1,1
16281,1709,1,2,1
16282,1709,1,3,5
16283,1709,1,1,1
16284,1709,3,2,5
16285,1709,1,1,1
16286,1710,1,1,1
16287,1710,3,1,1
16288,1710,1,1,1
16289,1710,1,2,5
16290,1710,1,1,1
16291,1710,15,1,1
16292,1711,1,1,1
16293,1711,1,1,1
16294,1711,1,1,1
16295,1711,1,10,10
16296,1711,1,1,1
16297,1712,1,10,10
16298,1712,1,1,1
16299,1712,15,1,1
16300,1712,1,1,1
16301,1712,8,2,5
16302,1712,1,1,1
16303,1712,1,2,5
16304,1712,10,1,1
16305,1712,1,1,1
16306,1712,1,1,1
16307,1712,2,1,1
16308,1712,1,1,1
16309,1712,1,1,1
16310,1712,1,1,1
16311,1712,1,2,5
16312,1712,1,1,1
16313,1712,4,1,1
16314,1713,1,2,5
16315,1713,1,2,5
16316,1713,3,1,1
16317,1713,2,1,1
16318,1713,12,1,1
16319,1713,1,1,1
16320,1714,1,1,1
16321,1714,1,1,1
16322,1714,1,1,1
16323,1714,7,1,1
16324,1714,1,1,1
16325,1714,1,10,10
16326,1714,1,1,1
16327,1714,1,3,5
16328,1714,15,1,1
16329,1714,7,1,1
16330,1714,2,1,1
16331,1714,1,1,1
16332,1714,15,1,1
16333,1714,1,1,1
16334,1714,1,1,1
16335,1715,15,1,1
16336,1715,15,2,5
16337,1715,1,1,1
16338,1715,1,2,5
16339,1715,1,2,5
16340,1715,11,2,5
16341,1715,12,3,5
16342,1715,2,1,1
16343,1715,12,3,5
16344,1716,15,2,1
16345,1716,1,2,1
16346,1716,1,10,10
16347,1716,1,2,5
16348,1716,15,2,5
16349,1716,1,1,1
16350,1716,4,3,5
16351,1716,2,1,1
16352,1716,1,2,5
16353,1716,15,2,5
16354,1716,1,2,5
16355,1716,4,3,5
16356,1717,15,1,1
16357,1717,1,1,1
16358,1717,2,2,1
16359,1717,1,1,1
16360,1717,1,1,1
16361,1718,1,1,1
16362,1718,1,1,1
16363,1718,7,2,5
16364,1718,1,1,1
16365,1718,1,2,1
16366,1718,1,2,1
16367,1718,15,2,5
16368,1718,1,3,5
16369,1718,1,1,1
16370,1718,10,1,1
16371,1718,1,3,5
16372,1718,15,1,1
16373,1718,1,1,1
16374,1718,1,1,1
16375,1719,1,1,1
16376,1719,10,1,1
16377,1719,2,3,5
16378,1719,3,3,5
16379,1719,4,3,5
16380,1719,4,3,5
16381,1719,15,1,1
16382,1719,4,3,5
16383,1719,1,3,5
16384,1719,3,3,5
16385,1719,1,3,5
16386,1719,1,1,1
16387,1719,6,2,5
16388,1719,2,1,1
16389,1719,4,3,5
16390,1719,1,2,5
16391,1719,1,1,1
16392,1720,1,1,1
16393,1720,1,2,1
16394,1720,1,1,1
16395,1720,15,1,1
16396,1720,1,1,1
16397,1720,1,1,1
16398,1720,1,1,1
16399,1720,1,1,1
16400,1720,2,1,1
16401,1721,1,1,1
16402,1721,1,2,5
16403,1721,1,1,1
16404,1721,1,2,5
16405,1721,1,1,1
16406,1721,2,1,1
16407,1721,15,1,1
16408,1721,1,2,5
16409,1721,1,1,1
16410,1721,1,2,5
16411,1721,1,1,1
16412,1721,1,10,10
16413,1722,1,1,1
16414,1722,1,1,1
16415,1722,1,3,5
16416,1722,8,1,1
16417,1722,1,2,5
16418,1722,1,1,1
16419,1722,1,1,1
16420,1722,1,1,1
16421,1723,1,2,5
16422,1723,1,1,1
16423,1723,1,2,5
16424,1723,1,1,1
16425,1723,1,1,1
16426,1723,1,1,1
16427,1723,15,1,1
16428,1723,15,1,1
16429,1723,1,1,1
16430,1723,1,1,1
16431,1724,1,2,5
16432,1724,15,1,1
16433,1724,1,2,5
16434,1724,1,1,1
16435,1724,1,1,1
16436,1724,6,1,1
16437,1724,1,1,1
16438,1724,9,1,1
16439,1724,1,2,5
16440,1724,1,1,1
16441,1724,8,1,1
16442,1725,1,2,5
16443,1725,8,1,1
16444,1725,15,1,1
16445,1725,15,1,1
16446,1725,1,2,5
16447,1725,1,2,5
16448,1725,1,1,1
16449,1725,1,1,1
16450,1725,15,1,1
16451,1725,1,1,1
16452,1725,5,2,5
16453,1726,1,1,1
16454,1726,1,1,1
16455,1726,3,1,1
16456,1726,1,10,10
16457,1726,2,1,1
16458,1726,1,1,1
16459,1726,1,1,1
16460,1726,15,1,1
16461,1726,1,1,1
16462,1726,7,1,1
16463,1726,15,2,1
16464,1726,15,2,1
16465,1726,1,2,5
16466,1726,1,1,1
16467,1727,1,1,1
16468,1727,1,1,1
16469,1727,2,2,5
16470,1727,1,1,1
16471,1727,2,1,1
16472,1727,15,1,1
16473,1727,1,1,1
16474,1727,1,1,1
16475,1727,1,1,1
16476,1727,1,1,1
16477,1727,1,2,5
16478,1728,1,2,5
16479,1728,1,1,1
16480,1728,2,10,10
16481,1728,1,1,1
16482,1728,15,2,5
16483,1728,8,2,5
16484,1728,1,2,5
16485,1728,4,1,1
16486,1729,1,2,1
16487,1729,2,1,1
16488,1729,1,1,1
16489,1729,1,1,1
16490,1729,3,1,1
16491,1729,1,1,1
16492,1729,1,1,1
16493,1729,9,1,1
16494,1729,1,1,1
16495,1729,1,2,5
16496,1729,1,2,5
16497,1729,1,2,5
16498,1729,1,1,1
16499,1729,1,2,5
16500,1729,1,10,10
16501,1730,4,1,1
16502,1730,9,1,1
16503,1730,1,1,1
16504,1730,1,2,5
16505,1730,4,1,1
16506,1730,10,1,1
16507,1730,1,10,10
16508,1730,1,2,5
16509,1730,1,1,1
16510,1730,1,1,1
16511,1730,1,1,1
16512,1731,1,2,5
16513,1731,1,2,5
16514,1731,1,2,1
16515,1731,1,1,1
16516,1731,1,1,1
16517,1732,7,1,1
16518,1732,1,1,1
16519,1732,1,1,1
16520,1732,1,1,1
16521,1732,4,3,5
16522,1732,1,2,5
16523,1732,1,2,5
16524,1732,1,1,1
16525,1732,1,1,1
16526,1732,15,3,5
16527,1732,1,10,10
16528,1732,1,2,5
16529,1732,1,10,10
16530,1732,9,1,1
16531,1733,1,1,1
16532,1733,1,1,1
16533,1733,1,1,1
16534,1733,1,10,10
16535,1733,15,1,1
16536,1733,1,1,1
16537,1733,1,1,1
16538,1733,1,1,1
16539,1733,1,2,5
16540,1733,1,2,1
16541,1733,1,2,5
16542,1733,1,1,1
16543,1733,9,1,1
16544,1733,6,2,5
16545,1733,5,3,5
16546,1733,1,2,5
16547,1734,1,2,5
16548,1734,1,10,10
16549,1734,1,1,1
16550,1734,1,2,5
16551,1734,1,1,1
16552,1734,3,2,5
16553,1734,2,1,1
16554,1734,1,1,1
16555,1734,5,3,5
16556,1734,1,2,5
16557,1734,4,3,5
16558,1734,1,2,5
16559,1734,1,3,5
16560,1735,1,1,1
16561,1735,14,1,1
16562,1735,6,1,1
16563,1735,1,3,5
16564,1735,1,1,1
16565,1736,6,1,1
16566,1736,12,2,5
16567,1736,1,3,5
16568,1736,1,10,10
16569,1736,1,1,1
16570,1736,4,1,1
16571,1736,1,1,1
16572,1736,1,1,1
16573,1736,1,2,5
16574,1736,1,1,1
16575,1736,1,1,1
16576,1736,5,2,1
16577,1736,1,1,1
16578,1737,1,1,1
16579,1737,1,1,1
16580,1737,1,2,5
16581,1738,1,3,5
16582,1738,1,1,1
16583,1738,1,1,1
16584,1738,2,2,5
16585,1739,1,2,5
16586,1739,1,1,1
16587,1739,1,1,1
16588,1739,1,2,5
16589,1739,1,1,1
16590,1739,1,2,5
16591,1739,4,1,1
16592,1739,1,2,1
16593,1740,1,1,1
16594,1740,1,1,1
16595,1740,1,2,5
16596,1740,1,1,1
16597,1740,1,1,1
16598,1741,1,1,1
16599,1741,1,1,1
16600,1741,1,1,1
16601,1741,1,1,1
16602,1741,5,1,1
16603,1741,1,1,1
16604,1742,1,2,5
16605,1742,1,1,1
16606,1742,1,1,1
16607,1742,15,1,1
16608,1742,1,1,1
16609,1742,1,2,5
16610,1743,1,1,1
16611,1743,1,3,5
16612,1743,1,1,1
16613,1743,1,1,1
16614,1743,1,1,1
16615,1743,1,10,10
16616,1743,1,2,5
16617,1743,1,2,5
16618,1743,1,1,1
16619,1743,1,2,5
16620,1744,1,1,1
16621,1744,1,1,1
16622,1744,11,1,1
16623,1744,4,1,1
16624,1745,1,1,1
16625,1745,1,1,1
16626,1745,1,1,1
16627,1745,1,1,1
16628,1745,15,1,1
16629,1745,1,1,1
16630,1745,15,1,1
16631,1745,1,2,5
16632,1745,1,1,1
16633,1745,15,2,1
16634,1745,1,1,1
16635,1746,1,1,1
16636,1746,1,2,5
16637,1746,15,1,1
16638,1746,1,2,5
16639,1746,1,10,10
16640,1746,15,1,1
16641,1746,1,2,5
16642,1746,1,2,5
16643,1746,1,10,10
16644,1746,15,2,1
16645,1746,15,1,1
16646,1746,3,1,1
16647,1746,1,10,10
16648,1746,1,10,10
16649,1746,1,10,10
16650,1747,2,1,1
16651,1747,6,1,1
16652,1747,15,1,1
16653,1747,2,1,1
16654,1747,1,2,5
16655,1747,1,1,1
16656,1747,1,2,5
16657,1747,6,2,5
16658,1747,9,1,1
16659,1747,1,1,1
16660,1747,13,1,1
16661,1748,1,1,1
16662,1748,1,1,1
16663,1748,1,1,1
16664,1748,1,1,1
16665,1748,15,1,1
16666,1748,1,1,1
16667,1748,1,1,1
16668,1748,1,1,1
16669,1748,1,1,1
16670,1749,1,2,5
16671,1749,1,1,1
16672,1749,5,2,5
16673,1749,1,2,5
16674,1749,15,2,5
16675,1749,1,2,5
16676,1749,3,1,1
16677,1750,1,1,1
16678,1750,2,1,1
16679,1750,1,1,1
16680,1750,1,1,1
16681,1750,15,10,10
16682,1751,1,2,5
16683,1751,2,1,1
16684,1751,7,1,1
16685,1751,1,1,1
16686,1751,1,2,5
16687,1751,8,2,5
16688,1752,15,1,1
16689,1752,2,1,1
16690,1752,1,2,1
16691,1752,1,2,5
16692,1752,5,1,1
16693,1752,1,10,10
16694,1752,6,1,1
16695,1753,15,2,5
16696,1753,5,1,1
16697,1753,1,1,1
16698,1753,15,2,1
16699,1753,5,1,1
16700,1754,1,1,1
16701,1754,1,2,5
16702,1754,1,1,1
16703,1754,1,1,1
16704,1754,1,1,1
16705,1754,1,1,1
16706,1754,1,1,1
16707,1754,1,1,1
16708,1754,1,1,1
16709,1754,1,1,1
16710,1754,1,2,5
16711,1754,1,2,5
16712,1755,1,1,1
16713,1755,1,3,5
16714,1755,1,1,1
16715,1755,1,1,1
16716,1756,15,1,1
16717,1756,1,1,1
16718,1756,1,2,5
16719,1756,1,1,1
16720,1757,1,1,1
16721,1757,15,1,1
16722,1757,12,1,1
16723,1757,1,2,5
16724,1757,1,2,5
16725,1757,15,1,1
16726,1758,1,2,5
16727,1758,1,1,1
16728,1758,2,1,1
16729,1758,1,1,1
16730,1758,1,1,1
16731,1758,1,2,5
16732,1758,12,1,1
16733,1758,6,2,1
16734,1758,1,2,5
16735,1758,1,1,1
16736,1758,1,1,1
16737,1758,1,1,1
16738,1759,1,1,1
16739,1759,2,1,1
16740,1759,1,1,1
16741,1759,3,3,5
16742,1759,1,1,1
16743,1759,1,3,5
16744,1759,1,1,1
16745,1759,1,1,1
16746,1759,1,1,1
16747,1760,1,1,1
16748,1760,1,1,1
16749,1760,1,2,5
16750,1760,1,2,5
16751,1760,1,1,1
16752,1760,15,1,1
16753,1760,1,2,5
16754,1760,1,2,5
16755,1760,1,1,1
16756,1761,1,2,5
16757,1761,1,2,5
16758,1761,1,1,1
16759,1761,2,1,1
16760,1761,1,2,5
16761,1761,2,1,1
16762,1761,1,1,1
16763,1761,1,2,5
16764,1761,1,1,1
16765,1761,1,2,5
16766,1761,1,1,1
16767,1761,1,1,1
16768,1761,1,2,5
16769,1761,1,2,5
16770,1761,1,1,1
16771,1761,1,2,5
16772,1761,2,1,1
16773,1762,1,2,5
16774,1762,4,1,1
16775,1762,15,1,1
16776,1762,1,1,1
16777,1762,1,2,5
16778,1762,1,1,1
16779,1762,1,3,5
16780,1762,1,1,1
16781,1762,1,1,1
16782,1762,1,1,1
16783,1762,15,1,1
16784,1762,1,2,5
16785,1762,1,2,5
16786,1762,1,2,5
16787,1763,1,2,5
16788,1763,1,2,5
16789,1763,1,2,5
16790,1763,1,10,10
16791,1763,14,10,10
16792,1763,1,2,5
16793,1763,1,2,5
16794,1763,1,2,5
16795,1763,1,10,10
16796,1763,2,2,5
16797,1763,1,1,1
16798,1763,3,1,1
16799,1764,1,1,1
16800,1764,1,1,1
16801,1764,1,2,5
16802,1764,1,3,5
16803,1764,3,2,5
16804,1764,1,1,1
16805,1764,1,2,5
16806,1764,1,2,5
16807,1765,1,2,5
16808,1765,1,1,1
16809,1765,1,1,1
16810,1765,15,1,1
16811,1765,1,2,5
16812,1765,1,2,5
16813,1765,1,1,1
16814,1765,1,1,1
16815,1765,1,2,5
16816,1766,1,2,5
16817,1766,1,2,5
16818,1766,1,2,5
16819,1766,1,2,5
16820,1767,3,2,5
16821,1767,1,1,1
16822,1767,2,1,1
16823,1767,1,2,5
16824,1767,1,3,5
16825,1767,1,1,1
16826,1767,15,1,1
16827,1767,1,2,5
16828,1767,1,1,1
16829,1767,1,1,1
16830,1767,1,2,5
16831,1767,1,2,5
16832,1768,1,2,5
16833,1768,1,3,5
16834,1768,1,1,1
16835,1768,1,1,1
16836,1768,9,10,10
16837,1768,1,2,5
16838,1768,1,1,1
16839,1768,1,2,5
16840,1768,11,1,1
16841,1768,5,1,1
16842,1769,1,1,1
16843,1769,1,2,5
16844,1769,1,2,5
16845,1769,1,2,5
16846,1769,1,2,1
16847,1769,1,2,5
16848,1769,3,1,1
16849,1770,1,2,5
16850,1770,1,1,1
16851,1770,15,1,1
16852,1770,12,2,5
16853,1770,1,2,1
16854,1770,1,1,1
16855,1770,1,2,5
16856,1770,2,1,1
16857,1770,1,1,1
16858,1770,1,1,1
16859,1770,1,1,1
16860,1771,1,2,5
16861,1771,1,2,5
16862,1771,15,2,5
16863,1771,1,1,1
16864,1771,15,1,1
16865,1771,4,1,1
16866,1771,1,2,5
16867,1771,1,1,1
16868,1771,1,10,10
16869,1771,1,2,5
16870,1772,1,2,5
16871,1772,12,2,5
16872,1772,1,2,5
16873,1772,1,2,5
16874,1772,1,2,5
16875,1772,1,2,1
16876,1772,1,1,1
16877,1772,15,1,1
16878,1772,1,1,1
16879,1772,1,2,5
16880,1772,1,1,1
16881,1772,1,2,5
16882,1772,1,1,1
16883,1772,1,2,5
16884,1772,15,1,1
16885,1773,1,1,1
16886,1773,1,1,1
16887,1773,1,1,1
16888,1773,1,2,5
16889,1773,1,1,1
16890,1773,1,1,1
16891,1773,1,1,1
16892,1773,1,10,10
16893,1773,1,1,1
16894,1773,1,1,1
16895,1774,1,2,1
16896,1774,1,1,1
16897,1774,1,2,5
16898,1774,1,1,1
16899,1774,2,1,1
16900,1774,1,2,5
16901,1774,1,1,1
16902,1774,1,1,1
16903,1774,1,1,1
16904,1774,1,2,5
16905,1775,3,1,1
16906,1775,13,2,5
16907,1775,1,1,1
16908,1775,15,1,1
16909,1775,1,1,1
16910,1775,15,1,1
16911,1775,1,1,1
16912,1775,1,2,5
16913,1775,1,10,10
16914,1775,1,1,1
16915,1775,1,1,1
16916,1776,4,2,5
16917,1776,1,2,5
16918,1776,1,2,5
16919,1776,1,1,1
16920,1776,1,1,1
16921,1776,1,1,1
16922,1776,1,2,5
16923,1776,1,2,5
16924,1776,1,2,5
16925,1777,2,3,5
16926,1777,1,2,5
16927,1777,1,1,1
16928,1777,1,2,5
16929,1777,1,2,5
16930,1777,1,1,1
16931,1777,3,1,1
16932,1777,3,2,5
16933,1777,1,10,10
16934,1777,1,10,10
16935,1777,1,1,1
16936,1777,2,2,1
16937,1777,1,3,5
16938,1777,1,1,1
16939,1778,1,1,1
16940,1778,1,1,1
16941,1778,1,2,5
16942,1778,1,2,1
16943,1778,3,3,5
16944,1778,6,1,1
16945,1778,2,2,5
16946,1778,1,1,1
16947,1778,1,1,1
16948,1778,1,1,1
16949,1779,1,1,1
16950,1779,2,1,1
16951,1779,1,2,5
16952,1779,2,2,5
16953,1779,1,2,5
16954,1779,1,1,1
16955,1779,1,2,5
16956,1779,11,1,1
16957,1779,2,1,1
16958,1779,1,1,1
16959,1779,1,1,1
16960,1779,1,1,1
16961,1779,1,1,1
16962,1779,15,1,1
16963,1779,1,2,5
16964,1779,2,3,5
16965,1779,1,2,5
16966,1780,7,1,1
16967,1780,1,2,5
16968,1780,1,1,1
16969,1780,11,1,1
16970,1780,5,2,5
16971,1780,14,1,1
16972,1780,1,2,5
16973,1780,1,2,5
16974,1780,14,1,1
16975,1780,14,1,1
16976,1780,1,1,1
16977,1780,1,2,5
16978,1780,1,2,5
16979,1780,1,2,5
16980,1781,1,2,5
16981,1781,4,2,1
16982,1781,4,2,1
16983,1781,3,2,5
16984,1781,1,1,1
16985,1781,4,1,1
16986,1781,1,2,1
16987,1781,1,1,1
16988,1781,1,2,5
16989,1781,1,2,5
16990,1781,1,2,5
16991,1781,1,2,5
16992,1781,1,2,5
16993,1781,5,1,1
16994,1781,15,2,1
16995,1782,1,3,5
16996,1782,1,1,1
16997,1782,15,2,5
16998,1782,1,1,1
16999,1782,1,1,1
17000,1782,8,3,5
17001,1782,1,1,1
17002,1782,4,1,1
17003,1782,1,2,5
17004,1782,1,2,5
17005,1782,1,2,5
17006,1782,3,3,5
17007,1782,1,3,5
17008,1782,15,3,10
17009,1782,15,10,10
17010,1782,1,2,5
17011,1782,1,1,1
17012,1782,3,3,5
17013,1783,1,10,10
17014,1783,1,10,10
17015,1783,2,3,5
17016,1783,1,1,1
17017,1783,1,2,5
17018,1783,4,1,1
17019,1783,1,10,10
17020,1783,1,3,5
17021,1783,1,1,1
17022,1783,1,1,1
17023,1783,1,1,1
17024,1783,1,1,1
17025,1783,1,2,5
17026,1783,15,1,1
17027,1783,15,3,10
17028,1783,1,2,5
17029,1783,1,2,5
17030,1783,1,1,1
17031,1783,1,1,1
17032,1783,1,2,5
17033,1783,15,2,1
17034,1783,1,2,5
17035,1783,1,2,5
17036,1783,1,1,1
17037,1783,1,1,1
17038,1783,1,1,1
17039,1783,13,2,1
17040,1784,4,1,1
17041,1784,1,2,5
17042,1784,1,1,1
17043,1784,15,1,1
17044,1784,1,1,1
17045,1784,1,1,1
17046,1784,15,1,1
17047,1784,11,1,1
17048,1784,9,1,1
17049,1784,1,1,1
17050,1784,15,1,1
17051,1784,1,1,1
17052,1784,1,2,5
17053,1784,1,2,5
17054,1784,1,2,5
17055,1784,3,1,1
17056,1784,2,1,1
17057,1784,1,1,1
17058,1784,13,2,1
17059,1785,1,2,5
17060,1785,1,1,1
17061,1785,1,1,1
17062,1785,1,2,5
17063,1785,1,2,5
17064,1785,1,1,1
17065,1785,15,2,5
17066,1785,1,1,1
17067,1785,1,2,5
17068,1785,1,2,5
17069,1785,2,2,5
17070,1785,1,2,5
17071,1785,1,2,5
17072,1785,1,2,5
17073,1785,2,1,1
17074,1786,3,2,5
17075,1786,1,1,1
17076,1786,1,1,1
17077,1786,1,2,5
17078,1786,15,1,1
17079,1786,1,2,5
17080,1786,1,1,1
17081,1786,3,1,1
17082,1786,1,1,1
17083,1786,1,1,1
17084,1786,1,1,1
17085,1786,1,2,5
17086,1786,1,2,5
17087,1786,1,2,5
17088,1786,1,2,5
17089,1786,1,2,5
17090,1786,1,2,5
17091,1786,12,1,1
17092,1786,1,2,5
17093,1787,2,1,1
17094,1787,1,1,1
17095,1787,1,2,5
17096,1787,1,1,1
17097,1787,1,2,5
17098,1787,1,2,5
17099,1787,1,2,5
17100,1787,1,1,1
17101,1787,1,2,5
17102,1787,5,1,1
17103,1787,15,1,1
17104,1788,1,2,5
17105,1788,1,1,1
17106,1788,1,2,5
17107,1788,1,1,1
17108,1789,1,1,1
17109,1789,1,2,5
17110,1789,1,1,1
17111,1789,12,1,1
17112,1789,15,3,5
17113,1789,6,1,1
17114,1789,1,3,5
17115,1789,1,2,5
17116,1789,1,2,5
17117,1789,1,2,5
17118,1790,1,2,5
17119,1790,1,2,5
17120,1790,2,2,5
17121,1790,1,3,5
17122,1790,1,1,1
17123,1790,1,2,5
17124,1790,1,1,1
17125,1790,1,2,1
17126,1790,1,1,1
17127,1790,1,2,5
17128,1790,1,2,5
17129,1790,1,1,1
17130,1790,1,1,1
17131,1790,1,2,5
17132,1790,5,2,5
17133,1791,1,2,5
17134,1791,1,1,1
17135,1791,1,2,5
17136,1791,1,2,5
17137,1791,10,1,1
17138,1791,11,1,1
17139,1791,1,2,5
17140,1791,15,1,1
17141,1791,1,2,5
17142,1791,1,2,5
17143,1791,1,2,5
17144,1792,1,1,1
17145,1792,1,2,5
17146,1792,1,2,5
17147,1792,1,2,5
17148,1792,1,1,1
17149,1792,1,1,1
17150,1792,1,2,5
17151,1792,1,2,5
17152,1792,9,1,1
17153,1792,7,1,1
17154,1792,12,1,1
17155,1792,1,1,1
17156,1793,1,1,1
17157,1793,15,10,10
17158,1793,1,2,5
17159,1793,1,2,5
17160,1793,6,3,5
17161,1793,1,2,5
17162,1793,1,1,1
17163,1793,1,2,5
17164,1793,1,10,10
17165,1793,3,2,5
17166,1793,1,2,5
17167,1793,1,1,1
17168,1793,4,1,1
17169,1793,1,1,1
17170,1794,1,2,5
17171,1794,1,1,1
17172,1794,15,1,1
17173,1794,1,1,1
17174,1794,15,1,1
17175,1794,1,2,5
17176,1794,1,1,1
17177,1794,1,2,5
17178,1794,1,2,5
17179,1795,1,1,1
17180,1795,1,2,5
17181,1795,1,2,5
17182,1795,5,1,1
17183,1795,1,2,5
17184,1795,1,1,1
17185,1795,1,2,1
17186,1795,1,1,1
17187,1795,1,1,1
17188,1795,1,2,5
17189,1795,1,1,1
17190,1795,15,1,1
17191,1795,1,2,5
17192,1795,1,1,1
17193,1795,1,2,5
17194,1795,13,1,1
17195,1795,1,2,5
17196,1795,1,1,1
17197,1795,15,1,1
17198,1796,1,1,1
17199,1796,1,2,5
17200,1796,1,1,1
17201,1796,12,1,1
17202,1796,1,1,1
17203,1796,1,2,5
17204,1796,1,2,5
17205,1796,1,2,5
17206,1796,1,2,5
17207,1796,1,2,5
17208,1796,1,1,1
17209,1797,1,1,1
17210,1797,1,1,1
17211,1797,1,2,5
17212,1797,1,2,5
17213,1797,1,2,5
17214,1797,11,1,1
17215,1797,1,2,5
17216,1797,8,1,1
17217,1797,1,10,10
17218,1798,1,10,10
17219,1798,1,10,10
17220,1798,1,2,5
17221,1798,9,1,1
17222,1798,1,1,1
17223,1798,8,1,1
17224,1798,1,2,5
17225,1798,15,1,1
17226,1798,1,1,1
17227,1798,1,1,1
17228,1798,15,3,5
17229,1798,1,1,1
17230,1798,1,2,5
17231,1798,1,2,5
17232,1798,3,1,1
17233,1798,1,1,1
17234,1799,1,2,5
17235,1799,1,1,1
17236,1799,1,1,1
17237,1799,1,2,5
17238,1799,2,2,5
17239,1799,8,2,1
17240,1799,1,2,5
17241,1799,7,2,1
17242,1799,1,2,1
17243,1799,6,3,5
17244,1799,1,2,5
17245,1799,1,2,5
17246,1800,6,3,5
17247,1800,6,3,5
17248,1800,1,2,5
17249,1800,1,1,1
17250,1800,15,1,1
17251,1800,1,1,1
17252,1800,15,1,1
17253,1800,1,1,1
17254,1800,1,2,5
17255,1800,1,1,1
17256,1801,1,1,1
17257,1801,1,1,1
17258,1801,1,1,1
17259,1801,8,3,10
17260,1801,1,2,5
17261,1801,7,1,1
17262,1801,1,1,1
17263,1801,8,1,1
17264,1801,1,1,1
17265,1801,1,1,1
17266,1801,1,2,5
17267,1801,1,2,5
17268,1802,1,2,5
17269,1802,15,1,1
17270,1802,1,1,1
17271,1802,1,2,5
17272,1802,1,1,1
17273,1802,1,2,5
17274,1802,15,1,1
17275,1802,1,1,1
17276,1802,6,1,1
17277,1802,1,1,1
17278,1802,2,1,1
17279,1803,1,3,5
17280,1803,1,1,1
17281,1803,1,10,10
17282,1803,1,1,1
17283,1803,1,1,1
17284,1803,1,3,5
17285,1803,1,1,1
17286,1803,1,3,5
17287,1803,2,10,10
17288,1803,1,1,1
17289,1803,1,3,5
17290,1803,1,1,1
17291,1803,1,1,1
17292,1803,1,2,5
17293,1803,1,2,5
17294,1804,2,2,5
17295,1804,1,2,5
17296,1804,4,1,1
17297,1804,1,1,1
17298,1804,1,1,1
17299,1804,1,1,1
17300,1804,1,2,5
17301,1804,1,1,1
17302,1805,1,2,5
17303,1805,1,1,1
17304,1805,1,10,10
17305,1805,15,2,5
17306,1805,1,1,1
17307,1805,1,2,5
17308,1805,1,1,1
17309,1805,1,2,5
17310,1806,1,2,5
17311,1806,14,3,5
17312,1806,1,2,5
17313,1806,1,1,1
17314,1806,1,2,5
17315,1806,1,10,10
17316,1806,1,2,5
17317,1806,1,1,1
17318,1806,1,10,10
17319,1807,1,2,5
17320,1807,1,1,1
17321,1807,15,2,5
17322,1807,1,2,5
17323,1807,4,1,1
17324,1807,1,2,5
17325,1808,1,1,1
17326,1808,1,3,5
17327,1808,2,3,5
17328,1808,1,1,1
17329,1808,1,3,5
17330,1808,1,3,5
17331,1808,1,2,5
17332,1808,8,1,1
17333,1808,1,2,5
17334,1808,1,1,1
17335,1809,1,1,1
17336,1809,15,1,1
17337,1809,1,1,1
17338,1809,1,2,5
17339,1809,1,1,1
17340,1809,1,1,1
17341,1810,1,2,5
17342,1810,1,2,5
17343,1810,1,1,1
17344,1810,1,2,5
17345,1810,1,1,1
17346,1810,1,2,5
17347,1810,1,1,1
17348,1810,1,3,5
17349,1810,1,1,1
17350,1811,1,2,5
17351,1811,1,10,10
17352,1811,15,3,5
17353,1811,1,1,1
17354,1811,1,2,5
17355,1811,1,2,5
17356,1811,1,1,1
17357,1811,15,1,1
17358,1811,1,2,5
17359,1811,1,1,1
17360,1812,1,2,5
17361,1812,1,1,1
17362,1812,2,1,1
17363,1812,1,2,5
17364,1812,1,2,5
17365,1812,1,2,5
17366,1813,2,2,5
17367,1813,15,2,1
17368,1813,1,1,1
17369,1813,1,10,10
17370,1813,1,1,1
17371,1813,1,2,5
17372,1813,1,2,5
17373,1813,15,1,1
17374,1813,2,1,1
17375,1813,15,1,1
17376,1813,15,1,1
17377,1813,1,1,1
17378,1813,3,1,1
17379,1814,15,1,1
17380,1814,1,2,5
17381,1814,14,1,1
17382,1814,1,1,1
17383,1814,15,1,1
17384,1814,1,1,1
17385,1814,3,1,1
17386,1814,14,1,1
17387,1814,1,1,1
17388,1814,13,1,1
17389,1814,1,1,1
17390,1815,1,1,1
17391,1815,4,2,5
17392,1816,2,1,1
17393,1816,12,1,1
17394,1816,2,2,5
17395,1816,4,1,1
17396,1817,1,2,5
17397,1817,1,2,5
17398,1817,1,2,1
17399,1817,1,2,5
17400,1817,14,1,1
17401,1817,2,1,1
17402,1817,1,1,1
17403,1817,1,2,5
17404,1817,1,1,1
17405,1817,15,2,5
17406,1817,1,1,1
17407,1818,1,1,1
17408,1818,1,2,5
17409,1818,1,1,1
17410,1818,1,2,5
17411,1818,1,1,1
17412,1818,1,1,1
17413,1818,2,3,5
17414,1818,1,2,1
17415,1818,1,1,1
17416,1818,1,10,10
17417,1818,1,2,5
17418,1818,1,2,5
17419,1819,6,1,1
17420,1819,1,1,1
17421,1819,1,2,1
17422,1819,1,2,5
17423,1819,1,3,5
17424,1819,15,1,1
17425,1819,1,1,1
17426,1819,15,1,1
17427,1819,1,3,5
17428,1819,6,3,5
17429,1820,1,3,5
17430,1820,1,3,5
17431,1820,1,3,5
17432,1820,1,3,5
17433,1820,6,3,5
17434,1820,4,2,1
17435,1820,1,1,1
17436,1820,1,1,1
17437,1820,11,2,5
17438,1820,1,1,1
17439,1821,15,2,1
17440,1821,1,1,1
17441,1821,2,1,1
17442,1821,4,1,1
17443,1821,1,2,5
17444,1821,15,1,1
17445,1821,4,1,1
17446,1821,1,1,1
17447,1821,2,2,5
17448,1821,7,1,1
17449,1821,1,1,1
17450,1821,1,2,5
17451,1821,1,2,5
17452,1822,1,3,5
17453,1822,1,3,5
17454,1822,1,2,5
17455,1822,1,2,1
17456,1822,1,1,1
17457,1823,1,2,5
17458,1823,1,1,1
17459,1823,5,1,1
17460,1823,1,2,5
17461,1823,1,1,1
17462,1823,1,1,1
17463,1823,1,1,1
17464,1823,1,1,1
17465,1824,1,1,1
17466,1824,15,1,1
17467,1824,1,1,1
17468,1824,1,3,5
17469,1824,1,2,5
17470,1824,1,2,5
17471,1824,1,10,10
17472,1824,3,2,5
17473,1824,1,1,1
17474,1824,1,2,5
17475,1824,2,3,5
17476,1824,10,3,5
17477,1824,6,3,5
17478,1825,1,2,5
17479,1825,1,1,1
17480,1825,1,2,1
17481,1825,1,1,1
17482,1825,1,1,1
17483,1825,1,1,1
17484,1826,1,1,1
17485,1826,1,1,1
17486,1826,1,1,1
17487,1826,1,2,5
17488,1827,1,1,1
17489,1827,4,1,1
17490,1827,1,10,10
17491,1827,1,1,1
17492,1827,1,1,1
17493,1827,1,1,1
17494,1827,15,2,1
17495,1827,1,1,1
17496,1827,1,1,1
17497,1827,1,1,1
17498,1827,3,3,5
17499,1828,1,1,1
17500,1828,1,3,5
17501,1828,1,1,1
17502,1828,6,2,5
17503,1828,7,3,5
17504,1828,1,2,5
17505,1828,1,3,5
17506,1828,1,1,1
17507,1829,1,1,1
17508,1829,1,1,1
17509,1829,1,1,1
17510,1829,1,2,5
17511,1829,15,2,5
17512,1830,10,10,10
17513,1830,15,2,5
17514,1830,1,1,1
17515,1830,2,2,5
17516,1830,1,1,1
17517,1830,8,1,1
17518,1830,1,1,1
17519,1831,1,1,1
17520,1831,1,1,1
17521,1831,1,1,1
17522,1831,1,2,5
17523,1832,1,2,5
17524,1832,1,1,1
17525,1832,1,1,1
17526,1832,1,1,1
17527,1832,1,1,1
17528,1832,1,1,1
17529,1832,1,3,5
17530,1832,1,2,5
17531,1832,1,3,5
17532,1832,1,2,5
17533,1832,1,3,5
17534,1832,2,1,1
17535,1832,1,2,5
17536,1832,1,3,5
17537,1833,1,2,5
17538,1833,1,1,1
17539,1833,15,1,1
17540,1833,1,2,5
17541,1833,1,2,5
17542,1833,2,1,1
17543,1833,1,2,5
17544,1833,2,1,1
17545,1833,1,2,5
17546,1833,15,1,1
17547,1833,15,1,1
17548,1833,15,1,1
17549,1834,1,1,1
17550,1834,1,2,5
17551,1834,1,1,1
17552,1834,1,1,1
17553,1834,1,1,1
17554,1834,1,1,1
17555,1834,15,1,1
17556,1834,15,1,1
17557,1835,1,2,1
17558,1835,1,2,5
17559,1835,6,1,1
17560,1835,1,2,5
17561,1835,15,1,1
17562,1835,15,1,1
17563,1835,15,1,1
17564,1836,1,1,1
17565,1836,1,1,1
17566,1836,1,1,1
17567,1836,6,1,1
17568,1836,15,1,1
17569,1836,1,1,1
17570,1836,9,1,1
17571,1837,15,2,1
17572,1837,1,1,1
17573,1837,1,1,1
17574,1837,1,1,1
17575,1837,1,1,1
17576,1837,1,2,5
17577,1837,2,3,5
17578,1837,14,2,5
17579,1837,1,1,1
17580,1837,1,1,1
17581,1838,9,1,1
17582,1838,1,2,5
17583,1838,1,1,1
17584,1838,8,10,10
17585,1838,15,1,1
17586,1838,1,1,1
17587,1838,15,1,1
17588,1838,15,1,1
17589,1838,12,2,5
17590,1838,5,1,1
17591,1838,1,2,5
17592,1839,15,1,1
17593,1839,1,1,1
17594,1839,2,1,1
17595,1839,15,1,1
17596,1839,1,1,1
17597,1839,10,3,5
17598,1839,1,2,5
17599,1839,7,10,10
17600,1840,1,1,1
17601,1840,1,1,1
17602,1840,1,1,1
17603,1840,1,1,1
17604,1840,3,1,1
17605,1840,1,1,1
17606,1840,3,1,1
17607,1840,1,1,1
17608,1840,1,1,1
17609,1840,1,1,1
17610,1840,1,2,5
17611,1840,1,1,1
17612,1840,1,1,1
17613,1840,12,2,5
17614,1840,1,1,1
17615,1840,2,1,1
17616,1841,3,1,1
17617,1841,15,1,1
17618,1841,1,1,1
17619,1841,15,1,1
17620,1841,1,1,1
17621,1841,1,1,1
17622,1841,1,10,10
17623,1842,2,1,1
17624,1842,1,2,5
17625,1842,14,1,1
17626,1842,1,1,1
17627,1842,1,1,1
17628,1842,1,1,1
17629,1843,4,3,5
17630,1843,1,1,1
17631,1843,3,3,5
17632,1843,3,1,1
17633,1843,9,2,5
17634,1843,1,1,1
17635,1843,1,3,5
17636,1843,1,2,5
17637,1843,15,1,1
17638,1843,15,1,1
17639,1843,15,1,1
17640,1843,1,1,1
17641,1844,1,2,5
17642,1844,1,1,1
17643,1844,15,2,5
17644,1844,7,1,1
17645,1844,15,2,5
17646,1844,1,1,1
17647,1844,15,3,5
17648,1845,1,2,5
17649,1845,1,1,1
17650,1845,1,1,1
17651,1845,1,1,1
17652,1845,1,1,1
17653,1845,1,1,1
17654,1845,1,1,1
17655,1845,1,2,5
17656,1845,1,1,1
17657,1845,1,1,1
17658,1845,1,1,1
17659,1846,1,1,1
17660,1846,1,1,1
17661,1846,1,1,1
17662,1846,1,1,1
17663,1846,1,1,1
17664,1846,4,1,1
17665,1846,15,1,1
17666,1846,3,2,5
17667,1846,2,1,1
17668,1847,1,1,1
17669,1847,12,2,5
17670,1847,3,2,5
17671,1847,1,1,1
17672,1848,1,10,10
17673,1848,4,1,1
17674,1848,1,3,5
17675,1848,1,1,1
17676,1848,1,2,5
17677,1848,1,1,1
17678,1848,1,1,1
17679,1849,1,2,5
17680,1849,1,1,1
17681,1849,1,2,5
17682,1849,1,1,1
17683,1849,1,1,1
17684,1849,1,1,1
17685,1849,2,2,5
17686,1849,4,1,1
17687,1849,1,3,5
17688,1850,1,2,1
17689,1850,15,1,1
17690,1850,1,2,5
17691,1851,15,1,1
17692,1851,1,1,1
17693,1851,5,2,5
17694,1851,3,10,10
17695,1851,1,1,1
17696,1851,1,1,1
17697,1851,1,1,1
17698,1851,1,2,1
17699,1851,1,1,1
17700,1852,15,10,10
17701,1852,1,2,5
17702,1852,1,2,5
17703,1852,1,1,1
17704,1852,1,2,5
17705,1852,15,10,10
17706,1852,5,1,1
17707,1852,1,2,5
17708,1852,1,2,5
17709,1852,3,1,1
17710,1852,9,1,1
17711,1852,2,1,1
17712,1852,1,2,1
17713,1853,1,1,1
17714,1853,1,2,5
17715,1853,1,1,1
17716,1853,1,1,1
17717,1854,15,2,5
17718,1854,1,3,5
17719,1854,1,1,1
17720,1854,1,3,5
17721,1854,2,1,1
17722,1854,2,1,1
17723,1854,1,1,1
17724,1854,1,1,1
17725,1854,1,2,5
17726,1854,1,2,5
17727,1855,1,1,1
17728,1855,2,1,1
17729,1855,1,1,1
17730,1855,1,1,1
17731,1855,1,1,1
17732,1855,7,2,5
17733,1855,15,3,5
17734,1855,15,1,1
17735,1855,1,1,1
17736,1855,1,1,1
17737,1855,7,3,5
17738,1855,1,2,5
17739,1855,1,2,5
17740,1855,15,1,1
17741,1855,1,1,1
17742,1855,15,1,1
17743,1855,1,2,5
17744,1856,1,1,1
17745,1856,1,3,5
17746,1856,8,1,1
17747,1856,1,2,5
17748,1856,1,2,5
17749,1856,1,3,5
17750,1856,1,1,1
17751,1856,10,1,1
17752,1856,15,1,1
17753,1856,1,2,5
17754,1856,1,10,10
17755,1856,15,1,1
17756,1857,1,1,1
17757,1857,1,1,1
17758,1857,1,2,5
17759,1857,2,2,5
17760,1857,4,1,1
17761,1858,1,1,1
17762,1858,4,1,1
17763,1858,1,2,5
17764,1858,1,2,5
17765,1858,15,1,1
17766,1858,1,10,10
17767,1858,1,10,10
17768,1858,1,2,5
17769,1858,1,2,1
17770,1858,9,1,1
17771,1858,15,1,1
17772,1858,1,2,5
17773,1859,2,1,1
17774,1859,15,1,1
17775,1859,15,1,1
17776,1859,1,1,1
17777,1859,1,1,1
17778,1859,2,1,1
17779,1859,10,2,5
17780,1859,1,1,1
17781,1859,1,1,1
17782,1859,1,1,1
17783,1859,4,1,1
17784,1859,1,1,1
17785,1860,1,1,1
17786,1860,1,2,5
17787,1860,1,10,10
17788,1860,1,1,1
17789,1860,1,1,1
17790,1860,1,2,5
17791,1860,1,2,5
17792,1860,1,2,5
17793,1860,1,1,1
17794,1860,1,1,1
17795,1861,3,2,5
17796,1861,8,2,5
17797,1861,1,1,1
17798,1861,11,1,1
17799,1861,1,1,1
17800,1861,1,1,1
17801,1861,4,1,1
17802,1861,1,1,1
17803,1861,1,2,5
17804,1862,1,2,5
17805,1862,1,2,5
17806,1862,1,2,5
17807,1862,1,1,1
17808,1862,1,1,1
17809,1862,6,1,1
17810,1862,1,1,1
17811,1862,15,1,1
17812,1862,6,1,1
17813,1862,1,2,5
17814,1862,1,1,1
17815,1862,1,1,1
17816,1863,1,2,5
17817,1863,1,2,5
17818,1863,1,2,5
17819,1863,1,2,5
17820,1863,1,2,5
17821,1863,15,1,1
17822,1863,1,2,5
17823,1863,1,1,1
17824,1863,1,2,5
17825,1863,1,10,10
17826,1863,5,1,1
17827,1863,1,1,1
17828,1863,1,1,1
17829,1863,1,1,1
17830,1864,7,1,1
17831,1864,10,1,1
17832,1864,4,1,1
17833,1864,2,1,1
17834,1864,1,3,5
17835,1864,3,1,1
17836,1864,1,1,1
17837,1864,2,2,5
17838,1864,1,1,1
17839,1864,13,1,1
17840,1865,1,2,5
17841,1865,1,1,1
17842,1865,2,2,5
17843,1865,1,1,1
17844,1865,1,1,1
17845,1865,1,1,1
17846,1865,1,2,5
17847,1865,1,2,5
17848,1865,1,2,1
17849,1865,1,1,1
17850,1865,1,2,5
17851,1865,1,2,5
17852,1865,1,1,1
17853,1865,2,2,5
17854,1866,1,2,5
17855,1866,1,1,1
17856,1867,1,2,5
17857,1867,1,2,5
17858,1867,1,2,5
17859,1867,1,2,5
17860,1867,1,1,1
17861,1867,2,3,5
17862,1867,1,1,1
17863,1867,1,1,1
17864,1867,2,1,1
17865,1868,1,2,5
17866,1868,1,2,5
17867,1868,9,1,1
17868,1868,1,2,5
17869,1868,1,2,5
17870,1868,15,1,1
17871,1868,1,2,5
17872,1868,3,1,1
17873,1868,1,2,5
17874,1868,1,1,1
17875,1868,1,2,5
17876,1868,1,2,5
17877,1869,4,1,1
17878,1869,1,2,5
17879,1869,10,1,1
17880,1869,1,2,5
17881,1869,1,2,5
17882,1870,2,1,1
17883,1870,1,2,1
17884,1870,1,1,1
17885,1870,1,1,1
17886,1870,1,2,5
17887,1871,1,1,1
17888,1871,1,1,1
17889,1871,1,3,5
17890,1871,1,2,5
17891,1871,1,1,1
17892,1871,2,1,1
17893,1871,1,2,5
17894,1872,1,1,1
17895,1872,2,1,1
17896,1872,1,1,1
17897,1872,15,10,10
17898,1872,1,1,1
17899,1873,1,1,1
17900,1873,1,2,5
17901,1873,1,1,1
17902,1873,1,2,5
17903,1873,1,1,1
17904,1873,1,2,5
17905,1873,2,1,1
17906,1873,1,1,1
17907,1873,1,1,1
17908,1874,1,2,5
17909,1874,2,1,1
17910,1874,1,1,1
17911,1874,1,2,1
17912,1874,1,1,1
17913,1874,1,2,5
17914,1874,1,1,1
17915,1874,1,2,5
17916,1875,1,3,5
17917,1875,15,2,1
17918,1875,1,2,5
17919,1875,1,1,1
17920,1875,8,1,1
17921,1875,1,1,1
17922,1875,1,2,5
17923,1876,14,2,5
17924,1876,1,1,1
17925,1876,1,1,1
17926,1876,1,2,1
17927,1876,1,1,1
17928,1876,4,1,1
17929,1876,2,1,1
17930,1877,1,1,1
17931,1877,2,1,1
17932,1877,1,2,5
17933,1877,13,1,1
17934,1877,2,2,1
17935,1877,1,2,5
17936,1877,9,1,1
17937,1877,1,2,5
17938,1877,1,2,5
17939,1878,15,2,5
17940,1878,1,10,10
17941,1878,1,1,1
17942,1878,6,1,1
17943,1878,1,1,1
17944,1878,15,1,1
17945,1878,1,2,5
17946,1878,1,2,5
17947,1878,1,1,1
17948,1878,1,1,1
17949,1878,2,1,1
17950,1878,1,1,1
17951,1879,1,2,5
17952,1879,15,1,1
17953,1879,1,2,1
17954,1879,1,1,1
17955,1879,1,2,1
17956,1879,1,1,1
17957,1879,1,1,1
17958,1879,15,1,1
17959,1880,15,1,1
17960,1880,1,2,5
17961,1880,1,1,1
17962,1880,15,2,5
17963,1880,14,1,1
17964,1880,1,1,1
17965,1880,1,2,5
17966,1880,2,1,1
17967,1880,15,2,1
17968,1880,1,1,1
17969,1880,1,2,5
17970,1880,1,2,5
17971,1880,2,1,1
17972,1880,1,2,5
17973,1881,1,1,1
17974,1881,2,1,1
17975,1881,1,1,1
17976,1881,1,2,5
17977,1881,1,2,1
17978,1882,1,1,1
17979,1882,1,1,1
17980,1882,1,2,5
17981,1882,1,2,5
17982,1882,1,1,1
17983,1883,11,1,1
17984,1883,2,1,1
17985,1883,1,3,5
17986,1883,1,2,5
17987,1883,6,2,5
17988,1883,1,1,1
17989,1883,10,1,1
17990,1883,9,1,1
17991,1883,1,1,1
17992,1884,1,3,5
17993,1884,13,1,1
17994,1884,1,1,1
17995,1884,9,1,1
17996,1884,8,1,1
17997,1884,1,1,1
17998,1884,1,1,1
17999,1884,1,1,1
18000,1884,1,1,1
18001,1884,1,2,5
18002,1884,1,2,5
18003,1884,8,1,1
18004,1884,1,1,1
18005,1884,1,2,5
18006,1885,1,2,1
18007,1885,1,2,5
18008,1885,1,2,5
18009,1885,1,1,1
18010,1885,15,2,5
18011,1885,1,1,1
18012,1885,1,1,1
18013,1885,1,10,10
18014,1885,15,3,5
18015,1885,1,2,5
18016,1886,1,1,1
18017,1886,1,1,1
18018,1886,4,1,1
18019,1886,1,1,1
18020,1886,1,2,1
18021,1886,5,1,1
18022,1886,1,2,5
18023,1886,1,3,5
18024,1886,1,1,1
18025,1886,1,1,1
18026,1886,5,1,1
18027,1887,1,1,1
18028,1887,1,2,5
18029,1887,15,2,1
18030,1887,1,1,1
18031,1887,1,1,1
18032,1887,1,2,5
18033,1887,3,1,1
18034,1887,4,1,1
18035,1887,1,2,5
18036,1887,1,3,5
18037,1888,1,2,5
18038,1888,1,1,1
18039,1888,1,2,5
18040,1888,7,1,1
18041,1888,1,2,5
18042,1888,1,2,5
18043,1888,1,1,1
18044,1888,1,1,1
18045,1889,1,3,5
18046,1889,1,1,1
18047,1889,1,1,1
18048,1890,2,2,5
18049,1890,1,1,1
18050,1890,5,3,5
18051,1890,1,3,5
18052,1890,15,2,5
18053,1890,8,3,5
18054,1890,9,3,5
18055,1891,1,1,1
18056,1891,12,2,5
18057,1891,1,3,5
18058,1891,1,2,5
18059,1891,1,1,1
18060,1891,1,1,1
18061,1891,1,1,1
18062,1891,1,2,5
18063,1891,1,1,1
18064,1891,1,1,1
18065,1892,1,2,1
18066,1892,1,1,1
18067,1892,15,1,1
18068,1892,1,1,1
18069,1892,1,1,1
18070,1892,2,3,5
18071,1892,1,2,5
18072,1893,1,1,1
18073,1893,1,2,5
18074,1893,1,1,1
18075,1893,1,1,1
18076,1893,1,2,5
18077,1893,1,2,5
18078,1893,1,1,1
18079,1893,1,2,5
18080,1893,1,2,5
18081,1893,1,1,1
18082,1893,1,2,5
18083,1893,7,1,1
18084,1894,1,2,5
18085,1894,1,2,5
18086,1894,1,1,1
18087,1894,1,2,5
18088,1894,1,1,1
18089,1894,1,3,5
18090,1894,1,3,5
18091,1894,1,1,1
18092,1894,1,2,1
18093,1894,1,1,1
18094,1894,1,2,5
18095,1894,1,3,5
18096,1894,1,3,5
18097,1895,1,3,5
18098,1895,1,1,1
18099,1896,2,1,1
18100,1896,1,1,1
18101,1896,1,2,5
18102,1896,1,2,5
18103,1896,1,3,5
18104,1896,1,2,5
18105,1897,3,1,1
18106,1897,3,2,5
18107,1897,1,2,5
18108,1897,1,2,1
18109,1898,15,2,5
18110,1898,6,1,1
18111,1898,1,2,5
18112,1898,1,3,5
18113,1898,1,1,1
18114,1899,1,3,5
18115,1899,1,2,5
18116,1899,1,1,1
18117,1899,1,1,1
18118,1899,1,1,1
18119,1899,14,2,5
18120,1899,1,1,1
18121,1899,1,2,1
18122,1899,1,1,1
18123,1900,15,1,1
18124,1900,1,2,5
18125,1900,1,2,5
18126,1900,8,1,1
18127,1900,1,1,1
18128,1901,1,3,5
18129,1901,2,1,1
18130,1901,6,1,1
18131,1901,1,3,5
18132,1901,1,1,1
18133,1901,1,3,5
18134,1901,1,1,1
18135,1901,1,1,1
18136,1901,15,2,5
18137,1901,1,1,1
18138,1901,1,1,1
18139,1901,1,1,1
18140,1901,1,1,1
18141,1901,1,1,1
18142,1901,1,1,1
18143,1901,1,2,1
18144,1901,1,1,1
18145,1901,1,1,1
18146,1902,15,3,5
18147,1902,2,1,1
18148,1902,15,1,1
18149,1902,1,2,5
18150,1902,1,1,1
18151,1902,1,1,1
18152,1902,15,2,5
18153,1902,1,1,1
18154,1902,2,1,1
18155,1902,4,1,1
18156,1902,1,2,5
18157,1902,1,1,1
18158,1902,15,1,1
18159,1902,15,1,1
18160,1902,1,1,1
18161,1902,1,1,1
18162,1903,15,1,1
18163,1903,1,3,5
18164,1903,1,2,5
18165,1903,1,3,5
18166,1903,1,2,5
18167,1903,1,1,1
18168,1903,1,2,1
18169,1903,1,2,5
18170,1903,1,3,5
18171,1904,1,1,1
18172,1904,1,1,1
18173,1904,1,10,10
18174,1904,1,2,5
18175,1905,1,2,1
18176,1905,1,2,5
18177,1905,1,2,5
18178,1905,1,1,1
18179,1905,5,3,5
18180,1905,1,2,5
18181,1905,1,1,1
18182,1905,1,1,1
18183,1905,1,3,5
18184,1905,1,1,1
18185,1905,1,1,1
18186,1905,1,2,5
18187,1905,3,3,5
18188,1905,15,1,1
18189,1905,1,3,5
18190,1905,1,1,1
18191,1905,1,1,1
18192,1905,15,1,1
18193,1906,15,3,5
18194,1906,4,1,1
18195,1906,1,1,1
18196,1906,1,1,1
18197,1907,1,1,1
18198,1907,15,1,1
18199,1907,1,1,1
18200,1907,1,1,1
18201,1907,8,1,1
18202,1907,1,2,5
18203,1907,1,10,10
18204,1907,8,2,5
18205,1907,1,2,5
18206,1907,1,1,1
18207,1908,3,1,1
18208,1908,1,1,1
18209,1908,1,1,1
18210,1908,2,1,1
18211,1908,15,1,1
18212,1908,2,1,1
18213,1908,1,2,5
18214,1908,1,3,5
18215,1908,1,1,1
18216,1908,15,1,1
18217,1908,1,1,1
18218,1908,1,1,1
18219,1908,1,1,1
18220,1908,1,1,1
18221,1909,15,1,1
18222,1909,1,2,1
18223,1909,1,2,5
18224,1909,2,1,1
18225,1909,1,2,5
18226,1909,1,1,1
18227,1909,15,1,1
18228,1909,1,10,10
18229,1909,1,1,1
18230,1909,1,10,10
18231,1909,2,2,5
18232,1909,14,1,1
18233,1910,1,1,1
18234,1910,1,2,5
18235,1910,1,10,10
18236,1910,1,1,1
18237,1910,1,2,5
18238,1910,1,1,1
18239,1911,1,1,1
18240,1911,1,1,1
18241,1911,1,1,1
18242,1912,1,2,5
18243,1912,1,2,5
18244,1912,1,10,10
18245,1912,1,2,5
18246,1912,7,1,1
18247,1912,1,1,1
18248,1912,3,10,10
18249,1912,2,1,1
18250,1912,1,1,1
18251,1912,1,1,1
18252,1912,1,1,1
18253,1912,2,1,1
18254,1912,1,3,5
18255,1912,3,1,1
18256,1912,1,1,1
18257,1912,1,1,1
18258,1912,1,10,10
18259,1913,10,2,5
18260,1913,1,10,10
18261,1913,1,1,1
18262,1913,1,1,1
18263,1913,1,10,10
18264,1913,1,1,1
18265,1913,8,2,5
18266,1913,1,1,1
18267,1913,15,1,1
18268,1913,15,1,1
18269,1913,1,1,1
18270,1913,1,3,5
18271,1913,2,1,1
18272,1913,5,2,5
18273,1913,2,1,1
18274,1914,15,1,1
18275,1914,1,2,5
18276,1914,1,2,5
18277,1914,1,1,1
18278,1914,1,1,1
18279,1914,2,1,1
18280,1914,1,1,1
18281,1914,1,2,1
18282,1915,1,1,1
18283,1915,1,1,1
18284,1915,3,2,5
18285,1915,1,1,1
18286,1915,1,1,1
18287,1915,1,1,1
18288,1916,1,1,1
18289,1916,9,1,1
18290,1916,1,1,1
18291,1916,1,1,1
18292,1916,1,1,1
18293,1916,1,1,1
18294,1916,15,1,1
18295,1916,1,1,1
18296,1916,1,1,1
18297,1916,12,1,1
18298,1917,3,1,1
18299,1917,5,2,5
18300,1917,15,1,1
18301,1917,7,1,1
18302,1917,1,1,1
18303,1917,1,1,1
18304,1917,1,1,1
18305,1917,1,1,1
18306,1917,1,1,1
18307,1918,15,2,5
18308,1918,1,1,1
18309,1918,1,1,1
18310,1918,1,1,1
18311,1918,1,1,1
18312,1918,1,2,1
18313,1918,1,1,1
18314,1918,1,1,1
18315,1918,1,2,5
18316,1918,1,1,1
18317,1918,1,1,1
18318,1918,1,1,1
18319,1918,1,1,1
18320,1918,15,1,1
18321,1918,1,1,1
18322,1918,15,1,1
18323,1919,1,1,1
18324,1919,1,10,10
18325,1919,1,10,10
18326,1920,1,1,1
18327,1920,2,1,1
18328,1920,1,1,1
18329,1920,1,1,1
18330,1920,1,2,5
18331,1920,1,2,5
18332,1920,1,1,1
18333,1920,10,1,1
18334,1920,1,1,1
18335,1920,1,10,10
18336,1920,1,1,1
18337,1920,1,10,10
18338,1920,11,1,1
18339,1920,1,1,1
18340,1921,1,1,1
18341,1921,1,2,5
18342,1921,1,1,1
18343,1921,1,1,1
18344,1921,1,1,1
18345,1921,1,1,1
18346,1921,1,1,1
18347,1921,8,2,5
18348,1921,1,3,5
18349,1921,1,1,1
18350,1921,1,2,5
18351,1922,14,1,1
18352,1922,1,1,1
18353,1922,15,1,1
18354,1922,14,1,1
18355,1922,2,2,5
18356,1922,1,1,1
18357,1922,2,1,1
18358,1922,15,1,1
18359,1923,15,1,1
18360,1923,1,1,1
18361,1923,1,1,1
18362,1923,1,1,1
18363,1923,1,3,5
18364,1923,11,1,1
18365,1923,1,1,1
18366,1923,2,1,1
18367,1923,1,2,5
18368,1923,1,1,1
18369,1924,1,1,1
18370,1924,1,2,5
18371,1924,1,2,5
18372,1924,1,2,5
18373,1924,1,1,1
18374,1924,1,1,1
18375,1924,1,1,1
18376,1924,11,1,1
18377,1924,1,1,1
18378,1924,1,1,1
18379,1924,15,1,1
18380,1924,15,10,10
18381,1925,1,1,1
18382,1925,1,1,1
18383,1925,15,1,1
18384,1925,15,1,1
18385,1925,10,1,1
18386,1926,1,1,1
18387,1926,1,10,10
18388,1926,15,1,1
18389,1926,2,1,1
18390,1926,1,10,10
18391,1926,1,1,1
18392,1926,1,10,10
18393,1926,1,10,10
18394,1926,1,10,10
18395,1926,3,3,5
18396,1926,1,10,10
18397,1926,1,1,1
18398,1926,1,10,10
18399,1926,1,1,1
18400,1927,1,2,5
18401,1927,1,2,5
18402,1927,1,2,5
18403,1927,1,3,5
18404,1927,1,2,1
18405,1927,2,3,5
18406,1927,10,1,1
18407,1927,15,1,1
18408,1927,15,1,1
18409,1927,1,2,5
18410,1927,1,2,5
18411,1927,1,1,1
18412,1928,3,1,1
18413,1928,1,1,1
18414,1928,1,1,1
18415,1928,3,2,5
18416,1928,15,1,1
18417,1928,2,1,1
18418,1929,1,1,1
18419,1929,1,1,1
18420,1929,1,1,1
18421,1929,1,1,1
18422,1929,2,1,1
18423,1929,1,1,1
18424,1930,1,1,1
18425,1930,15,2,5
18426,1930,1,1,1
18427,1930,1,1,1
18428,1930,15,2,5
18429,1930,1,1,1
18430,1930,2,1,1
18431,1930,1,1,1
18432,1931,3,1,1
18433,1931,10,1,1
18434,1931,1,2,5
18435,1931,1,1,1
18436,1931,2,1,1
18437,1931,1,1,1
18438,1931,1,1,1
18439,1931,15,1,1
18440,1931,1,1,1
18441,1931,1,1,1
18442,1932,1,1,1
18443,1932,1,2,5
18444,1932,1,2,1
18445,1932,1,1,1
18446,1932,15,2,5
18447,1932,2,2,5
18448,1932,1,1,1
18449,1932,15,3,5
18450,1932,9,1,1
18451,1932,6,1,1
18452,1932,1,1,1
18453,1932,1,10,10
18454,1932,15,1,1
18455,1932,1,1,1
18456,1932,1,1,1
18457,1933,15,2,1
18458,1933,1,1,1
18459,1933,2,1,1
18460,1934,1,1,1
18461,1934,1,1,1
18462,1934,1,1,1
18463,1934,9,2,5
18464,1934,15,1,1
18465,1934,1,1,1
18466,1934,1,1,1
18467,1934,1,1,1
18468,1934,10,1,1
18469,1934,1,1,1
18470,1934,1,1,1
18471,1935,8,2,5
18472,1935,2,1,1
18473,1935,1,1,1
18474,1935,9,1,1
18475,1935,1,2,5
18476,1935,1,1,1
18477,1935,1,1,1
18478,1935,1,1,1
18479,1935,1,1,1
18480,1935,1,1,1
18481,1935,1,1,1
18482,1935,1,1,1
18483,1935,1,1,1
18484,1936,1,1,1
18485,1936,1,2,1
18486,1936,1,1,1
18487,1936,1,1,1
18488,1936,1,1,1
18489,1937,1,1,1
18490,1937,1,2,1
18491,1937,15,2,5
18492,1937,1,1,1
18493,1937,1,1,1
18494,1937,3,1,1
18495,1937,1,1,1
18496,1938,2,1,1
18497,1938,8,1,1
18498,1938,1,1,1
18499,1938,1,2,5
18500,1938,15,1,1
18501,1938,1,1,1
18502,1938,1,1,1
18503,1938,4,1,1
18504,1939,1,1,1
18505,1940,1,1,1
18506,1940,1,1,1
18507,1940,1,1,1
18508,1940,1,1,1
18509,1940,1,1,1
18510,1940,1,1,1
18511,1940,1,1,1
18512,1940,1,1,1
18513,1940,1,1,1
18514,1940,1,2,5
18515,1941,1,1,1
18516,1941,15,2,5
18517,1941,1,1,1
18518,1941,1,1,1
18519,1941,1,1,1
18520,1941,1,3,5
18521,1942,1,1,1
18522,1942,1,1,1
18523,1942,15,1,1
18524,1942,4,2,5
18525,1942,15,1,1
18526,1942,1,1,1
18527,1942,2,1,1
18528,1942,1,1,1
18529,1943,1,1,1
18530,1943,1,1,1
18531,1943,1,1,1
18532,1943,1,3,5
18533,1943,15,3,5
18534,1943,1,1,1
18535,1943,1,1,1
18536,1944,1,1,1
18537,1944,1,1,1
18538,1944,15,1,1
18539,1944,15,2,5
18540,1944,1,2,5
18541,1945,1,3,5
18542,1945,15,1,1
18543,1945,15,1,1
18544,1945,3,1,1
18545,1946,1,1,1
18546,1946,1,1,1
18547,1946,1,1,1
18548,1946,15,1,1
18549,1946,1,2,5
18550,1946,15,1,1
18551,1946,15,2,5
18552,1946,15,1,1
18553,1946,14,1,1
18554,1946,1,1,1
18555,1946,1,1,1
18556,1947,2,1,1
18557,1947,1,1,1
18558,1947,15,2,5
18559,1947,1,3,5
18560,1947,15,3,5
18561,1947,1,1,1
18562,1947,15,1,1
18563,1947,15,1,1
18564,1947,1,1,1
18565,1948,14,1,1
18566,1948,1,1,1
18567,1948,1,2,5
18568,1948,1,1,1
18569,1948,1,2,5
18570,1949,1,1,1
18571,1949,1,1,1
18572,1949,1,1,1
18573,1949,1,2,5
18574,1949,1,1,1
18575,1949,1,1,1
18576,1949,1,2,5
18577,1949,2,2,5
18578,1949,1,1,1
18579,1950,1,1,1
18580,1950,1,2,5
18581,1950,9,1,1
18582,1950,1,1,1
18583,1951,9,1,1
18584,1951,1,1,1
18585,1951,1,1,1
18586,1951,6,1,1
18587,1951,1,1,1
18588,1951,1,1,1
18589,1951,1,1,1
18590,1951,1,1,1
18591,1951,1,1,1
18592,1951,4,1,1
18593,1951,7,1,1
18594,1952,1,2,5
18595,1952,15,1,1
18596,1952,7,1,1
18597,1952,7,1,1
18598,1952,6,1,1
18599,1953,15,1,1
18600,1953,1,1,1
18601,1953,1,10,10
18602,1953,2,1,1
18603,1953,1,1,1
18604,1953,4,1,1
18605,1954,6,1,1
18606,1955,4,1,1
18607,1955,15,3,10
18608,1955,1,1,1
18609,1955,1,1,1
18610,1955,4,2,1
18611,1955,1,1,1
18612,1956,8,1,1
18613,1956,15,1,1
18614,1957,1,3,5
18615,1957,15,2,5
18616,1957,3,3,5
18617,1957,1,1,1
18618,1957,1,3,5
18619,1957,1,1,1
18620,1957,1,2,5
18621,1957,1,1,1
18622,1957,6,3,5
18623,1957,1,10,10
18624,1958,1,1,1
18625,1958,1,1,1
18626,1958,1,1,1
18627,1958,1,1,1
18628,1959,2,2,5
18629,1959,1,1,1
18630,1959,1,1,1
18631,1959,1,1,1
18632,1959,2,3,5
18633,1959,2,2,5
18634,1959,2,2,5
18635,1959,1,1,1
18636,1959,7,10,10
18637,1959,1,1,1
18638,1960,1,2,5
18639,1960,3,1,1
18640,1960,1,2,5
18641,1960,14,1,1
18642,1960,1,1,1
18643,1960,2,1,1
18644,1960,1,1,1
18645,1960,3,1,1
18646,1961,1,2,5
18647,1961,1,1,1
18648,1961,1,1,1
18649,1961,5,3,5
18650,1962,1,2,5
18651,1962,14,2,5
18652,1962,1,1,1
18653,1962,14,2,1
18654,1962,1,1,1
18655,1962,1,1,1
18656,1962,14,2,5
18657,1962,1,1,1
18658,1962,1,1,1
18659,1962,1,2,1
18660,1962,1,1,1
18661,1962,1,2,5
18662,1962,1,1,1
18663,1962,1,1,1
18664,1963,13,1,1
18665,1963,1,2,5
18666,1963,2,1,1
18667,1963,1,1,1
18668,1963,1,1,1
18669,1963,1,1,1
18670,1963,1,1,1
18671,1964,13,2,5
18672,1964,3,3,5
18673,1964,6,2,5
18674,1964,13,1,1
18675,1964,1,1,1
18676,1965,5,2,5
18677,1965,1,3,5
18678,1965,1,1,1
18679,1965,1,2,5
18680,1965,10,2,5
18681,1965,10,2,5
18682,1965,10,2,5
18683,1965,1,2,5
18684,1965,1,1,1
18685,1965,1,1,1
18686,1965,2,1,1
18687,1966,12,1,1
18688,1966,12,1,1
18689,1966,1,1,1
18690,1966,1,1,1
18691,1966,1,2,1
18692,1966,1,1,1
18693,1967,1,2,5
18694,1967,1,3,5
18695,1967,1,3,5
18696,1968,1,1,1
18697,1968,1,1,1
18698,1968,3,2,5
18699,1968,1,3,5
18700,1968,12,1,1
18701,1968,11,2,5
18702,1968,1,2,5
18703,1969,11,2,5
18704,1969,1,1,1
18705,1969,1,1,1
18706,1970,11,1,1
18707,1970,11,1,1
18708,1970,1,2,5
18709,1971,5,1,1
18710,1971,10,2,5
18711,1971,1,2,5
18712,1971,10,2,5
18713,1971,10,1,1
18714,1971,10,1,1
18715,1972,4,1,1
18716,1972,1,1,1
18717,1972,10,1,1
18718,1972,1,10,10
18719,1972,1,1,1
18720,1972,10,1,1
18721,1972,1,1,1
18722,1973,1,1,1
18723,1973,1,2,1
18724,1973,5,1,1
18725,1973,1,1,1
18726,1973,10,10,10
18727,1973,1,1,1
18728,1974,1,1,1
18729,1974,1,1,1
18730,1974,9,1,1
18731,1974,9,1,1
18732,1975,5,1,1
18733,1975,9,1,1
18734,1975,9,1,1
18735,1975,2,1,1
18736,1975,9,1,1
18737,1975,1,1,1
18738,1976,1,1,1
18739,1976,1,1,1
18740,1976,1,1,1
18741,1976,1,1,1
18742,1976,1,1,1
18743,1976,1,1,1
18744,1977,1,3,5
18745,1977,1,1,1
18746,1977,1,2,5
18747,1977,1,3,5
18748,1977,1,3,5
18749,1977,2,3,5
18750,1977,1,3,5
18751,1977,1,2,5
18752,1977,8,1,1
18753,1977,1,1,1
18754,1977,2,3,5
18755,1977,4,3,5
18756,1977,8,1,1
18757,1977,2,3,5
18758,1977,1,1,1
18759,1977,1,2,5
18760,1978,1,1,1
18761,1978,1,1,1
18762,1978,1,1,1
18763,1978,1,1,1
18764,1978,1,3,5
18765,1978,8,1,1
18766,1978,1,2,1
18767,1979,1,1,1
18768,1979,2,1,1
18769,1979,1,1,1
18770,1979,1,1,1
18771,1979,1,1,1
18772,1979,1,1,1
18773,1979,1,1,1
18774,1979,8,1,1
18775,1979,1,1,1
18776,1979,1,1,1
18777,1979,1,1,1
18778,1979,1,1,1
18779,1979,7,1,1
18780,1980,7,1,1
18781,1980,1,3,5
18782,1981,1,1,1
18783,1981,7,1,1
18784,1981,1,1,1
18785,1982,1,1,1
18786,1982,6,1,1
18787,1982,1,1,1
18788,1982,1,2,5
18789,1982,6,1,1
18790,1983,4,1,1
18791,1983,6,2,5
18792,1984,1,1,1
18793,1984,6,1,1
18794,1984,1,2,5
18795,1984,6,1,1
18796,1984,2,2,5
18797,1984,1,1,1
18798,1984,5,2,5
18799,1984,1,1,1
18800,1984,1,1,1
18801,1984,3,10,10
18802,1984,2,1,1
18803,1985,5,2,5
18804,1985,1,1,1
18805,1985,1,2,1
18806,1985,1,1,1
18807,1985,1,1,1
18808,1985,1,1,1
18809,1985,5,1,1
18810,1985,1,1,1
18811,1985,1,1,1
18812,1986,1,2,5
18813,1986,3,1,1
18814,1986,2,1,1
18815,1986,5,3,5
18816,1987,1,2,5
18817,1987,1,2,5
18818,1988,1,2,5
18819,1988,1,1,1
18820,1988,1,1,1
18821,1988,2,1,1
18822,1989,2,1,1
18823,1989,4,1,1
18824,1990,1,2,5
18825,1990,1,1,1
18826,1990,1,1,1
18827,1990,1,1,1
18828,1990,1,1,1
18829,1990,1,1,1
18830,1990,1,2,1
18831,1990,3,2,5
18832,1990,3,1,1
18833,1991,3,1,1
18834,1991,1,1,1
18835,1991,1,2,1
18836,1991,3,1,1
18837,1991,1,1,1
18838,1992,1,1,1
18839,1992,1,1,1
18840,1992,1,2,1
18841,1993,1,1,1
18842,1993,1,1,1
18843,1993,1,1,1
18844,1993,1,2,5
18845,1993,1,1,1
18846,1993,1,1,1
18847,1993,1,10,10
18848,1993,1,2,5
18849,1994,1,10,10
18850,1994,1,1,1
18851,1994,1,2,5
18852,1994,1,1,1
18853,1994,1,2,5
18854,1995,2,2,5
18855,1995,1,2,5
18856,1996,1,1,1
18857,1996,1,3,5
18858,1996,1,2,5
18859,1996,1,3,5
18860,1996,1,1,1
18861,1996,1,3,5
18862,1996,1,1,1
18863,1996,1,2,5
18864,1996,1,3,5
18865,1996,1,2,1
18866,1996,1,3,5
18867,1996,1,2,5
18868,1996,1,2,5
18869,1996,1,3,5
18870,1997,1,1,1
18871,1997,1,1,1
18872,1997,1,1,1
18873,1998,1,10,10
18874,1998,1,1,1
18875,1998,1,1,1
18876,1998,1,1,1
18877,1998,1,1,1
18878,1999,1,1,1
18879,1999,1,1,1
18880,1999,1,2,5
18881,1999,1,2,1
18882,1999,1,1,1
18883,1999,1,2,5
18884,1999,1,1,1
18885,1999,1,2,1
18886,1999,1,1,1
18887,2000,1,1,1
