job_id,arrival_time,duration,res_0,res_1
0,0,15,1,1
1,0,15,1,1
2,0,15,1,1
3,0,15,1,1
4,0,12,1,1
5,1,15,1,1
6,2,15,1,1
7,2,1,1,1
8,2,15,1,1
9,2,15,1,1
10,2,15,1,1
11,2,15,1,1
12,2,6,1,1
13,3,15,1,1
14,3,3,1,1
15,3,15,1,1
16,4,15,1,1
17,4,15,1,1
18,4,15,1,1
19,4,15,1,1
20,4,15,1,1
21,4,12,1,1
22,4,15,1,1
23,4,15,1,1
24,4,15,1,1
25,5,15,1,1
26,5,15,1,1
27,5,15,1,1
28,5,15,1,1
29,5,15,1,1
30,5,15,1,1
31,5,15,1,1
32,5,15,1,1
33,5,11,1,1
34,5,15,1,1
35,5,15,1,1
36,5,15,1,1
37,6,15,1,1
38,6,15,1,1
39,6,15,1,1
40,6,15,1,1
41,6,15,1,1
42,6,15,1,1
43,6,2,1,1
44,6,3,1,1
45,7,15,1,1
46,7,3,1,1
47,7,15,1,1
48,8,15,1,1
49,8,15,1,1
50,8,15,1,1
51,8,15,1,1
52,8,15,1,1
53,8,15,1,1
54,8,15,1,1
55,8,1,1,1
56,8,15,1,1
57,8,15,1,1
58,8,15,1,1
59,8,9,1,1
60,8,15,1,1
61,8,15,1,1
62,8,15,1,1
63,9,7,1,1
64,9,4,1,1
65,9,15,1,1
66,9,6,1,1
67,9,11,1,1
68,9,15,1,1
69,9,6,1,1
70,9,15,1,1
71,9,15,1,1
72,10,15,1,1
73,10,15,1,1
74,10,15,1,1
75,10,15,1,1
76,10,15,1,1
77,10,2,1,1
78,10,10,1,1
79,10,7,1,1
80,10,2,1,1
81,10,15,1,1
82,12,15,1,1
83,12,15,1,1
84,12,8,1,1
85,12,9,1,1
86,12,15,1,1
87,12,15,1,1
88,12,8,1,1
89,12,4,1,1
90,12,5,1,1
91,13,15,1,1
92,13,15,1,1
93,13,15,1,1
94,13,15,1,1
95,13,10,1,1
96,14,15,1,1
97,14,15,1,1
98,14,15,1,1
99,15,15,1,1
100,15,3,1,1
101,15,15,1,1
102,16,15,1,1
103,16,15,1,1
104,16,15,1,1
105,16,15,1,1
106,16,15,1,1
107,16,15,1,1
108,16,6,1,1
109,16,15,1,1
110,16,1,1,1
111,16,6,1,1
112,16,15,1,1
113,16,15,1,1
114,16,15,1,1
115,16,15,1,1
116,16,15,1,1
117,16,15,1,1
118,16,1,1,1
119,16,15,1,1
120,16,15,1,1
121,19,2,1,1
122,19,15,1,1
123,20,4,1,1
124,20,15,1,1
125,20,15,1,1
126,20,15,1,1
127,20,15,1,1
128,20,15,1,1
129,21,15,1,1
130,21,15,1,1
131,21,15,1,1
132,21,15,1,1
133,21,15,1,1
134,23,15,1,1
135,23,15,1,1
136,23,4,1,1
137,24,5,1,1
138,24,15,1,1
139,24,15,1,1
140,24,15,1,1
141,24,15,1,1
142,24,9,1,1
143,24,4,1,1
144,24,15,1,1
145,24,15,1,1
146,25,15,1,1
147,25,15,1,1
148,25,15,1,1
149,25,15,1,1
150,25,15,1,1
151,25,15,1,1
152,25,15,1,1
153,25,15,1,1
154,25,15,1,1
155,25,15,1,1
156,25,15,1,1
157,25,15,1,1
158,25,15,1,1
159,25,15,1,1
160,25,15,1,1
161,25,15,1,1
162,25,15,1,1
163,25,15,1,1
164,25,15,1,1
165,25,15,1,1
166,25,15,1,1
167,25,15,1,1
168,25,15,1,1
169,25,15,1,1
170,25,15,1,1
171,25,15,1,1
172,25,15,1,1
173,25,15,1,1
174,25,15,1,1
175,25,15,1,1
176,25,15,1,1
177,25,15,1,1
178,25,15,1,1
179,25,15,1,1
180,25,15,1,1
181,25,15,1,1
182,25,15,1,1
183,25,15,1,1
184,25,15,1,1
185,25,15,1,1
186,25,15,1,1
187,25,1,1,1
188,25,1,1,1
189,25,1,1,1
190,25,1,1,1
191,25,1,1,1
192,25,1,1,1
193,25,1,1,1
194,25,1,1,1
195,25,1,1,1
196,25,1,1,1
197,25,1,1,1
198,25,1,1,1
199,25,1,1,1
200,25,1,1,1
201,25,1,1,1
202,25,1,1,1
203,25,1,1,1
204,25,1,1,1
205,25,11,1,1
206,25,15,1,1
207,25,1,1,1
208,26,15,1,1
209,26,15,1,1
210,26,15,1,1
211,26,2,1,1
212,26,15,1,1
213,26,3,1,1
214,26,15,1,1
215,26,15,1,1
216,27,3,1,1
217,27,8,1,1
218,27,15,1,1
219,27,15,1,1
220,27,15,1,1
221,27,10,1,1
222,27,15,1,1
223,28,15,1,1
224,28,15,1,1
225,28,15,1,1
226,28,4,1,1
227,28,11,1,1
228,28,15,1,1
229,28,15,1,1
230,28,15,1,1
231,28,7,1,1
232,28,7,1,1
233,29,15,1,1
234,29,15,1,1
235,29,15,1,1
236,29,15,1,1
237,29,10,1,1
238,30,15,1,1
239,30,15,1,1
240,30,15,1,1
241,30,15,1,1
242,30,7,1,1
243,30,1,1,1
244,30,6,1,1
245,30,15,1,1
246,30,11,1,1
247,30,15,1,1
248,30,15,1,1
249,31,15,1,1
250,31,15,1,1
251,31,7,1,1
252,31,15,1,1
253,32,6,1,1
254,32,15,1,1
255,33,15,1,1
256,33,15,1,1
257,33,15,1,1
258,33,13,1,1
259,34,10,1,1
260,34,10,1,1
261,34,15,1,1
262,34,15,1,1
263,35,9,1,1
264,35,11,1,1
265,36,13,1,1
266,36,15,1,1
267,36,15,1,1
268,36,15,1,1
269,36,15,1,1
270,36,6,1,1
271,36,15,1,1
272,36,15,1,1
273,36,10,1,1
274,36,15,1,1
275,37,6,1,1
276,37,10,1,1
277,37,15,1,1
278,37,13,1,1
279,37,6,1,1
280,37,15,1,1
281,37,2,1,1
282,37,15,1,1
283,37,15,1,1
284,38,8,1,1
285,38,15,1,1
286,38,10,1,1
287,38,15,1,1
288,38,10,1,1
289,38,15,1,1
290,38,15,1,1
291,39,9,1,1
292,39,15,1,1
293,40,1,1,1
294,40,15,1,1
295,40,9,1,1
296,40,15,1,1
297,40,8,1,1
298,40,15,1,1
299,41,15,1,1
300,42,15,1,1
301,42,15,1,1
302,43,15,1,1
303,43,15,1,1
304,43,1,1,1
305,44,8,1,1
306,44,1,1,1
307,44,11,1,1
308,44,15,1,1
309,44,9,1,1
310,44,5,1,1
311,44,11,1,1
312,44,15,1,1
313,45,15,1,1
314,45,1,1,1
315,45,1,1,1
316,45,15,1,1
317,45,15,1,1
318,45,15,1,1
319,45,15,1,1
320,45,15,1,1
321,45,15,1,1
322,46,1,1,1
323,46,1,1,1
324,46,1,1,1
325,46,7,1,1
326,46,15,1,1
327,46,15,1,1
328,46,15,1,1
329,46,15,1,1
330,46,15,1,1
331,46,15,1,1
332,46,1,1,1
333,46,1,1,1
334,47,1,1,1
335,47,15,1,1
336,47,3,1,1
337,47,15,1,1
338,47,15,1,1
339,47,15,1,1
340,47,15,1,1
341,47,15,1,1
342,47,15,1,1
343,47,3,1,1
344,47,15,1,1
345,47,15,1,1
346,47,1,1,1
347,47,1,1,1
348,48,1,1,1
349,48,1,1,1
350,48,15,1,1
351,48,15,1,1
352,48,1,1,1
353,50,1,1,1
354,50,1,1,1
355,50,1,1,1
356,50,1,1,1
357,50,15,1,1
358,50,15,1,1
359,50,1,1,1
360,51,1,1,1
361,51,15,1,1
362,51,15,1,1
363,51,9,1,1
364,51,15,1,1
365,52,1,1,1
366,52,1,1,1
367,53,15,1,1
368,53,1,1,1
369,55,3,1,1
370,55,15,1,1
371,55,1,1,1
372,55,2,1,1
373,55,15,1,1
374,56,1,1,1
375,57,1,1,1
376,58,15,3,1
377,59,4,1,1
378,59,1,1,1
379,59,1,1,1
380,60,3,1,1
381,63,1,1,1
382,63,11,1,1
383,63,1,1,1
384,63,1,1,1
385,64,1,1,1
386,64,1,1,1
387,65,1,1,1
388,66,1,1,1
389,67,15,1,1
390,67,15,1,1
391,68,1,1,1
392,69,1,1,1
393,69,1,1,1
394,69,7,1,1
395,69,1,1,1
396,69,1,1,1
397,69,5,1,1
398,70,1,1,1
399,71,4,1,1
400,73,1,1,1
401,74,1,1,1
402,74,1,1,1
403,74,6,1,1
404,74,15,1,1
405,74,12,1,1
406,75,1,1,1
407,75,7,1,1
408,75,1,1,1
409,76,15,1,1
410,78,1,1,1
411,78,1,1,1
412,78,1,1,1
413,79,1,1,1
414,82,1,1,1
415,82,1,1,1
416,83,1,1,1
417,83,15,1,1
418,84,1,1,1
419,84,1,1,1
420,85,1,1,1
421,86,1,1,1
422,86,15,1,1
423,86,1,1,1
424,87,1,1,1
425,88,1,1,1
426,88,1,1,1
427,89,14,1,1
428,90,1,1,1
429,91,1,1,1
430,93,1,1,1
431,93,1,1,1
432,94,3,1,1
433,94,1,1,1
434,96,1,1,1
435,96,1,1,1
436,97,1,1,1
437,98,1,1,1
438,98,1,1,1
439,101,1,1,1
440,102,1,1,1
441,103,1,1,1
442,103,1,1,1
443,104,1,1,1
444,104,1,1,1
445,104,1,1,1
446,105,1,1,1
447,106,1,1,1
448,106,1,1,1
449,106,1,1,1
450,108,3,1,1
451,109,1,1,1
452,109,1,1,1
453,109,1,1,1
454,110,3,1,1
455,110,3,1,1
456,110,3,1,1
457,110,3,1,1
458,110,3,1,1
459,110,3,1,1
460,110,3,1,1
461,110,3,1,1
462,110,3,1,1
463,110,3,1,1
464,110,3,1,1
465,110,2,1,1
466,110,1,1,1
467,110,1,1,1
468,110,2,1,1
469,110,1,1,1
470,110,1,1,1
471,110,2,1,1
472,110,1,1,1
473,110,2,1,1
474,110,1,1,1
475,110,1,1,1
476,110,1,1,1
477,110,3,1,1
478,110,1,1,1
479,110,3,1,1
480,110,1,1,1
481,112,4,1,1
482,113,1,1,1
483,115,1,1,1
484,116,1,1,1
485,117,1,1,1
486,117,1,1,1
487,118,1,1,1
488,119,1,1,1
489,120,1,1,1
490,120,1,1,1
491,121,1,1,1
492,121,2,1,1
493,121,1,1,1
494,122,1,1,1
495,122,1,1,1
496,122,1,1,1
497,123,1,1,1
498,125,1,1,1
499,125,1,1,1
500,125,1,1,1
501,125,1,1,1
502,126,1,1,1
503,127,1,1,1
504,129,1,1,1
505,129,1,1,1
506,130,1,1,1
507,131,1,1,1
508,132,1,1,1
509,132,1,1,1
510,132,1,1,1
511,133,1,1,1
512,133,15,1,1
513,133,2,1,1
514,133,1,1,1
515,135,1,1,1
516,136,1,1,1
517,137,1,1,1
518,139,1,1,1
519,139,1,1,1
520,139,1,1,1
521,140,15,1,1
522,140,1,1,1
523,144,1,1,1
524,145,1,1,1
525,146,1,1,1
526,146,1,1,1
527,146,1,1,1
528,148,1,1,1
529,149,1,1,1
530,149,1,1,1
531,149,1,1,1
532,150,1,1,1
533,151,1,1,1
534,152,15,1,1
535,153,1,1,1
536,153,1,1,1
537,153,1,1,1
538,155,1,1,1
539,155,1,1,1
540,156,3,1,1
541,157,1,1,1
542,157,1,1,1
543,157,1,1,1
544,157,1,1,1
545,157,1,1,1
546,157,1,1,1
547,158,15,1,1
548,158,1,1,1
549,159,1,1,1
550,160,1,1,1
551,160,1,1,1
552,161,1,1,1
553,162,1,1,1
554,163,1,1,1
555,165,1,1,1
556,166,1,1,1
557,166,1,1,1
558,166,1,1,1
559,169,1,1,1
560,169,1,1,1
561,171,1,1,1
562,172,1,1,1
563,172,15,1,1
564,175,1,1,1
565,175,1,1,1
566,175,15,2,1
567,175,15,1,1
568,175,1,1,1
569,177,15,1,1
570,177,15,1,1
571,177,1,1,1
572,177,1,1,1
573,178,1,1,1
574,179,1,1,1
575,180,1,1,1
576,180,6,1,1
577,180,1,1,1
578,181,1,1,1
579,181,1,1,1
580,181,1,1,1
581,182,1,1,1
582,182,1,1,1
583,182,1,1,1
584,182,1,1,1
585,182,2,1,1
586,182,15,1,1
587,182,1,1,1
588,182,1,1,1
589,183,1,1,1
590,184,1,1,1
591,184,1,1,1
592,184,1,1,1
593,184,1,1,1
594,184,1,1,1
595,184,1,1,1
596,184,1,1,1
597,184,1,1,1
598,184,1,1,1
599,184,1,1,1
600,184,1,1,1
601,184,1,1,1
602,184,1,1,1
603,184,1,1,1
604,184,1,1,1
605,184,1,1,1
606,184,1,1,1
607,184,1,1,1
608,184,1,1,1
609,184,1,1,1
610,184,1,1,1
611,184,1,1,1
612,184,1,1,1
613,184,1,1,1
614,184,1,1,1
615,184,1,1,1
616,184,1,1,1
617,184,1,1,1
618,184,1,1,1
619,184,1,1,1
620,184,1,1,1
621,184,1,1,1
622,184,1,1,1
623,184,1,1,1
624,184,1,1,1
625,184,1,1,1
626,184,1,1,1
627,184,1,1,1
628,184,1,1,1
629,184,1,1,1
630,184,1,1,1
631,184,1,1,1
632,184,1,1,1
633,184,1,1,1
634,184,1,1,1
635,184,1,1,1
636,184,1,1,1
637,184,4,1,1
638,184,4,1,1
639,184,5,1,1
640,184,10,1,1
641,184,6,1,1
642,184,10,1,1
643,184,4,1,1
644,184,7,1,1
645,184,9,1,1
646,184,7,1,1
647,184,7,1,1
648,184,8,1,1
649,184,7,1,1
650,184,9,1,1
651,184,7,1,1
652,184,7,1,1
653,184,7,1,1
654,184,8,1,1
655,184,9,1,1
656,184,15,1,1
657,184,4,1,1
658,184,15,1,1
659,184,8,1,1
660,184,8,1,1
661,184,7,1,1
662,184,10,1,1
663,184,7,1,1
664,184,7,1,1
665,184,8,1,1
666,184,8,1,1
667,184,7,1,1
668,184,7,1,1
669,184,13,1,1
670,184,7,1,1
671,184,7,1,1
672,184,8,1,1
673,184,7,1,1
674,184,7,1,1
675,184,7,1,1
676,184,8,1,1
677,184,11,1,1
678,184,7,1,1
679,184,9,1,1
680,184,10,1,1
681,184,7,1,1
682,184,7,1,1
683,184,10,1,1
684,184,7,1,1
685,184,7,1,1
686,184,8,1,1
687,184,7,1,1
688,184,7,1,1
689,184,7,1,1
690,184,14,1,1
691,184,7,1,1
692,184,7,1,1
693,184,9,1,1
694,184,7,1,1
695,184,8,1,1
696,184,10,1,1
697,184,7,1,1
698,184,7,1,1
699,184,14,1,1
700,184,7,1,1
701,184,9,1,1
702,184,7,1,1
703,184,9,1,1
704,184,10,1,1
705,184,7,1,1
706,184,7,1,1
707,184,15,1,1
708,184,7,1,1
709,184,7,1,1
710,184,7,1,1
711,184,10,1,1
712,184,7,1,1
713,184,8,1,1
714,184,7,1,1
715,184,7,1,1
716,184,7,1,1
717,184,7,1,1
718,184,7,1,1
719,184,7,1,1
720,184,9,1,1
721,184,15,1,1
722,184,7,1,1
723,184,7,1,1
724,184,8,1,1
725,184,8,1,1
726,184,7,1,1
727,184,7,1,1
728,184,9,1,1
729,184,7,1,1
730,184,7,1,1
731,184,15,1,1
732,184,7,1,1
733,184,8,1,1
734,184,8,1,1
735,184,8,1,1
736,184,7,1,1
737,184,7,1,1
738,184,7,1,1
739,184,9,1,1
740,184,7,1,1
741,184,15,1,1
742,184,8,1,1
743,184,7,1,1
744,184,7,1,1
745,184,7,1,1
746,184,7,1,1
747,184,7,1,1
748,184,9,1,1
749,184,8,1,1
750,184,7,1,1
751,184,7,1,1
752,184,7,1,1
753,184,7,1,1
754,184,7,1,1
755,184,7,1,1
756,184,7,1,1
757,184,7,1,1
758,184,7,1,1
759,184,15,1,1
760,184,7,1,1
761,184,7,1,1
762,184,7,1,1
763,184,15,1,1
764,184,8,1,1
765,184,8,1,1
766,184,8,1,1
767,184,7,1,1
768,184,8,1,1
769,184,9,1,1
770,184,7,1,1
771,184,10,1,1
772,184,7,1,1
773,184,7,1,1
774,184,7,1,1
775,184,8,1,1
776,184,7,1,1
777,184,7,1,1
778,184,7,1,1
779,184,9,1,1
780,184,7,1,1
781,184,12,1,1
782,184,8,1,1
783,184,8,1,1
784,184,7,1,1
785,184,7,1,1
786,184,8,1,1
787,184,7,1,1
788,184,7,1,1
789,184,7,1,1
790,184,9,1,1
791,184,8,1,1
792,184,7,1,1
793,184,8,1,1
794,184,7,1,1
795,184,8,1,1
796,184,7,1,1
797,184,7,1,1
798,184,9,1,1
799,184,7,1,1
800,184,7,1,1
801,184,10,1,1
802,184,7,1,1
803,184,7,1,1
804,184,7,1,1
805,184,8,1,1
806,184,8,1,1
807,184,7,1,1
808,184,11,1,1
809,184,11,1,1
810,184,7,1,1
811,184,9,1,1
812,184,9,1,1
813,184,9,1,1
814,184,9,1,1
815,184,9,1,1
816,184,9,1,1
817,184,11,1,1
818,184,8,1,1
819,184,9,1,1
820,184,15,1,1
821,184,8,1,1
822,184,8,1,1
823,184,7,1,1
824,184,7,1,1
825,184,8,1,1
826,184,7,1,1
827,184,7,1,1
828,184,7,1,1
829,184,8,1,1
830,184,7,1,1
831,184,7,1,1
832,184,7,1,1
833,184,11,1,1
834,184,5,1,1
835,184,7,1,1
836,184,15,1,1
837,184,7,1,1
838,184,7,1,1
839,184,7,1,1
840,184,7,1,1
841,184,10,1,1
842,184,7,1,1
843,184,7,1,1
844,184,10,1,1
845,184,9,1,1
846,184,8,1,1
847,184,10,1,1
848,184,10,1,1
849,184,8,1,1
850,184,7,1,1
851,184,7,1,1
852,184,7,1,1
853,184,8,1,1
854,184,7,1,1
855,184,7,1,1
856,184,10,1,1
857,184,15,1,1
858,184,8,1,1
859,184,9,1,1
860,184,7,1,1
861,184,8,1,1
862,184,7,1,1
863,184,9,1,1
864,184,7,1,1
865,184,8,1,1
866,184,7,1,1
867,184,10,1,1
868,184,15,1,1
869,184,7,1,1
870,184,10,1,1
871,184,8,1,1
872,184,15,1,1
873,184,7,1,1
874,184,7,1,1
875,184,7,1,1
876,184,8,1,1
877,184,7,1,1
878,184,7,1,1
879,184,7,1,1
880,184,7,1,1
881,184,7,1,1
882,184,7,1,1
883,184,8,1,1
884,184,7,1,1
885,184,7,1,1
886,184,7,1,1
887,184,7,1,1
888,184,7,1,1
889,184,9,1,1
890,184,8,1,1
891,184,8,1,1
892,184,7,1,1
893,184,11,1,1
894,184,8,1,1
895,184,7,1,1
896,184,15,1,1
897,184,11,1,1
898,184,7,1,1
899,184,13,1,1
900,184,1,1,1
901,184,9,1,1
902,184,8,1,1
903,184,8,1,1
904,184,7,1,1
905,184,8,1,1
906,184,8,1,1
907,184,10,1,1
908,184,7,1,1
909,184,7,1,1
910,184,7,1,1
911,184,8,1,1
912,184,7,1,1
913,184,7,1,1
914,184,11,1,1
915,184,8,1,1
916,184,11,1,1
917,184,9,1,1
918,184,8,1,1
919,184,8,1,1
920,184,7,1,1
921,184,8,1,1
922,184,7,1,1
923,184,8,1,1
924,184,9,1,1
925,184,7,1,1
926,184,8,1,1
927,184,7,1,1
928,184,7,1,1
929,184,7,1,1
930,184,15,1,1
931,184,7,1,1
932,184,8,1,1
933,184,7,1,1
934,184,9,1,1
935,184,7,1,1
936,184,8,1,1
937,184,8,1,1
938,184,7,1,1
939,184,9,1,1
940,184,15,1,1
941,184,7,1,1
942,184,7,1,1
943,184,7,1,1
944,184,7,1,1
945,184,7,1,1
946,184,7,1,1
947,184,8,1,1
948,184,8,1,1
949,184,6,1,1
950,184,7,1,1
951,184,7,1,1
952,184,7,1,1
953,184,8,1,1
954,184,11,1,1
955,184,8,1,1
956,184,7,1,1
957,184,9,1,1
958,184,9,1,1
959,184,8,1,1
960,184,7,1,1
961,184,7,1,1
962,184,7,1,1
963,184,7,1,1
964,184,7,1,1
965,184,8,1,1
966,184,7,1,1
967,184,7,1,1
968,184,8,1,1
969,184,7,1,1
970,184,8,1,1
971,184,8,1,1
972,184,7,1,1
973,184,9,1,1
974,184,8,1,1
975,184,7,1,1
976,184,7,1,1
977,184,8,1,1
978,184,7,1,1
979,184,7,1,1
980,184,8,1,1
981,184,8,1,1
982,184,7,1,1
983,184,7,1,1
984,184,8,1,1
985,184,7,1,1
986,184,7,1,1
987,184,7,1,1
988,184,8,1,1
989,184,7,1,1
990,184,8,1,1
991,184,8,1,1
992,184,7,1,1
993,184,15,1,1
994,184,7,1,1
995,184,7,1,1
996,184,11,1,1
997,184,15,1,1
998,184,9,1,1
999,184,11,1,1
1000,184,5,1,1
1001,184,8,1,1
1002,184,7,1,1
1003,184,8,1,1
1004,184,8,1,1
1005,184,7,1,1
1006,184,8,1,1
1007,184,11,1,1
1008,184,15,1,1
1009,184,7,1,1
1010,184,9,1,1
1011,184,9,1,1
1012,184,8,1,1
1013,184,9,1,1
1014,184,7,1,1
1015,184,9,1,1
1016,184,8,1,1
1017,184,7,1,1
1018,184,8,1,1
1019,184,8,1,1
1020,184,7,1,1
1021,184,8,1,1
1022,184,7,1,1
1023,184,8,1,1
1024,184,8,1,1
1025,184,8,1,1
1026,184,9,1,1
1027,184,7,1,1
1028,184,8,1,1
1029,184,7,1,1
1030,184,8,1,1
1031,184,7,1,1
1032,184,8,1,1
1033,184,7,1,1
1034,184,8,1,1
1035,184,8,1,1
1036,184,7,1,1
1037,184,7,1,1
1038,184,8,1,1
1039,184,8,1,1
1040,184,7,1,1
1041,184,7,1,1
1042,184,7,1,1
1043,184,7,1,1
1044,184,7,1,1
1045,184,8,1,1
1046,184,7,1,1
1047,184,7,1,1
1048,184,8,1,1
1049,184,7,1,1
1050,184,7,1,1
1051,184,8,1,1
1052,184,7,1,1
1053,184,8,1,1
1054,184,10,1,1
1055,184,7,1,1
1056,184,9,1,1
1057,184,7,1,1
1058,184,7,1,1
1059,184,9,1,1
1060,184,9,1,1
1061,184,8,1,1
1062,184,7,1,1
1063,184,7,1,1
1064,184,10,1,1
1065,184,8,1,1
1066,184,7,1,1
1067,184,8,1,1
1068,184,15,1,1
1069,184,8,1,1
1070,184,8,1,1
1071,184,7,1,1
1072,184,9,1,1
1073,184,7,1,1
1074,184,9,1,1
1075,184,8,1,1
1076,184,7,1,1
1077,184,8,1,1
1078,184,7,1,1
1079,184,8,1,1
1080,184,7,1,1
1081,184,8,1,1
1082,184,7,1,1
1083,184,7,1,1
1084,184,7,1,1
1085,184,7,1,1
1086,184,7,1,1
1087,184,8,1,1
1088,184,10,1,1
1089,184,11,1,1
1090,184,11,1,1
1091,184,15,1,1
1092,184,8,1,1
1093,184,10,1,1
1094,184,15,1,1
1095,184,7,1,1
1096,184,15,1,1
1097,184,10,1,1
1098,184,8,1,1
1099,184,8,1,1
1100,184,9,1,1
1101,184,9,1,1
1102,184,8,1,1
1103,184,7,1,1
1104,184,7,1,1
1105,184,7,1,1
1106,184,8,1,1
1107,184,8,1,1
1108,184,11,1,1
1109,184,7,1,1
1110,184,7,1,1
1111,184,7,1,1
1112,184,7,1,1
1113,184,7,1,1
1114,184,7,1,1
1115,184,8,1,1
1116,184,8,1,1
1117,184,8,1,1
1118,184,7,1,1
1119,184,7,1,1
1120,184,7,1,1
1121,184,10,1,1
1122,184,7,1,1
1123,184,7,1,1
1124,184,10,1,1
1125,184,10,1,1
1126,184,8,1,1
1127,184,15,1,1
1128,184,8,1,1
1129,184,8,1,1
1130,184,7,1,1
1131,184,15,1,1
1132,184,15,1,1
1133,184,8,1,1
1134,184,7,1,1
1135,184,8,1,1
1136,184,7,1,1
1137,184,7,1,1
1138,184,8,1,1
1139,184,7,1,1
1140,184,7,1,1
1141,184,11,1,1
1142,184,8,1,1
1143,184,8,1,1
1144,184,7,1,1
1145,184,8,1,1
1146,184,8,1,1
1147,184,7,1,1
1148,184,9,1,1
1149,184,7,1,1
1150,184,8,1,1
1151,184,9,1,1
1152,184,8,1,1
1153,184,9,1,1
1154,184,8,1,1
1155,184,7,1,1
1156,184,8,1,1
1157,184,8,1,1
1158,184,7,1,1
1159,184,7,1,1
1160,184,8,1,1
1161,184,7,1,1
1162,184,8,1,1
1163,184,11,1,1
1164,184,8,1,1
1165,184,8,1,1
1166,184,7,1,1
1167,184,9,1,1
1168,184,7,1,1
1169,184,9,1,1
1170,184,15,1,1
1171,184,7,1,1
1172,184,7,1,1
1173,184,9,1,1
1174,184,7,1,1
1175,184,8,1,1
1176,184,5,1,1
1177,184,7,1,1
1178,184,7,1,1
1179,184,8,1,1
1180,184,7,1,1
1181,184,7,1,1
1182,184,7,1,1
1183,184,9,1,1
1184,184,9,1,1
1185,184,7,1,1
1186,184,7,1,1
1187,184,8,1,1
1188,184,8,1,1
1189,184,8,1,1
1190,184,8,1,1
1191,184,8,1,1
1192,184,8,1,1
1193,184,8,1,1
1194,184,10,1,1
1195,184,15,1,1
1196,184,8,1,1
1197,184,7,1,1
1198,184,8,1,1
1199,184,8,1,1
1200,184,8,1,1
1201,184,8,1,1
1202,184,7,1,1
1203,184,11,1,1
1204,184,8,1,1
1205,184,8,1,1
1206,184,10,1,1
1207,184,8,1,1
1208,184,8,1,1
1209,184,7,1,1
1210,184,8,1,1
1211,184,15,1,1
1212,184,7,1,1
1213,184,9,1,1
1214,184,8,1,1
1215,184,7,1,1
1216,184,7,1,1
1217,184,8,1,1
1218,184,8,1,1
1219,184,7,1,1
1220,184,10,1,1
1221,184,8,1,1
1222,184,7,1,1
1223,184,7,1,1
1224,184,7,1,1
1225,184,8,1,1
1226,184,8,1,1
1227,184,8,1,1
1228,184,7,1,1
1229,184,15,1,1
1230,184,8,1,1
1231,184,7,1,1
1232,184,7,1,1
1233,184,7,1,1
1234,184,7,1,1
1235,184,7,1,1
1236,184,7,1,1
1237,184,8,1,1
1238,184,7,1,1
1239,184,7,1,1
1240,184,7,1,1
1241,184,9,1,1
1242,184,7,1,1
1243,184,10,1,1
1244,184,7,1,1
1245,184,7,1,1
1246,184,7,1,1
1247,184,7,1,1
1248,184,7,1,1
1249,184,8,1,1
1250,184,7,1,1
1251,184,8,1,1
1252,184,7,1,1
1253,184,8,1,1
1254,184,8,1,1
1255,184,7,1,1
1256,184,7,1,1
1257,184,8,1,1
1258,184,7,1,1
1259,184,7,1,1
1260,184,8,1,1
1261,184,8,1,1
1262,184,8,1,1
1263,184,8,1,1
1264,184,8,1,1
1265,184,8,1,1
1266,184,7,1,1
1267,184,10,1,1
1268,184,15,1,1
1269,184,8,1,1
1270,184,8,1,1
1271,184,9,1,1
1272,184,8,1,1
1273,184,9,1,1
1274,184,8,1,1
1275,184,7,1,1
1276,184,7,1,1
1277,184,11,1,1
1278,184,9,1,1
1279,184,9,1,1
1280,184,15,1,1
1281,184,8,1,1
1282,184,8,1,1
1283,184,15,1,1
1284,184,8,1,1
1285,184,7,1,1
1286,184,8,1,1
1287,184,5,1,1
1288,184,7,1,1
1289,184,5,1,1
1290,184,7,1,1
1291,184,7,1,1
1292,184,11,1,1
1293,184,7,1,1
1294,184,9,1,1
1295,184,7,1,1
1296,184,8,1,1
1297,184,7,1,1
1298,184,8,1,1
1299,184,15,1,1
1300,184,9,1,1
1301,184,8,1,1
1302,184,7,1,1
1303,184,8,1,1
1304,184,7,1,1
1305,184,8,1,1
1306,184,7,1,1
1307,184,7,1,1
1308,184,8,1,1
1309,184,8,1,1
1310,184,7,1,1
1311,184,7,1,1
1312,184,8,1,1
1313,184,9,1,1
1314,184,8,1,1
1315,184,9,1,1
1316,184,8,1,1
1317,184,8,1,1
1318,184,7,1,1
1319,184,7,1,1
1320,184,8,1,1
1321,184,8,1,1
1322,184,8,1,1
1323,184,8,1,1
1324,184,9,1,1
1325,184,8,1,1
1326,184,8,1,1
1327,184,9,1,1
1328,184,7,1,1
1329,184,15,1,1
1330,184,8,1,1
1331,184,8,1,1
1332,184,7,1,1
1333,184,10,1,1
1334,184,7,1,1
1335,184,8,1,1
1336,184,7,1,1
1337,184,7,1,1
1338,184,7,1,1
1339,184,8,1,1
1340,184,7,1,1
1341,184,10,1,1
1342,184,9,1,1
1343,184,7,1,1
1344,184,12,1,1
1345,184,13,1,1
1346,184,8,1,1
1347,184,7,1,1
1348,184,8,1,1
1349,184,8,1,1
1350,184,9,1,1
1351,184,8,1,1
1352,184,8,1,1
1353,184,8,1,1
1354,184,8,1,1
1355,184,8,1,1
1356,184,8,1,1
1357,184,9,1,1
1358,184,8,1,1
1359,184,8,1,1
1360,184,15,1,1
1361,184,8,1,1
1362,184,7,1,1
1363,184,7,1,1
1364,184,7,1,1
1365,184,11,1,1
1366,184,10,1,1
1367,184,9,1,1
1368,184,8,1,1
1369,184,9,1,1
1370,184,11,1,1
1371,184,8,1,1
1372,184,9,1,1
1373,184,7,1,1
1374,184,8,1,1
1375,184,9,1,1
1376,184,7,1,1
1377,184,7,1,1
1378,184,9,1,1
1379,184,7,1,1
1380,184,10,1,1
1381,184,8,1,1
1382,184,8,1,1
1383,184,10,1,1
1384,184,7,1,1
1385,184,8,1,1
1386,184,10,1,1
1387,184,10,1,1
1388,184,7,1,1
1389,184,8,1,1
1390,184,8,1,1
1391,184,7,1,1
1392,184,5,1,1
1393,184,8,1,1
1394,184,9,1,1
1395,184,8,1,1
1396,184,10,1,1
1397,184,5,1,1
1398,184,8,1,1
1399,184,12,1,1
1400,184,7,1,1
1401,184,7,1,1
1402,184,7,1,1
1403,184,8,1,1
1404,184,7,1,1
1405,184,9,1,1
1406,184,8,1,1
1407,184,5,1,1
1408,184,9,1,1
1409,184,10,1,1
1410,184,6,1,1
1411,184,5,1,1
1412,184,9,1,1
1413,184,8,1,1
1414,184,9,1,1
1415,184,5,1,1
1416,184,5,1,1
1417,184,9,1,1
1418,184,9,1,1
1419,184,7,1,1
1420,184,8,1,1
1421,184,8,1,1
1422,184,8,1,1
1423,184,8,1,1
1424,184,8,1,1
1425,184,7,1,1
1426,184,9,1,1
1427,184,8,1,1
1428,184,8,1,1
1429,184,8,1,1
1430,184,15,1,1
1431,184,7,1,1
1432,184,8,1,1
1433,184,9,1,1
1434,184,10,1,1
1435,184,9,1,1
1436,184,8,1,1
1437,184,7,1,1
1438,184,8,1,1
1439,184,7,1,1
1440,184,8,1,1
1441,184,8,1,1
1442,184,7,1,1
1443,184,8,1,1
1444,184,7,1,1
1445,184,7,1,1
1446,184,7,1,1
1447,184,7,1,1
1448,184,7,1,1
1449,184,8,1,1
1450,184,8,1,1
1451,184,7,1,1
1452,184,9,1,1
1453,184,15,1,1
1454,184,8,1,1
1455,184,7,1,1
1456,184,8,1,1
1457,184,10,1,1
1458,184,12,1,1
1459,184,15,1,1
1460,184,7,1,1
1461,184,7,1,1
1462,184,8,1,1
1463,184,15,1,1
1464,184,8,1,1
1465,184,15,1,1
1466,184,7,1,1
1467,184,8,1,1
1468,184,8,1,1
1469,184,7,1,1
1470,184,8,1,1
1471,184,8,1,1
1472,184,9,1,1
1473,184,7,1,1
1474,184,8,1,1
1475,184,8,1,1
1476,184,7,1,1
1477,184,9,1,1
1478,184,7,1,1
1479,184,8,1,1
1480,184,7,1,1
1481,184,8,1,1
1482,184,9,1,1
1483,184,5,1,1
1484,184,8,1,1
1485,184,8,1,1
1486,184,8,1,1
1487,184,8,1,1
1488,184,10,1,1
1489,184,8,1,1
1490,184,8,1,1
1491,184,7,1,1
1492,184,9,1,1
1493,184,9,1,1
1494,184,7,1,1
1495,184,8,1,1
1496,184,9,1,1
1497,184,8,1,1
1498,184,13,1,1
1499,184,8,1,1
1500,184,8,1,1
1501,184,8,1,1
1502,184,8,1,1
1503,184,10,1,1
1504,184,8,1,1
1505,184,8,1,1
1506,184,8,1,1
1507,184,8,1,1
1508,184,7,1,1
1509,184,9,1,1
1510,184,7,1,1
1511,184,7,1,1
1512,184,7,1,1
1513,184,8,1,1
1514,184,8,1,1
1515,184,8,1,1
1516,184,9,1,1
1517,184,7,1,1
1518,184,7,1,1
1519,184,8,1,1
1520,184,7,1,1
1521,184,8,1,1
1522,184,15,1,1
1523,184,8,1,1
1524,184,8,1,1
1525,184,7,1,1
1526,184,7,1,1
1527,184,7,1,1
1528,184,8,1,1
1529,184,8,1,1
1530,184,8,1,1
1531,184,10,1,1
1532,184,8,1,1
1533,184,7,1,1
1534,184,8,1,1
1535,184,7,1,1
1536,184,8,1,1
1537,184,11,1,1
1538,184,8,1,1
1539,184,7,1,1
1540,184,8,1,1
1541,184,8,1,1
1542,184,8,1,1
1543,184,8,1,1
1544,184,7,1,1
1545,184,9,1,1
1546,184,7,1,1
1547,184,8,1,1
1548,184,9,1,1
1549,184,7,1,1
1550,184,5,1,1
1551,184,7,1,1
1552,184,7,1,1
1553,184,10,1,1
1554,184,9,1,1
1555,184,8,1,1
1556,184,10,1,1
1557,184,8,1,1
1558,184,7,1,1
1559,184,7,1,1
1560,184,8,1,1
1561,184,9,1,1
1562,184,7,1,1
1563,184,10,1,1
1564,184,7,1,1
1565,184,7,1,1
1566,184,8,1,1
1567,184,10,1,1
1568,184,8,1,1
1569,184,7,1,1
1570,184,7,1,1
1571,184,7,1,1
1572,184,9,1,1
1573,184,9,1,1
1574,184,8,1,1
1575,184,7,1,1
1576,184,8,1,1
1577,184,9,1,1
1578,184,15,1,1
1579,184,12,1,1
1580,184,9,1,1
1581,184,8,1,1
1582,184,7,1,1
1583,184,7,1,1
1584,184,10,1,1
1585,184,9,1,1
1586,184,8,1,1
1587,184,7,1,1
1588,184,12,1,1
1589,184,11,1,1
1590,184,8,1,1
1591,184,8,1,1
1592,184,8,1,1
1593,184,8,1,1
1594,184,7,1,1
1595,184,7,1,1
1596,184,7,1,1
1597,184,10,1,1
1598,184,9,1,1
1599,184,7,1,1
1600,184,8,1,1
1601,184,7,1,1
1602,184,9,1,1
1603,184,8,1,1
1604,184,7,1,1
1605,184,7,1,1
1606,184,8,1,1
1607,184,15,1,1
1608,184,9,1,1
1609,184,7,1,1
1610,184,8,1,1
1611,184,8,1,1
1612,184,7,1,1
1613,184,10,1,1
1614,184,9,1,1
1615,184,7,1,1
1616,184,7,1,1
1617,184,8,1,1
1618,184,9,1,1
1619,184,10,1,1
1620,184,8,1,1
1621,184,7,1,1
1622,184,7,1,1
1623,184,7,1,1
1624,184,10,1,1
1625,184,8,1,1
1626,184,15,1,1
1627,184,8,1,1
1628,184,7,1,1
1629,184,7,1,1
1630,184,11,1,1
1631,184,7,1,1
1632,184,9,1,1
1633,184,11,1,1
1634,184,12,1,1
1635,184,12,1,1
1636,184,7,1,1
1637,184,9,1,1
1638,184,8,1,1
1639,184,8,1,1
1640,184,8,1,1
1641,184,8,1,1
1642,184,9,1,1
1643,184,8,1,1
1644,184,9,1,1
1645,184,8,1,1
1646,184,7,1,1
1647,184,15,1,1
1648,184,8,1,1
1649,184,8,1,1
1650,184,13,1,1
1651,184,7,1,1
1652,184,9,1,1
1653,184,7,1,1
1654,184,7,1,1
1655,184,7,1,1
1656,184,11,1,1
1657,184,9,1,1
1658,184,15,1,1
1659,184,7,1,1
1660,184,8,1,1
1661,184,9,1,1
1662,184,7,1,1
1663,184,8,1,1
1664,184,9,1,1
1665,184,7,1,1
1666,184,8,1,1
1667,184,7,1,1
1668,184,7,1,1
1669,184,8,1,1
1670,184,7,1,1
1671,184,8,1,1
1672,184,8,1,1
1673,184,7,1,1
1674,184,7,1,1
1675,184,8,1,1
1676,184,7,1,1
1677,184,9,1,1
1678,184,8,1,1
1679,184,7,1,1
1680,184,7,1,1
1681,184,15,1,1
1682,184,8,1,1
1683,184,7,1,1
1684,184,7,1,1
1685,184,8,1,1
1686,184,8,1,1
1687,184,15,1,1
1688,184,1,1,1
1689,184,1,1,1
1690,184,1,1,1
1691,184,1,1,1
1692,184,1,1,1
1693,184,1,1,1
1694,184,1,1,1
1695,184,1,1,1
1696,184,1,1,1
1697,184,1,1,1
1698,184,1,1,1
1699,184,1,1,1
1700,185,1,1,1
1701,186,1,1,1
1702,187,1,1,1
1703,187,1,1,1
1704,187,1,1,1
1705,187,1,1,1
1706,188,1,1,1
1707,188,1,1,1
1708,190,1,1,1
1709,190,1,1,1
1710,192,11,1,1
1711,192,7,1,1
1712,192,7,1,1
1713,192,9,1,1
1714,192,1,1,1
1715,193,1,1,1
1716,194,1,1,1
1717,195,1,1,1
1718,195,14,1,1
1719,195,4,1,1
1720,196,1,1,1
1721,197,1,1,1
1722,197,1,1,1
1723,197,1,1,1
1724,199,1,1,1
1725,200,1,1,1
1726,201,1,1,1
1727,202,1,1,1
1728,202,1,1,1
1729,203,1,1,1
1730,203,1,1,1
1731,203,1,1,1
1732,204,1,1,1
1733,207,14,1,1
1734,207,1,1,1
1735,207,1,1,1
1736,208,15,1,1
1737,208,9,1,1
1738,208,1,1,1
1739,209,1,1,1
1740,211,1,1,1
1741,211,1,1,1
1742,211,9,1,1
1743,212,1,1,1
1744,214,7,1,1
1745,214,1,1,1
1746,214,1,1,1
1747,215,1,1,1
1748,215,1,1,1
1749,215,14,1,1
1750,215,1,1,1
1751,215,1,1,1
1752,216,1,1,1
1753,216,1,1,1
1754,217,1,1,1
1755,217,1,1,1
1756,218,1,1,1
1757,218,1,1,1
1758,220,15,1,1
1759,220,15,1,1
1760,222,1,1,1
1761,223,1,1,1
1762,223,1,1,1
1763,225,1,1,1
1764,225,1,1,1
1765,226,1,1,1
1766,227,15,1,1
1767,230,1,1,1
1768,230,1,1,1
1769,231,1,1,1
1770,232,1,1,1
1771,232,1,1,1
1772,233,1,1,1
1773,233,1,1,1
1774,233,1,1,1
1775,234,1,1,1
1776,237,2,1,1
1777,238,1,1,1
1778,238,1,1,1
1779,238,1,1,1
1780,238,1,1,1
1781,239,1,1,1
1782,239,1,1,1
1783,239,1,1,1
1784,240,15,1,1
1785,241,1,1,1
1786,242,1,1,1
1787,242,1,1,1
1788,243,1,1,1
1789,244,1,1,1
1790,244,7,1,1
1791,245,1,1,1
1792,245,1,1,1
1793,245,1,1,1
1794,245,1,1,1
1795,246,1,1,1
1796,247,1,1,1
1797,248,1,1,1
1798,249,1,1,1
1799,250,1,1,1
1800,250,5,1,1
1801,250,3,1,1
1802,252,1,1,1
1803,253,1,1,1
1804,253,1,1,1
1805,253,15,1,1
1806,254,15,1,1
1807,255,1,1,1
1808,257,1,1,1
1809,257,1,1,1
1810,257,15,1,1
1811,257,1,1,1
1812,260,1,1,1
1813,260,1,1,1
1814,261,1,1,1
1815,261,1,1,1
1816,263,15,1,1
1817,263,1,1,1
1818,263,1,1,1
1819,264,1,1,1
1820,264,7,1,1
1821,265,1,1,1
1822,265,9,1,1
1823,266,1,1,1
1824,266,1,1,1
1825,266,1,1,1
1826,266,9,1,1
1827,269,1,1,1
1828,269,1,1,1
1829,272,1,1,1
1830,272,1,1,1
1831,273,15,1,1
1832,273,1,1,1
1833,273,1,1,1
1834,273,1,1,1
1835,274,1,1,1
1836,274,1,1,1
1837,275,1,1,1
1838,275,1,1,1
1839,275,1,1,1
1840,276,1,1,1
1841,276,1,1,1
1842,276,1,1,1
1843,276,1,1,1
1844,276,15,1,1
1845,277,1,1,1
1846,277,1,1,1
1847,277,1,1,1
1848,279,1,1,1
1849,279,1,1,1
1850,280,1,1,1
1851,280,1,1,1
1852,281,1,1,1
1853,282,1,1,1
1854,282,2,1,1
1855,282,1,1,1
1856,284,15,1,1
1857,285,1,1,1
1858,288,1,5,1
1859,288,1,5,1
1860,288,1,5,1
1861,288,1,5,1
1862,288,1,5,1
1863,288,1,5,1
1864,288,1,5,1
1865,288,1,5,1
1866,288,7,1,1
1867,288,1,1,1
1868,290,1,1,1
1869,290,1,1,1
1870,290,1,1,1
1871,290,1,1,1
1872,290,1,1,1
1873,292,1,1,1
1874,292,1,1,1
1875,292,1,1,1
1876,293,1,1,1
1877,294,1,1,1
1878,295,12,1,1
1879,295,1,1,1
1880,295,1,1,1
1881,296,1,1,1
1882,296,1,1,1
1883,297,1,1,1
1884,298,1,1,1
1885,299,1,1,1
1886,300,1,1,1
1887,300,1,1,1
1888,300,1,1,1
1889,301,1,1,1
1890,301,1,1,1
1891,302,1,1,1
1892,302,1,1,1
1893,302,1,1,1
1894,304,4,1,1
1895,304,4,1,1
1896,304,4,1,1
1897,304,5,1,1
1898,305,12,1,1
1899,307,1,1,1
1900,307,1,1,1
1901,308,1,1,1
1902,308,8,1,2
1903,313,1,1,1
1904,313,1,1,1
1905,313,1,1,1
1906,314,1,1,1
1907,315,1,1,1
1908,315,1,1,1
1909,316,12,1,1
1910,316,12,1,1
1911,316,1,1,1
1912,316,1,1,1
1913,316,4,1,1
1914,316,1,1,1
1915,316,1,1,1
1916,318,1,1,1
1917,319,1,1,1
1918,319,1,1,1
1919,319,1,1,1
1920,320,1,1,1
1921,321,1,1,1
1922,321,1,1,1
1923,322,1,1,1
1924,323,1,1,1
1925,323,1,1,1
1926,325,12,1,1
1927,325,1,1,1
1928,327,1,1,1
1929,327,1,1,1
1930,328,1,1,1
1931,329,2,1,1
1932,331,1,1,1
1933,333,1,1,1
1934,334,1,1,1
1935,334,1,1,1
1936,336,15,1,1
1937,336,15,1,1
1938,336,15,1,1
1939,337,1,1,1
1940,337,1,1,1
1941,338,1,1,1
1942,338,1,1,1
1943,339,1,1,1
1944,339,1,1,1
1945,339,1,1,1
1946,340,1,1,1
1947,341,1,1,1
1948,341,1,1,1
1949,341,15,1,1
1950,344,1,1,1
1951,346,1,1,1
1952,348,1,1,1
1953,350,1,1,1
1954,350,1,1,1
1955,350,1,1,1
1956,351,1,1,1
1957,352,1,1,1
1958,353,3,1,1
1959,353,1,1,1
1960,353,1,1,1
1961,354,1,1,1
1962,354,1,1,1
1963,354,1,1,1
1964,355,1,1,1
1965,356,1,1,1
1966,356,1,1,1
1967,356,1,1,1
1968,356,1,1,1
1969,357,15,1,1
1970,358,1,1,1
1971,360,1,1,1
1972,360,1,1,1
1973,360,1,1,1
1974,360,1,1,1
1975,360,1,1,1
1976,360,6,1,1
1977,360,4,1,1
1978,360,4,1,1
1979,360,1,1,1
1980,361,3,1,1
1981,361,1,1,1
1982,361,1,1,1
1983,362,6,1,1
1984,365,3,1,1
1985,365,3,1,1
1986,365,3,1,1
1987,365,3,1,1
1988,365,3,1,1
1989,365,3,1,1
1990,365,3,1,1
1991,365,3,1,1
1992,365,3,1,1
1993,365,2,1,1
1994,365,3,1,1
1995,365,2,1,1
1996,365,1,1,1
1997,365,1,1,1
1998,365,1,1,1
1999,365,3,1,1
2000,365,2,1,1
2001,365,1,1,1
2002,365,1,1,1
2003,365,1,1,1
2004,365,2,1,1
2005,365,1,1,1
2006,365,1,1,1
2007,365,1,1,1
2008,365,2,1,1
2009,365,1,1,1
2010,366,1,1,1
2011,366,1,1,1
2012,366,1,1,1
2013,366,1,1,1
2014,366,1,1,1
2015,366,1,1,1
2016,366,1,1,1
2017,366,1,1,1
2018,366,1,1,1
2019,366,1,1,1
2020,366,1,1,1
2021,366,15,1,1
2022,366,1,1,1
2023,367,1,1,1
2024,367,1,1,1
2025,370,1,1,1
2026,370,1,1,1
2027,370,1,1,1
2028,371,1,1,1
2029,373,7,1,1
2030,375,11,1,1
2031,375,1,1,1
2032,375,1,1,1
2033,375,1,1,1
2034,376,1,1,1
2035,377,3,1,1
2036,377,1,1,1
2037,377,1,1,1
2038,377,1,1,1
2039,377,1,1,1
2040,377,1,1,1
2041,379,4,1,1
2042,379,1,1,1
2043,380,1,1,1
2044,380,1,1,1
2045,380,1,1,1
2046,381,1,1,1
2047,381,1,1,1
2048,381,1,1,1
2049,382,1,1,1
2050,382,1,1,1
2051,382,1,1,1
2052,383,1,1,1
2053,383,1,1,1
2054,385,1,1,1
2055,386,11,1,1
2056,386,1,1,1
2057,390,1,1,1
2058,390,1,1,1
2059,390,1,1,1
2060,390,1,1,1
2061,390,1,1,1
2062,390,1,1,1
2063,390,1,1,1
2064,390,1,1,1
2065,390,1,1,1
2066,390,1,1,1
2067,390,1,1,1
2068,390,1,1,1
2069,390,1,1,1
2070,390,1,1,1
2071,390,1,1,1
2072,390,1,1,1
2073,390,1,1,1
2074,390,1,1,1
2075,390,1,1,1
2076,390,1,1,1
2077,390,1,1,1
2078,390,1,1,1
2079,390,1,1,1
2080,390,1,1,1
2081,390,1,1,1
2082,390,1,1,1
2083,390,1,1,1
2084,390,1,1,1
2085,390,1,1,1
2086,390,1,1,1
2087,390,1,1,1
2088,390,1,1,1
2089,390,1,1,1
2090,390,1,1,1
2091,390,1,1,1
2092,390,1,1,1
2093,390,1,1,1
2094,390,1,1,1
2095,390,1,1,1
2096,390,1,1,1
2097,390,1,1,1
2098,390,1,1,1
2099,390,1,1,1
2100,390,1,1,1
2101,390,1,1,1
2102,390,1,1,1
2103,390,1,1,1
2104,390,1,1,1
2105,390,1,1,1
2106,390,1,1,1
2107,390,1,1,1
2108,390,1,1,1
2109,390,1,1,1
2110,390,1,1,1
2111,390,1,1,1
2112,391,9,1,1
2113,391,1,1,1
2114,394,1,1,1
2115,395,1,1,1
2116,395,11,1,1
2117,396,1,1,1
2118,396,1,1,1
2119,396,1,1,1
2120,397,1,1,1
2121,397,1,1,1
2122,398,15,1,1
2123,398,1,1,1
2124,399,1,1,1
2125,400,5,1,1
2126,400,1,1,1
2127,400,1,1,1
2128,401,1,1,1
2129,401,15,1,1
2130,401,1,1,1
2131,402,1,1,1
2132,402,1,1,1
2133,402,1,1,1
2134,403,15,1,1
2135,404,1,1,1
2136,404,1,1,1
2137,404,1,1,1
2138,404,1,1,1
2139,404,1,1,1
2140,404,1,1,1
2141,404,1,1,1
2142,405,1,1,1
2143,405,5,1,1
2144,405,1,1,1
2145,406,1,1,1
2146,406,1,1,1
2147,406,1,1,1
2148,406,1,1,1
2149,406,1,1,1
2150,406,1,1,1
2151,406,1,1,1
2152,406,1,1,1
2153,406,1,1,1
2154,406,1,1,1
2155,406,1,1,1
2156,406,1,1,1
2157,406,1,1,1
2158,406,1,1,1
2159,406,1,1,1
2160,406,1,1,1
2161,406,1,1,1
2162,406,1,1,1
2163,406,1,1,1
2164,406,1,1,1
2165,406,1,1,1
2166,406,1,1,1
2167,406,1,1,1
2168,406,1,1,1
2169,406,1,1,1
2170,406,1,1,1
2171,406,1,1,1
2172,406,1,1,1
2173,406,1,1,1
2174,406,1,1,1
2175,406,1,1,1
2176,406,1,1,1
2177,406,1,1,1
2178,406,1,1,1
2179,406,1,1,1
2180,406,1,1,1
2181,406,1,1,1
2182,406,1,1,1
2183,406,1,1,1
2184,406,1,1,1
2185,406,1,1,1
2186,406,1,1,1
2187,406,1,1,1
2188,406,1,1,1
2189,406,1,1,1
2190,406,1,1,1
2191,406,1,1,1
2192,406,1,1,1
2193,406,1,1,1
2194,406,1,1,1
2195,406,1,1,1
2196,406,1,1,1
2197,406,1,1,1
2198,406,1,1,1
2199,406,1,1,1
2200,406,10,1,1
2201,406,1,1,1
2202,407,1,1,1
2203,407,1,1,1
2204,407,1,1,1
2205,408,1,1,1
2206,408,1,1,1
2207,409,1,1,1
2208,409,1,1,1
2209,410,1,1,1
2210,411,1,1,1
2211,413,1,1,1
2212,414,6,1,1
2213,414,2,1,1
2214,414,11,1,1
2215,414,15,1,1
2216,417,1,1,1
2217,417,1,1,1
2218,418,1,1,1
2219,419,1,1,1
2220,420,1,1,1
2221,420,3,1,1
2222,421,1,1,1
2223,423,1,1,1
2224,423,1,1,1
2225,425,1,1,1
2226,425,1,1,1
2227,425,1,1,1
2228,425,1,1,1
2229,426,1,1,1
2230,426,1,1,1
2231,427,1,1,1
2232,428,1,1,1
2233,428,1,1,1
2234,428,3,1,1
2235,428,1,1,1
2236,429,1,1,1
2237,429,1,1,1
2238,429,1,1,1
2239,429,1,1,1
2240,429,1,1,1
2241,430,15,1,1
2242,430,15,1,1
2243,430,15,1,1
2244,430,15,1,1
2245,430,15,1,1
2246,430,15,1,1
2247,430,15,1,1
2248,430,15,1,1
2249,430,1,1,1
2250,430,1,1,1
2251,432,1,1,1
2252,432,1,1,1
2253,435,15,1,1
2254,435,15,1,1
2255,435,15,1,1
2256,435,15,1,1
2257,436,1,1,1
2258,438,1,1,1
2259,439,1,1,1
2260,440,1,1,1
2261,441,1,1,1
2262,443,1,1,1
2263,443,2,1,1
2264,443,1,1,1
2265,443,1,1,1
2266,443,1,1,1
2267,443,1,1,1
2268,444,1,1,1
2269,446,1,1,1
2270,447,1,1,1
2271,447,1,1,1
2272,448,1,1,1
2273,448,1,1,1
2274,449,1,1,1
2275,450,1,1,1
2276,450,1,1,1
2277,451,1,1,1
2278,451,1,1,1
2279,451,1,1,1
2280,451,1,1,1
2281,451,1,1,1
2282,452,1,1,1
2283,452,1,1,1
2284,453,1,1,1
2285,456,1,1,1
2286,456,1,1,1
2287,458,1,1,1
2288,458,1,1,1
2289,458,1,1,1
2290,458,1,1,1
2291,458,1,1,1
2292,461,1,1,1
2293,461,1,1,1
2294,462,1,1,1
2295,462,1,1,1
2296,462,1,1,1
2297,463,1,1,1
2298,464,1,1,1
2299,465,1,1,1
2300,465,1,1,1
2301,465,1,1,1
2302,467,1,1,1
2303,467,1,1,1
2304,470,1,1,1
2305,473,1,1,1
2306,473,1,1,1
2307,474,10,1,1
2308,474,4,1,1
2309,474,15,1,1
2310,475,1,1,1
2311,475,1,1,1
2312,477,1,1,1
2313,477,1,1,1
2314,477,4,1,1
2315,477,1,1,1
2316,477,1,1,1
2317,477,1,1,1
2318,477,1,1,1
2319,478,1,1,1
2320,479,1,1,1
2321,481,1,1,1
2322,481,1,1,1
2323,481,1,1,1
2324,482,1,1,1
2325,482,1,1,1
2326,483,1,1,1
2327,483,1,1,1
2328,483,1,1,1
2329,485,1,1,1
2330,486,1,1,1
2331,489,1,1,1
2332,489,1,1,1
2333,490,1,1,1
2334,490,1,1,1
2335,492,1,1,1
2336,493,1,1,1
2337,493,1,1,1
2338,493,1,1,1
2339,493,12,1,1
2340,493,15,1,1
2341,493,1,1,1
2342,493,1,1,1
2343,493,1,1,1
2344,495,11,1,1
2345,495,12,1,1
2346,495,10,1,1
2347,495,10,1,1
2348,495,10,1,1
2349,495,12,1,1
2350,495,10,1,1
2351,495,11,1,1
2352,495,10,1,1
2353,495,12,1,1
2354,495,12,1,1
2355,495,11,1,1
2356,495,10,1,1
2357,495,11,1,1
2358,495,12,1,1
2359,495,12,1,1
2360,495,8,1,1
2361,495,8,1,1
2362,495,8,1,1
2363,495,8,1,1
2364,495,8,1,1
2365,495,8,1,1
2366,495,12,1,1
2367,495,8,1,1
2368,495,8,1,1
2369,495,8,1,1
2370,495,8,1,1
2371,495,8,1,1
2372,495,8,1,1
2373,495,8,1,1
2374,495,8,1,1
2375,495,8,1,1
2376,495,8,1,1
2377,495,8,1,1
2378,495,8,1,1
2379,495,8,1,1
2380,495,8,1,1
2381,495,8,1,1
2382,495,8,1,1
2383,495,8,1,1
2384,495,8,1,1
2385,495,8,1,1
2386,495,8,1,1
2387,495,8,1,1
2388,495,8,1,1
2389,495,8,1,1
2390,495,8,1,1
2391,495,8,1,1
2392,497,1,1,1
2393,498,1,1,1
2394,498,1,1,1
2395,499,1,1,1
2396,499,1,1,1
2397,500,1,1,1
2398,501,1,1,1
2399,501,1,1,1
2400,502,1,1,1
2401,502,1,1,1
2402,503,1,1,1
2403,503,12,1,1
2404,504,15,1,1
2405,504,7,1,1
2406,504,1,1,1
2407,505,1,1,1
2408,505,1,1,1
2409,505,1,1,1
2410,505,1,1,1
2411,505,7,1,1
2412,505,1,1,1
2413,505,15,1,1
2414,505,15,1,1
2415,505,15,1,1
2416,505,15,1,1
2417,505,15,1,1
2418,505,15,1,1
2419,505,15,1,1
2420,505,15,1,1
2421,505,15,1,1
2422,505,15,1,1
2423,505,15,1,1
2424,505,15,1,1
2425,505,15,1,1
2426,505,15,1,1
2427,505,15,1,1
2428,505,15,1,1
2429,505,15,1,1
2430,505,15,1,1
2431,505,15,1,1
2432,505,15,1,1
2433,505,15,1,1
2434,505,15,1,1
2435,505,15,1,1
2436,505,15,1,1
2437,505,15,1,1
2438,505,15,1,1
2439,505,15,1,1
2440,505,15,1,1
2441,505,15,1,1
2442,505,15,1,1
2443,505,15,1,1
2444,505,15,1,1
2445,505,15,1,1
2446,505,15,1,1
2447,505,15,1,1
2448,505,15,1,1
2449,505,15,1,1
2450,505,15,1,1
2451,505,15,1,1
2452,505,15,1,1
2453,505,15,1,1
2454,505,15,1,1
2455,505,15,1,1
2456,505,15,1,1
2457,505,15,1,1
2458,505,15,1,1
2459,505,15,1,1
2460,505,15,1,1
2461,505,15,1,1
2462,505,15,1,1
2463,505,15,1,1
2464,505,15,1,1
2465,505,15,1,1
2466,505,15,1,1
2467,505,15,1,1
2468,505,15,1,1
2469,505,15,1,1
2470,505,15,1,1
2471,505,15,1,1
2472,505,15,1,1
2473,505,15,1,1
2474,505,15,1,1
2475,505,15,1,1
2476,505,15,1,1
2477,505,15,1,1
2478,505,15,1,1
2479,505,15,1,1
2480,505,15,1,1
2481,505,15,1,1
2482,505,15,1,1
2483,505,15,1,1
2484,505,15,1,1
2485,505,15,1,1
2486,505,15,1,1
2487,505,15,1,1
2488,505,15,1,1
2489,505,15,1,1
2490,505,15,1,1
2491,505,15,1,1
2492,505,15,1,1
2493,505,15,1,1
2494,505,15,1,1
2495,505,15,1,1
2496,505,15,1,1
2497,505,15,1,1
2498,505,15,1,1
2499,505,15,1,1
2500,505,15,1,1
2501,505,15,1,1
2502,505,15,1,1
2503,505,15,1,1
2504,505,15,1,1
2505,505,15,1,1
2506,505,15,1,1
2507,505,15,1,1
2508,505,15,1,1
2509,505,15,1,1
2510,505,15,1,1
2511,505,15,1,1
2512,505,15,1,1
2513,505,15,1,1
2514,505,15,1,1
2515,505,15,1,1
2516,505,15,1,1
2517,505,15,1,1
2518,505,15,1,1
2519,505,15,1,1
2520,505,15,1,1
2521,505,15,1,1
2522,505,15,1,1
2523,505,15,1,1
2524,505,15,1,1
2525,505,15,1,1
2526,505,15,1,1
2527,505,15,1,1
2528,505,15,1,1
2529,505,15,1,1
2530,505,15,1,1
2531,505,15,1,1
2532,505,15,1,1
2533,505,15,1,1
2534,505,15,1,1
2535,505,15,1,1
2536,505,15,1,1
2537,505,15,1,1
2538,505,15,1,1
2539,505,15,1,1
2540,505,15,1,1
2541,505,15,1,1
2542,505,15,1,1
2543,505,15,1,1
2544,505,15,1,1
2545,505,15,1,1
2546,505,15,1,1
2547,505,15,1,1
2548,505,15,1,1
2549,505,15,1,1
2550,505,15,1,1
2551,505,15,1,1
2552,505,15,1,1
2553,505,15,1,1
2554,505,15,1,1
2555,505,15,1,1
2556,505,15,1,1
2557,505,15,1,1
2558,505,15,1,1
2559,505,15,1,1
2560,505,15,1,1
2561,505,15,1,1
2562,505,15,1,1
2563,505,15,1,1
2564,505,15,1,1
2565,505,15,1,1
2566,505,15,1,1
2567,505,15,1,1
2568,505,15,1,1
2569,505,15,1,1
2570,505,15,1,1
2571,505,15,1,1
2572,505,15,1,1
2573,505,15,1,1
2574,505,15,1,1
2575,505,15,1,1
2576,505,15,1,1
2577,505,15,1,1
2578,505,15,1,1
2579,505,15,1,1
2580,505,15,1,1
2581,505,15,1,1
2582,505,15,1,1
2583,505,15,1,1
2584,505,15,1,1
2585,505,15,1,1
2586,505,15,1,1
2587,505,15,1,1
2588,505,15,1,1
2589,505,15,1,1
2590,505,15,1,1
2591,505,15,1,1
2592,505,15,1,1
2593,505,15,1,1
2594,505,15,1,1
2595,505,15,1,1
2596,505,15,1,1
2597,505,15,1,1
2598,505,5,1,1
2599,505,1,1,1
2600,507,6,1,1
2601,507,7,1,1
2602,507,7,1,1
2603,507,7,1,1
2604,507,6,1,1
2605,507,7,1,1
2606,507,4,1,1
2607,507,6,1,1
2608,507,5,1,1
2609,507,5,1,1
2610,507,5,1,1
2611,507,7,1,1
2612,507,5,1,1
2613,507,7,1,1
2614,507,5,1,1
2615,507,6,1,1
2616,507,5,1,1
2617,507,4,1,1
2618,507,4,1,1
2619,507,5,1,1
2620,507,5,1,1
2621,507,5,1,1
2622,507,7,1,1
2623,507,5,1,1
2624,507,5,1,1
2625,507,4,1,1
2626,507,4,1,1
2627,507,5,1,1
2628,507,5,1,1
2629,507,5,1,1
2630,507,5,1,1
2631,507,5,1,1
2632,507,5,1,1
2633,507,5,1,1
2634,507,7,1,1
2635,507,5,1,1
2636,507,7,1,1
2637,507,5,1,1
2638,507,6,1,1
2639,507,5,1,1
2640,507,5,1,1
2641,507,5,1,1
2642,507,5,1,1
2643,507,5,1,1
2644,507,5,1,1
2645,507,7,1,1
2646,507,5,1,1
2647,507,5,1,1
2648,507,5,1,1
2649,507,5,1,1
2650,507,5,1,1
2651,507,7,1,1
2652,507,5,1,1
2653,507,5,1,1
2654,507,5,1,1
2655,507,4,1,1
2656,507,5,1,1
2657,507,5,1,1
2658,507,5,1,1
2659,507,4,1,1
2660,507,4,1,1
2661,507,5,1,1
2662,507,5,1,1
2663,507,5,1,1
2664,507,6,1,1
2665,507,5,1,1
2666,507,5,1,1
2667,507,5,1,1
2668,507,5,1,1
2669,507,5,1,1
2670,507,5,1,1
2671,507,5,1,1
2672,507,5,1,1
2673,507,5,1,1
2674,507,5,1,1
2675,507,5,1,1
2676,507,5,1,1
2677,507,5,1,1
2678,507,5,1,1
2679,507,4,1,1
2680,507,5,1,1
2681,507,4,1,1
2682,507,5,1,1
2683,507,4,1,1
2684,507,5,1,1
2685,507,7,1,1
2686,507,4,1,1
2687,507,4,1,1
2688,507,5,1,1
2689,507,5,1,1
2690,507,5,1,1
2691,507,4,1,1
2692,507,5,1,1
2693,507,5,1,1
2694,507,5,1,1
2695,507,4,1,1
2696,507,5,1,1
2697,507,4,1,1
2698,507,7,1,1
2699,507,4,1,1
2700,507,5,1,1
2701,507,4,1,1
2702,507,5,1,1
2703,507,5,1,1
2704,507,5,1,1
2705,507,7,1,1
2706,507,5,1,1
2707,507,5,1,1
2708,507,4,1,1
2709,507,7,1,1
2710,507,6,1,1
2711,507,5,1,1
2712,507,5,1,1
2713,507,7,1,1
2714,507,5,1,1
2715,507,7,1,1
2716,507,4,1,1
2717,507,5,1,1
2718,507,5,1,1
2719,507,5,1,1
2720,507,5,1,1
2721,507,5,1,1
2722,507,5,1,1
2723,507,5,1,1
2724,507,5,1,1
2725,507,5,1,1
2726,507,6,1,1
2727,507,5,1,1
2728,507,5,1,1
2729,507,5,1,1
2730,507,5,1,1
2731,507,5,1,1
2732,507,5,1,1
2733,507,5,1,1
2734,507,4,1,1
2735,507,5,1,1
2736,507,6,1,1
2737,507,5,1,1
2738,507,5,1,1
2739,507,5,1,1
2740,507,5,1,1
2741,507,4,1,1
2742,507,5,1,1
2743,507,5,1,1
2744,507,4,1,1
2745,507,5,1,1
2746,507,5,1,1
2747,507,5,1,1
2748,507,5,1,1
2749,507,6,1,1
2750,507,5,1,1
2751,507,5,1,1
2752,507,5,1,1
2753,507,5,1,1
2754,507,5,1,1
2755,507,5,1,1
2756,507,5,1,1
2757,507,4,1,1
2758,507,5,1,1
2759,507,5,1,1
2760,507,6,1,1
2761,507,5,1,1
2762,507,5,1,1
2763,507,5,1,1
2764,507,5,1,1
2765,507,5,1,1
2766,507,4,1,1
2767,507,4,1,1
2768,507,5,1,1
2769,507,4,1,1
2770,507,5,1,1
2771,507,5,1,1
2772,507,5,1,1
2773,507,5,1,1
2774,507,5,1,1
2775,507,4,1,1
2776,507,5,1,1
2777,507,5,1,1
2778,507,4,1,1
2779,507,5,1,1
2780,507,5,1,1
2781,507,4,1,1
2782,507,5,1,1
2783,507,5,1,1
2784,507,5,1,1
2785,507,5,1,1
2786,507,5,1,1
2787,507,7,1,1
2788,507,6,1,1
2789,507,7,1,1
2790,507,5,1,1
2791,507,5,1,1
2792,507,5,1,1
2793,507,5,1,1
2794,507,5,1,1
2795,507,4,1,1
2796,507,4,1,1
2797,507,5,1,1
2798,507,5,1,1
2799,507,5,1,1
2800,507,1,1,1
2801,507,1,1,1
2802,507,1,1,1
2803,507,1,1,1
2804,507,1,1,1
2805,507,1,1,1
2806,507,1,1,1
2807,507,1,1,1
2808,507,1,1,1
2809,507,1,1,1
2810,507,1,1,1
2811,507,5,1,1
2812,507,4,1,1
2813,507,4,1,1
2814,507,1,1,1
2815,507,4,1,1
2816,507,4,1,1
2817,507,3,1,1
2818,507,3,1,1
2819,507,4,1,1
2820,507,3,1,1
2821,507,3,1,1
2822,507,3,1,1
2823,507,4,1,1
2824,507,4,1,1
2825,507,3,1,1
2826,507,3,1,1
2827,507,3,1,1
2828,507,4,1,1
2829,507,3,1,1
2830,507,4,1,1
2831,507,3,1,1
2832,507,3,1,1
2833,507,3,1,1
2834,507,3,1,1
2835,507,3,1,1
2836,507,4,1,1
2837,507,4,1,1
2838,507,4,1,1
2839,507,3,1,1
2840,507,3,1,1
2841,507,4,1,1
2842,507,3,1,1
2843,507,3,1,1
2844,507,3,1,1
2845,507,3,1,1
2846,507,3,1,1
2847,507,3,1,1
2848,507,3,1,1
2849,507,3,1,1
2850,507,3,1,1
2851,507,3,1,1
2852,507,3,1,1
2853,507,3,1,1
2854,507,3,1,1
2855,507,3,1,1
2856,507,3,1,1
2857,507,3,1,1
2858,507,3,1,1
2859,507,3,1,1
2860,507,3,1,1
2861,507,3,1,1
2862,507,3,1,1
2863,507,3,1,1
2864,507,4,1,1
2865,507,4,1,1
2866,507,3,1,1
2867,507,4,1,1
2868,507,3,1,1
2869,507,3,1,1
2870,507,3,1,1
2871,507,3,1,1
2872,507,3,1,1
2873,507,3,1,1
2874,507,4,1,1
2875,507,3,1,1
2876,507,3,1,1
2877,507,3,1,1
2878,507,3,1,1
2879,507,3,1,1
2880,507,3,1,1
2881,507,3,1,1
2882,507,3,1,1
2883,507,4,1,1
2884,507,3,1,1
2885,507,3,1,1
2886,507,3,1,1
2887,507,3,1,1
2888,507,3,1,1
2889,507,3,1,1
2890,507,4,1,1
2891,507,4,1,1
2892,507,3,1,1
2893,507,3,1,1
2894,507,3,1,1
2895,507,3,1,1
2896,507,3,1,1
2897,507,3,1,1
2898,507,3,1,1
2899,507,3,1,1
2900,507,3,1,1
2901,507,3,1,1
2902,507,3,1,1
2903,507,3,1,1
2904,507,3,1,1
2905,507,3,1,1
2906,507,3,1,1
2907,507,3,1,1
2908,507,3,1,1
2909,507,3,1,1
2910,507,3,1,1
2911,507,3,1,1
2912,507,3,1,1
2913,507,3,1,1
2914,507,3,1,1
2915,507,3,1,1
2916,507,3,1,1
2917,507,3,1,1
2918,507,4,1,1
2919,507,3,1,1
2920,507,3,1,1
2921,507,3,1,1
2922,507,4,1,1
2923,507,3,1,1
2924,507,3,1,1
2925,507,3,1,1
2926,507,3,1,1
2927,507,3,1,1
2928,507,3,1,1
2929,507,3,1,1
2930,507,3,1,1
2931,507,4,1,1
2932,507,3,1,1
2933,507,3,1,1
2934,507,3,1,1
2935,507,3,1,1
2936,507,3,1,1
2937,507,3,1,1
2938,507,3,1,1
2939,507,3,1,1
2940,507,3,1,1
2941,507,3,1,1
2942,507,4,1,1
2943,507,3,1,1
2944,507,3,1,1
2945,507,5,1,1
2946,507,3,1,1
2947,507,3,1,1
2948,507,3,1,1
2949,507,3,1,1
2950,507,3,1,1
2951,507,3,1,1
2952,507,3,1,1
2953,507,4,1,1
2954,507,3,1,1
2955,507,3,1,1
2956,507,4,1,1
2957,507,3,1,1
2958,507,3,1,1
2959,507,3,1,1
2960,507,3,1,1
2961,507,3,1,1
2962,507,3,1,1
2963,507,3,1,1
2964,507,3,1,1
2965,507,3,1,1
2966,507,3,1,1
2967,507,3,1,1
2968,507,3,1,1
2969,507,3,1,1
2970,507,3,1,1
2971,507,3,1,1
2972,507,3,1,1
2973,507,3,1,1
2974,507,3,1,1
2975,507,3,1,1
2976,507,3,1,1
2977,507,3,1,1
2978,507,3,1,1
2979,507,4,1,1
2980,507,3,1,1
2981,507,3,1,1
2982,507,4,1,1
2983,507,3,1,1
2984,507,3,1,1
2985,507,3,1,1
2986,507,3,1,1
2987,507,3,1,1
2988,507,3,1,1
2989,507,3,1,1
2990,507,3,1,1
2991,507,3,1,1
2992,507,3,1,1
2993,507,3,1,1
2994,507,3,1,1
2995,507,3,1,1
2996,507,4,1,1
2997,507,3,1,1
2998,507,3,1,1
2999,507,3,1,1
3000,507,3,1,1
3001,507,3,1,1
3002,507,3,1,1
3003,507,3,1,1
3004,507,3,1,1
3005,507,3,1,1
3006,507,3,1,1
3007,507,3,1,1
3008,507,4,1,1
3009,507,3,1,1
3010,507,4,1,1
3011,507,15,1,1
3012,508,1,1,1
3013,508,1,1,1
3014,509,5,1,1
3015,510,7,1,1
3016,510,1,1,1
3017,510,1,1,1
3018,512,1,1,1
3019,515,1,1,1
3020,516,1,1,1
3021,516,1,1,1
3022,519,1,1,1
3023,519,1,1,1
3024,519,3,1,1
3025,519,4,1,1
3026,519,1,1,1
3027,519,1,1,1
3028,519,4,1,1
3029,520,1,1,1
3030,521,3,1,1
3031,521,3,1,1
3032,521,3,1,1
3033,521,3,1,1
3034,521,3,1,1
3035,521,3,1,1
3036,521,1,1,1
3037,521,1,1,1
3038,522,1,1,1
3039,523,1,1,1
3040,523,1,1,1
3041,523,1,1,1
3042,524,1,1,1
3043,525,15,1,1
3044,525,8,1,1
3045,525,1,1,1
3046,525,1,1,1
3047,527,15,1,1
3048,529,1,1,1
3049,529,1,1,1
3050,530,1,1,1
3051,530,1,1,1
3052,531,1,1,1
3053,531,1,1,1
3054,532,3,1,1
3055,532,4,1,1
3056,532,4,1,1
3057,532,3,1,1
3058,532,3,1,1
3059,532,3,1,1
3060,532,2,1,1
3061,532,2,1,1
3062,532,2,1,1
3063,532,2,1,1
3064,532,3,1,1
3065,532,2,1,1
3066,532,4,1,1
3067,532,3,1,1
3068,532,3,1,1
3069,532,2,1,1
3070,532,3,1,1
3071,532,2,1,1
3072,532,4,1,1
3073,532,2,1,1
3074,532,3,1,1
3075,532,3,1,1
3076,532,3,1,1
3077,532,4,1,1
3078,532,3,1,1
3079,532,3,1,1
3080,532,4,1,1
3081,532,2,1,1
3082,532,2,1,1
3083,532,2,1,1
3084,532,2,1,1
3085,532,3,1,1
3086,532,2,1,1
3087,532,2,1,1
3088,532,2,1,1
3089,532,2,1,1
3090,532,3,1,1
3091,532,3,1,1
3092,532,2,1,1
3093,532,2,1,1
3094,532,2,1,1
3095,532,2,1,1
3096,532,2,1,1
3097,532,2,1,1
3098,532,2,1,1
3099,532,3,1,1
3100,532,2,1,1
3101,532,2,1,1
3102,532,2,1,1
3103,532,3,1,1
3104,532,2,1,1
3105,532,2,1,1
3106,532,2,1,1
3107,532,2,1,1
3108,532,3,1,1
3109,532,2,1,1
3110,532,2,1,1
3111,532,2,1,1
3112,532,2,1,1
3113,532,3,1,1
3114,532,2,1,1
3115,532,3,1,1
3116,532,2,1,1
3117,532,2,1,1
3118,532,3,1,1
3119,532,2,1,1
3120,532,2,1,1
3121,532,2,1,1
3122,532,2,1,1
3123,532,3,1,1
3124,532,2,1,1
3125,532,4,1,1
3126,532,3,1,1
3127,532,2,1,1
3128,532,3,1,1
3129,532,3,1,1
3130,532,3,1,1
3131,532,3,1,1
3132,532,2,1,1
3133,532,2,1,1
3134,532,2,1,1
3135,532,2,1,1
3136,532,2,1,1
3137,532,2,1,1
3138,532,2,1,1
3139,532,4,1,1
3140,532,3,1,1
3141,532,2,1,1
3142,532,2,1,1
3143,532,2,1,1
3144,532,3,1,1
3145,532,2,1,1
3146,532,4,1,1
3147,532,2,1,1
3148,532,3,1,1
3149,532,2,1,1
3150,532,2,1,1
3151,532,4,1,1
3152,532,3,1,1
3153,532,2,1,1
3154,532,3,1,1
3155,532,2,1,1
3156,532,3,1,1
3157,532,3,1,1
3158,532,2,1,1
3159,532,2,1,1
3160,532,2,1,1
3161,532,2,1,1
3162,532,2,1,1
3163,532,2,1,1
3164,532,3,1,1
3165,532,3,1,1
3166,532,3,1,1
3167,532,2,1,1
3168,532,2,1,1
3169,532,2,1,1
3170,532,3,1,1
3171,532,2,1,1
3172,532,3,1,1
3173,532,2,1,1
3174,532,4,1,1
3175,532,3,1,1
3176,532,2,1,1
3177,532,3,1,1
3178,532,2,1,1
3179,532,2,1,1
3180,532,2,1,1
3181,532,2,1,1
3182,532,2,1,1
3183,532,2,1,1
3184,532,2,1,1
3185,532,2,1,1
3186,532,2,1,1
3187,532,3,1,1
3188,532,2,1,1
3189,532,2,1,1
3190,532,2,1,1
3191,532,2,1,1
3192,532,2,1,1
3193,532,2,1,1
3194,532,3,1,1
3195,532,2,1,1
3196,532,4,1,1
3197,532,2,1,1
3198,532,2,1,1
3199,532,2,1,1
3200,532,2,1,1
3201,532,2,1,1
3202,532,2,1,1
3203,532,3,1,1
3204,532,2,1,1
3205,532,3,1,1
3206,532,3,1,1
3207,532,2,1,1
3208,532,3,1,1
3209,532,2,1,1
3210,532,3,1,1
3211,532,2,1,1
3212,532,2,1,1
3213,532,2,1,1
3214,532,3,1,1
3215,532,3,1,1
3216,532,2,1,1
3217,532,2,1,1
3218,532,2,1,1
3219,532,2,1,1
3220,532,2,1,1
3221,532,2,1,1
3222,532,3,1,1
3223,532,2,1,1
3224,532,2,1,1
3225,532,3,1,1
3226,532,2,1,1
3227,532,2,1,1
3228,532,2,1,1
3229,532,2,1,1
3230,532,3,1,1
3231,532,3,1,1
3232,532,2,1,1
3233,532,2,1,1
3234,532,2,1,1
3235,532,2,1,1
3236,532,3,1,1
3237,532,3,1,1
3238,532,3,1,1
3239,532,3,1,1
3240,532,3,1,1
3241,532,3,1,1
3242,532,2,1,1
3243,532,2,1,1
3244,532,3,1,1
3245,532,3,1,1
3246,532,2,1,1
3247,532,2,1,1
3248,532,2,1,1
3249,532,3,1,1
3250,532,2,1,1
3251,532,2,1,1
3252,532,2,1,1
3253,532,2,1,1
3254,532,2,1,1
3255,532,2,1,1
3256,532,2,1,1
3257,532,2,1,1
3258,532,2,1,1
3259,532,2,1,1
3260,532,2,1,1
3261,532,2,1,1
3262,532,2,1,1
3263,532,2,1,1
3264,532,2,1,1
3265,532,2,1,1
3266,532,2,1,1
3267,532,2,1,1
3268,532,2,1,1
3269,532,2,1,1
3270,532,2,1,1
3271,532,2,1,1
3272,532,2,1,1
3273,532,2,1,1
3274,532,2,1,1
3275,532,2,1,1
3276,532,2,1,1
3277,532,2,1,1
3278,532,2,1,1
3279,532,2,1,1
3280,532,2,1,1
3281,532,2,1,1
3282,532,2,1,1
3283,532,2,1,1
3284,532,2,1,1
3285,532,2,1,1
3286,532,2,1,1
3287,532,2,1,1
3288,532,2,1,1
3289,532,2,1,1
3290,532,2,1,1
3291,532,2,1,1
3292,532,2,1,1
3293,532,2,1,1
3294,532,2,1,1
3295,532,2,1,1
3296,532,2,1,1
3297,532,2,1,1
3298,532,2,1,1
3299,532,2,1,1
3300,532,2,1,1
3301,532,2,1,1
3302,532,2,1,1
3303,532,2,1,1
3304,532,2,1,1
3305,532,2,1,1
3306,532,2,1,1
3307,532,2,1,1
3308,532,2,1,1
3309,532,2,1,1
3310,532,2,1,1
3311,532,2,1,1
3312,532,2,1,1
3313,532,2,1,1
3314,532,2,1,1
3315,532,2,1,1
3316,532,2,1,1
3317,532,2,1,1
3318,532,2,1,1
3319,532,2,1,1
3320,532,2,1,1
3321,532,2,1,1
3322,532,2,1,1
3323,532,2,1,1
3324,532,2,1,1
3325,532,2,1,1
3326,532,2,1,1
3327,532,2,1,1
3328,532,2,1,1
3329,532,2,1,1
3330,532,2,1,1
3331,532,2,1,1
3332,532,2,1,1
3333,532,2,1,1
3334,532,2,1,1
3335,532,2,1,1
3336,532,2,1,1
3337,532,2,1,1
3338,532,2,1,1
3339,532,2,1,1
3340,532,2,1,1
3341,532,2,1,1
3342,532,2,1,1
3343,532,2,1,1
3344,532,2,1,1
3345,532,2,1,1
3346,532,2,1,1
3347,532,2,1,1
3348,532,2,1,1
3349,532,2,1,1
3350,532,2,1,1
3351,532,2,1,1
3352,532,2,1,1
3353,532,2,1,1
3354,532,2,1,1
3355,532,2,1,1
3356,532,2,1,1
3357,532,2,1,1
3358,532,2,1,1
3359,532,2,1,1
3360,532,2,1,1
3361,532,2,1,1
3362,532,2,1,1
3363,532,2,1,1
3364,532,2,1,1
3365,532,2,1,1
3366,532,2,1,1
3367,532,2,1,1
3368,532,2,1,1
3369,532,2,1,1
3370,532,2,1,1
3371,532,2,1,1
3372,532,2,1,1
3373,532,2,1,1
3374,532,2,1,1
3375,532,2,1,1
3376,532,2,1,1
3377,532,2,1,1
3378,532,2,1,1
3379,532,2,1,1
3380,532,2,1,1
3381,532,2,1,1
3382,532,2,1,1
3383,532,2,1,1
3384,532,2,1,1
3385,532,2,1,1
3386,532,2,1,1
3387,532,2,1,1
3388,532,2,1,1
3389,532,2,1,1
3390,532,2,1,1
3391,532,2,1,1
3392,532,2,1,1
3393,532,2,1,1
3394,532,2,1,1
3395,532,2,1,1
3396,532,2,1,1
3397,532,2,1,1
3398,532,2,1,1
3399,532,2,1,1
3400,532,2,1,1
3401,532,2,1,1
3402,532,2,1,1
3403,532,2,1,1
3404,532,2,1,1
3405,532,2,1,1
3406,532,2,1,1
3407,532,2,1,1
3408,532,2,1,1
3409,532,2,1,1
3410,532,2,1,1
3411,532,2,1,1
3412,532,2,1,1
3413,532,2,1,1
3414,532,2,1,1
3415,532,2,1,1
3416,532,2,1,1
3417,532,2,1,1
3418,532,2,1,1
3419,532,2,1,1
3420,532,2,1,1
3421,532,2,1,1
3422,532,2,1,1
3423,532,2,1,1
3424,532,2,1,1
3425,532,2,1,1
3426,532,2,1,1
3427,532,2,1,1
3428,532,2,1,1
3429,532,2,1,1
3430,532,2,1,1
3431,532,2,1,1
3432,532,2,1,1
3433,532,2,1,1
3434,532,2,1,1
3435,532,2,1,1
3436,532,2,1,1
3437,532,2,1,1
3438,532,2,1,1
3439,532,2,1,1
3440,532,2,1,1
3441,532,2,1,1
3442,532,2,1,1
3443,532,2,1,1
3444,532,2,1,1
3445,532,2,1,1
3446,532,2,1,1
3447,532,2,1,1
3448,532,3,1,1
3449,532,1,1,1
3450,532,1,1,1
3451,534,2,1,1
3452,536,4,1,1
3453,537,1,1,1
3454,537,1,1,1
3455,537,1,1,1
3456,539,1,1,1
3457,539,1,1,1
3458,540,1,1,1
3459,540,1,1,1
3460,541,1,1,1
3461,541,2,1,1
3462,542,1,1,1
3463,543,1,1,1
3464,543,1,1,1
3465,544,1,1,1
3466,544,3,1,1
3467,544,3,1,1
3468,544,3,1,1
3469,544,3,1,1
3470,544,3,1,1
3471,544,3,1,1
3472,544,2,1,1
3473,544,2,1,1
3474,544,2,1,1
3475,544,2,1,1
3476,544,3,1,1
3477,544,2,1,1
3478,544,2,1,1
3479,544,2,1,1
3480,544,2,1,1
3481,544,3,1,1
3482,544,3,1,1
3483,544,3,1,1
3484,544,2,1,1
3485,544,2,1,1
3486,544,2,1,1
3487,544,3,1,1
3488,544,3,1,1
3489,544,3,1,1
3490,544,2,1,1
3491,544,2,1,1
3492,544,3,1,1
3493,544,2,1,1
3494,544,2,1,1
3495,544,2,1,1
3496,544,2,1,1
3497,544,2,1,1
3498,544,2,1,1
3499,544,3,1,1
3500,544,2,1,1
3501,544,2,1,1
3502,544,2,1,1
3503,544,3,1,1
3504,544,2,1,1
3505,544,2,1,1
3506,544,3,1,1
3507,544,3,1,1
3508,544,3,1,1
3509,544,2,1,1
3510,544,2,1,1
3511,544,2,1,1
3512,544,3,1,1
3513,544,3,1,1
3514,544,2,1,1
3515,544,3,1,1
3516,544,3,1,1
3517,544,2,1,1
3518,544,3,1,1
3519,544,2,1,1
3520,544,2,1,1
3521,544,2,1,1
3522,544,2,1,1
3523,544,2,1,1
3524,544,2,1,1
3525,544,2,1,1
3526,544,3,1,1
3527,544,2,1,1
3528,544,2,1,1
3529,544,2,1,1
3530,544,2,1,1
3531,544,2,1,1
3532,544,2,1,1
3533,544,2,1,1
3534,544,2,1,1
3535,544,2,1,1
3536,544,2,1,1
3537,544,3,1,1
3538,544,2,1,1
3539,544,2,1,1
3540,544,2,1,1
3541,544,2,1,1
3542,544,3,1,1
3543,544,2,1,1
3544,544,2,1,1
3545,544,2,1,1
3546,544,2,1,1
3547,544,2,1,1
3548,544,2,1,1
3549,544,2,1,1
3550,544,3,1,1
3551,544,2,1,1
3552,544,3,1,1
3553,544,2,1,1
3554,544,2,1,1
3555,544,3,1,1
3556,544,2,1,1
3557,544,2,1,1
3558,544,2,1,1
3559,544,3,1,1
3560,544,2,1,1
3561,544,2,1,1
3562,544,2,1,1
3563,544,3,1,1
3564,544,3,1,1
3565,544,2,1,1
3566,544,3,1,1
3567,544,3,1,1
3568,544,2,1,1
3569,544,2,1,1
3570,544,2,1,1
3571,544,2,1,1
3572,544,3,1,1
3573,544,2,1,1
3574,544,3,1,1
3575,544,2,1,1
3576,544,2,1,1
3577,544,2,1,1
3578,544,3,1,1
3579,544,2,1,1
3580,544,2,1,1
3581,544,2,1,1
3582,544,2,1,1
3583,544,2,1,1
3584,544,2,1,1
3585,544,2,1,1
3586,544,2,1,1
3587,544,2,1,1
3588,544,2,1,1
3589,544,3,1,1
3590,544,3,1,1
3591,544,2,1,1
3592,544,2,1,1
3593,544,3,1,1
3594,544,2,1,1
3595,544,2,1,1
3596,544,2,1,1
3597,544,3,1,1
3598,544,2,1,1
3599,544,2,1,1
3600,544,3,1,1
3601,544,2,1,1
3602,544,2,1,1
3603,544,2,1,1
3604,544,2,1,1
3605,544,3,1,1
3606,544,2,1,1
3607,544,2,1,1
3608,544,2,1,1
3609,544,2,1,1
3610,544,2,1,1
3611,544,2,1,1
3612,544,3,1,1
3613,544,2,1,1
3614,544,3,1,1
3615,544,2,1,1
3616,544,2,1,1
3617,544,2,1,1
3618,544,2,1,1
3619,544,2,1,1
3620,544,2,1,1
3621,544,2,1,1
3622,544,2,1,1
3623,544,2,1,1
3624,544,2,1,1
3625,544,2,1,1
3626,544,2,1,1
3627,544,2,1,1
3628,544,2,1,1
3629,544,2,1,1
3630,544,2,1,1
3631,544,3,1,1
3632,544,2,1,1
3633,544,2,1,1
3634,544,2,1,1
3635,544,3,1,1
3636,544,2,1,1
3637,544,2,1,1
3638,544,3,1,1
3639,544,2,1,1
3640,544,2,1,1
3641,544,3,1,1
3642,544,2,1,1
3643,544,2,1,1
3644,544,2,1,1
3645,544,2,1,1
3646,544,2,1,1
3647,544,2,1,1
3648,544,2,1,1
3649,544,3,1,1
3650,544,2,1,1
3651,544,3,1,1
3652,544,2,1,1
3653,544,3,1,1
3654,544,2,1,1
3655,544,2,1,1
3656,544,2,1,1
3657,544,2,1,1
3658,544,2,1,1
3659,544,2,1,1
3660,544,2,1,1
3661,544,2,1,1
3662,544,2,1,1
3663,544,2,1,1
3664,544,2,1,1
3665,544,3,1,1
3666,544,1,1,1
3667,544,1,1,1
3668,546,1,1,1
3669,546,1,1,1
3670,547,15,1,1
3671,547,1,1,1
3672,548,15,1,1
3673,550,1,1,1
3674,551,1,1,1
3675,551,1,1,1
3676,551,1,1,1
3677,551,1,1,1
3678,552,3,1,1
3679,553,1,1,1
3680,553,1,1,1
3681,553,1,1,1
3682,554,5,1,1
3683,556,3,1,1
3684,556,15,1,1
3685,556,8,1,1
3686,556,15,1,1
3687,558,3,1,1
3688,558,3,1,1
3689,558,3,1,1
3690,558,3,1,1
3691,558,3,1,1
3692,558,3,1,1
3693,558,3,1,1
3694,558,3,1,1
3695,558,2,1,1
3696,558,3,1,1
3697,558,3,1,1
3698,558,2,1,1
3699,558,3,1,1
3700,558,3,1,1
3701,558,2,1,1
3702,558,3,1,1
3703,558,3,1,1
3704,558,2,1,1
3705,558,3,1,1
3706,558,2,1,1
3707,558,2,1,1
3708,558,2,1,1
3709,558,2,1,1
3710,558,2,1,1
3711,558,2,1,1
3712,558,2,1,1
3713,558,2,1,1
3714,558,2,1,1
3715,558,2,1,1
3716,558,3,1,1
3717,558,2,1,1
3718,558,2,1,1
3719,558,2,1,1
3720,558,2,1,1
3721,558,2,1,1
3722,558,2,1,1
3723,558,2,1,1
3724,558,2,1,1
3725,558,2,1,1
3726,558,2,1,1
3727,558,2,1,1
3728,558,3,1,1
3729,558,3,1,1
3730,558,3,1,1
3731,558,2,1,1
3732,558,2,1,1
3733,558,3,1,1
3734,558,2,1,1
3735,558,3,1,1
3736,558,2,1,1
3737,558,2,1,1
3738,558,3,1,1
3739,558,2,1,1
3740,558,2,1,1
3741,558,2,1,1
3742,558,2,1,1
3743,558,2,1,1
3744,558,2,1,1
3745,558,2,1,1
3746,558,3,1,1
3747,558,2,1,1
3748,558,2,1,1
3749,558,2,1,1
3750,558,2,1,1
3751,558,2,1,1
3752,558,2,1,1
3753,558,2,1,1
3754,558,3,1,1
3755,558,2,1,1
3756,558,2,1,1
3757,558,3,1,1
3758,558,3,1,1
3759,558,2,1,1
3760,558,2,1,1
3761,558,2,1,1
3762,558,2,1,1
3763,558,3,1,1
3764,558,3,1,1
3765,558,2,1,1
3766,558,3,1,1
3767,558,2,1,1
3768,558,2,1,1
3769,558,3,1,1
3770,558,3,1,1
3771,558,3,1,1
3772,558,2,1,1
3773,558,2,1,1
3774,558,2,1,1
3775,558,2,1,1
3776,558,3,1,1
3777,558,2,1,1
3778,558,2,1,1
3779,558,3,1,1
3780,558,2,1,1
3781,558,2,1,1
3782,558,2,1,1
3783,558,2,1,1
3784,558,3,1,1
3785,558,2,1,1
3786,558,2,1,1
3787,558,2,1,1
3788,558,2,1,1
3789,558,2,1,1
3790,558,2,1,1
3791,558,3,1,1
3792,558,2,1,1
3793,558,2,1,1
3794,558,3,1,1
3795,558,2,1,1
3796,558,3,1,1
3797,558,2,1,1
3798,558,2,1,1
3799,558,2,1,1
3800,558,3,1,1
3801,558,2,1,1
3802,558,3,1,1
3803,558,2,1,1
3804,558,2,1,1
3805,558,2,1,1
3806,558,2,1,1
3807,558,2,1,1
3808,558,2,1,1
3809,558,2,1,1
3810,558,2,1,1
3811,558,2,1,1
3812,558,2,1,1
3813,558,3,1,1
3814,558,2,1,1
3815,558,2,1,1
3816,558,2,1,1
3817,558,2,1,1
3818,558,2,1,1
3819,558,2,1,1
3820,558,2,1,1
3821,558,3,1,1
3822,558,2,1,1
3823,558,2,1,1
3824,558,2,1,1
3825,558,3,1,1
3826,558,3,1,1
3827,558,3,1,1
3828,558,3,1,1
3829,558,2,1,1
3830,558,2,1,1
3831,558,2,1,1
3832,558,3,1,1
3833,558,2,1,1
3834,558,2,1,1
3835,558,2,1,1
3836,558,3,1,1
3837,558,2,1,1
3838,558,2,1,1
3839,558,2,1,1
3840,558,2,1,1
3841,558,2,1,1
3842,558,3,1,1
3843,558,2,1,1
3844,558,3,1,1
3845,558,2,1,1
3846,558,2,1,1
3847,558,3,1,1
3848,558,2,1,1
3849,558,2,1,1
3850,558,3,1,1
3851,558,3,1,1
3852,558,2,1,1
3853,558,2,1,1
3854,558,2,1,1
3855,558,3,1,1
3856,558,2,1,1
3857,558,3,1,1
3858,558,2,1,1
3859,558,2,1,1
3860,558,2,1,1
3861,558,2,1,1
3862,558,2,1,1
3863,558,2,1,1
3864,558,2,1,1
3865,558,3,1,1
3866,558,2,1,1
3867,558,2,1,1
3868,558,2,1,1
3869,558,3,1,1
3870,558,3,1,1
3871,558,2,1,1
3872,558,2,1,1
3873,558,2,1,1
3874,558,2,1,1
3875,558,3,1,1
3876,558,2,1,1
3877,558,2,1,1
3878,558,2,1,1
3879,558,3,1,1
3880,558,2,1,1
3881,558,3,1,1
3882,558,2,1,1
3883,558,2,1,1
3884,558,2,1,1
3885,558,3,1,1
3886,558,3,1,1
3887,558,15,1,1
3888,558,15,1,1
3889,558,15,1,1
3890,558,15,1,1
3891,558,15,1,1
3892,558,14,1,1
3893,558,15,1,1
3894,558,15,1,1
3895,558,15,1,1
3896,558,15,1,1
3897,558,15,1,1
3898,558,15,1,1
3899,558,15,1,1
3900,558,15,1,1
3901,558,15,1,1
3902,558,15,1,1
3903,558,11,1,1
3904,558,12,1,1
3905,558,12,1,1
3906,558,11,1,1
3907,558,12,1,1
3908,558,11,1,1
3909,558,11,1,1
3910,558,11,1,1
3911,558,11,1,1
3912,558,11,1,1
3913,558,11,1,1
3914,558,11,1,1
3915,558,12,1,1
3916,558,11,1,1
3917,558,12,1,1
3918,558,11,1,1
3919,558,11,1,1
3920,558,11,1,1
3921,558,11,1,1
3922,558,11,1,1
3923,558,11,1,1
3924,558,11,1,1
3925,558,11,1,1
3926,558,11,1,1
3927,558,11,1,1
3928,558,11,1,1
3929,558,11,1,1
3930,558,11,1,1
3931,558,11,1,1
3932,558,15,1,1
3933,558,11,1,1
3934,558,11,1,1
3935,558,1,1,1
3936,558,1,1,1
3937,559,1,1,1
3938,561,1,1,1
3939,562,1,1,1
3940,562,1,1,1
3941,562,1,1,1
3942,563,1,1,1
3943,566,1,1,1
3944,567,1,1,1
3945,568,3,1,1
3946,568,1,1,1
3947,568,1,1,1
3948,569,8,1,1
3949,569,8,1,1
3950,569,8,1,1
3951,569,8,1,1
3952,569,8,1,1
3953,569,8,1,1
3954,569,4,1,1
3955,569,3,1,1
3956,569,4,1,1
3957,569,4,1,1
3958,569,4,1,1
3959,569,5,1,1
3960,569,6,1,1
3961,569,4,1,1
3962,569,4,1,1
3963,569,4,1,1
3964,569,4,1,1
3965,569,4,1,1
3966,569,4,1,1
3967,569,7,1,1
3968,569,4,1,1
3969,569,4,1,1
3970,569,4,1,1
3971,569,3,1,1
3972,569,4,1,1
3973,569,4,1,1
3974,569,4,1,1
3975,569,4,1,1
3976,569,4,1,1
3977,569,4,1,1
3978,569,4,1,1
3979,569,4,1,1
3980,569,4,1,1
3981,569,4,1,1
3982,569,4,1,1
3983,569,4,1,1
3984,569,5,1,1
3985,569,4,1,1
3986,569,4,1,1
3987,569,4,1,1
3988,569,4,1,1
3989,569,4,1,1
3990,569,4,1,1
3991,569,4,1,1
3992,569,3,1,1
3993,569,4,1,1
3994,569,4,1,1
3995,569,5,1,1
3996,569,4,1,1
3997,569,7,1,1
3998,569,3,1,1
3999,569,4,1,1
4000,569,4,1,1
4001,569,4,1,1
4002,569,4,1,1
4003,569,4,1,1
4004,569,5,1,1
4005,569,4,1,1
4006,569,4,1,1
4007,569,4,1,1
4008,569,4,1,1
4009,569,5,1,1
4010,569,4,1,1
4011,569,4,1,1
4012,569,4,1,1
4013,569,4,1,1
4014,569,5,1,1
4015,569,4,1,1
4016,569,4,1,1
4017,569,4,1,1
4018,569,4,1,1
4019,569,4,1,1
4020,569,4,1,1
4021,569,4,1,1
4022,569,4,1,1
4023,569,4,1,1
4024,569,4,1,1
4025,569,3,1,1
4026,569,4,1,1
4027,569,7,1,1
4028,569,8,1,1
4029,569,3,1,1
4030,569,4,1,1
4031,569,3,1,1
4032,569,4,1,1
4033,569,4,1,1
4034,569,4,1,1
4035,569,4,1,1
4036,569,3,1,1
4037,569,4,1,1
4038,569,3,1,1
4039,569,4,1,1
4040,569,4,1,1
4041,569,4,1,1
4042,569,4,1,1
4043,569,4,1,1
4044,569,4,1,1
4045,569,4,1,1
4046,569,5,1,1
4047,569,4,1,1
4048,569,4,1,1
4049,569,4,1,1
4050,569,7,1,1
4051,569,4,1,1
4052,569,6,1,1
4053,569,4,1,1
4054,569,5,1,1
4055,569,4,1,1
4056,569,4,1,1
4057,569,4,1,1
4058,569,8,1,1
4059,569,4,1,1
4060,569,4,1,1
4061,569,4,1,1
4062,569,4,1,1
4063,569,4,1,1
4064,569,3,1,1
4065,569,3,1,1
4066,569,4,1,1
4067,569,4,1,1
4068,569,4,1,1
4069,569,4,1,1
4070,569,4,1,1
4071,569,4,1,1
4072,569,4,1,1
4073,569,4,1,1
4074,569,4,1,1
4075,569,4,1,1
4076,569,4,1,1
4077,569,4,1,1
4078,569,4,1,1
4079,569,3,1,1
4080,569,4,1,1
4081,569,4,1,1
4082,569,8,1,1
4083,569,4,1,1
4084,569,4,1,1
4085,569,4,1,1
4086,569,4,1,1
4087,569,7,1,1
4088,569,4,1,1
4089,569,4,1,1
4090,569,8,1,1
4091,569,4,1,1
4092,569,4,1,1
4093,569,4,1,1
4094,569,4,1,1
4095,569,6,1,1
4096,569,4,1,1
4097,569,6,1,1
4098,569,4,1,1
4099,569,4,1,1
4100,569,4,1,1
4101,569,4,1,1
4102,569,3,1,1
4103,569,4,1,1
4104,569,4,1,1
4105,569,4,1,1
4106,569,3,1,1
4107,569,4,1,1
4108,569,4,1,1
4109,569,4,1,1
4110,569,5,1,1
4111,569,4,1,1
4112,569,4,1,1
4113,569,3,1,1
4114,569,4,1,1
4115,569,5,1,1
4116,569,4,1,1
4117,569,4,1,1
4118,569,4,1,1
4119,569,4,1,1
4120,569,4,1,1
4121,569,4,1,1
4122,569,4,1,1
4123,569,4,1,1
4124,569,4,1,1
4125,569,4,1,1
4126,569,4,1,1
4127,569,4,1,1
4128,569,4,1,1
4129,569,4,1,1
4130,569,4,1,1
4131,569,3,1,1
4132,569,7,1,1
4133,569,8,1,1
4134,569,4,1,1
4135,569,4,1,1
4136,569,4,1,1
4137,569,3,1,1
4138,569,6,1,1
4139,569,6,1,1
4140,569,4,1,1
4141,569,4,1,1
4142,569,4,1,1
4143,569,4,1,1
4144,569,4,1,1
4145,569,5,1,1
4146,569,4,1,1
4147,569,4,1,1
4148,569,1,1,1
4149,569,15,1,1
4150,569,1,1,1
4151,569,1,1,1
4152,571,8,1,1
4153,572,4,1,1
4154,572,1,1,1
4155,572,1,1,1
4156,573,1,1,1
4157,573,1,1,1
4158,573,6,1,1
4159,574,1,1,1
4160,576,1,1,1
4161,577,1,1,1
4162,577,1,1,1
4163,578,1,1,1
4164,578,1,1,1
4165,578,1,1,1
4166,582,2,1,1
4167,582,4,1,1
4168,582,2,1,1
4169,582,2,1,1
4170,582,1,1,1
4171,583,1,1,1
4172,583,1,1,1
4173,586,1,1,1
4174,589,1,1,1
4175,589,1,1,1
4176,590,1,1,1
4177,592,1,1,1
4178,593,1,1,1
4179,593,5,1,1
4180,593,1,1,1
4181,593,15,1,1
4182,594,1,1,1
4183,594,3,1,1
4184,594,1,1,1
4185,594,1,1,1
4186,595,1,1,1
4187,596,3,1,1
4188,596,3,1,1
4189,596,3,1,1
4190,596,3,1,1
4191,596,3,1,1
4192,596,3,1,1
4193,596,3,1,1
4194,596,3,1,1
4195,596,3,1,1
4196,596,3,1,1
4197,596,3,1,1
4198,596,3,1,1
4199,596,3,1,1
4200,596,3,1,1
4201,596,3,1,1
4202,596,3,1,1
4203,596,3,1,1
4204,596,3,1,1
4205,596,3,1,1
4206,596,3,1,1
4207,596,3,1,1
4208,596,3,1,1
4209,596,3,1,1
4210,596,3,1,1
4211,596,3,1,1
4212,596,3,1,1
4213,596,3,1,1
4214,596,3,1,1
4215,596,3,1,1
4216,596,3,1,1
4217,596,3,1,1
4218,596,3,1,1
4219,596,3,1,1
4220,596,3,1,1
4221,596,3,1,1
4222,596,3,1,1
4223,596,3,1,1
4224,596,3,1,1
4225,596,3,1,1
4226,596,3,1,1
4227,596,3,1,1
4228,596,3,1,1
4229,596,3,1,1
4230,596,3,1,1
4231,596,3,1,1
4232,596,3,1,1
4233,596,3,1,1
4234,596,3,1,1
4235,596,3,1,1
4236,596,3,1,1
4237,596,1,1,1
4238,598,1,1,1
4239,598,1,1,1
4240,599,1,1,1
4241,599,1,1,1
4242,600,1,1,1
4243,600,1,1,1
4244,600,1,1,1
4245,601,1,1,1
4246,601,1,1,1
4247,602,1,1,1
4248,603,1,1,1
4249,603,1,1,1
4250,606,1,1,1
4251,607,2,1,1
4252,607,1,1,1
4253,607,2,1,1
4254,607,5,1,1
4255,608,1,1,1
4256,608,5,1,1
4257,608,1,1,1
4258,608,1,1,1
4259,608,5,1,1
4260,609,1,1,1
4261,610,1,1,1
4262,610,1,1,1
4263,610,1,1,1
4264,612,3,1,1
4265,613,5,1,1
4266,613,1,1,1
4267,613,5,1,1
4268,617,1,1,1
4269,618,1,1,1
4270,618,1,1,1
4271,618,6,1,1
4272,619,1,1,1
4273,619,3,1,1
4274,619,2,1,1
4275,619,2,1,1
4276,619,2,1,1
4277,619,2,1,1
4278,619,2,1,1
4279,619,2,1,1
4280,619,2,1,1
4281,619,2,1,1
4282,619,2,1,1
4283,619,2,1,1
4284,619,2,1,1
4285,619,2,1,1
4286,619,2,1,1
4287,619,2,1,1
4288,619,2,1,1
4289,619,2,1,1
4290,619,2,1,1
4291,619,2,1,1
4292,619,2,1,1
4293,619,2,1,1
4294,619,2,1,1
4295,619,2,1,1
4296,619,2,1,1
4297,619,2,1,1
4298,619,2,1,1
4299,619,2,1,1
4300,619,2,1,1
4301,619,2,1,1
4302,619,2,1,1
4303,619,2,1,1
4304,619,2,1,1
4305,619,2,1,1
4306,619,2,1,1
4307,619,2,1,1
4308,619,2,1,1
4309,619,2,1,1
4310,619,2,1,1
4311,619,2,1,1
4312,619,2,1,1
4313,619,2,1,1
4314,619,2,1,1
4315,619,2,1,1
4316,619,2,1,1
4317,619,2,1,1
4318,619,2,1,1
4319,619,2,1,1
4320,619,2,1,1
4321,619,2,1,1
4322,619,2,1,1
4323,619,2,1,1
4324,619,1,1,1
4325,619,1,1,1
4326,620,1,1,1
4327,621,1,1,1
4328,621,1,1,1
4329,621,3,1,1
4330,621,3,1,1
4331,621,2,1,1
4332,621,2,1,1
4333,621,3,1,1
4334,621,2,1,1
4335,621,3,1,1
4336,621,3,1,1
4337,621,3,1,1
4338,621,3,1,1
4339,621,3,1,1
4340,622,1,1,1
4341,624,1,1,1
4342,625,1,1,1
4343,625,5,1,1
4344,629,1,1,1
4345,629,1,1,1
4346,629,1,1,1
4347,629,1,1,1
4348,630,2,1,1
4349,630,1,1,1
4350,630,2,1,1
4351,630,1,1,1
4352,630,1,1,1
4353,630,1,1,1
4354,631,1,1,1
4355,631,1,1,1
4356,631,1,1,1
4357,631,2,1,1
4358,631,2,1,1
4359,631,1,1,1
4360,631,2,1,1
4361,631,1,1,1
4362,631,1,1,1
4363,631,1,1,1
4364,631,1,1,1
4365,631,1,1,1
4366,631,2,1,1
4367,631,1,1,1
4368,631,1,1,1
4369,631,1,1,1
4370,631,1,1,1
4371,631,1,1,1
4372,631,1,1,1
4373,631,1,1,1
4374,631,1,1,1
4375,631,1,1,1
4376,631,1,1,1
4377,631,1,1,1
4378,632,1,1,1
4379,633,1,1,1
4380,633,1,1,1
4381,634,5,1,1
4382,634,1,1,1
4383,634,7,1,1
4384,635,1,1,1
4385,636,1,1,1
4386,636,1,1,1
4387,637,1,1,1
4388,637,5,1,1
4389,639,1,1,1
4390,639,1,1,1
4391,644,1,1,1
4392,644,1,1,1
4393,644,1,1,1
4394,644,1,1,1
4395,646,1,1,1
4396,647,1,1,1
4397,647,1,1,1
4398,648,6,1,1
4399,649,9,1,1
4400,649,8,1,1
4401,649,1,1,1
4402,651,1,1,1
4403,651,1,1,1
4404,651,1,1,1
4405,653,1,1,1
4406,653,1,1,1
4407,655,6,1,1
4408,655,1,1,1
4409,655,1,1,1
4410,656,1,1,1
4411,656,1,1,1
4412,656,1,1,1
4413,657,3,1,1
4414,657,4,1,1
4415,657,1,1,1
4416,657,1,1,1
4417,658,1,1,1
4418,660,1,1,1
4419,660,1,1,1
4420,661,15,1,1
4421,661,3,1,1
4422,661,15,1,1
4423,661,3,1,1
4424,662,1,1,1
4425,662,1,1,1
4426,662,1,1,1
4427,663,5,1,1
4428,663,5,1,1
4429,663,1,1,1
4430,665,6,1,1
4431,666,4,1,1
4432,667,1,1,1
4433,667,1,1,1
4434,667,1,1,1
4435,667,1,1,1
4436,669,15,1,1
4437,669,15,1,1
4438,669,15,1,1
4439,669,15,1,1
4440,669,15,1,1
4441,669,15,1,1
4442,669,15,1,1
4443,669,15,1,1
4444,669,15,1,1
4445,669,15,1,1
4446,669,15,1,1
4447,669,15,1,1
4448,669,15,1,1
4449,669,15,1,1
4450,669,15,1,1
4451,669,15,1,1
4452,669,15,1,1
4453,669,15,1,1
4454,669,15,1,1
4455,669,15,1,1
4456,669,15,1,1
4457,669,15,1,1
4458,669,15,1,1
4459,669,15,1,1
4460,669,15,1,1
4461,669,15,1,1
4462,669,15,1,1
4463,669,15,1,1
4464,669,15,1,1
4465,669,15,1,1
4466,669,15,1,1
4467,669,15,1,1
4468,669,15,1,1
4469,669,15,1,1
4470,669,15,1,1
4471,669,15,1,1
4472,669,15,1,1
4473,669,15,1,1
4474,669,15,1,1
4475,669,15,1,1
4476,669,15,1,1
4477,669,1,1,1
4478,669,1,1,1
4479,671,1,1,1
4480,672,1,1,1
4481,672,1,1,1
4482,674,1,1,1
4483,675,1,1,1
4484,676,1,1,1
4485,677,1,1,1
4486,678,1,1,1
4487,678,1,1,1
4488,678,1,1,1
4489,681,15,1,1
4490,681,15,1,1
4491,681,15,1,1
4492,681,15,1,1
4493,681,15,1,1
4494,681,15,1,1
4495,681,15,1,1
4496,681,15,1,1
4497,681,15,1,1
4498,681,15,1,1
4499,681,15,1,1
4500,681,15,1,1
4501,681,15,1,1
4502,681,15,1,1
4503,681,15,1,1
4504,681,15,1,1
4505,681,15,1,1
4506,681,15,1,1
4507,681,15,1,1
4508,681,15,1,1
4509,681,15,1,1
4510,681,15,1,1
4511,681,15,1,1
4512,681,15,1,1
4513,681,15,1,1
4514,681,15,1,1
4515,681,15,1,1
4516,681,15,1,1
4517,681,15,1,1
4518,681,15,1,1
4519,681,15,1,1
4520,681,15,1,1
4521,681,15,1,1
4522,681,15,1,1
4523,681,15,1,1
4524,681,15,1,1
4525,681,15,1,1
4526,681,15,1,1
4527,681,15,1,1
4528,681,15,1,1
4529,681,15,1,1
4530,681,15,1,1
4531,681,15,1,1
4532,681,15,1,1
4533,681,15,1,1
4534,681,15,1,1
4535,681,15,1,1
4536,681,15,1,1
4537,681,15,1,1
4538,681,15,1,1
4539,681,15,1,1
4540,681,15,1,1
4541,681,15,1,1
4542,681,15,1,1
4543,681,15,1,1
4544,681,15,1,1
4545,681,15,1,1
4546,681,15,1,1
4547,681,15,1,1
4548,681,15,1,1
4549,681,15,1,1
4550,681,15,1,1
4551,681,15,1,1
4552,681,15,1,1
4553,681,15,1,1
4554,681,15,1,1
4555,681,15,1,1
4556,681,15,1,1
4557,681,15,1,1
4558,681,15,1,1
4559,681,15,1,1
4560,681,15,1,1
4561,681,15,1,1
4562,681,15,1,1
4563,681,15,1,1
4564,681,15,1,1
4565,681,15,1,1
4566,681,15,1,1
4567,681,15,1,1
4568,681,15,1,1
4569,681,15,1,1
4570,681,15,1,1
4571,681,15,1,1
4572,681,15,1,1
4573,681,15,1,1
4574,681,15,1,1
4575,681,15,1,1
4576,681,15,1,1
4577,681,15,1,1
4578,681,15,1,1
4579,681,15,1,1
4580,681,15,1,1
4581,681,15,1,1
4582,681,15,1,1
4583,681,15,1,1
4584,681,15,1,1
4585,681,15,1,1
4586,681,15,1,1
4587,681,15,1,1
4588,681,15,1,1
4589,681,2,1,1
4590,682,1,1,1
4591,683,2,1,1
4592,683,2,1,1
4593,683,2,1,1
4594,683,2,1,1
4595,683,2,1,1
4596,683,2,1,1
4597,683,2,1,1
4598,683,2,1,1
4599,683,2,1,1
4600,683,2,1,1
4601,683,2,1,1
4602,683,2,1,1
4603,683,2,1,1
4604,683,2,1,1
4605,683,2,1,1
4606,683,2,1,1
4607,683,2,1,1
4608,683,2,1,1
4609,683,2,1,1
4610,683,2,1,1
4611,683,2,1,1
4612,683,2,1,1
4613,683,2,1,1
4614,683,2,1,1
4615,683,2,1,1
4616,683,2,1,1
4617,683,2,1,1
4618,683,2,1,1
4619,683,2,1,1
4620,683,2,1,1
4621,683,2,1,1
4622,683,2,1,1
4623,683,2,1,1
4624,683,2,1,1
4625,683,2,1,1
4626,683,2,1,1
4627,683,2,1,1
4628,683,2,1,1
4629,683,2,1,1
4630,683,2,1,1
4631,683,2,1,1
4632,683,2,1,1
4633,683,2,1,1
4634,683,2,1,1
4635,683,2,1,1
4636,683,2,1,1
4637,683,2,1,1
4638,683,2,1,1
4639,683,2,1,1
4640,683,2,1,1
4641,683,2,1,1
4642,683,5,1,1
4643,683,4,1,1
4644,683,1,1,1
4645,687,1,1,1
4646,687,1,1,1
4647,688,1,1,1
4648,688,1,1,1
4649,688,1,1,1
4650,688,1,1,1
4651,688,1,1,1
4652,689,1,1,1
4653,690,1,1,1
4654,690,1,1,1
4655,690,1,1,1
4656,691,1,1,1
4657,691,1,1,1
4658,693,1,1,1
4659,694,1,1,1
4660,694,1,1,1
4661,695,1,1,1
4662,696,1,1,1
4663,698,1,1,1
4664,698,1,1,1
4665,698,1,1,1
4666,699,1,1,1
4667,700,1,1,1
4668,701,1,1,1
4669,701,1,1,1
4670,701,1,1,1
4671,703,1,1,1
4672,704,15,1,1
4673,707,1,1,1
4674,707,15,1,1
4675,707,15,1,1
4676,707,15,1,1
4677,707,2,1,1
4678,707,15,1,1
4679,707,1,1,1
4680,708,1,1,1
4681,709,15,1,1
4682,710,6,1,1
4683,713,6,1,1
4684,714,1,1,1
4685,714,1,1,1
4686,715,1,1,1
4687,716,1,1,1
4688,717,1,1,1
4689,719,1,1,1
4690,719,1,1,1
4691,719,1,1,1
4692,719,1,1,1
4693,720,1,1,1
4694,720,1,1,1
4695,720,1,1,1
4696,720,1,1,1
4697,721,1,1,1
4698,721,1,1,1
4699,723,1,1,1
4700,723,15,1,1
4701,723,1,1,1
4702,723,1,1,1
4703,724,1,1,1
4704,724,1,1,1
4705,724,1,1,1
4706,724,1,1,1
4707,725,1,1,1
4708,726,1,1,1
4709,728,1,1,1
4710,728,1,1,1
4711,728,1,1,1
4712,729,1,1,1
4713,731,1,1,1
4714,731,7,1,1
4715,733,1,1,1
4716,733,1,1,1
4717,735,9,1,1
4718,735,1,1,1
4719,736,1,1,1
4720,736,1,1,1
4721,738,1,1,1
4722,738,1,1,1
4723,738,1,1,1
4724,739,9,1,1
4725,739,1,1,1
4726,739,15,1,1
4727,739,1,1,1
4728,740,1,1,1
4729,740,1,1,1
4730,741,1,1,1
4731,744,1,1,1
4732,745,1,1,1
4733,745,1,1,1
4734,745,1,1,1
4735,745,1,1,1
4736,745,1,1,1
4737,745,1,1,1
4738,745,2,1,1
4739,745,4,1,1
4740,746,1,1,1
4741,746,1,1,1
4742,749,1,1,1
4743,749,1,1,1
4744,750,15,1,1
4745,750,1,1,1
4746,751,1,1,1
4747,751,1,1,1
4748,752,1,1,1
4749,754,1,1,1
4750,754,1,1,1
4751,755,1,1,1
4752,756,1,1,1
4753,757,15,1,1
4754,757,1,1,1
4755,757,1,1,1
4756,757,1,1,1
4757,757,1,1,1
4758,757,15,1,1
4759,759,1,1,1
4760,759,9,1,1
4761,759,2,1,1
4762,759,2,1,1
4763,759,1,1,1
4764,760,2,1,1
4765,760,1,1,1
4766,761,1,1,1
4767,761,1,1,1
4768,761,1,1,1
4769,761,1,1,1
4770,764,1,1,1
4771,765,1,1,1
4772,765,1,1,1
4773,765,1,1,1
4774,766,1,1,1
4775,767,15,1,1
4776,769,1,1,1
4777,769,1,1,1
4778,769,1,1,1
4779,769,1,1,1
4780,770,1,1,1
4781,772,1,1,1
4782,772,5,2,1
4783,772,2,1,1
4784,772,15,1,1
4785,772,6,1,1
4786,772,5,1,1
4787,772,15,1,1
4788,772,11,2,2
4789,773,15,1,1
4790,773,15,1,1
4791,773,15,1,1
4792,773,15,1,1
4793,773,15,1,1
4794,773,15,1,1
4795,773,15,1,1
4796,773,15,1,1
4797,773,15,1,1
4798,773,15,1,1
4799,773,15,1,1
4800,773,15,1,1
4801,773,15,1,1
4802,773,15,1,1
4803,773,15,1,1
4804,773,15,1,1
4805,773,15,1,1
4806,773,15,1,1
4807,773,15,1,1
4808,773,15,1,1
4809,773,15,1,1
4810,773,15,1,1
4811,773,15,1,1
4812,773,15,1,1
4813,773,15,1,1
4814,773,15,1,1
4815,773,15,1,1
4816,773,15,1,1
4817,773,15,1,1
4818,773,15,1,1
4819,773,15,1,1
4820,773,15,1,1
4821,773,15,1,1
4822,773,15,1,1
4823,773,1,1,1
4824,773,15,1,1
4825,773,15,1,1
4826,773,15,1,1
4827,773,15,1,1
4828,773,15,1,1
4829,773,15,1,1
4830,773,15,1,1
4831,773,15,1,1
4832,773,15,1,1
4833,773,15,1,1
4834,773,1,1,1
4835,773,15,1,1
4836,773,15,1,1
4837,773,15,1,1
4838,773,15,1,1
4839,773,15,1,1
4840,773,15,1,1
4841,773,15,1,1
4842,773,15,1,1
4843,773,15,1,1
4844,773,15,1,1
4845,773,15,1,1
4846,773,15,1,1
4847,773,15,1,1
4848,773,15,1,1
4849,773,15,1,1
4850,773,15,1,1
4851,773,15,1,1
4852,773,15,1,1
4853,773,15,1,1
4854,773,15,1,1
4855,773,15,1,1
4856,773,15,1,1
4857,773,15,1,1
4858,773,15,1,1
4859,773,15,1,1
4860,773,15,1,1
4861,773,15,1,1
4862,773,15,1,1
4863,773,15,1,1
4864,773,15,1,1
4865,773,15,1,1
4866,773,15,1,1
4867,773,15,1,1
4868,773,15,1,1
4869,773,15,1,1
4870,773,1,1,1
4871,774,1,1,1
4872,775,15,1,1
4873,775,15,1,1
4874,777,1,1,1
4875,778,1,1,1
4876,778,15,1,1
4877,778,7,1,1
4878,779,15,1,1
4879,780,1,1,1
4880,781,1,1,1
4881,781,5,1,1
4882,781,1,1,1
4883,782,1,1,1
4884,782,5,1,1
4885,782,1,1,1
4886,783,1,1,1
4887,784,1,1,1
4888,785,1,1,1
4889,785,1,1,1
4890,785,1,1,1
4891,785,7,1,1
4892,785,15,1,1
4893,785,14,1,1
4894,785,15,1,1
4895,785,15,1,1
4896,785,14,1,1
4897,785,15,1,1
4898,785,15,1,1
4899,785,15,1,1
4900,785,15,1,1
4901,785,15,1,1
4902,785,15,1,1
4903,785,15,1,1
4904,785,15,1,1
4905,785,15,1,1
4906,785,15,1,1
4907,785,15,1,1
4908,785,15,1,1
4909,785,1,1,1
4910,786,1,1,1
4911,786,1,1,1
4912,787,1,1,1
4913,792,1,1,1
4914,792,1,1,1
4915,792,1,1,1
4916,794,1,1,1
4917,794,1,1,1
4918,796,1,1,1
4919,796,1,1,1
4920,796,1,1,1
4921,797,1,1,1
4922,799,1,1,1
4923,799,15,1,1
4924,800,1,1,1
4925,801,15,1,1
4926,801,1,1,1
4927,803,1,1,1
4928,804,1,1,1
4929,804,1,1,1
4930,804,1,1,1
4931,805,1,1,1
4932,806,1,1,1
4933,806,8,1,1
4934,806,1,1,1
4935,806,1,1,1
4936,807,1,1,1
4937,809,1,1,1
4938,809,1,1,1
4939,809,1,1,1
4940,810,1,1,1
4941,811,12,1,1
4942,811,1,1,1
4943,811,1,1,1
4944,811,1,1,1
4945,811,1,1,1
4946,813,1,1,1
4947,820,1,1,1
4948,822,6,1,1
4949,822,1,1,1
4950,822,1,1,1
4951,823,1,1,1
4952,823,15,2,1
4953,823,15,1,1
4954,824,1,1,1
4955,824,1,1,1
4956,824,1,1,1
4957,824,1,1,1
4958,824,1,1,1
4959,824,1,1,1
4960,824,1,1,1
4961,824,1,1,1
4962,824,1,1,1
4963,824,1,1,1
4964,824,1,1,1
4965,824,1,1,1
4966,824,1,1,1
4967,824,1,1,1
4968,824,1,1,1
4969,824,1,1,1
4970,824,1,1,1
4971,824,1,1,1
4972,824,1,1,1
4973,824,1,1,1
4974,824,1,1,1
4975,824,1,1,1
4976,824,1,1,1
4977,824,1,1,1
4978,824,1,1,1
4979,824,1,1,1
4980,824,1,1,1
4981,824,1,1,1
4982,824,1,1,1
4983,824,1,1,1
4984,824,1,1,1
4985,824,1,1,1
4986,824,1,1,1
4987,824,1,1,1
4988,824,1,1,1
4989,824,1,1,1
4990,824,1,1,1
4991,824,1,1,1
4992,824,1,1,1
4993,824,1,1,1
4994,824,1,1,1
4995,824,1,1,1
4996,824,1,1,1
4997,824,1,1,1
4998,824,1,1,1
4999,824,1,1,1
5000,824,1,1,1
5001,824,1,1,1
5002,824,1,1,1
5003,824,1,1,1
5004,824,1,1,1
5005,824,1,1,1
5006,825,1,1,1
5007,825,2,1,1
5008,825,1,1,1
5009,825,1,1,1
5010,825,1,1,1
5011,826,1,1,1
5012,826,5,1,1
5013,826,1,1,1
5014,827,15,1,1
5015,828,1,1,1
5016,829,3,1,1
5017,829,9,1,1
5018,829,9,1,1
5019,829,2,1,1
5020,829,4,1,1
5021,829,6,1,1
5022,829,1,1,1
5023,829,2,1,1
5024,829,3,1,1
5025,829,5,1,1
5026,829,6,1,1
5027,829,3,1,1
5028,829,4,1,1
5029,829,4,1,1
5030,829,11,1,1
5031,829,9,1,1
5032,829,10,1,1
5033,829,11,1,1
5034,829,7,1,1
5035,829,8,1,1
5036,829,5,1,1
5037,829,8,1,1
5038,829,1,1,1
5039,829,6,1,1
5040,829,5,1,1
5041,829,6,1,1
5042,829,11,1,1
5043,829,11,1,1
5044,829,8,1,1
5045,829,4,1,1
5046,829,11,1,1
5047,829,8,1,1
5048,829,7,1,1
5049,829,8,1,1
5050,829,9,1,1
5051,829,1,1,1
5052,829,6,1,1
5053,829,9,1,1
5054,829,10,1,1
5055,829,9,1,1
5056,829,7,1,1
5057,829,5,1,1
5058,829,10,1,1
5059,829,4,1,1
5060,829,3,1,1
5061,829,3,1,1
5062,829,4,1,1
5063,829,7,1,1
5064,829,2,1,1
5065,829,11,1,1
5066,829,8,1,1
5067,829,11,1,1
5068,829,6,1,1
5069,829,7,1,1
5070,829,10,1,1
5071,829,6,1,1
5072,829,15,1,1
5073,829,9,1,1
5074,829,7,1,1
5075,829,8,1,1
5076,829,9,1,1
5077,829,1,1,1
5078,829,5,1,1
5079,829,6,1,1
5080,829,8,1,1
5081,829,8,1,1
5082,829,11,1,1
5083,829,10,1,1
5084,829,4,1,1
5085,829,4,1,1
5086,829,6,1,1
5087,829,11,1,1
5088,829,11,1,1
5089,829,4,1,1
5090,829,2,1,1
5091,829,11,1,1
5092,829,5,1,1
5093,829,8,1,1
5094,829,1,1,1
5095,829,9,1,1
5096,829,4,1,1
5097,829,4,1,1
5098,829,9,1,1
5099,829,10,1,1
5100,829,9,1,1
5101,829,7,1,1
5102,829,3,1,1
5103,829,1,1,1
5104,829,4,1,1
5105,829,5,1,1
5106,829,7,1,1
5107,829,5,1,1
5108,829,4,1,1
5109,829,4,1,1
5110,829,9,1,1
5111,829,11,1,1
5112,829,4,1,1
5113,829,9,1,1
5114,829,3,1,1
5115,829,11,1,1
5116,829,7,1,1
5117,829,8,1,1
5118,829,1,1,1
5119,829,3,1,1
5120,829,7,1,1
5121,829,1,1,1
5122,829,7,1,1
5123,829,9,1,1
5124,829,15,1,1
5125,829,3,1,1
5126,829,5,1,1
5127,829,10,1,1
5128,829,6,1,1
5129,829,1,1,1
5130,829,8,1,1
5131,829,6,1,1
5132,829,10,1,1
5133,829,1,1,1
5134,829,11,1,1
5135,829,6,1,1
5136,829,1,1,1
5137,831,1,1,1
5138,832,1,1,1
5139,832,1,1,1
5140,833,1,1,1
5141,833,1,1,1
5142,833,1,1,1
5143,835,1,1,1
5144,835,1,1,1
5145,835,4,1,1
5146,836,2,1,1
5147,836,1,1,1
5148,836,1,1,1
5149,836,1,1,1
5150,838,1,1,1
5151,839,1,1,1
5152,840,1,1,1
5153,841,6,1,1
5154,841,1,1,1
5155,843,15,1,1
5156,844,1,1,1
5157,845,1,1,1
5158,845,1,1,1
5159,847,5,1,1
5160,848,3,1,1
5161,848,1,1,1
5162,848,5,1,1
5163,848,1,1,1
5164,848,1,1,1
5165,848,1,1,1
5166,849,1,1,1
5167,849,1,1,1
5168,849,1,1,1
5169,849,4,1,1
5170,849,1,1,1
5171,849,4,1,1
5172,849,5,1,1
5173,849,5,1,1
5174,849,1,1,1
5175,849,1,1,1
5176,849,1,1,1
5177,849,1,1,1
5178,849,1,1,1
5179,849,1,1,1
5180,849,1,1,1
5181,849,1,1,1
5182,849,1,1,1
5183,849,1,1,1
5184,849,5,1,1
5185,849,1,1,1
5186,849,1,1,1
5187,849,1,1,1
5188,849,2,1,1
5189,850,1,1,1
5190,850,15,1,1
5191,850,1,1,1
5192,851,1,1,1
5193,853,1,1,1
5194,853,1,1,1
5195,853,1,1,1
5196,853,1,1,1
5197,854,1,1,1
5198,854,1,1,1
5199,854,1,1,1
5200,856,1,1,1
5201,857,1,1,1
5202,857,1,1,1
5203,857,1,1,1
5204,859,6,1,1
5205,859,1,1,1
5206,860,1,1,1
5207,860,1,1,1
5208,861,1,1,1
5209,862,1,1,1
5210,862,15,1,1
5211,862,1,1,1
5212,863,1,1,1
5213,864,1,1,1
5214,867,8,1,2
5215,867,15,1,1
5216,867,6,1,1
5217,867,9,1,1
5218,868,9,1,1
5219,868,15,1,1
5220,869,1,1,1
5221,870,1,1,1
5222,871,1,1,1
5223,871,1,1,1
5224,871,1,1,1
5225,872,2,1,1
5226,872,3,1,1
5227,872,5,1,1
5228,874,2,1,1
5229,874,1,1,1
5230,874,1,1,1
5231,874,1,1,1
5232,874,1,1,1
5233,874,1,1,1
5234,874,1,1,1
5235,874,1,1,1
5236,874,1,1,1
5237,874,1,1,1
5238,874,1,1,1
5239,874,2,1,1
5240,874,3,1,1
5241,874,3,1,1
5242,874,3,1,1
5243,874,3,1,1
5244,874,3,1,1
5245,874,3,1,1
5246,874,3,1,1
5247,874,3,1,1
5248,874,3,1,1
5249,874,3,1,1
5250,874,3,1,1
5251,874,1,1,1
5252,874,1,1,1
5253,874,1,1,1
5254,875,1,1,1
5255,876,1,1,1
5256,876,1,1,1
5257,877,3,1,1
5258,877,1,1,1
5259,878,1,1,1
5260,879,1,1,1
5261,880,15,1,1
5262,880,4,1,1
5263,880,1,1,1
5264,881,1,1,1
5265,882,1,1,1
5266,882,5,1,1
5267,882,15,1,1
5268,882,5,1,1
5269,882,15,1,1
5270,883,1,1,1
5271,883,1,1,1
5272,883,15,1,1
5273,883,1,1,1
5274,883,1,1,1
5275,885,2,1,1
5276,885,1,1,1
5277,885,1,1,1
5278,885,1,1,1
5279,885,2,1,1
5280,885,2,1,1
5281,885,2,1,1
5282,885,1,1,1
5283,885,2,1,1
5284,885,1,1,1
5285,885,1,1,1
5286,885,1,1,1
5287,885,2,1,1
5288,885,2,1,1
5289,885,5,1,1
5290,886,1,1,1
5291,886,1,1,1
5292,887,5,1,1
5293,887,1,1,1
5294,888,1,1,1
5295,890,1,1,1
5296,892,1,1,1
5297,895,1,1,1
5298,895,1,1,1
5299,895,1,1,1
5300,897,15,1,1
5301,897,6,1,1
5302,897,15,1,1
5303,897,1,1,1
5304,897,1,1,1
5305,898,1,1,1
5306,899,4,1,1
5307,899,4,1,1
5308,899,3,1,1
5309,899,4,1,1
5310,899,4,1,1
5311,899,4,1,1
5312,899,4,1,1
5313,899,4,1,1
5314,899,5,1,1
5315,899,5,1,1
5316,899,4,1,1
5317,899,5,1,1
5318,899,4,1,1
5319,899,4,1,1
5320,899,5,1,1
5321,899,4,1,1
5322,899,4,1,1
5323,899,4,1,1
5324,899,4,1,1
5325,899,4,1,1
5326,899,4,1,1
5327,899,4,1,1
5328,899,4,1,1
5329,899,4,1,1
5330,899,4,1,1
5331,899,4,1,1
5332,899,5,1,1
5333,899,4,1,1
5334,899,4,1,1
5335,899,4,1,1
5336,899,4,1,1
5337,899,4,1,1
5338,899,4,1,1
5339,899,4,1,1
5340,899,4,1,1
5341,899,5,1,1
5342,899,4,1,1
5343,899,4,1,1
5344,899,4,1,1
5345,899,4,1,1
5346,899,4,1,1
5347,899,3,1,1
5348,899,4,1,1
5349,899,4,1,1
5350,899,4,1,1
5351,899,4,1,1
5352,899,4,1,1
5353,899,4,1,1
5354,899,4,1,1
5355,899,4,1,1
5356,899,5,1,1
5357,899,4,1,1
5358,899,5,1,1
5359,899,4,1,1
5360,899,4,1,1
5361,899,4,1,1
5362,899,4,1,1
5363,899,4,1,1
5364,899,4,1,1
5365,899,4,1,1
5366,899,4,1,1
5367,899,4,1,1
5368,899,4,1,1
5369,899,4,1,1
5370,899,4,1,1
5371,899,4,1,1
5372,899,4,1,1
5373,899,4,1,1
5374,899,4,1,1
5375,899,4,1,1
5376,899,4,1,1
5377,899,4,1,1
5378,899,5,1,1
5379,899,4,1,1
5380,899,5,1,1
5381,899,4,1,1
5382,899,4,1,1
5383,899,4,1,1
5384,899,4,1,1
5385,899,4,1,1
5386,899,4,1,1
5387,899,4,1,1
5388,899,4,1,1
5389,899,5,1,1
5390,899,4,1,1
5391,899,4,1,1
5392,899,3,1,1
5393,899,4,1,1
5394,899,4,1,1
5395,899,4,1,1
5396,899,4,1,1
5397,899,5,1,1
5398,899,4,1,1
5399,899,4,1,1
5400,899,4,1,1
5401,899,5,1,1
5402,899,4,1,1
5403,899,4,1,1
5404,899,5,1,1
5405,899,4,1,1
5406,899,6,1,2
5407,899,1,1,1
5408,900,1,1,1
5409,900,1,1,1
5410,900,1,1,1
5411,900,1,1,1
5412,902,1,1,1
5413,902,1,1,1
5414,903,1,1,1
5415,903,1,1,1
5416,903,1,1,1
5417,906,1,1,1
5418,907,1,1,1
5419,907,1,1,1
5420,907,7,1,1
5421,907,1,1,1
5422,907,1,1,1
5423,908,1,1,1
5424,910,1,1,1
5425,910,1,1,1
5426,911,1,1,1
5427,911,2,1,1
5428,911,1,1,1
5429,911,5,1,1
5430,913,1,1,1
5431,913,6,1,1
5432,915,9,1,1
5433,917,1,1,1
5434,917,1,1,1
5435,917,1,1,1
5436,918,1,1,1
5437,918,1,1,1
5438,919,1,1,1
5439,919,1,1,1
5440,920,1,1,1
5441,921,1,1,1
5442,921,15,1,1
5443,921,15,1,1
5444,923,1,1,1
5445,924,6,1,2
5446,924,1,1,1
5447,924,1,1,1
5448,925,11,1,1
5449,927,1,1,1
5450,927,1,1,1
5451,928,1,1,1
5452,928,1,1,1
5453,928,1,1,1
5454,929,1,1,1
5455,929,1,1,1
5456,929,1,1,1
5457,929,1,1,1
5458,930,1,1,1
5459,930,1,1,1
5460,931,1,1,1
5461,931,1,1,1
5462,932,8,1,1
5463,934,1,1,1
5464,934,1,1,1
5465,935,1,1,1
5466,935,1,1,1
5467,936,15,1,1
5468,936,11,1,1
5469,938,1,1,1
5470,939,7,1,1
5471,940,1,1,1
5472,940,1,1,1
5473,940,1,1,1
5474,941,15,1,1
5475,943,1,1,1
5476,944,1,1,1
5477,944,7,1,1
5478,944,15,1,1
5479,945,1,1,1
5480,945,1,1,1
5481,946,4,1,1
5482,946,1,1,1
5483,947,1,1,1
5484,948,1,1,1
5485,948,1,1,1
5486,948,1,1,1
5487,948,1,1,1
5488,949,1,1,1
5489,949,1,1,1
5490,949,1,1,1
5491,949,1,1,1
5492,952,1,1,1
5493,953,1,1,1
5494,953,1,1,1
5495,953,1,1,1
5496,954,1,1,1
5497,958,6,1,1
5498,958,1,1,1
5499,962,1,1,1
5500,962,1,1,1
5501,962,1,1,1
5502,962,1,1,1
5503,962,1,1,1
5504,962,15,1,1
5505,962,1,1,1
5506,963,15,1,1
5507,964,1,1,1
5508,964,1,1,1
5509,964,1,1,1
5510,964,6,1,1
5511,965,1,1,1
5512,965,1,1,1
5513,966,1,1,1
5514,968,1,1,1
5515,968,1,1,1
5516,970,1,1,1
5517,970,1,1,1
5518,972,1,1,1
5519,973,1,1,1
5520,974,15,1,1
5521,974,1,1,1
5522,974,1,1,1
5523,974,15,1,1
5524,976,1,1,1
5525,976,1,1,1
5526,977,1,1,1
5527,977,1,1,1
5528,979,1,1,1
5529,980,1,1,1
5530,980,1,1,1
5531,980,1,1,1
5532,980,1,1,1
5533,985,1,1,1
5534,986,1,1,1
5535,986,4,1,1
5536,986,15,1,1
5537,987,1,1,1
5538,987,1,1,1
5539,988,1,1,1
5540,988,1,1,1
5541,988,1,1,1
5542,988,1,1,1
5543,989,1,1,1
5544,989,1,1,1
5545,990,1,1,1
5546,991,1,1,1
5547,993,1,1,1
5548,993,15,1,1
5549,993,15,1,1
5550,993,11,1,1
5551,994,4,1,1
5552,994,1,1,1
5553,995,1,1,1
5554,995,1,1,1
5555,995,1,1,1
5556,995,1,1,1
5557,996,1,1,1
5558,998,8,1,1
5559,998,1,1,1
5560,998,1,1,1
5561,998,4,1,1
5562,998,5,1,1
5563,998,1,1,1
5564,998,1,1,1
5565,999,3,1,1
5566,1000,6,1,1
5567,1001,1,1,1
5568,1002,1,1,1
5569,1002,1,1,1
5570,1005,1,1,1
5571,1005,1,1,1
5572,1005,1,1,1
5573,1006,1,1,1
5574,1006,1,1,1
5575,1007,11,1,1
5576,1007,3,1,1
5577,1008,1,1,1
5578,1009,1,1,1
5579,1009,1,1,1
5580,1009,1,1,1
5581,1010,1,1,1
5582,1010,1,1,1
5583,1010,3,1,1
5584,1010,3,1,1
5585,1010,3,1,1
5586,1010,3,1,1
5587,1010,3,1,1
5588,1010,3,1,1
5589,1010,3,1,1
5590,1010,3,1,1
5591,1010,3,1,1
5592,1010,3,1,1
5593,1010,3,1,1
5594,1010,3,1,1
5595,1010,3,1,1
5596,1010,3,1,1
5597,1010,2,1,1
5598,1010,3,1,1
5599,1010,3,1,1
5600,1010,3,1,1
5601,1010,3,1,1
5602,1010,3,1,1
5603,1010,3,1,1
5604,1010,3,1,1
5605,1010,3,1,1
5606,1010,3,1,1
5607,1010,3,1,1
5608,1010,3,1,1
5609,1010,3,1,1
5610,1010,3,1,1
5611,1010,3,1,1
5612,1010,3,1,1
5613,1010,3,1,1
5614,1010,3,1,1
5615,1010,3,1,1
5616,1010,1,1,1
5617,1010,3,1,1
5618,1010,3,1,1
5619,1010,3,1,1
5620,1010,3,1,1
5621,1010,3,1,1
5622,1010,3,1,1
5623,1010,3,1,1
5624,1010,3,1,1
5625,1010,3,1,1
5626,1010,3,1,1
5627,1010,3,1,1
5628,1010,3,1,1
5629,1010,3,1,1
5630,1011,3,1,1
5631,1011,3,1,1
5632,1011,3,1,1
5633,1011,3,1,1
5634,1011,3,1,1
5635,1011,3,1,1
5636,1011,3,1,1
5637,1011,3,1,1
5638,1011,3,1,1
5639,1011,3,1,1
5640,1011,3,1,1
5641,1011,3,1,1
5642,1011,3,1,1
5643,1011,3,1,1
5644,1011,3,1,1
5645,1011,3,1,1
5646,1011,3,1,1
5647,1011,3,1,1
5648,1011,3,1,1
5649,1011,3,1,1
5650,1011,3,1,1
5651,1011,3,1,1
5652,1011,3,1,1
5653,1011,3,1,1
5654,1011,3,1,1
5655,1011,3,1,1
5656,1011,3,1,1
5657,1011,3,1,1
5658,1011,3,1,1
5659,1011,3,1,1
5660,1011,3,1,1
5661,1011,3,1,1
5662,1011,3,1,1
5663,1011,3,1,1
5664,1011,3,1,1
5665,1011,3,1,1
5666,1011,3,1,1
5667,1011,3,1,1
5668,1011,3,1,1
5669,1011,3,1,1
5670,1011,3,1,1
5671,1011,3,1,1
5672,1011,3,1,1
5673,1011,3,1,1
5674,1011,3,1,1
5675,1011,3,1,1
5676,1011,3,1,1
5677,1011,3,1,1
5678,1011,3,1,1
5679,1011,3,1,1
5680,1011,3,1,1
5681,1012,1,1,1
5682,1012,1,1,1
5683,1012,1,1,1
5684,1012,1,1,1
5685,1013,1,1,1
5686,1013,1,1,1
5687,1015,1,1,1
5688,1015,1,1,1
5689,1019,1,1,1
5690,1019,1,1,1
5691,1020,1,1,1
5692,1020,1,1,1
5693,1020,1,1,1
5694,1022,1,1,1
5695,1022,1,1,1
5696,1025,1,1,1
5697,1025,1,1,1
5698,1025,1,1,1
5699,1026,15,1,1
5700,1026,15,1,1
5701,1026,15,1,1
5702,1026,1,1,1
5703,1026,1,1,1
5704,1028,1,1,1
5705,1030,1,1,1
5706,1031,1,1,1
5707,1032,1,1,1
5708,1033,1,1,1
5709,1033,1,1,1
5710,1034,15,1,1
5711,1034,1,1,1
5712,1034,1,1,1
5713,1038,1,1,1
5714,1038,1,1,1
5715,1038,1,1,1
5716,1039,1,1,1
5717,1040,15,1,1
5718,1040,1,1,1
5719,1040,1,1,1
5720,1041,1,1,1
5721,1043,1,1,1
5722,1043,1,1,1
5723,1043,1,1,1
5724,1044,1,1,1
5725,1045,1,1,1
5726,1045,1,1,1
5727,1045,1,1,1
5728,1046,15,1,1
5729,1046,15,1,1
5730,1046,1,1,1
5731,1047,1,1,1
5732,1048,1,1,1
5733,1048,1,1,1
5734,1048,4,1,1
5735,1048,5,1,1
5736,1048,4,1,1
5737,1048,4,1,1
5738,1048,5,1,1
5739,1048,1,1,1
5740,1048,1,1,1
5741,1050,1,1,1
5742,1051,7,1,1
5743,1051,1,1,1
5744,1051,11,1,1
5745,1051,7,1,1
5746,1051,15,1,1
5747,1051,15,1,1
5748,1051,1,1,1
5749,1054,1,1,1
5750,1055,3,1,1
5751,1057,1,1,1
5752,1057,1,1,1
5753,1057,1,1,1
5754,1058,1,1,1
5755,1058,1,1,1
5756,1058,1,1,1
5757,1061,15,1,1
5758,1061,5,1,1
5759,1061,1,1,1
5760,1061,1,1,1
5761,1061,1,1,1
5762,1061,1,1,1
5763,1062,13,1,1
5764,1062,15,1,1
5765,1062,15,1,1
5766,1062,15,1,1
5767,1062,15,1,1
5768,1062,15,1,1
5769,1062,15,1,1
5770,1062,15,1,1
5771,1062,15,1,1
5772,1062,15,1,1
5773,1062,15,1,1
5774,1062,15,1,1
5775,1062,15,1,1
5776,1062,15,1,1
5777,1062,15,1,1
5778,1062,15,1,1
5779,1062,15,1,1
5780,1062,15,1,1
5781,1062,15,1,1
5782,1062,15,1,1
5783,1062,15,1,1
5784,1062,15,1,1
5785,1062,15,1,1
5786,1062,15,1,1
5787,1062,15,1,1
5788,1062,15,1,1
5789,1062,15,1,1
5790,1062,15,1,1
5791,1062,15,1,1
5792,1062,15,1,1
5793,1062,15,1,1
5794,1062,15,1,1
5795,1062,15,1,1
5796,1062,15,1,1
5797,1062,15,1,1
5798,1062,15,1,1
5799,1062,15,1,1
5800,1062,15,1,1
5801,1062,15,1,1
5802,1062,15,1,1
5803,1062,1,1,1
5804,1062,15,1,1
5805,1062,15,1,1
5806,1062,15,1,1
5807,1062,15,1,1
5808,1062,15,1,1
5809,1062,15,1,1
5810,1062,15,1,1
5811,1062,15,1,1
5812,1062,15,1,1
5813,1062,15,1,1
5814,1062,15,1,1
5815,1062,15,1,1
5816,1062,15,1,1
5817,1062,15,1,1
5818,1062,15,1,1
5819,1062,15,1,1
5820,1062,15,1,1
5821,1062,15,1,1
5822,1062,15,1,1
5823,1062,15,1,1
5824,1062,15,1,1
5825,1062,15,1,1
5826,1062,15,1,1
5827,1062,15,1,1
5828,1062,15,1,1
5829,1062,15,1,1
5830,1062,15,1,1
5831,1062,15,1,1
5832,1062,15,1,1
5833,1062,15,1,1
5834,1062,15,1,1
5835,1062,15,1,1
5836,1062,15,1,1
5837,1062,15,1,1
5838,1062,15,1,1
5839,1062,15,1,1
5840,1062,15,1,1
5841,1062,15,1,1
5842,1062,15,1,1
5843,1062,15,1,1
5844,1062,15,1,1
5845,1062,15,1,1
5846,1062,15,1,1
5847,1062,15,1,1
5848,1062,15,1,1
5849,1062,15,1,1
5850,1062,15,1,1
5851,1062,15,1,1
5852,1062,15,1,1
5853,1062,15,1,1
5854,1062,15,1,1
5855,1062,15,1,1
5856,1062,15,1,1
5857,1062,15,1,1
5858,1062,15,1,1
5859,1062,15,1,1
5860,1062,15,1,1
5861,1062,15,1,1
5862,1062,15,1,1
5863,1062,15,1,1
5864,1063,15,1,1
5865,1063,1,1,1
5866,1063,1,1,1
5867,1064,1,1,1
5868,1064,1,1,1
5869,1068,1,1,1
5870,1069,1,1,1
5871,1071,1,1,1
5872,1072,1,1,1
5873,1072,1,1,1
5874,1072,1,1,1
5875,1073,1,1,1
5876,1074,3,1,1
5877,1075,1,1,1
5878,1075,3,1,1
5879,1075,1,1,1
5880,1075,3,1,1
5881,1075,3,1,1
5882,1075,3,1,1
5883,1075,3,1,1
5884,1075,3,1,1
5885,1075,2,1,1
5886,1075,3,1,1
5887,1075,3,1,1
5888,1075,3,1,1
5889,1075,3,1,1
5890,1075,3,1,1
5891,1075,1,1,1
5892,1076,3,1,1
5893,1076,15,1,1
5894,1077,1,1,1
5895,1077,1,1,1
5896,1083,1,1,1
5897,1084,1,1,1
5898,1084,1,1,1
5899,1084,1,1,1
5900,1084,1,1,1
5901,1086,2,1,1
5902,1086,1,1,1
5903,1086,2,1,1
5904,1086,1,1,1
5905,1086,1,1,1
5906,1086,1,1,1
5907,1086,3,1,1
5908,1086,2,1,1
5909,1086,1,1,1
5910,1086,1,1,1
5911,1086,2,1,1
5912,1086,2,1,1
5913,1086,1,1,1
5914,1086,1,1,1
5915,1086,1,1,1
5916,1086,1,1,1
5917,1086,2,1,1
5918,1086,1,1,1
5919,1086,1,1,1
5920,1086,1,1,1
5921,1086,1,1,1
5922,1087,10,1,1
5923,1087,2,1,1
5924,1087,1,1,1
5925,1088,1,1,1
5926,1088,1,1,1
5927,1089,1,1,1
5928,1089,1,1,1
5929,1090,1,1,1
5930,1091,1,1,1
5931,1091,1,1,1
5932,1092,1,1,1
5933,1094,1,1,1
5934,1094,1,1,1
5935,1095,1,1,1
5936,1096,1,1,1
5937,1097,1,1,1
5938,1099,15,1,1
5939,1099,1,1,1
5940,1100,1,1,1
5941,1100,1,1,1
5942,1100,1,1,1
5943,1102,1,1,1
5944,1104,1,1,1
5945,1106,7,1,1
5946,1106,4,1,1
5947,1106,1,1,1
5948,1107,1,1,1
5949,1107,1,1,1
5950,1108,1,1,1
5951,1108,1,1,1
5952,1108,1,1,1
5953,1108,1,1,1
5954,1110,1,1,1
5955,1111,1,1,1
5956,1112,1,1,1
5957,1112,1,1,1
5958,1112,1,1,1
5959,1113,1,1,1
5960,1113,1,1,1
5961,1113,1,1,1
5962,1113,1,1,1
5963,1113,1,1,1
5964,1113,1,1,1
5965,1113,1,1,1
5966,1113,1,1,1
5967,1113,1,1,1
5968,1113,1,1,1
5969,1113,1,1,1
5970,1113,1,1,1
5971,1113,1,1,1
5972,1113,1,1,1
5973,1113,1,1,1
5974,1113,1,1,1
5975,1113,1,1,1
5976,1113,1,1,1
5977,1113,1,1,1
5978,1113,1,1,1
5979,1113,1,1,1
5980,1113,1,1,1
5981,1113,1,1,1
5982,1113,1,1,1
5983,1113,1,1,1
5984,1113,1,1,1
5985,1113,1,1,1
5986,1113,1,1,1
5987,1113,1,1,1
5988,1113,1,1,1
5989,1113,1,1,1
5990,1113,1,1,1
5991,1113,1,1,1
5992,1113,1,1,1
5993,1113,1,1,1
5994,1113,1,1,1
5995,1113,1,1,1
5996,1113,1,1,1
5997,1113,1,1,1
5998,1113,1,1,1
5999,1113,1,1,1
6000,1113,1,1,1
6001,1113,1,1,1
6002,1113,1,1,1
6003,1113,1,1,1
6004,1113,1,1,1
6005,1113,1,1,1
6006,1113,1,1,1
6007,1113,1,1,1
6008,1113,1,1,1
6009,1113,1,1,1
6010,1113,1,1,1
6011,1113,1,1,1
6012,1113,1,1,1
6013,1113,1,1,1
6014,1113,1,1,1
6015,1113,1,1,1
6016,1115,1,1,1
6017,1115,1,1,1
6018,1116,1,1,1
6019,1116,1,1,1
6020,1116,1,1,1
6021,1116,1,1,1
6022,1118,1,1,1
6023,1118,1,1,1
6024,1118,1,1,1
6025,1119,1,1,1
6026,1120,1,1,1
6027,1121,1,1,1
6028,1121,1,1,1
6029,1121,1,1,1
6030,1121,1,1,1
6031,1122,1,1,1
6032,1122,1,1,1
6033,1123,1,1,1
6034,1124,1,1,1
6035,1124,1,1,1
6036,1124,1,1,1
6037,1124,1,1,1
6038,1124,1,1,1
6039,1124,1,1,1
6040,1124,1,1,1
6041,1124,1,1,1
6042,1124,1,1,1
6043,1124,1,1,1
6044,1124,1,1,1
6045,1124,1,1,1
6046,1124,4,1,1
6047,1124,1,1,1
6048,1124,15,1,1
6049,1127,1,1,1
6050,1128,1,1,1
6051,1129,1,1,1
6052,1130,1,1,1
6053,1131,1,1,1
6054,1133,1,1,1
6055,1134,1,1,1
6056,1134,1,1,1
6057,1134,1,1,1
6058,1134,1,1,1
6059,1134,1,1,1
6060,1135,1,1,1
6061,1135,1,1,1
6062,1136,1,1,1
6063,1136,1,1,1
6064,1136,1,1,1
6065,1136,1,1,1
6066,1136,1,1,1
6067,1136,1,1,1
6068,1136,1,1,1
6069,1136,1,1,1
6070,1136,1,1,1
6071,1136,1,1,1
6072,1136,1,1,1
6073,1136,1,1,1
6074,1136,1,1,1
6075,1136,1,1,1
6076,1136,1,1,1
6077,1136,1,1,1
6078,1136,1,1,1
6079,1136,1,1,1
6080,1136,1,1,1
6081,1136,1,1,1
6082,1136,1,1,1
6083,1136,1,1,1
6084,1136,1,1,1
6085,1136,1,1,1
6086,1136,1,1,1
6087,1136,1,1,1
6088,1136,1,1,1
6089,1136,1,1,1
6090,1136,1,1,1
6091,1136,1,1,1
6092,1136,1,1,1
6093,1136,1,1,1
6094,1136,1,1,1
6095,1136,1,1,1
6096,1136,1,1,1
6097,1136,1,1,1
6098,1136,1,1,1
6099,1136,1,1,1
6100,1136,1,1,1
6101,1136,1,1,1
6102,1136,1,1,1
6103,1136,1,1,1
6104,1136,1,1,1
6105,1136,1,1,1
6106,1136,1,1,1
6107,1136,1,1,1
6108,1136,1,1,1
6109,1136,1,1,1
6110,1136,1,1,1
6111,1136,1,1,1
6112,1136,1,1,1
6113,1136,1,1,1
6114,1136,1,1,1
6115,1136,1,1,1
6116,1136,1,1,1
6117,1136,15,1,1
6118,1136,1,1,1
6119,1137,1,1,1
6120,1137,1,1,1
6121,1137,1,1,1
6122,1138,1,1,1
6123,1138,15,1,1
6124,1138,15,1,1
6125,1138,15,1,1
6126,1138,15,1,1
6127,1138,15,1,1
6128,1138,15,1,1
6129,1138,15,1,1
6130,1138,15,1,1
6131,1138,15,1,1
6132,1138,15,1,1
6133,1138,15,1,1
6134,1138,15,1,1
6135,1138,15,1,1
6136,1138,15,1,1
6137,1138,15,1,1
6138,1138,10,1,1
6139,1138,9,1,1
6140,1138,10,1,1
6141,1138,10,1,1
6142,1138,15,1,1
6143,1138,15,1,1
6144,1138,9,1,1
6145,1138,14,1,1
6146,1138,14,1,1
6147,1138,2,1,1
6148,1138,10,1,1
6149,1138,11,1,1
6150,1138,9,1,1
6151,1138,10,1,1
6152,1138,9,1,1
6153,1138,9,1,1
6154,1138,10,1,1
6155,1138,11,1,1
6156,1138,9,1,1
6157,1138,10,1,1
6158,1138,9,1,1
6159,1138,10,1,1
6160,1138,4,1,1
6161,1138,10,1,1
6162,1138,9,1,1
6163,1138,15,1,1
6164,1138,14,1,1
6165,1138,9,1,1
6166,1138,9,1,1
6167,1138,1,1,1
6168,1138,1,1,1
6169,1138,9,1,1
6170,1138,14,1,1
6171,1138,9,1,1
6172,1138,10,1,1
6173,1138,9,1,1
6174,1138,13,1,1
6175,1138,9,1,1
6176,1138,14,1,1
6177,1138,14,1,1
6178,1138,10,1,1
6179,1138,9,1,1
6180,1138,9,1,1
6181,1138,12,1,1
6182,1138,10,1,1
6183,1138,15,1,1
6184,1138,9,1,1
6185,1138,10,1,1
6186,1138,9,1,1
6187,1138,15,1,1
6188,1138,9,1,1
6189,1138,14,1,1
6190,1138,15,1,1
6191,1138,11,1,1
6192,1138,9,1,1
6193,1138,13,1,1
6194,1138,9,1,1
6195,1138,9,1,1
6196,1138,15,1,1
6197,1138,10,1,1
6198,1138,15,1,1
6199,1138,10,1,1
6200,1138,13,1,1
6201,1138,11,1,1
6202,1138,15,1,1
6203,1138,10,1,1
6204,1138,9,1,1
6205,1138,11,1,1
6206,1138,9,1,1
6207,1138,10,1,1
6208,1138,9,1,1
6209,1138,15,1,1
6210,1138,9,1,1
6211,1138,14,1,1
6212,1138,9,1,1
6213,1138,15,1,1
6214,1138,14,1,1
6215,1138,15,1,1
6216,1138,11,1,1
6217,1138,9,1,1
6218,1138,9,1,1
6219,1138,3,1,1
6220,1138,9,1,1
6221,1138,9,1,1
6222,1138,12,1,1
6223,1138,9,1,1
6224,1138,11,1,1
6225,1138,15,1,1
6226,1138,9,1,1
6227,1138,14,1,1
6228,1138,15,1,1
6229,1138,9,1,1
6230,1138,9,1,1
6231,1138,13,1,1
6232,1138,10,1,1
6233,1138,10,1,1
6234,1138,10,1,1
6235,1138,13,1,1
6236,1138,9,1,1
6237,1138,9,1,1
6238,1138,10,1,1
6239,1138,9,1,1
6240,1138,2,1,1
6241,1138,10,1,1
6242,1138,9,1,1
6243,1138,15,1,1
6244,1138,11,1,1
6245,1138,15,1,1
6246,1138,15,1,1
6247,1138,15,1,1
6248,1138,11,1,1
6249,1138,9,1,1
6250,1138,15,1,1
6251,1138,9,1,1
6252,1138,9,1,1
6253,1138,9,1,1
6254,1138,15,1,1
6255,1138,9,1,1
6256,1138,10,1,1
6257,1138,15,1,1
6258,1138,9,1,1
6259,1138,9,1,1
6260,1138,13,1,1
6261,1138,9,1,1
6262,1138,15,1,1
6263,1138,15,1,1
6264,1138,10,1,1
6265,1138,10,1,1
6266,1138,9,1,1
6267,1138,9,1,1
6268,1138,13,1,1
6269,1138,13,1,1
6270,1138,9,1,1
6271,1138,10,1,1
6272,1138,15,1,1
6273,1138,13,1,1
6274,1138,10,1,1
6275,1138,15,1,1
6276,1138,9,1,1
6277,1138,9,1,1
6278,1138,2,1,1
6279,1138,12,1,1
6280,1138,13,1,1
6281,1138,9,1,1
6282,1138,15,1,1
6283,1138,10,1,1
6284,1138,15,1,1
6285,1138,15,1,1
6286,1138,9,1,1
6287,1138,10,1,1
6288,1138,10,1,1
6289,1138,15,1,1
6290,1138,15,1,1
6291,1138,10,1,1
6292,1138,10,1,1
6293,1138,11,1,1
6294,1138,10,1,1
6295,1138,15,1,1
6296,1138,15,1,1
6297,1138,9,1,1
6298,1138,10,1,1
6299,1138,9,1,1
6300,1138,9,1,1
6301,1138,9,1,1
6302,1138,11,1,1
6303,1138,15,1,1
6304,1138,15,1,1
6305,1138,6,1,1
6306,1138,13,1,1
6307,1138,9,1,1
6308,1138,9,1,1
6309,1138,9,1,1
6310,1138,9,1,1
6311,1138,15,1,1
6312,1138,15,1,1
6313,1138,2,1,1
6314,1138,15,1,1
6315,1138,15,1,1
6316,1138,15,1,1
6317,1138,4,1,1
6318,1138,2,1,1
6319,1138,10,1,1
6320,1138,15,1,1
6321,1138,10,1,1
6322,1138,9,1,1
6323,1138,15,1,1
6324,1138,1,1,1
6325,1138,10,1,1
6326,1138,10,1,1
6327,1138,3,1,1
6328,1138,9,1,1
6329,1138,13,1,1
6330,1138,15,1,1
6331,1138,9,1,1
6332,1138,14,1,1
6333,1138,15,1,1
6334,1138,15,1,1
6335,1138,9,1,1
6336,1138,9,1,1
6337,1138,11,1,1
6338,1138,3,1,1
6339,1138,10,1,1
6340,1138,15,1,1
6341,1138,9,1,1
6342,1138,6,1,1
6343,1138,15,1,1
6344,1138,10,1,1
6345,1138,9,1,1
6346,1138,9,1,1
6347,1138,15,1,1
6348,1138,15,1,1
6349,1138,10,1,1
6350,1138,10,1,1
6351,1138,9,1,1
6352,1138,10,1,1
6353,1138,9,1,1
6354,1138,10,1,1
6355,1138,11,1,1
6356,1138,9,1,1
6357,1138,9,1,1
6358,1138,15,1,1
6359,1138,9,1,1
6360,1138,14,1,1
6361,1138,9,1,1
6362,1138,9,1,1
6363,1138,13,1,1
6364,1138,15,1,1
6365,1138,12,1,1
6366,1138,4,1,1
6367,1138,15,1,1
6368,1138,10,1,1
6369,1138,13,1,1
6370,1138,15,1,1
6371,1138,12,1,1
6372,1138,9,1,1
6373,1138,9,1,1
6374,1138,15,1,1
6375,1138,15,1,1
6376,1138,9,1,1
6377,1138,13,1,1
6378,1138,9,1,1
6379,1138,11,1,1
6380,1138,10,1,1
6381,1138,15,1,1
6382,1138,15,1,1
6383,1138,3,1,1
6384,1138,10,1,1
6385,1138,9,1,1
6386,1138,9,1,1
6387,1138,13,1,1
6388,1138,11,1,1
6389,1138,13,1,1
6390,1138,15,1,1
6391,1138,9,1,1
6392,1138,10,1,1
6393,1138,14,1,1
6394,1138,9,1,1
6395,1138,9,1,1
6396,1138,10,1,1
6397,1138,15,1,1
6398,1138,9,1,1
6399,1138,9,1,1
6400,1138,15,1,1
6401,1138,15,1,1
6402,1138,14,1,1
6403,1138,15,1,1
6404,1138,15,1,1
6405,1138,10,1,1
6406,1138,12,1,1
6407,1138,10,1,1
6408,1138,14,1,1
6409,1138,12,1,1
6410,1138,9,1,1
6411,1138,15,1,1
6412,1138,10,1,1
6413,1138,15,1,1
6414,1138,9,1,1
6415,1138,15,1,1
6416,1138,12,1,1
6417,1138,15,1,1
6418,1138,9,1,1
6419,1138,15,1,1
6420,1138,15,1,1
6421,1138,15,1,1
6422,1138,15,1,1
6423,1138,1,1,1
6424,1138,15,1,1
6425,1138,11,1,1
6426,1138,14,1,1
6427,1138,11,1,1
6428,1138,9,1,1
6429,1138,15,1,1
6430,1138,3,1,1
6431,1138,15,1,1
6432,1138,14,1,1
6433,1138,11,1,1
6434,1138,13,1,1
6435,1138,9,1,1
6436,1138,11,1,1
6437,1138,15,1,1
6438,1138,10,1,1
6439,1138,9,1,1
6440,1138,15,1,1
6441,1138,9,1,1
6442,1138,11,1,1
6443,1138,15,1,1
6444,1138,12,1,1
6445,1138,15,1,1
6446,1138,9,1,1
6447,1138,10,1,1
6448,1138,3,1,1
6449,1138,15,1,1
6450,1138,15,1,1
6451,1138,9,1,1
6452,1138,15,1,1
6453,1138,15,1,1
6454,1138,3,1,1
6455,1138,9,1,1
6456,1138,15,1,1
6457,1138,15,1,1
6458,1138,9,1,1
6459,1138,9,1,1
6460,1138,12,1,1
6461,1138,10,1,1
6462,1138,9,1,1
6463,1138,10,1,1
6464,1138,14,1,1
6465,1138,13,1,1
6466,1138,10,1,1
6467,1138,10,1,1
6468,1138,11,1,1
6469,1138,15,1,1
6470,1138,15,1,1
6471,1138,11,1,1
6472,1138,10,1,1
6473,1138,15,1,1
6474,1138,13,1,1
6475,1138,13,1,1
6476,1138,15,1,1
6477,1138,10,1,1
6478,1138,10,1,1
6479,1138,9,1,1
6480,1138,10,1,1
6481,1138,12,1,1
6482,1138,13,1,1
6483,1138,15,1,1
6484,1138,10,1,1
6485,1138,15,1,1
6486,1138,11,1,1
6487,1138,9,1,1
6488,1138,15,1,1
6489,1138,10,1,1
6490,1138,9,1,1
6491,1138,15,1,1
6492,1138,14,1,1
6493,1138,9,1,1
6494,1138,15,1,1
6495,1138,10,1,1
6496,1138,14,1,1
6497,1138,15,1,1
6498,1138,10,1,1
6499,1138,14,1,1
6500,1138,15,1,1
6501,1138,11,1,1
6502,1138,15,1,1
6503,1138,9,1,1
6504,1138,15,1,1
6505,1138,13,1,1
6506,1138,13,1,1
6507,1138,1,1,1
6508,1138,15,1,1
6509,1138,3,1,1
6510,1138,12,1,1
6511,1138,9,1,1
6512,1138,10,1,1
6513,1138,12,1,1
6514,1138,15,1,1
6515,1138,11,1,1
6516,1138,15,1,1
6517,1138,10,1,1
6518,1138,15,1,1
6519,1138,14,1,1
6520,1138,15,1,1
6521,1138,15,1,1
6522,1138,9,1,1
6523,1138,10,1,1
6524,1138,15,1,1
6525,1138,15,1,1
6526,1138,15,1,1
6527,1138,15,1,1
6528,1138,11,1,1
6529,1138,10,1,1
6530,1138,14,1,1
6531,1138,10,1,1
6532,1138,15,1,1
6533,1138,10,1,1
6534,1138,15,1,1
6535,1138,15,1,1
6536,1138,10,1,1
6537,1138,12,1,1
6538,1138,10,1,1
6539,1138,9,1,1
6540,1138,15,1,1
6541,1138,11,1,1
6542,1138,10,1,1
6543,1138,14,1,1
6544,1138,15,1,1
6545,1138,15,1,1
6546,1138,9,1,1
6547,1138,13,1,1
6548,1138,15,1,1
6549,1138,11,1,1
6550,1138,15,1,1
6551,1138,9,1,1
6552,1138,15,1,1
6553,1138,15,1,1
6554,1138,10,1,1
6555,1138,15,1,1
6556,1138,14,1,1
6557,1138,10,1,1
6558,1138,15,1,1
6559,1138,11,1,1
6560,1138,15,1,1
6561,1138,15,1,1
6562,1138,13,1,1
6563,1138,9,1,1
6564,1138,9,1,1
6565,1138,15,1,1
6566,1138,15,1,1
6567,1138,9,1,1
6568,1138,15,1,1
6569,1138,13,1,1
6570,1138,15,1,1
6571,1138,9,1,1
6572,1138,10,1,1
6573,1138,12,1,1
6574,1138,15,1,1
6575,1138,15,1,1
6576,1138,15,1,1
6577,1138,14,1,1
6578,1138,14,1,1
6579,1138,15,1,1
6580,1138,14,1,1
6581,1138,9,1,1
6582,1138,15,1,1
6583,1138,10,1,1
6584,1138,13,1,1
6585,1138,14,1,1
6586,1138,15,1,1
6587,1138,15,1,1
6588,1138,9,1,1
6589,1138,11,1,1
6590,1138,15,1,1
6591,1138,15,1,1
6592,1138,9,1,1
6593,1138,15,1,1
6594,1138,11,1,1
6595,1138,15,1,1
6596,1138,9,1,1
6597,1138,10,1,1
6598,1138,11,1,1
6599,1138,15,1,1
6600,1138,15,1,1
6601,1138,12,1,1
6602,1138,12,1,1
6603,1138,15,1,1
6604,1138,15,1,1
6605,1138,9,1,1
6606,1138,11,1,1
6607,1138,15,1,1
6608,1138,9,1,1
6609,1138,10,1,1
6610,1138,11,1,1
6611,1138,10,1,1
6612,1138,9,1,1
6613,1138,15,1,1
6614,1138,11,1,1
6615,1138,13,1,1
6616,1138,15,1,1
6617,1138,9,1,1
6618,1138,14,1,1
6619,1138,10,1,1
6620,1138,15,1,1
6621,1138,11,1,1
6622,1138,11,1,1
6623,1138,10,1,1
6624,1138,10,1,1
6625,1138,14,1,1
6626,1138,9,1,1
6627,1138,15,1,1
6628,1138,13,1,1
6629,1138,3,1,1
6630,1138,10,1,1
6631,1138,15,1,1
6632,1138,12,1,1
6633,1138,10,1,1
6634,1138,10,1,1
6635,1138,13,1,1
6636,1138,14,1,1
6637,1138,11,1,1
6638,1138,15,1,1
6639,1138,10,1,1
6640,1138,15,1,1
6641,1138,15,1,1
6642,1138,9,1,1
6643,1138,3,1,1
6644,1138,11,1,1
6645,1138,15,1,1
6646,1138,15,1,1
6647,1138,15,1,1
6648,1138,12,1,1
6649,1138,10,1,1
6650,1138,12,1,1
6651,1138,9,1,1
6652,1138,11,1,1
6653,1138,9,1,1
6654,1138,12,1,1
6655,1138,14,1,1
6656,1138,11,1,1
6657,1138,9,1,1
6658,1138,14,1,1
6659,1138,14,1,1
6660,1138,11,1,1
6661,1138,15,1,1
6662,1138,10,1,1
6663,1138,13,1,1
6664,1138,14,1,1
6665,1138,14,1,1
6666,1138,15,1,1
6667,1138,15,1,1
6668,1138,11,1,1
6669,1138,14,1,1
6670,1138,15,1,1
6671,1138,11,1,1
6672,1138,14,1,1
6673,1138,14,1,1
6674,1138,13,1,1
6675,1138,14,1,1
6676,1138,9,1,1
6677,1138,15,1,1
6678,1138,11,1,1
6679,1138,15,1,1
6680,1138,15,1,1
6681,1138,15,1,1
6682,1138,14,1,1
6683,1138,13,1,1
6684,1138,14,1,1
6685,1138,10,1,1
6686,1138,15,1,1
6687,1138,11,1,1
6688,1138,12,1,1
6689,1138,9,1,1
6690,1138,15,1,1
6691,1138,10,1,1
6692,1138,10,1,1
6693,1138,9,1,1
6694,1138,13,1,1
6695,1138,11,1,1
6696,1138,15,1,1
6697,1138,9,1,1
6698,1138,10,1,1
6699,1138,14,1,1
6700,1138,12,1,1
6701,1138,9,1,1
6702,1138,15,1,1
6703,1138,15,1,1
6704,1138,15,1,1
6705,1138,14,1,1
6706,1138,15,1,1
6707,1138,15,1,1
6708,1138,9,1,1
6709,1138,11,1,1
6710,1138,10,1,1
6711,1138,12,1,1
6712,1138,15,1,1
6713,1138,11,1,1
6714,1138,9,1,1
6715,1138,2,1,1
6716,1138,9,1,1
6717,1138,15,1,1
6718,1138,11,1,1
6719,1138,12,1,1
6720,1138,9,1,1
6721,1138,15,1,1
6722,1138,12,1,1
6723,1138,13,1,1
6724,1138,10,1,1
6725,1138,11,1,1
6726,1138,4,1,1
6727,1138,15,1,1
6728,1138,9,1,1
6729,1138,12,1,1
6730,1138,9,1,1
6731,1138,15,1,1
6732,1138,9,1,1
6733,1138,9,1,1
6734,1138,13,1,1
6735,1138,15,1,1
6736,1138,10,1,1
6737,1138,11,1,1
6738,1138,9,1,1
6739,1138,12,1,1
6740,1138,15,1,1
6741,1138,15,1,1
6742,1138,11,1,1
6743,1138,15,1,1
6744,1138,11,1,1
6745,1138,11,1,1
6746,1138,15,1,1
6747,1138,15,1,1
6748,1138,14,1,1
6749,1138,15,1,1
6750,1138,13,1,1
6751,1138,12,1,1
6752,1138,11,1,1
6753,1138,12,1,1
6754,1138,11,1,1
6755,1138,9,1,1
6756,1138,15,1,1
6757,1138,15,1,1
6758,1138,15,1,1
6759,1138,15,1,1
6760,1138,9,1,1
6761,1138,15,1,1
6762,1138,13,1,1
6763,1138,14,1,1
6764,1138,12,1,1
6765,1138,15,1,1
6766,1138,15,1,1
6767,1138,11,1,1
6768,1138,15,1,1
6769,1138,14,1,1
6770,1138,15,1,1
6771,1138,15,1,1
6772,1138,10,1,1
6773,1138,15,1,1
6774,1138,11,1,1
6775,1138,15,1,1
6776,1138,10,1,1
6777,1138,10,1,1
6778,1138,15,1,1
6779,1138,14,1,1
6780,1138,15,1,1
6781,1138,15,1,1
6782,1138,14,1,1
6783,1138,15,1,1
6784,1138,13,1,1
6785,1138,12,1,1
6786,1138,12,1,1
6787,1138,9,1,1
6788,1138,10,1,1
6789,1138,15,1,1
6790,1138,15,1,1
6791,1138,13,1,1
6792,1138,15,1,1
6793,1138,12,1,1
6794,1138,12,1,1
6795,1138,15,1,1
6796,1138,15,1,1
6797,1138,12,1,1
6798,1138,15,1,1
6799,1138,15,1,1
6800,1138,10,1,1
6801,1138,14,1,1
6802,1138,15,1,1
6803,1138,15,1,1
6804,1138,15,1,1
6805,1138,15,1,1
6806,1138,15,1,1
6807,1138,10,1,1
6808,1138,10,1,1
6809,1138,9,1,1
6810,1138,9,1,1
6811,1138,10,1,1
6812,1138,12,1,1
6813,1138,14,1,1
6814,1138,10,1,1
6815,1138,14,1,1
6816,1138,9,1,1
6817,1138,11,1,1
6818,1138,11,1,1
6819,1138,13,1,1
6820,1138,12,1,1
6821,1138,13,1,1
6822,1138,9,1,1
6823,1138,14,1,1
6824,1138,15,1,1
6825,1138,15,1,1
6826,1138,10,1,1
6827,1138,13,1,1
6828,1138,15,1,1
6829,1138,11,1,1
6830,1138,9,1,1
6831,1138,13,1,1
6832,1138,12,1,1
6833,1138,15,1,1
6834,1138,15,1,1
6835,1138,13,1,1
6836,1138,14,1,1
6837,1138,3,1,1
6838,1138,15,1,1
6839,1138,15,1,1
6840,1138,11,1,1
6841,1138,15,1,1
6842,1138,13,1,1
6843,1138,11,1,1
6844,1138,11,1,1
6845,1138,15,1,1
6846,1138,3,1,1
6847,1138,13,1,1
6848,1138,15,1,1
6849,1138,12,1,1
6850,1138,10,1,1
6851,1138,10,1,1
6852,1138,13,1,1
6853,1138,14,1,1
6854,1138,3,1,1
6855,1138,10,1,1
6856,1138,15,1,1
6857,1138,11,1,1
6858,1138,13,1,1
6859,1138,3,1,1
6860,1138,9,1,1
6861,1138,15,1,1
6862,1138,10,1,1
6863,1138,15,1,1
6864,1138,9,1,1
6865,1138,15,1,1
6866,1138,15,1,1
6867,1138,14,1,1
6868,1138,14,1,1
6869,1138,15,1,1
6870,1138,15,1,1
6871,1138,15,1,1
6872,1138,13,1,1
6873,1138,9,1,1
6874,1138,15,1,1
6875,1138,13,1,1
6876,1138,11,1,1
6877,1138,11,1,1
6878,1138,2,1,1
6879,1138,15,1,1
6880,1138,9,1,1
6881,1138,15,1,1
6882,1138,15,1,1
6883,1138,14,1,1
6884,1138,11,1,1
6885,1138,3,1,1
6886,1138,15,1,1
6887,1138,10,1,1
6888,1138,11,1,1
6889,1138,15,1,1
6890,1138,11,1,1
6891,1138,9,1,1
6892,1138,9,1,1
6893,1138,9,1,1
6894,1138,14,1,1
6895,1138,12,1,1
6896,1138,15,1,1
6897,1138,11,1,1
6898,1138,15,1,1
6899,1138,15,1,1
6900,1138,13,1,1
6901,1138,9,1,1
6902,1138,15,1,1
6903,1138,9,1,1
6904,1138,13,1,1
6905,1138,10,1,1
6906,1138,15,1,1
6907,1138,12,1,1
6908,1138,15,1,1
6909,1138,15,1,1
6910,1138,13,1,1
6911,1138,9,1,1
6912,1138,9,1,1
6913,1138,15,1,1
6914,1138,9,1,1
6915,1138,15,1,1
6916,1138,15,1,1
6917,1138,13,1,1
6918,1138,13,1,1
6919,1138,12,1,1
6920,1138,14,1,1
6921,1138,13,1,1
6922,1138,13,1,1
6923,1138,15,1,1
6924,1138,15,1,1
6925,1138,15,1,1
6926,1138,9,1,1
6927,1138,13,1,1
6928,1138,9,1,1
6929,1138,15,1,1
6930,1138,11,1,1
6931,1138,15,1,1
6932,1138,15,1,1
6933,1138,15,1,1
6934,1138,9,1,1
6935,1138,15,1,1
6936,1138,15,1,1
6937,1138,15,1,1
6938,1138,13,1,1
6939,1138,15,1,1
6940,1138,11,1,1
6941,1138,15,1,1
6942,1138,12,1,1
6943,1138,9,1,1
6944,1138,12,1,1
6945,1138,13,1,1
6946,1138,15,1,1
6947,1138,11,1,1
6948,1138,15,1,1
6949,1138,2,1,1
6950,1138,10,1,1
6951,1138,12,1,1
6952,1138,15,1,1
6953,1138,13,1,1
6954,1138,9,1,1
6955,1138,15,1,1
6956,1138,14,1,1
6957,1138,15,1,1
6958,1138,15,1,1
6959,1138,13,1,1
6960,1138,15,1,1
6961,1138,14,1,1
6962,1138,9,1,1
6963,1138,13,1,1
6964,1138,14,1,1
6965,1138,14,1,1
6966,1138,12,1,1
6967,1138,14,1,1
6968,1138,13,1,1
6969,1138,9,1,1
6970,1138,13,1,1
6971,1138,9,1,1
6972,1138,9,1,1
6973,1138,15,1,1
6974,1138,11,1,1
6975,1138,13,1,1
6976,1138,15,1,1
6977,1138,1,1,1
6978,1138,15,1,1
6979,1138,11,1,1
6980,1138,9,1,1
6981,1138,12,1,1
6982,1138,15,1,1
6983,1138,12,1,1
6984,1138,15,1,1
6985,1138,10,1,1
6986,1138,12,1,1
6987,1138,12,1,1
6988,1138,15,1,1
6989,1138,15,1,1
6990,1138,15,1,1
6991,1138,12,1,1
6992,1138,11,1,1
6993,1138,9,1,1
6994,1138,13,1,1
6995,1138,15,1,1
6996,1138,11,1,1
6997,1138,13,1,1
6998,1138,14,1,1
6999,1138,13,1,1
7000,1138,15,1,1
7001,1138,10,1,1
7002,1138,9,1,1
7003,1138,15,1,1
7004,1138,15,1,1
7005,1138,15,1,1
7006,1138,12,1,1
7007,1138,15,1,1
7008,1138,12,1,1
7009,1138,15,1,1
7010,1138,13,1,1
7011,1138,15,1,1
7012,1138,9,1,1
7013,1138,15,1,1
7014,1138,15,1,1
7015,1138,15,1,1
7016,1138,13,1,1
7017,1138,15,1,1
7018,1138,10,1,1
7019,1138,15,1,1
7020,1138,1,1,1
7021,1138,15,1,1
7022,1138,15,1,1
7023,1138,12,1,1
7024,1138,2,1,1
7025,1138,15,1,1
7026,1138,15,1,1
7027,1138,9,1,1
7028,1138,13,1,1
7029,1138,15,1,1
7030,1138,15,1,1
7031,1138,12,1,1
7032,1138,9,1,1
7033,1138,14,1,1
7034,1138,13,1,1
7035,1138,15,1,1
7036,1138,11,1,1
7037,1138,10,1,1
7038,1138,13,1,1
7039,1138,10,1,1
7040,1138,1,1,1
7041,1138,11,1,1
7042,1138,14,1,1
7043,1138,15,1,1
7044,1138,10,1,1
7045,1138,15,1,1
7046,1138,13,1,1
7047,1138,13,1,1
7048,1138,15,1,1
7049,1138,13,1,1
7050,1138,9,1,1
7051,1138,15,1,1
7052,1138,15,1,1
7053,1138,11,1,1
7054,1138,10,1,1
7055,1138,11,1,1
7056,1138,14,1,1
7057,1138,12,1,1
7058,1138,12,1,1
7059,1138,13,1,1
7060,1138,15,1,1
7061,1138,13,1,1
7062,1138,12,1,1
7063,1138,12,1,1
7064,1138,9,1,1
7065,1138,10,1,1
7066,1138,14,1,1
7067,1138,10,1,1
7068,1138,15,1,1
7069,1138,11,1,1
7070,1138,9,1,1
7071,1138,15,1,1
7072,1138,13,1,1
7073,1138,15,1,1
7074,1138,15,1,1
7075,1138,10,1,1
7076,1138,15,1,1
7077,1138,9,1,1
7078,1138,13,1,1
7079,1138,14,1,1
7080,1138,9,1,1
7081,1138,10,1,1
7082,1138,13,1,1
7083,1138,15,1,1
7084,1138,14,1,1
7085,1138,9,1,1
7086,1138,13,1,1
7087,1138,15,1,1
7088,1138,9,1,1
7089,1138,15,1,1
7090,1138,15,1,1
7091,1138,15,1,1
7092,1138,12,1,1
7093,1138,15,1,1
7094,1138,13,1,1
7095,1138,15,1,1
7096,1138,15,1,1
7097,1138,10,1,1
7098,1138,15,1,1
7099,1138,15,1,1
7100,1138,13,1,1
7101,1138,14,1,1
7102,1138,10,1,1
7103,1138,12,1,1
7104,1138,15,1,1
7105,1138,15,1,1
7106,1138,15,1,1
7107,1138,14,1,1
7108,1138,14,1,1
7109,1138,2,1,1
7110,1138,15,1,1
7111,1138,14,1,1
7112,1138,14,1,1
7113,1138,15,1,1
7114,1138,13,1,1
7115,1138,15,1,1
7116,1138,15,1,1
7117,1138,13,1,1
7118,1138,9,1,1
7119,1138,13,1,1
7120,1138,2,1,1
7121,1138,15,1,1
7122,1138,13,1,1
7123,1138,13,1,1
7124,1138,15,1,1
7125,1138,13,1,1
7126,1138,10,1,1
7127,1138,15,1,1
7128,1138,9,1,1
7129,1138,10,1,1
7130,1138,15,1,1
7131,1138,15,1,1
7132,1138,9,1,1
7133,1138,11,1,1
7134,1138,14,1,1
7135,1138,15,1,1
7136,1138,15,1,1
7137,1138,13,1,1
7138,1138,15,1,1
7139,1138,15,1,1
7140,1138,15,1,1
7141,1138,15,1,1
7142,1138,10,1,1
7143,1138,13,1,1
7144,1138,14,1,1
7145,1138,15,1,1
7146,1138,15,1,1
7147,1138,10,1,1
7148,1138,9,1,1
7149,1138,9,1,1
7150,1138,15,1,1
7151,1138,15,1,1
7152,1138,10,1,1
7153,1138,13,1,1
7154,1138,11,1,1
7155,1138,15,1,1
7156,1138,13,1,1
7157,1138,15,1,1
7158,1138,13,1,1
7159,1138,9,1,1
7160,1138,15,1,1
7161,1138,13,1,1
7162,1138,13,1,1
7163,1138,2,1,1
7164,1138,15,1,1
7165,1138,15,1,1
7166,1138,15,1,1
7167,1138,15,1,1
7168,1138,3,1,1
7169,1138,10,1,1
7170,1138,15,1,1
7171,1138,14,1,1
7172,1138,13,1,1
7173,1138,15,1,1
7174,1138,1,1,1
7175,1139,1,1,1
7176,1139,1,1,1
7177,1140,1,1,1
7178,1140,1,1,1
7179,1146,1,1,1
7180,1146,1,1,1
7181,1147,1,1,1
7182,1148,1,1,1
7183,1150,1,1,1
7184,1150,1,1,1
7185,1150,5,1,1
7186,1153,1,1,1
7187,1153,1,1,1
7188,1153,1,1,1
7189,1153,1,1,1
7190,1154,1,1,1
7191,1160,1,1,1
7192,1160,15,1,1
7193,1160,15,1,1
7194,1160,1,1,1
7195,1160,9,1,1
7196,1160,1,1,1
7197,1160,1,1,1
7198,1161,1,1,1
7199,1161,1,1,1
7200,1162,1,1,1
7201,1163,1,1,1
7202,1163,1,1,1
7203,1165,1,1,1
7204,1165,1,1,1
7205,1165,15,1,1
7206,1165,15,1,1
7207,1166,1,1,1
7208,1166,1,1,1
7209,1167,1,1,1
7210,1168,1,1,1
7211,1169,1,1,1
7212,1173,1,1,1
7213,1173,1,1,1
7214,1173,1,1,1
7215,1173,1,1,1
7216,1173,1,1,1
7217,1176,1,1,1
7218,1177,1,1,1
7219,1177,1,1,1
7220,1179,1,1,1
7221,1180,1,1,1
7222,1181,1,1,1
7223,1181,1,1,1
7224,1181,1,1,1
7225,1183,1,1,1
7226,1187,1,1,1
7227,1188,1,1,1
7228,1188,1,1,1
7229,1188,1,1,1
7230,1189,1,1,1
7231,1192,15,1,1
7232,1192,4,1,1
7233,1193,1,1,1
7234,1193,1,1,1
7235,1194,1,1,1
7236,1194,1,1,1
7237,1195,4,1,1
7238,1195,1,1,1
7239,1196,1,1,1
7240,1196,1,1,1
7241,1196,1,1,1
7242,1197,1,1,1
7243,1197,1,1,1
7244,1197,1,1,1
7245,1200,1,1,1
7246,1201,1,1,1
7247,1202,1,1,1
7248,1202,1,1,1
7249,1203,5,1,1
7250,1207,1,1,1
7251,1207,1,1,1
7252,1210,1,1,1
7253,1210,1,1,1
7254,1212,1,1,1
7255,1213,1,1,1
7256,1213,1,1,1
7257,1213,1,1,1
7258,1213,1,1,1
7259,1213,1,1,1
7260,1213,1,1,1
7261,1213,1,1,1
7262,1213,1,1,1
7263,1214,1,1,1
7264,1216,1,1,1
7265,1216,1,1,1
7266,1218,1,1,1
7267,1219,15,1,1
7268,1219,1,1,1
7269,1220,1,1,1
7270,1220,1,1,1
7271,1221,15,1,1
7272,1221,1,1,1
7273,1223,1,1,1
7274,1224,15,1,1
7275,1224,15,1,1
7276,1224,1,1,1
7277,1224,1,1,1
7278,1224,1,1,1
7279,1225,1,1,1
7280,1225,7,1,1
7281,1226,1,1,1
7282,1226,1,1,1
7283,1226,1,1,1
7284,1226,1,1,1
7285,1226,1,1,1
7286,1226,1,1,1
7287,1226,1,1,1
7288,1226,1,1,1
7289,1226,1,1,1
7290,1226,1,1,1
7291,1226,1,1,1
7292,1226,1,1,1
7293,1226,1,1,1
7294,1227,1,1,1
7295,1228,9,1,1
7296,1228,10,1,1
7297,1230,15,1,1
7298,1231,1,1,1
7299,1232,1,1,1
7300,1232,1,1,1
7301,1233,1,1,1
7302,1233,1,1,1
7303,1233,1,1,1
7304,1234,3,1,1
7305,1235,6,1,1
7306,1235,1,1,1
7307,1235,1,1,1
7308,1235,1,1,1
7309,1236,1,1,1
7310,1236,1,1,1
7311,1237,15,2,1
7312,1237,2,1,1
7313,1237,2,1,1
7314,1237,7,1,1
7315,1238,1,1,1
7316,1239,1,1,1
7317,1239,1,1,1
7318,1239,2,1,1
7319,1239,1,1,1
7320,1239,1,1,1
7321,1239,2,1,1
7322,1239,1,1,1
7323,1239,2,1,1
7324,1239,2,1,1
7325,1239,2,1,1
7326,1239,2,1,1
7327,1239,2,1,1
7328,1239,1,1,1
7329,1239,1,1,1
7330,1240,15,1,1
7331,1241,1,1,1
7332,1241,1,1,1
7333,1241,1,1,1
7334,1241,1,1,1
7335,1241,1,1,1
7336,1242,2,1,1
7337,1242,1,1,1
7338,1242,1,1,1
7339,1242,1,1,1
7340,1243,1,1,1
7341,1244,1,1,1
7342,1245,1,1,1
7343,1246,15,1,1
7344,1247,1,1,1
7345,1248,1,1,1
7346,1248,1,1,1
7347,1248,7,2,2
7348,1249,1,1,1
7349,1249,1,1,1
7350,1249,2,1,1
7351,1249,1,1,1
7352,1249,1,1,1
7353,1250,2,1,1
7354,1252,2,1,1
7355,1252,2,1,1
7356,1252,15,1,1
7357,1252,15,1,1
7358,1253,15,1,1
7359,1253,15,1,1
7360,1253,1,1,1
7361,1253,1,1,1
7362,1254,1,1,1
7363,1254,1,1,1
7364,1255,1,1,1
7365,1257,1,1,1
7366,1258,15,1,1
7367,1258,15,1,1
7368,1258,15,1,1
7369,1259,1,1,1
7370,1259,1,1,1
7371,1260,1,1,1
7372,1260,1,1,1
7373,1261,11,1,1
7374,1261,1,1,1
7375,1262,1,1,1
7376,1262,1,1,1
7377,1265,1,1,1
7378,1265,1,1,1
7379,1267,1,1,1
7380,1267,1,1,1
7381,1267,1,1,1
7382,1271,1,1,1
7383,1271,1,1,1
7384,1272,1,1,1
7385,1272,1,1,1
7386,1272,1,1,1
7387,1272,1,1,1
7388,1272,1,1,1
7389,1273,1,1,1
7390,1273,1,1,1
7391,1273,1,1,1
7392,1273,1,1,1
7393,1275,1,1,1
7394,1275,1,1,1
7395,1276,15,1,1
7396,1277,15,1,1
7397,1277,15,1,1
7398,1277,15,1,1
7399,1277,9,1,1
7400,1277,9,1,1
7401,1277,10,1,1
7402,1277,15,1,1
7403,1277,15,1,1
7404,1277,9,1,1
7405,1277,15,1,1
7406,1277,10,1,1
7407,1277,9,1,1
7408,1277,15,1,1
7409,1277,15,1,1
7410,1277,10,1,1
7411,1277,10,1,1
7412,1277,3,1,1
7413,1277,15,1,1
7414,1279,15,1,1
7415,1280,1,1,1
7416,1282,1,1,1
7417,1283,5,1,1
7418,1283,5,1,1
7419,1283,11,1,1
7420,1283,15,1,1
7421,1284,1,1,1
7422,1285,7,1,1
7423,1285,1,1,1
7424,1286,1,1,1
7425,1287,1,1,1
7426,1288,1,1,1
7427,1288,1,1,1
7428,1288,1,1,1
7429,1288,1,1,1
7430,1288,15,1,1
7431,1288,3,1,1
7432,1288,2,1,1
7433,1289,1,1,1
7434,1289,9,1,1
7435,1291,1,1,1
7436,1291,1,1,1
7437,1291,1,1,1
7438,1291,1,1,1
7439,1292,1,1,1
7440,1293,1,1,1
7441,1294,1,1,1
7442,1294,1,1,1
7443,1294,1,1,1
7444,1295,1,1,1
7445,1296,1,1,1
7446,1299,1,1,1
7447,1299,1,1,1
7448,1300,9,1,1
7449,1302,1,1,1
7450,1302,1,1,1
7451,1303,15,1,1
7452,1304,1,1,1
7453,1304,1,1,1
7454,1305,1,1,1
7455,1305,1,1,1
7456,1305,1,1,1
7457,1307,1,1,1
7458,1307,1,1,1
7459,1307,1,1,1
7460,1308,1,1,1
7461,1309,1,1,1
7462,1309,1,1,1
7463,1310,1,1,1
7464,1311,1,1,1
7465,1312,1,1,1
7466,1312,1,1,1
7467,1312,15,1,1
7468,1312,1,1,1
7469,1312,1,1,1
7470,1312,1,1,1
7471,1313,13,1,1
7472,1313,13,1,1
7473,1313,15,1,1
7474,1313,15,1,1
7475,1313,15,1,1
7476,1313,15,1,1
7477,1313,14,1,1
7478,1313,14,1,1
7479,1313,13,1,1
7480,1313,13,1,1
7481,1313,15,1,1
7482,1313,15,1,1
7483,1313,15,1,1
7484,1313,15,1,1
7485,1313,14,1,1
7486,1313,13,1,1
7487,1313,13,1,1
7488,1313,14,1,1
7489,1313,13,1,1
7490,1313,13,1,1
7491,1313,14,1,1
7492,1313,14,1,1
7493,1313,15,1,1
7494,1313,15,1,1
7495,1313,13,1,1
7496,1313,13,1,1
7497,1313,14,1,1
7498,1313,13,1,1
7499,1313,14,1,1
7500,1313,13,1,1
7501,1313,14,1,1
7502,1313,13,1,1
7503,1313,13,1,1
7504,1313,13,1,1
7505,1313,15,1,1
7506,1313,15,1,1
7507,1313,13,1,1
7508,1313,13,1,1
7509,1313,15,1,1
7510,1313,14,1,1
7511,1313,13,1,1
7512,1313,14,1,1
7513,1313,13,1,1
7514,1313,13,1,1
7515,1313,14,1,1
7516,1313,13,1,1
7517,1313,13,1,1
7518,1313,15,1,1
7519,1313,14,1,1
7520,1313,14,1,1
7521,1313,15,1,1
7522,1313,13,1,1
7523,1313,14,1,1
7524,1313,14,1,1
7525,1313,13,1,1
7526,1313,13,1,1
7527,1313,15,1,1
7528,1313,13,1,1
7529,1313,13,1,1
7530,1313,15,1,1
7531,1313,15,1,1
7532,1313,13,1,1
7533,1313,13,1,1
7534,1313,15,1,1
7535,1313,13,1,1
7536,1313,15,1,1
7537,1313,13,1,1
7538,1313,15,1,1
7539,1313,13,1,1
7540,1313,13,1,1
7541,1313,13,1,1
7542,1313,13,1,1
7543,1313,15,1,1
7544,1313,13,1,1
7545,1313,13,1,1
7546,1313,13,1,1
7547,1313,13,1,1
7548,1313,15,1,1
7549,1313,14,1,1
7550,1313,13,1,1
7551,1313,13,1,1
7552,1313,13,1,1
7553,1313,14,1,1
7554,1313,15,1,1
7555,1313,13,1,1
7556,1313,15,1,1
7557,1313,13,1,1
7558,1313,15,1,1
7559,1313,13,1,1
7560,1313,13,1,1
7561,1313,13,1,1
7562,1313,13,1,1
7563,1313,13,1,1
7564,1313,13,1,1
7565,1313,13,1,1
7566,1313,13,1,1
7567,1313,15,1,1
7568,1313,14,1,1
7569,1313,13,1,1
7570,1313,14,1,1
7571,1313,15,1,1
7572,1315,1,1,1
7573,1315,1,1,1
7574,1315,1,1,1
7575,1315,1,1,1
7576,1315,1,1,1
7577,1316,1,1,1
7578,1318,1,1,1
7579,1318,15,1,1
7580,1318,15,1,1
7581,1318,15,1,1
7582,1321,1,1,1
7583,1322,1,1,1
7584,1322,1,1,1
7585,1322,1,1,1
7586,1322,1,1,1
7587,1322,1,1,1
7588,1324,2,1,1
7589,1325,1,1,1
7590,1327,1,1,1
7591,1328,1,1,1
7592,1330,1,1,1
7593,1332,1,1,1
7594,1332,1,1,1
7595,1333,1,1,1
7596,1333,1,1,1
7597,1333,1,1,1
7598,1334,1,1,1
7599,1334,1,1,1
7600,1335,1,1,1
7601,1335,1,1,1
7602,1336,1,1,1
7603,1336,1,1,1
7604,1337,2,1,1
7605,1337,2,1,1
7606,1338,1,1,1
7607,1338,1,1,1
7608,1340,1,1,1
7609,1341,1,1,1
7610,1342,1,1,1
7611,1343,1,1,1
7612,1344,1,1,1
7613,1345,1,1,1
7614,1345,1,1,1
7615,1347,1,1,1
7616,1347,1,1,1
7617,1348,1,1,1
7618,1348,1,1,1
7619,1348,1,1,1
7620,1349,1,1,1
7621,1350,3,1,1
7622,1351,1,1,1
7623,1352,1,1,1
7624,1353,1,1,1
7625,1353,1,1,1
7626,1353,1,1,1
7627,1355,1,1,1
7628,1356,6,1,1
7629,1356,15,1,1
7630,1356,1,1,1
7631,1357,1,1,1
7632,1358,1,1,1
7633,1358,1,1,1
7634,1358,1,1,1
7635,1360,1,1,1
7636,1360,13,1,1
7637,1360,1,1,1
7638,1361,1,1,1
7639,1361,2,1,1
7640,1361,1,1,1
7641,1362,2,1,1
7642,1362,2,1,1
7643,1362,2,1,1
7644,1362,2,1,1
7645,1362,2,1,1
7646,1362,2,1,1
7647,1362,2,1,1
7648,1362,2,1,1
7649,1362,2,1,1
7650,1362,2,1,1
7651,1362,2,1,1
7652,1362,2,1,1
7653,1362,2,1,1
7654,1362,2,1,1
7655,1362,2,1,1
7656,1362,2,1,1
7657,1362,2,1,1
7658,1362,2,1,1
7659,1362,2,1,1
7660,1362,2,1,1
7661,1362,2,1,1
7662,1362,2,1,1
7663,1362,2,1,1
7664,1362,2,1,1
7665,1362,2,1,1
7666,1362,2,1,1
7667,1362,2,1,1
7668,1362,2,1,1
7669,1362,2,1,1
7670,1362,2,1,1
7671,1362,2,1,1
7672,1362,2,1,1
7673,1362,2,1,1
7674,1362,2,1,1
7675,1362,2,1,1
7676,1362,2,1,1
7677,1362,2,1,1
7678,1362,2,1,1
7679,1362,2,1,1
7680,1362,2,1,1
7681,1362,2,1,1
7682,1362,2,1,1
7683,1362,2,1,1
7684,1362,2,1,1
7685,1362,2,1,1
7686,1362,2,1,1
7687,1362,2,1,1
7688,1362,2,1,1
7689,1362,2,1,1
7690,1362,2,1,1
7691,1362,1,1,1
7692,1363,1,1,1
7693,1363,1,1,1
7694,1363,1,1,1
7695,1364,1,1,1
7696,1364,1,1,1
7697,1370,1,1,1
7698,1370,1,1,1
7699,1374,1,1,1
7700,1374,2,1,1
7701,1374,2,1,1
7702,1374,1,1,1
7703,1374,1,1,1
7704,1376,1,1,1
7705,1376,1,1,1
7706,1376,1,1,1
7707,1376,1,1,1
7708,1376,1,1,1
7709,1376,1,1,1
7710,1376,1,1,1
7711,1376,1,1,1
7712,1376,1,1,1
7713,1376,1,1,1
7714,1376,1,1,1
7715,1376,1,1,1
7716,1377,1,1,1
7717,1377,1,1,1
7718,1378,15,2,1
7719,1378,1,1,1
7720,1378,1,1,1
7721,1379,15,1,1
7722,1380,1,1,1
7723,1380,1,1,1
7724,1381,1,1,1
7725,1381,1,1,1
7726,1381,1,1,1
7727,1382,15,2,1
7728,1382,1,1,1
7729,1383,15,1,1
7730,1383,4,1,1
7731,1383,1,1,1
7732,1383,1,1,1
7733,1384,1,1,1
7734,1384,1,1,1
7735,1384,1,1,1
7736,1384,1,1,1
7737,1386,1,1,1
7738,1387,1,1,1
7739,1388,1,1,1
7740,1388,1,1,1
7741,1389,1,1,1
7742,1389,1,1,1
7743,1389,1,1,1
7744,1391,1,1,1
7745,1392,1,1,1
7746,1396,1,1,1
7747,1399,15,1,1
7748,1399,5,1,1
7749,1399,1,1,1
7750,1401,5,1,1
7751,1401,1,1,1
7752,1404,1,1,1
7753,1404,1,1,1
7754,1404,1,1,1
7755,1404,1,1,1
7756,1404,1,1,1
7757,1405,1,1,1
7758,1407,1,1,1
7759,1407,1,1,1
7760,1407,1,1,1
7761,1408,1,1,1
7762,1408,1,1,1
7763,1409,1,1,1
7764,1409,1,1,1
7765,1409,1,1,1
7766,1409,1,1,1
7767,1411,1,1,1
7768,1412,1,1,1
7769,1412,1,1,1
7770,1413,3,1,1
7771,1413,15,1,1
7772,1413,14,1,1
7773,1413,1,1,1
7774,1414,1,1,1
7775,1418,1,1,1
7776,1418,1,1,1
7777,1418,1,1,1
7778,1418,1,1,1
7779,1418,1,1,1
7780,1418,1,1,1
7781,1419,1,1,1
7782,1421,1,1,1
7783,1422,1,1,1
7784,1425,1,1,1
7785,1427,1,1,1
7786,1427,1,1,1
7787,1427,1,1,1
7788,1428,1,1,1
7789,1429,1,1,1
7790,1430,1,1,1
7791,1430,1,1,1
7792,1430,1,1,1
7793,1431,1,1,1
7794,1434,1,1,1
7795,1435,15,1,1
7796,1435,1,1,1
7797,1435,1,1,1
7798,1437,15,1,1
7799,1437,15,1,1
7800,1437,15,1,1
7801,1437,15,1,1
7802,1437,15,1,1
7803,1437,15,1,1
7804,1437,15,1,1
7805,1437,15,1,1
7806,1437,15,1,1
7807,1437,15,1,1
7808,1437,15,1,1
7809,1437,15,1,1
7810,1437,15,1,1
7811,1437,15,1,1
7812,1437,15,1,1
7813,1437,15,1,1
7814,1437,15,1,1
7815,1437,15,1,1
7816,1437,15,1,1
7817,1437,15,1,1
7818,1437,15,1,1
7819,1437,15,1,1
7820,1437,15,1,1
7821,1437,15,1,1
7822,1437,15,1,1
7823,1437,15,1,1
7824,1437,15,1,1
7825,1437,15,1,1
7826,1437,15,1,1
7827,1437,15,1,1
7828,1437,15,1,1
7829,1437,15,1,1
7830,1437,15,1,1
7831,1437,15,1,1
7832,1437,15,1,1
7833,1437,15,1,1
7834,1437,15,1,1
7835,1437,15,1,1
7836,1437,15,1,1
7837,1437,15,1,1
7838,1437,15,1,1
7839,1437,15,1,1
7840,1437,15,1,1
7841,1437,15,1,1
7842,1437,15,1,1
7843,1437,15,1,1
7844,1437,15,1,1
7845,1437,15,1,1
7846,1437,15,1,1
7847,1437,15,1,1
7848,1437,15,1,1
7849,1437,15,1,1
7850,1437,15,1,1
7851,1437,15,1,1
7852,1437,15,1,1
7853,1437,15,1,1
7854,1437,15,1,1
7855,1437,15,1,1
7856,1437,15,1,1
7857,1437,15,1,1
7858,1437,15,1,1
7859,1437,15,1,1
7860,1437,15,1,1
7861,1437,15,1,1
7862,1437,15,1,1
7863,1437,15,1,1
7864,1437,15,1,1
7865,1437,15,1,1
7866,1437,15,1,1
7867,1437,15,1,1
7868,1437,15,1,1
7869,1437,15,1,1
7870,1437,15,1,1
7871,1437,15,1,1
7872,1437,15,1,1
7873,1437,15,1,1
7874,1437,15,1,1
7875,1437,15,1,1
7876,1437,15,1,1
7877,1437,15,1,1
7878,1437,15,1,1
7879,1437,15,1,1
7880,1437,15,1,1
7881,1437,15,1,1
7882,1437,15,1,1
7883,1437,15,1,1
7884,1437,15,1,1
7885,1437,15,1,1
7886,1437,15,1,1
7887,1437,15,1,1
7888,1437,15,1,1
7889,1437,15,1,1
7890,1437,15,1,1
7891,1437,15,1,1
7892,1437,15,1,1
7893,1437,15,1,1
7894,1437,15,1,1
7895,1437,15,1,1
7896,1437,15,1,1
7897,1437,15,1,1
7898,1437,15,1,1
7899,1437,15,1,1
7900,1437,15,1,1
7901,1437,15,1,1
7902,1437,15,1,1
7903,1437,15,1,1
7904,1437,15,1,1
7905,1437,15,1,1
7906,1437,15,1,1
7907,1437,15,1,1
7908,1437,15,1,1
7909,1437,15,1,1
7910,1437,15,1,1
7911,1437,15,1,1
7912,1437,15,1,1
7913,1437,15,1,1
7914,1437,15,1,1
7915,1437,15,1,1
7916,1437,15,1,1
7917,1437,15,1,1
7918,1437,15,1,1
7919,1437,15,1,1
7920,1437,15,1,1
7921,1437,15,1,1
7922,1437,15,1,1
7923,1437,15,1,1
7924,1437,15,1,1
7925,1437,15,1,1
7926,1437,15,1,1
7927,1437,15,1,1
7928,1437,15,1,1
7929,1437,15,1,1
7930,1437,15,1,1
7931,1437,15,1,1
7932,1437,15,1,1
7933,1437,15,1,1
7934,1437,15,1,1
7935,1437,15,1,1
7936,1437,15,1,1
7937,1437,15,1,1
7938,1437,15,1,1
7939,1437,15,1,1
7940,1437,15,1,1
7941,1437,15,1,1
7942,1437,15,1,1
7943,1437,15,1,1
7944,1437,15,1,1
7945,1437,15,1,1
7946,1437,15,1,1
7947,1437,15,1,1
7948,1437,15,1,1
7949,1437,15,1,1
7950,1437,15,1,1
7951,1437,15,1,1
7952,1437,15,1,1
7953,1437,15,1,1
7954,1437,15,1,1
7955,1437,15,1,1
7956,1437,15,1,1
7957,1437,15,1,1
7958,1437,15,1,1
7959,1437,15,1,1
7960,1437,15,1,1
7961,1437,15,1,1
7962,1437,15,1,1
7963,1437,15,1,1
7964,1437,15,1,1
7965,1437,15,1,1
7966,1437,15,1,1
7967,1437,15,1,1
7968,1437,15,1,1
7969,1437,15,1,1
7970,1437,15,1,1
7971,1437,15,1,1
7972,1437,15,1,1
7973,1437,15,1,1
7974,1437,15,1,1
7975,1437,15,1,1
7976,1437,15,1,1
7977,1437,15,1,1
7978,1437,15,1,1
7979,1437,15,1,1
7980,1437,15,1,1
7981,1437,15,1,1
7982,1437,15,1,1
7983,1437,15,1,1
7984,1437,15,1,1
7985,1437,15,1,1
7986,1437,15,1,1
7987,1437,15,1,1
7988,1437,15,1,1
7989,1437,15,1,1
7990,1437,15,1,1
7991,1437,15,1,1
7992,1437,15,1,1
7993,1437,15,1,1
7994,1437,15,1,1
7995,1437,15,1,1
7996,1437,15,1,1
7997,1437,15,1,1
7998,1437,1,1,1
7999,1437,1,1,1
8000,1437,1,1,1
8001,1438,1,1,1
8002,1438,1,1,1
8003,1439,1,1,1
8004,1441,1,1,1
8005,1441,1,1,1
8006,1441,1,1,1
8007,1442,1,1,1
8008,1442,1,1,1
8009,1442,1,1,1
8010,1442,1,1,1
8011,1445,1,1,1
8012,1447,1,1,1
8013,1447,1,1,1
8014,1447,1,1,1
8015,1447,1,1,1
8016,1448,15,1,1
8017,1450,1,1,1
8018,1452,5,1,1
8019,1453,1,1,1
8020,1453,1,1,1
8021,1455,1,1,1
8022,1455,1,1,1
8023,1455,1,1,1
8024,1458,1,1,1
8025,1459,1,1,1
8026,1460,1,1,1
8027,1461,1,1,1
8028,1462,1,1,1
8029,1462,1,1,1
8030,1462,5,1,1
8031,1464,1,1,1
8032,1464,1,1,1
8033,1464,1,1,1
8034,1465,1,1,1
8035,1465,4,1,1
8036,1466,1,1,1
8037,1466,1,1,1
8038,1466,1,1,1
8039,1467,1,1,1
8040,1469,1,1,1
8041,1470,1,1,1
8042,1470,1,1,1
8043,1472,1,1,1
8044,1472,1,1,1
8045,1472,1,1,1
8046,1472,1,1,1
8047,1474,1,1,1
8048,1476,1,1,1
8049,1477,1,1,1
8050,1478,1,1,1
8051,1478,1,1,1
8052,1478,1,1,1
8053,1479,10,1,1
8054,1479,4,1,1
8055,1482,1,1,1
8056,1483,1,1,1
8057,1483,1,1,1
8058,1483,1,1,1
8059,1484,1,1,1
8060,1484,1,1,1
8061,1484,7,1,1
8062,1485,1,1,1
8063,1487,1,1,1
8064,1487,1,1,1
8065,1487,1,1,1
8066,1487,1,1,1
8067,1487,11,1,1
8068,1489,1,1,1
8069,1489,15,1,1
8070,1489,5,1,1
8071,1489,9,1,1
8072,1489,15,1,1
8073,1489,9,1,1
8074,1489,3,1,1
8075,1489,15,1,1
8076,1489,8,1,1
8077,1489,15,1,1
8078,1489,10,1,1
8079,1489,15,1,1
8080,1489,3,1,1
8081,1489,15,1,1
8082,1489,13,1,1
8083,1489,2,1,1
8084,1489,7,1,1
8085,1490,1,1,1
8086,1490,1,1,1
8087,1492,1,1,1
8088,1492,1,1,1
8089,1492,1,1,1
8090,1492,1,1,1
8091,1492,1,1,1
8092,1493,1,1,1
8093,1493,1,1,1
8094,1493,1,1,1
8095,1493,1,1,1
8096,1494,1,1,1
8097,1498,1,1,1
8098,1499,1,1,1
8099,1505,1,1,1
8100,1506,1,1,1
8101,1508,1,1,1
8102,1508,15,1,1
8103,1508,3,1,1
8104,1508,15,1,1
8105,1508,15,1,1
8106,1508,15,1,1
8107,1508,1,1,1
8108,1510,1,1,1
8109,1510,1,1,1
8110,1511,1,1,1
8111,1511,1,1,1
8112,1512,1,1,1
8113,1512,1,1,1
8114,1513,1,1,1
8115,1513,1,1,1
8116,1513,1,1,1
8117,1513,1,1,1
8118,1514,1,1,1
8119,1515,1,1,1
8120,1515,9,1,1
8121,1515,1,1,1
8122,1516,1,1,1
8123,1516,6,1,1
8124,1516,15,1,1
8125,1516,15,1,1
8126,1517,1,1,1
8127,1517,1,1,1
8128,1517,1,1,1
8129,1521,1,1,1
8130,1521,1,1,1
8131,1521,1,1,1
8132,1521,1,1,1
8133,1521,3,1,1
8134,1521,6,1,1
8135,1521,1,1,1
8136,1522,1,1,1
8137,1522,1,1,1
8138,1522,15,1,1
8139,1522,15,3,1
8140,1523,3,1,1
8141,1523,3,1,1
8142,1523,3,1,1
8143,1523,3,1,1
8144,1523,3,1,1
8145,1523,3,1,1
8146,1523,3,1,1
8147,1523,3,1,1
8148,1523,3,1,1
8149,1523,3,1,1
8150,1523,3,1,1
8151,1523,3,1,1
8152,1523,3,1,1
8153,1523,3,1,1
8154,1523,3,1,1
8155,1523,3,1,1
8156,1523,3,1,1
8157,1523,3,1,1
8158,1523,3,1,1
8159,1523,3,1,1
8160,1523,3,1,1
8161,1523,3,1,1
8162,1523,3,1,1
8163,1523,3,1,1
8164,1523,3,1,1
8165,1523,3,1,1
8166,1523,3,1,1
8167,1523,3,1,1
8168,1523,3,1,1
8169,1523,3,1,1
8170,1523,3,1,1
8171,1523,3,1,1
8172,1523,3,1,1
8173,1523,3,1,1
8174,1523,3,1,1
8175,1523,3,1,1
8176,1523,3,1,1
8177,1523,3,1,1
8178,1523,3,1,1
8179,1523,3,1,1
8180,1523,3,1,1
8181,1523,3,1,1
8182,1523,3,1,1
8183,1523,3,1,1
8184,1523,3,1,1
8185,1523,3,1,1
8186,1523,3,1,1
8187,1523,3,1,1
8188,1523,3,1,1
8189,1523,3,1,1
8190,1523,1,1,1
8191,1524,1,1,1
8192,1526,3,1,1
8193,1526,15,1,1
8194,1526,1,1,1
8195,1527,1,1,1
8196,1529,6,1,1
8197,1531,15,1,1
8198,1532,11,1,1
8199,1533,1,1,1
8200,1533,1,1,1
8201,1533,1,1,1
8202,1534,6,1,1
8203,1534,6,1,1
8204,1534,6,1,1
8205,1534,6,1,1
8206,1534,6,1,1
8207,1534,6,1,1
8208,1534,5,1,1
8209,1534,6,1,1
8210,1534,6,1,1
8211,1534,6,1,1
8212,1534,6,1,1
8213,1534,5,1,1
8214,1534,6,1,1
8215,1534,6,1,1
8216,1534,6,1,1
8217,1534,6,1,1
8218,1534,6,1,1
8219,1534,6,1,1
8220,1534,5,1,1
8221,1534,6,1,1
8222,1534,5,1,1
8223,1534,6,1,1
8224,1534,6,1,1
8225,1534,6,1,1
8226,1534,6,1,1
8227,1534,6,1,1
8228,1534,6,1,1
8229,1534,6,1,1
8230,1534,6,1,1
8231,1534,6,1,1
8232,1534,6,1,1
8233,1534,6,1,1
8234,1534,5,1,1
8235,1534,6,1,1
8236,1534,5,1,1
8237,1534,6,1,1
8238,1534,6,1,1
8239,1534,5,1,1
8240,1534,6,1,1
8241,1534,5,1,1
8242,1534,6,1,1
8243,1534,6,1,1
8244,1534,6,1,1
8245,1534,5,1,1
8246,1534,6,1,1
8247,1534,6,1,1
8248,1534,6,1,1
8249,1534,6,1,1
8250,1534,6,1,1
8251,1534,6,1,1
8252,1534,6,1,1
8253,1534,6,1,1
8254,1534,6,1,1
8255,1534,6,1,1
8256,1534,6,1,1
8257,1534,6,1,1
8258,1534,6,1,1
8259,1534,6,1,1
8260,1534,6,1,1
8261,1534,6,1,1
8262,1534,6,1,1
8263,1534,6,1,1
8264,1534,6,1,1
8265,1534,6,1,1
8266,1534,6,1,1
8267,1534,5,1,1
8268,1534,6,1,1
8269,1534,6,1,1
8270,1534,6,1,1
8271,1534,5,1,1
8272,1534,6,1,1
8273,1534,6,1,1
8274,1534,6,1,1
8275,1534,6,1,1
8276,1534,6,1,1
8277,1534,6,1,1
8278,1534,6,1,1
8279,1534,6,1,1
8280,1534,6,1,1
8281,1534,6,1,1
8282,1534,6,1,1
8283,1534,6,1,1
8284,1534,6,1,1
8285,1534,6,1,1
8286,1534,6,1,1
8287,1534,6,1,1
8288,1534,6,1,1
8289,1534,6,1,1
8290,1534,6,1,1
8291,1534,6,1,1
8292,1534,5,1,1
8293,1534,6,1,1
8294,1534,5,1,1
8295,1534,6,1,1
8296,1534,6,1,1
8297,1534,6,1,1
8298,1534,5,1,1
8299,1534,6,1,1
8300,1534,6,1,1
8301,1534,6,1,1
8302,1534,1,1,1
8303,1535,1,1,1
8304,1536,1,1,1
8305,1536,1,1,1
8306,1537,1,1,1
8307,1537,1,1,1
8308,1537,1,1,1
8309,1537,1,1,1
8310,1538,1,1,1
8311,1539,1,1,1
8312,1539,1,1,1
8313,1541,1,1,1
8314,1541,1,1,1
8315,1542,1,1,1
8316,1544,1,1,1
8317,1544,1,1,1
8318,1545,1,1,1
8319,1545,9,1,1
8320,1545,5,1,1
8321,1546,6,1,1
8322,1546,1,1,1
8323,1547,1,1,1
8324,1547,1,1,1
8325,1547,1,1,1
8326,1548,1,1,1
8327,1548,1,1,1
8328,1550,1,1,1
8329,1550,1,1,1
8330,1550,1,1,1
8331,1550,10,1,1
8332,1551,1,1,1
8333,1554,1,1,1
8334,1555,1,1,1
8335,1556,1,1,1
8336,1557,1,1,1
8337,1558,1,1,1
8338,1558,1,1,1
8339,1558,1,1,1
8340,1560,1,1,1
8341,1560,1,1,1
8342,1560,1,1,1
8343,1560,1,1,1
8344,1561,1,1,1
8345,1561,1,1,1
8346,1563,1,1,1
8347,1563,1,1,1
8348,1563,1,1,1
8349,1565,1,1,1
8350,1566,1,1,1
8351,1566,1,1,1
8352,1570,1,1,1
8353,1570,1,1,1
8354,1570,1,1,1
8355,1571,1,1,1
8356,1575,1,1,1
8357,1576,1,1,1
8358,1576,1,1,1
8359,1576,1,1,1
8360,1577,1,1,1
8361,1579,1,1,1
8362,1579,1,1,1
8363,1580,1,1,1
8364,1580,1,1,1
8365,1580,1,1,1
8366,1585,1,1,1
8367,1586,1,1,1
8368,1586,1,1,1
8369,1587,1,1,1
8370,1587,15,1,1
8371,1588,1,1,1
8372,1589,1,1,1
8373,1589,15,1,1
8374,1590,1,1,1
8375,1591,1,1,1
8376,1591,1,1,1
8377,1591,1,1,1
8378,1591,1,1,1
8379,1593,1,1,1
8380,1593,1,1,1
8381,1594,1,1,1
8382,1596,1,1,1
8383,1596,1,1,1
8384,1596,15,1,1
8385,1596,1,1,1
8386,1597,1,1,1
8387,1597,1,1,1
8388,1599,1,1,1
8389,1599,15,1,1
8390,1600,1,1,1
8391,1601,7,1,1
8392,1601,10,1,1
8393,1602,2,1,1
8394,1604,1,1,1
8395,1605,1,1,1
8396,1605,1,1,1
8397,1605,1,1,1
8398,1605,1,1,1
8399,1605,1,1,1
8400,1606,1,1,1
8401,1607,1,1,1
8402,1607,1,1,1
8403,1607,1,1,1
8404,1609,1,1,1
8405,1609,1,1,1
8406,1609,1,1,1
8407,1610,3,1,1
8408,1610,1,1,1
8409,1613,1,1,1
8410,1614,1,1,1
8411,1616,1,1,1
8412,1616,3,1,1
8413,1616,1,1,1
8414,1616,1,1,1
8415,1617,1,1,1
8416,1618,1,1,1
8417,1618,1,1,1
8418,1618,4,1,1
8419,1618,1,1,1
8420,1619,1,1,1
8421,1619,1,1,1
8422,1619,1,1,1
8423,1620,1,1,1
8424,1621,1,1,1
8425,1622,11,1,1
8426,1622,1,1,1
8427,1625,1,1,1
8428,1625,1,1,1
8429,1625,1,1,1
8430,1626,1,1,1
8431,1626,1,1,1
8432,1629,1,1,1
8433,1630,1,1,1
8434,1631,3,1,1
8435,1631,3,1,1
8436,1631,3,1,1
8437,1631,3,1,1
8438,1631,3,1,1
8439,1631,3,1,1
8440,1631,3,1,1
8441,1631,3,1,1
8442,1631,3,1,1
8443,1631,3,1,1
8444,1631,3,1,1
8445,1631,3,1,1
8446,1631,3,1,1
8447,1631,3,1,1
8448,1631,3,1,1
8449,1631,3,1,1
8450,1631,3,1,1
8451,1631,3,1,1
8452,1631,3,1,1
8453,1631,3,1,1
8454,1631,3,1,1
8455,1631,3,1,1
8456,1631,3,1,1
8457,1631,3,1,1
8458,1631,3,1,1
8459,1631,3,1,1
8460,1631,3,1,1
8461,1631,3,1,1
8462,1631,3,1,1
8463,1631,3,1,1
8464,1631,3,1,1
8465,1631,3,1,1
8466,1631,3,1,1
8467,1631,3,1,1
8468,1631,3,1,1
8469,1631,3,1,1
8470,1631,3,1,1
8471,1631,3,1,1
8472,1631,3,1,1
8473,1631,3,1,1
8474,1631,3,1,1
8475,1631,3,1,1
8476,1631,3,1,1
8477,1631,3,1,1
8478,1631,3,1,1
8479,1631,3,1,1
8480,1631,3,1,1
8481,1631,3,1,1
8482,1631,3,1,1
8483,1631,3,1,1
8484,1631,1,1,1
8485,1631,1,1,1
8486,1632,15,1,1
8487,1632,3,1,1
8488,1633,1,1,1
8489,1634,1,1,1
8490,1634,1,1,1
8491,1635,1,1,1
8492,1635,1,1,1
8493,1636,1,1,1
8494,1636,1,1,1
8495,1637,1,1,1
8496,1637,1,1,1
8497,1638,1,1,1
8498,1638,1,1,1
8499,1639,1,1,1
8500,1639,1,1,1
8501,1640,1,1,1
8502,1640,1,1,1
8503,1641,7,1,1
8504,1643,15,1,1
8505,1643,15,1,1
8506,1646,1,1,1
8507,1647,1,1,1
8508,1648,15,1,1
8509,1648,1,1,1
8510,1649,1,1,1
8511,1649,1,1,1
8512,1652,1,1,1
8513,1652,1,1,1
8514,1653,1,1,1
8515,1653,1,1,1
8516,1653,1,1,1
8517,1653,1,1,1
8518,1654,1,1,1
8519,1654,1,1,1
8520,1655,1,1,1
8521,1655,1,1,1
8522,1656,1,1,1
8523,1656,1,1,1
8524,1656,1,1,1
8525,1659,1,1,1
8526,1659,1,1,1
8527,1662,1,1,1
8528,1662,1,1,1
8529,1663,1,1,1
8530,1663,1,1,1
8531,1663,1,1,1
8532,1663,1,1,1
8533,1664,1,1,1
8534,1666,3,1,1
8535,1666,1,1,1
8536,1667,1,1,1
8537,1667,1,1,1
8538,1668,3,1,1
8539,1668,3,1,1
8540,1668,3,1,1
8541,1668,3,1,1
8542,1668,3,1,1
8543,1668,3,1,1
8544,1668,3,1,1
8545,1668,3,1,1
8546,1668,3,1,1
8547,1668,3,1,1
8548,1668,3,1,1
8549,1668,3,1,1
8550,1668,3,1,1
8551,1668,3,1,1
8552,1668,3,1,1
8553,1668,3,1,1
8554,1668,3,1,1
8555,1668,3,1,1
8556,1668,3,1,1
8557,1668,3,1,1
8558,1668,3,1,1
8559,1668,3,1,1
8560,1668,3,1,1
8561,1668,3,1,1
8562,1668,3,1,1
8563,1668,3,1,1
8564,1668,3,1,1
8565,1668,3,1,1
8566,1668,3,1,1
8567,1668,3,1,1
8568,1668,3,1,1
8569,1668,3,1,1
8570,1668,3,1,1
8571,1668,3,1,1
8572,1668,3,1,1
8573,1668,3,1,1
8574,1668,3,1,1
8575,1668,3,1,1
8576,1668,3,1,1
8577,1668,3,1,1
8578,1668,3,1,1
8579,1668,3,1,1
8580,1668,3,1,1
8581,1668,3,1,1
8582,1668,3,1,1
8583,1668,3,1,1
8584,1668,3,1,1
8585,1668,3,1,1
8586,1668,3,1,1
8587,1668,3,1,1
8588,1668,3,1,1
8589,1668,1,1,1
8590,1668,1,1,1
8591,1669,1,1,1
8592,1673,1,1,1
8593,1673,1,1,1
8594,1675,1,1,1
8595,1676,1,1,1
8596,1677,1,1,1
8597,1679,1,1,1
8598,1679,1,1,1
8599,1680,1,1,1
8600,1680,1,1,1
8601,1681,1,1,1
8602,1681,1,1,1
8603,1681,1,1,1
8604,1682,1,1,1
8605,1682,1,1,1
8606,1683,1,1,1
8607,1685,1,1,1
8608,1685,1,1,1
8609,1687,1,1,1
8610,1687,1,1,1
8611,1687,1,1,1
8612,1689,1,1,1
8613,1690,1,1,1
8614,1691,15,1,1
8615,1693,7,1,1
8616,1694,1,1,1
8617,1694,1,1,1
8618,1694,6,1,1
8619,1694,1,1,1
8620,1694,1,1,1
8621,1694,1,1,1
8622,1696,1,1,1
8623,1696,1,1,1
8624,1700,1,1,1
8625,1702,1,1,1
8626,1702,1,1,1
8627,1702,1,1,1
8628,1702,1,1,1
8629,1702,1,1,1
8630,1702,1,1,1
8631,1703,2,1,1
8632,1703,2,1,1
8633,1703,7,1,1
8634,1703,1,1,1
8635,1705,1,1,1
8636,1705,1,1,1
8637,1708,1,1,1
8638,1708,1,1,1
8639,1709,1,1,1
8640,1710,1,1,1
8641,1710,1,1,1
8642,1711,1,1,1
8643,1711,1,1,1
8644,1713,1,1,1
8645,1713,1,1,1
8646,1714,1,1,1
8647,1714,1,1,1
8648,1715,1,1,1
8649,1715,1,1,1
8650,1715,1,1,1
8651,1715,1,1,1
8652,1716,1,1,1
8653,1716,1,1,1
8654,1719,1,1,1
8655,1720,1,1,1
8656,1721,1,1,1
8657,1722,15,1,1
8658,1722,1,1,1
8659,1723,1,1,1
8660,1723,1,1,1
8661,1724,1,1,1
8662,1725,1,1,1
8663,1725,15,1,1
8664,1726,1,1,1
8665,1728,1,1,1
8666,1728,1,1,1
8667,1728,1,1,1
8668,1728,1,1,1
8669,1730,15,1,1
8670,1733,1,1,1
8671,1733,1,1,1
8672,1733,2,1,1
8673,1733,1,1,1
8674,1733,1,1,1
8675,1733,1,1,1
8676,1733,1,1,1
8677,1734,1,1,1
8678,1735,1,1,1
8679,1737,1,1,1
8680,1738,1,1,1
8681,1738,1,1,1
8682,1739,1,1,1
8683,1740,1,1,1
8684,1740,1,1,1
8685,1741,1,1,1
8686,1742,1,1,1
8687,1743,1,1,1
8688,1744,1,1,1
8689,1746,1,1,1
8690,1746,1,1,1
8691,1746,1,1,1
8692,1746,6,1,1
8693,1747,1,1,1
8694,1747,1,1,1
8695,1747,1,1,1
8696,1749,1,1,1
8697,1749,1,1,1
8698,1749,1,1,1
8699,1750,1,1,1
8700,1751,2,1,1
8701,1751,1,1,1
8702,1751,5,1,1
8703,1751,15,1,1
8704,1752,1,1,1
8705,1752,1,1,1
8706,1753,1,1,1
8707,1753,1,1,1
8708,1755,6,1,1
8709,1756,1,1,1
8710,1757,1,1,1
8711,1758,1,1,1
8712,1759,1,1,1
8713,1759,1,1,1
8714,1759,1,1,1
8715,1759,1,1,1
8716,1760,1,1,1
8717,1761,1,1,1
8718,1761,1,1,1
8719,1762,1,1,1
8720,1763,1,1,1
8721,1763,1,1,1
8722,1765,1,1,1
8723,1765,1,1,1
8724,1767,1,1,1
8725,1767,1,1,1
8726,1767,1,1,1
8727,1767,1,1,1
8728,1767,1,1,1
8729,1767,9,1,1
8730,1770,1,1,1
8731,1770,1,1,1
8732,1771,1,1,1
8733,1771,1,1,1
8734,1772,1,1,1
8735,1773,1,1,1
8736,1774,14,1,1
8737,1774,1,1,1
8738,1775,1,1,1
8739,1778,1,1,1
8740,1778,1,1,1
8741,1778,1,1,1
8742,1778,1,1,1
8743,1778,1,1,1
8744,1779,14,1,1
8745,1779,15,1,1
8746,1779,1,1,1
8747,1781,1,1,1
8748,1781,1,1,1
8749,1781,15,1,1
8750,1781,14,1,1
8751,1781,1,1,1
8752,1782,1,1,1
8753,1783,1,1,1
8754,1783,15,1,1
8755,1784,4,1,1
8756,1784,1,1,1
8757,1784,1,1,1
8758,1786,1,1,1
8759,1787,1,1,1
8760,1787,1,1,1
8761,1787,1,1,1
8762,1788,1,1,1
8763,1789,1,1,1
8764,1791,1,1,1
8765,1791,1,1,1
8766,1791,1,1,1
8767,1796,1,1,1
8768,1797,1,1,1
8769,1797,4,1,1
8770,1797,1,1,1
8771,1797,1,1,1
8772,1798,1,1,1
8773,1798,1,1,1
8774,1798,4,1,1
8775,1799,1,1,1
8776,1801,7,1,1
8777,1801,4,1,1
8778,1801,1,1,1
8779,1801,1,1,1
8780,1801,1,1,1
8781,1803,1,1,1
8782,1804,1,1,1
8783,1804,1,1,1
8784,1804,1,1,1
8785,1804,1,1,1
8786,1806,1,1,1
8787,1806,1,1,1
8788,1807,1,1,1
8789,1809,1,1,1
8790,1809,1,1,1
8791,1811,1,1,1
8792,1811,1,1,1
8793,1813,1,1,1
8794,1813,1,1,1
8795,1813,6,1,1
8796,1814,1,1,1
8797,1814,1,1,1
8798,1814,15,1,1
8799,1814,1,1,1
8800,1816,15,1,1
8801,1817,1,1,1
8802,1817,1,1,1
8803,1817,1,1,1
8804,1819,1,1,1
8805,1820,1,1,1
8806,1820,1,1,1
8807,1821,1,1,1
8808,1823,1,1,1
8809,1825,1,1,1
8810,1825,1,1,1
8811,1826,1,1,1
8812,1826,1,1,1
8813,1828,1,1,1
8814,1828,1,1,1
8815,1829,1,1,1
8816,1829,1,1,1
8817,1829,1,1,1
8818,1830,1,1,1
8819,1833,1,1,1
8820,1834,1,1,1
8821,1834,1,1,1
8822,1835,1,1,1
8823,1835,1,1,1
8824,1835,15,1,1
8825,1837,1,1,1
8826,1838,15,1,1
8827,1838,1,1,1
8828,1839,1,1,1
8829,1840,3,1,1
8830,1840,1,1,1
8831,1841,1,1,1
8832,1841,1,1,1
8833,1843,1,1,1
8834,1844,1,1,1
8835,1847,1,1,1
8836,1847,1,1,1
8837,1849,1,1,1
8838,1849,1,1,1
8839,1850,1,1,1
8840,1850,1,1,1
8841,1851,1,1,1
8842,1851,1,1,1
8843,1851,1,1,1
8844,1851,1,1,1
8845,1851,1,1,1
8846,1851,1,1,1
8847,1851,1,1,1
8848,1851,1,1,1
8849,1851,1,1,1
8850,1851,1,1,1
8851,1851,1,1,1
8852,1851,1,1,1
8853,1851,1,1,1
8854,1851,1,1,1
8855,1851,1,1,1
8856,1851,1,1,1
8857,1851,1,1,1
8858,1851,1,1,1
8859,1851,1,1,1
8860,1851,1,1,1
8861,1851,1,1,1
8862,1851,1,1,1
8863,1851,1,1,1
8864,1851,1,1,1
8865,1851,1,1,1
8866,1851,1,1,1
8867,1851,1,1,1
8868,1851,1,1,1
8869,1851,1,1,1
8870,1851,1,1,1
8871,1851,1,1,1
8872,1851,1,1,1
8873,1851,1,1,1
8874,1851,1,1,1
8875,1851,1,1,1
8876,1851,1,1,1
8877,1851,1,1,1
8878,1851,1,1,1
8879,1851,1,1,1
8880,1851,1,1,1
8881,1851,1,1,1
8882,1851,1,1,1
8883,1851,1,1,1
8884,1851,1,1,1
8885,1851,1,1,1
8886,1851,1,1,1
8887,1851,1,1,1
8888,1851,1,1,1
8889,1851,1,1,1
8890,1851,1,1,1
8891,1852,3,1,1
8892,1853,8,1,1
8893,1854,8,1,1
8894,1854,1,1,1
8895,1855,1,1,1
8896,1855,1,1,1
8897,1855,3,1,1
8898,1856,1,1,1
8899,1857,1,1,1
8900,1857,1,1,1
8901,1857,1,1,1
8902,1857,1,1,1
8903,1857,3,1,1
8904,1858,1,1,1
8905,1858,1,1,1
8906,1859,3,1,1
8907,1860,1,1,1
8908,1860,1,1,1
8909,1860,1,1,1
8910,1860,1,1,1
8911,1861,1,1,1
8912,1863,1,1,1
8913,1866,1,1,1
8914,1868,1,1,1
8915,1868,3,1,1
8916,1868,1,1,1
8917,1870,4,1,1
8918,1870,1,1,1
8919,1871,1,1,1
8920,1871,1,1,1
8921,1872,1,1,1
8922,1872,1,1,1
8923,1872,1,1,1
8924,1873,1,1,1
8925,1873,1,1,1
8926,1874,1,1,1
8927,1875,1,1,1
8928,1876,15,1,1
8929,1876,3,1,1
8930,1876,1,1,1
8931,1876,1,1,1
8932,1876,1,1,1
8933,1878,1,1,1
8934,1879,3,1,1
8935,1879,1,1,1
8936,1880,3,1,1
8937,1881,3,1,1
8938,1882,1,1,1
8939,1882,3,1,1
8940,1883,1,1,1
8941,1883,1,1,1
8942,1884,1,1,1
8943,1884,1,1,1
8944,1884,1,1,1
8945,1884,1,1,1
8946,1885,4,1,2
8947,1885,1,1,1
8948,1886,1,1,1
8949,1887,1,1,1
8950,1889,1,1,1
8951,1889,1,1,1
8952,1890,1,1,1
8953,1890,4,1,1
8954,1890,1,1,1
8955,1891,1,1,1
8956,1892,3,1,1
8957,1893,1,1,1
8958,1895,1,1,1
8959,1895,1,1,1
8960,1896,1,1,1
8961,1898,1,1,1
8962,1899,1,1,1
8963,1900,1,1,1
8964,1902,1,1,1
8965,1902,1,1,1
8966,1902,1,1,1
8967,1902,1,1,1
8968,1902,1,1,1
8969,1902,1,1,1
8970,1902,3,1,1
8971,1902,1,1,1
8972,1903,1,1,1
8973,1903,1,1,1
8974,1903,1,1,1
8975,1904,3,1,1
8976,1904,1,1,1
8977,1905,3,1,1
8978,1906,1,1,1
8979,1906,1,1,1
8980,1907,1,1,1
8981,1908,3,1,1
8982,1910,1,1,1
8983,1910,1,1,1
8984,1911,4,1,2
8985,1913,1,1,1
8986,1915,1,1,1
8987,1915,1,1,1
8988,1917,1,1,1
8989,1918,2,1,1
8990,1919,15,1,1
8991,1919,1,1,1
8992,1919,1,1,1
8993,1919,1,1,1
8994,1920,1,1,1
8995,1922,1,1,1
8996,1922,1,1,1
8997,1922,7,1,1
8998,1923,1,1,1
8999,1923,1,1,1
9000,1923,1,1,1
9001,1924,1,1,1
9002,1924,1,1,1
9003,1924,1,1,1
9004,1924,1,1,1
9005,1928,1,1,1
9006,1928,1,1,1
9007,1929,1,1,1
9008,1929,1,1,1
9009,1931,1,1,1
9010,1932,1,1,1
9011,1932,1,1,1
9012,1932,15,1,1
9013,1932,4,1,1
9014,1932,10,1,1
9015,1932,1,1,1
9016,1936,1,1,1
9017,1936,1,1,1
9018,1936,1,1,1
9019,1937,1,1,1
9020,1937,2,1,1
9021,1939,1,1,1
9022,1939,1,1,1
9023,1939,1,1,1
9024,1940,1,1,1
9025,1940,1,1,1
9026,1942,1,1,1
9027,1943,1,1,1
9028,1943,1,1,1
9029,1943,1,1,1
9030,1943,2,1,1
9031,1943,1,1,1
9032,1945,1,1,1
9033,1945,2,1,1
9034,1945,1,1,1
9035,1947,2,1,1
9036,1948,1,1,1
9037,1948,2,1,1
9038,1948,1,1,1
9039,1948,15,2,1
9040,1948,15,2,1
9041,1948,15,2,1
9042,1948,15,2,1
9043,1948,15,2,1
9044,1948,15,2,1
9045,1948,15,2,1
9046,1948,15,2,1
9047,1948,15,2,1
9048,1948,15,2,1
9049,1948,15,2,1
9050,1948,15,2,1
9051,1948,15,2,1
9052,1948,15,2,1
9053,1948,15,2,1
9054,1948,15,2,1
9055,1948,15,2,1
9056,1948,15,2,1
9057,1948,15,2,1
9058,1948,15,2,1
9059,1948,15,2,1
9060,1948,15,2,1
9061,1948,15,2,1
9062,1948,15,2,1
9063,1948,15,2,1
9064,1948,15,2,1
9065,1948,15,2,1
9066,1948,15,2,1
9067,1948,15,2,1
9068,1948,15,2,1
9069,1948,15,2,1
9070,1948,15,2,1
9071,1948,15,2,1
9072,1948,15,2,1
9073,1948,15,2,1
9074,1948,15,2,1
9075,1948,15,2,1
9076,1948,15,2,1
9077,1948,15,2,1
9078,1948,15,2,1
9079,1948,15,2,1
9080,1948,15,2,1
9081,1948,15,2,1
9082,1948,15,2,1
9083,1948,15,2,1
9084,1948,15,2,1
9085,1948,15,2,1
9086,1948,15,2,1
9087,1948,15,2,1
9088,1948,15,2,1
9089,1948,15,2,1
9090,1948,15,2,1
9091,1948,15,2,1
9092,1948,15,2,1
9093,1948,15,2,1
9094,1948,15,2,1
9095,1948,15,2,1
9096,1948,15,2,1
9097,1948,15,2,1
9098,1948,15,2,1
9099,1948,15,2,1
9100,1948,15,2,1
9101,1948,15,2,1
9102,1948,15,2,1
9103,1948,15,2,1
9104,1948,15,2,1
9105,1948,15,2,1
9106,1948,15,2,1
9107,1948,15,2,1
9108,1948,15,2,1
9109,1948,15,2,1
9110,1948,15,2,1
9111,1948,15,2,1
9112,1948,15,2,1
9113,1948,15,2,1
9114,1948,15,2,1
9115,1948,15,2,1
9116,1948,15,2,1
9117,1948,15,2,1
9118,1948,15,2,1
9119,1948,15,2,1
9120,1948,15,2,1
9121,1948,15,2,1
9122,1948,15,2,1
9123,1948,15,2,1
9124,1948,15,2,1
9125,1948,15,2,1
9126,1948,15,2,1
9127,1948,15,2,1
9128,1948,15,2,1
9129,1948,15,2,1
9130,1948,15,2,1
9131,1948,15,2,1
9132,1948,15,2,1
9133,1948,15,2,1
9134,1948,15,2,1
9135,1948,15,2,1
9136,1948,15,2,1
9137,1948,15,2,1
9138,1948,15,2,1
9139,1948,15,2,1
9140,1948,15,2,1
9141,1948,15,2,1
9142,1948,15,2,1
9143,1948,15,2,1
9144,1948,15,2,1
9145,1948,15,2,1
9146,1948,15,2,1
9147,1948,15,2,1
9148,1948,15,2,1
9149,1948,15,2,1
9150,1948,15,2,1
9151,1948,15,2,1
9152,1948,15,2,1
9153,1948,15,2,1
9154,1948,15,2,1
9155,1948,15,2,1
9156,1948,15,2,1
9157,1948,15,2,1
9158,1948,15,2,1
9159,1948,15,2,1
9160,1948,15,2,1
9161,1948,15,2,1
9162,1948,15,2,1
9163,1948,15,2,1
9164,1948,15,2,1
9165,1948,15,2,1
9166,1948,15,2,1
9167,1948,15,2,1
9168,1948,15,2,1
9169,1948,15,2,1
9170,1948,15,2,1
9171,1948,15,2,1
9172,1948,15,2,1
9173,1948,15,2,1
9174,1948,15,2,1
9175,1948,15,2,1
9176,1948,15,2,1
9177,1948,15,2,1
9178,1948,15,2,1
9179,1948,15,2,1
9180,1948,15,2,1
9181,1948,15,2,1
9182,1948,15,2,1
9183,1948,15,2,1
9184,1948,15,2,1
9185,1948,15,2,1
9186,1948,15,2,1
9187,1948,15,2,1
9188,1948,15,2,1
9189,1948,15,2,1
9190,1948,15,2,1
9191,1948,15,2,1
9192,1948,15,2,1
9193,1948,15,2,1
9194,1948,15,2,1
9195,1948,15,2,1
9196,1948,15,2,1
9197,1948,15,2,1
9198,1948,15,2,1
9199,1948,15,2,1
9200,1948,15,2,1
9201,1948,15,2,1
9202,1948,15,2,1
9203,1948,15,2,1
9204,1948,15,2,1
9205,1948,15,2,1
9206,1948,15,2,1
9207,1948,15,2,1
9208,1948,15,2,1
9209,1948,15,2,1
9210,1948,15,2,1
9211,1948,15,2,1
9212,1948,15,2,1
9213,1948,15,2,1
9214,1948,15,2,1
9215,1948,15,2,1
9216,1948,15,2,1
9217,1948,15,2,1
9218,1948,15,2,1
9219,1948,15,2,1
9220,1948,15,2,1
9221,1948,15,2,1
9222,1948,15,2,1
9223,1948,15,2,1
9224,1948,15,2,1
9225,1948,15,2,1
9226,1948,15,2,1
9227,1948,15,2,1
9228,1948,2,1,1
9229,1948,1,1,1
9230,1949,1,1,1
9231,1951,15,1,1
9232,1951,5,1,1
9233,1951,15,1,1
9234,1951,15,1,1
9235,1951,15,1,1
9236,1951,15,1,1
9237,1951,15,1,1
9238,1951,1,1,1
9239,1951,15,1,1
9240,1951,5,1,1
9241,1951,15,1,1
9242,1951,15,1,1
9243,1951,15,1,1
9244,1951,15,1,1
9245,1951,15,1,1
9246,1951,1,1,1
9247,1951,1,1,1
9248,1952,1,1,1
9249,1952,1,1,1
9250,1955,2,1,1
9251,1955,1,1,1
9252,1958,15,1,1
9253,1961,1,1,1
9254,1962,1,1,1
9255,1962,15,1,1
9256,1962,1,1,1
9257,1963,1,1,1
9258,1964,1,1,1
9259,1964,1,1,1
9260,1965,1,1,1
9261,1965,1,1,1
9262,1965,2,1,1
9263,1965,1,1,1
9264,1965,1,1,1
9265,1965,1,1,1
9266,1966,1,1,1
9267,1967,1,1,1
9268,1967,15,1,1
9269,1967,15,1,1
9270,1967,15,1,1
9271,1967,15,1,1
9272,1967,10,1,1
9273,1967,12,1,1
9274,1967,15,1,1
9275,1967,1,1,1
9276,1967,5,1,1
9277,1967,6,1,1
9278,1967,1,1,1
9279,1967,8,1,1
9280,1967,5,1,1
9281,1967,3,1,1
9282,1967,1,1,1
9283,1967,1,1,1
9284,1968,2,1,1
9285,1968,15,1,1
9286,1968,15,1,1
9287,1968,8,1,1
9288,1968,15,1,1
9289,1968,15,1,1
9290,1968,15,1,1
9291,1968,11,1,1
9292,1968,15,1,1
9293,1968,15,1,1
9294,1968,15,1,1
9295,1968,15,1,1
9296,1968,15,1,1
9297,1968,15,1,1
9298,1968,15,1,1
9299,1968,13,1,1
9300,1968,9,1,1
9301,1968,15,1,1
9302,1968,15,1,1
9303,1968,15,1,1
9304,1968,15,1,1
9305,1968,15,1,1
9306,1968,15,1,1
9307,1968,15,1,1
9308,1968,6,1,1
9309,1968,15,1,1
9310,1968,15,1,1
9311,1968,15,1,1
9312,1968,15,1,1
9313,1968,15,1,1
9314,1968,15,1,1
9315,1968,5,1,1
9316,1968,1,1,1
9317,1968,1,1,1
9318,1968,7,1,1
9319,1968,7,1,1
9320,1968,15,1,1
9321,1968,15,1,1
9322,1968,15,1,1
9323,1968,1,1,1
9324,1968,12,1,1
9325,1968,15,1,1
9326,1968,15,1,1
9327,1968,15,1,1
9328,1968,15,1,1
9329,1968,15,1,1
9330,1968,15,1,1
9331,1968,2,1,1
9332,1968,15,1,1
9333,1968,4,1,1
9334,1968,8,1,1
9335,1968,15,1,1
9336,1969,10,1,1
9337,1969,15,1,1
9338,1969,15,1,1
9339,1969,15,1,1
9340,1969,15,1,1
9341,1969,3,1,1
9342,1969,15,1,1
9343,1969,15,1,1
9344,1969,15,1,1
9345,1969,15,1,1
9346,1969,4,1,1
9347,1969,5,1,1
9348,1969,5,1,1
9349,1969,15,1,1
9350,1969,15,1,1
9351,1970,15,1,1
9352,1970,15,1,1
9353,1970,5,1,1
9354,1970,5,1,1
9355,1970,15,1,1
9356,1970,11,1,1
9357,1970,15,1,1
9358,1970,15,1,1
9359,1970,4,1,1
9360,1970,15,1,1
9361,1970,15,1,1
9362,1970,9,1,1
9363,1970,7,1,1
9364,1971,11,1,1
9365,1971,4,1,1
9366,1971,11,1,1
9367,1971,15,1,1
9368,1971,15,1,1
9369,1971,15,1,1
9370,1971,15,1,1
9371,1971,9,1,1
9372,1971,9,1,1
9373,1971,15,1,1
9374,1971,15,1,1
9375,1971,15,1,1
9376,1972,1,1,1
9377,1972,15,1,1
9378,1972,15,1,1
9379,1972,5,1,1
9380,1972,9,1,1
9381,1972,15,1,1
9382,1972,15,1,1
9383,1972,15,1,1
9384,1972,11,1,1
9385,1972,15,1,1
9386,1972,10,1,1
9387,1972,15,1,1
9388,1972,15,1,1
9389,1972,9,1,1
9390,1972,2,1,1
9391,1972,15,1,1
9392,1973,1,1,1
9393,1973,2,1,1
9394,1973,15,1,1
9395,1973,9,1,1
9396,1973,15,1,1
9397,1973,15,1,1
9398,1973,8,1,1
9399,1973,15,1,1
9400,1973,1,1,1
9401,1973,11,1,1
9402,1973,15,1,1
9403,1973,15,1,1
9404,1973,15,1,1
9405,1973,15,1,1
9406,1973,7,1,1
9407,1973,15,1,1
9408,1973,15,1,1
9409,1974,8,1,1
9410,1974,15,1,1
9411,1974,8,1,1
9412,1974,5,1,1
9413,1974,15,1,1
9414,1974,15,1,1
9415,1974,15,1,1
9416,1974,15,1,1
9417,1974,15,1,1
9418,1974,15,1,1
9419,1974,15,1,1
9420,1974,15,1,1
9421,1974,15,1,1
9422,1974,15,1,1
9423,1974,2,1,1
9424,1974,15,1,1
9425,1974,15,1,1
9426,1974,15,1,1
9427,1974,3,1,1
9428,1974,9,1,1
9429,1974,12,1,1
9430,1974,8,1,1
9431,1974,8,1,1
9432,1974,6,1,1
9433,1974,15,1,1
9434,1974,11,1,1
9435,1974,15,1,1
9436,1974,15,1,1
9437,1974,15,1,1
9438,1974,2,1,1
9439,1974,2,1,1
9440,1974,15,1,1
9441,1974,15,1,1
9442,1974,15,1,1
9443,1974,15,1,1
9444,1974,11,1,1
9445,1974,15,1,1
9446,1974,15,1,1
9447,1974,15,1,1
9448,1974,15,1,1
9449,1974,15,1,1
9450,1974,1,1,1
9451,1974,15,1,1
9452,1974,15,1,1
9453,1974,15,1,1
9454,1974,9,1,1
9455,1974,15,1,1
9456,1974,5,1,1
9457,1974,15,1,1
9458,1974,15,1,1
9459,1974,15,1,1
9460,1974,15,1,1
9461,1974,15,1,1
9462,1974,15,1,1
9463,1974,15,1,1
9464,1974,15,1,1
9465,1974,10,1,1
9466,1974,3,1,1
9467,1974,15,1,1
9468,1974,2,1,1
9469,1974,15,1,1
9470,1974,15,1,1
9471,1974,6,1,1
9472,1974,15,1,1
9473,1974,15,1,1
9474,1974,15,1,1
9475,1974,15,1,1
9476,1974,6,1,1
9477,1974,15,1,1
9478,1974,15,1,1
9479,1974,15,1,1
9480,1974,15,1,1
9481,1974,15,1,1
9482,1974,15,1,1
9483,1974,15,1,1
9484,1974,15,1,1
9485,1974,1,1,1
9486,1974,15,1,1
9487,1974,15,1,1
9488,1974,1,1,1
9489,1974,15,1,1
9490,1974,7,1,1
9491,1974,15,1,1
9492,1974,5,1,1
9493,1974,15,1,1
9494,1974,3,1,1
9495,1974,15,1,1
9496,1974,1,1,1
9497,1974,15,1,1
9498,1974,15,1,1
9499,1974,15,1,1
9500,1974,11,1,1
9501,1974,15,1,1
9502,1974,15,1,1
9503,1974,15,1,1
9504,1975,7,1,1
9505,1975,8,1,1
9506,1975,15,1,1
9507,1975,15,1,1
9508,1975,15,1,1
9509,1975,7,1,1
9510,1975,15,1,1
9511,1975,15,1,1
9512,1975,15,1,1
9513,1975,15,1,1
9514,1975,4,1,1
9515,1975,15,1,1
9516,1975,15,1,1
9517,1975,15,1,1
9518,1975,2,1,1
9519,1975,9,1,1
9520,1975,15,1,1
9521,1975,15,1,1
9522,1975,5,1,1
9523,1975,15,1,1
9524,1975,15,1,1
9525,1975,8,1,1
9526,1975,7,1,1
9527,1976,15,1,1
9528,1976,15,1,1
9529,1976,15,1,1
9530,1976,15,1,1
9531,1976,15,1,1
9532,1976,15,1,1
9533,1976,6,1,1
9534,1976,15,1,1
9535,1976,4,1,1
9536,1976,15,1,1
9537,1976,15,1,1
9538,1976,5,1,1
9539,1976,15,1,1
9540,1976,5,1,1
9541,1976,6,1,1
9542,1976,15,1,1
9543,1976,11,1,1
9544,1976,15,1,1
9545,1976,15,1,1
9546,1976,2,1,1
9547,1976,15,1,1
9548,1976,9,1,1
9549,1976,15,1,1
9550,1976,7,1,1
9551,1976,15,1,1
9552,1976,15,1,1
9553,1976,7,1,1
9554,1976,15,1,1
9555,1976,15,1,1
9556,1976,1,1,1
9557,1976,2,1,1
9558,1976,15,1,1
9559,1976,15,1,1
9560,1976,2,1,1
9561,1976,7,1,1
9562,1977,15,1,1
9563,1977,15,1,1
9564,1977,8,1,1
9565,1977,15,1,1
9566,1977,15,1,1
9567,1977,15,1,1
9568,1977,15,3,1
9569,1977,15,1,1
9570,1977,3,1,1
9571,1977,15,1,1
9572,1977,15,1,1
9573,1977,15,1,1
9574,1977,15,1,1
9575,1977,9,1,1
9576,1977,5,1,1
9577,1978,15,1,1
9578,1978,4,1,1
9579,1978,7,1,1
9580,1978,15,1,1
9581,1978,15,1,1
9582,1978,15,1,1
9583,1978,15,1,1
9584,1978,9,1,1
9585,1978,15,1,1
9586,1978,2,1,1
9587,1978,15,1,1
9588,1978,15,1,1
9589,1978,15,1,1
9590,1978,5,1,1
9591,1978,15,1,1
9592,1978,10,1,1
9593,1978,15,1,1
9594,1978,15,1,1
9595,1978,15,1,1
9596,1978,11,1,1
9597,1978,11,1,1
9598,1978,15,1,1
9599,1978,15,1,1
9600,1978,15,1,1
9601,1978,15,1,1
9602,1978,11,1,1
9603,1978,15,1,1
9604,1978,15,1,1
9605,1978,10,1,1
9606,1978,5,1,1
9607,1978,15,1,1
9608,1978,15,1,1
9609,1978,15,1,1
9610,1978,15,1,1
9611,1979,1,1,1
9612,1979,15,1,1
9613,1979,3,1,1
9614,1979,15,1,1
9615,1979,15,1,1
9616,1979,10,1,1
9617,1979,7,1,1
9618,1979,15,1,1
9619,1979,15,1,1
9620,1979,15,1,1
9621,1979,15,1,1
9622,1979,15,1,1
9623,1979,15,1,1
9624,1979,5,1,1
9625,1979,15,1,1
9626,1979,15,1,1
9627,1979,15,1,1
9628,1979,3,1,1
9629,1979,15,1,1
9630,1979,15,1,1
9631,1979,15,1,1
9632,1979,15,1,1
9633,1979,15,1,1
9634,1979,15,1,1
9635,1979,15,1,1
9636,1979,10,1,1
9637,1979,11,1,1
9638,1979,15,3,1
9639,1979,1,1,1
9640,1979,15,1,1
9641,1979,10,1,1
9642,1979,15,1,1
9643,1979,15,1,1
9644,1979,4,1,1
9645,1979,15,1,1
9646,1979,9,1,1
9647,1979,15,1,1
9648,1979,15,1,1
9649,1979,15,1,1
9650,1979,15,1,1
9651,1979,4,1,1
9652,1979,15,1,1
9653,1979,15,1,1
9654,1979,15,1,1
9655,1979,6,1,1
9656,1979,15,1,1
9657,1979,15,1,1
9658,1979,5,1,1
9659,1979,3,1,1
9660,1979,15,1,1
9661,1979,15,1,1
9662,1979,15,1,1
9663,1979,15,1,1
9664,1979,15,1,1
9665,1979,15,1,1
9666,1979,2,1,1
9667,1979,6,1,1
9668,1979,15,1,1
9669,1979,15,1,1
9670,1979,11,1,1
9671,1979,8,1,1
9672,1979,15,1,1
9673,1979,15,1,1
9674,1979,4,1,1
9675,1979,15,1,1
9676,1979,15,1,1
9677,1979,15,1,1
9678,1979,15,1,1
9679,1979,7,1,1
9680,1979,8,1,1
9681,1979,15,1,1
9682,1979,15,1,1
9683,1979,15,1,1
9684,1979,4,1,1
9685,1979,15,1,1
9686,1979,15,1,1
9687,1979,15,1,1
9688,1979,15,1,1
9689,1979,15,1,1
9690,1979,15,1,1
9691,1979,4,1,1
9692,1979,8,1,1
9693,1979,15,1,1
9694,1979,6,1,1
9695,1979,15,1,1
9696,1979,15,1,1
9697,1979,15,1,1
9698,1979,15,1,1
9699,1979,15,1,1
9700,1979,15,1,1
9701,1979,15,1,1
9702,1980,2,1,1
9703,1980,11,1,1
9704,1980,15,1,1
9705,1980,15,1,1
9706,1980,15,1,1
9707,1980,1,1,1
9708,1980,15,1,1
9709,1980,8,1,1
9710,1980,15,1,1
9711,1980,5,1,1
9712,1980,6,1,1
9713,1980,15,1,1
9714,1980,15,1,1
9715,1980,2,1,1
9716,1980,15,1,1
9717,1980,15,1,1
9718,1980,1,1,1
9719,1980,15,1,1
9720,1980,8,1,1
9721,1980,15,1,1
9722,1980,5,1,1
9723,1980,4,1,1
9724,1980,15,1,1
9725,1980,13,1,1
9726,1980,15,1,1
9727,1980,10,1,1
9728,1980,1,1,1
9729,1980,15,1,1
9730,1980,15,1,1
9731,1980,15,1,1
9732,1980,6,1,1
9733,1980,15,1,1
9734,1980,15,1,1
9735,1980,15,1,1
9736,1980,6,1,1
9737,1980,6,1,1
9738,1981,7,1,1
9739,1981,1,1,1
9740,1981,15,1,1
9741,1981,15,1,1
9742,1981,10,1,1
9743,1981,5,1,1
9744,1981,2,1,1
9745,1981,1,1,1
9746,1981,7,1,1
9747,1981,15,1,1
9748,1981,15,1,1
9749,1982,1,1,1
9750,1982,6,1,1
9751,1982,15,1,1
9752,1982,15,1,1
9753,1982,15,1,1
9754,1982,15,1,1
9755,1983,1,1,1
9756,1984,1,1,1
9757,1984,9,1,1
9758,1984,1,1,1
9759,1984,1,1,1
9760,1984,15,1,1
9761,1984,1,1,1
9762,1984,2,1,1
9763,1984,1,1,1
9764,1985,1,1,1
9765,1986,1,1,1
9766,1986,2,1,1
9767,1986,1,1,1
9768,1987,1,1,1
9769,1988,1,1,1
9770,1990,1,1,1
9771,1990,1,1,1
9772,1990,1,1,1
9773,1990,1,1,1
9774,1990,1,1,1
9775,1993,1,1,1
9776,1993,1,1,1
9777,1995,1,1,1
9778,1995,1,1,1
9779,1995,1,1,1
9780,1995,1,1,1
9781,1996,1,1,1
9782,1996,1,1,1
9783,1999,4,1,1
9784,1999,1,1,1
9785,2001,1,1,1
9786,2002,15,1,1
9787,2002,4,1,1
9788,2002,1,1,1
9789,2002,1,1,1
9790,2003,1,1,1
9791,2005,1,1,1
9792,2005,1,1,1
9793,2006,1,1,1
9794,2006,1,1,1
9795,2008,1,1,1
9796,2008,1,1,1
9797,2008,1,1,1
9798,2008,1,1,1
9799,2008,1,1,1
9800,2009,1,1,1
9801,2009,9,1,1
9802,2010,1,1,1
9803,2010,1,1,1
9804,2010,1,1,1
9805,2011,1,1,1
9806,2011,1,1,1
9807,2011,1,1,1
9808,2012,3,1,1
9809,2012,3,1,1
9810,2012,3,1,1
9811,2012,3,1,1
9812,2012,3,1,1
9813,2012,3,1,1
9814,2012,3,1,1
9815,2012,3,1,1
9816,2012,3,1,1
9817,2012,3,1,1
9818,2012,3,1,1
9819,2012,3,1,1
9820,2012,3,1,1
9821,2012,3,1,1
9822,2012,3,1,1
9823,2012,3,1,1
9824,2012,3,1,1
9825,2012,3,1,1
9826,2012,3,1,1
9827,2012,3,1,1
9828,2012,3,1,1
9829,2012,3,1,1
9830,2012,3,1,1
9831,2012,3,1,1
9832,2012,3,1,1
9833,2012,3,1,1
9834,2012,3,1,1
9835,2012,3,1,1
9836,2012,3,1,1
9837,2012,3,1,1
9838,2012,3,1,1
9839,2012,3,1,1
9840,2012,3,1,1
9841,2012,3,1,1
9842,2012,3,1,1
9843,2012,3,1,1
9844,2012,3,1,1
9845,2012,3,1,1
9846,2012,3,1,1
9847,2012,3,1,1
9848,2012,3,1,1
9849,2012,3,1,1
9850,2012,3,1,1
9851,2012,3,1,1
9852,2012,3,1,1
9853,2012,3,1,1
9854,2012,3,1,1
9855,2012,3,1,1
9856,2012,3,1,1
9857,2012,3,1,1
9858,2012,3,1,1
9859,2012,3,1,1
9860,2012,3,1,1
9861,2012,3,1,1
9862,2012,3,1,1
9863,2012,3,1,1
9864,2012,3,1,1
9865,2012,3,1,1
9866,2012,3,1,1
9867,2012,3,1,1
9868,2012,3,1,1
9869,2012,3,1,1
9870,2012,3,1,1
9871,2012,3,1,1
9872,2012,3,1,1
9873,2012,3,1,1
9874,2012,3,1,1
9875,2012,3,1,1
9876,2012,3,1,1
9877,2012,3,1,1
9878,2012,3,1,1
9879,2012,3,1,1
9880,2012,3,1,1
9881,2012,3,1,1
9882,2012,3,1,1
9883,2012,3,1,1
9884,2012,3,1,1
9885,2012,3,1,1
9886,2012,3,1,1
9887,2012,3,1,1
9888,2012,3,1,1
9889,2012,3,1,1
9890,2012,3,1,1
9891,2012,3,1,1
9892,2012,3,1,1
9893,2012,3,1,1
9894,2012,3,1,1
9895,2012,3,1,1
9896,2012,3,1,1
9897,2012,3,1,1
9898,2012,3,1,1
9899,2012,3,1,1
9900,2012,3,1,1
9901,2012,3,1,1
9902,2012,3,1,1
9903,2012,3,1,1
9904,2012,3,1,1
9905,2012,3,1,1
9906,2012,3,1,1
9907,2012,3,1,1
9908,2012,15,1,1
9909,2012,1,1,1
9910,2012,15,2,4
9911,2012,1,1,1
9912,2013,1,1,1
9913,2015,1,1,1
9914,2015,1,1,1
9915,2018,1,1,1
9916,2022,1,1,1
9917,2022,1,1,1
9918,2023,1,1,1
9919,2024,1,1,1
9920,2024,15,1,1
9921,2024,1,1,1
9922,2025,1,1,1
9923,2025,1,1,1
9924,2027,1,1,1
9925,2027,1,1,1
9926,2027,1,1,1
9927,2028,1,1,1
9928,2028,1,1,1
9929,2029,1,1,1
9930,2029,1,1,1
9931,2030,1,1,1
9932,2030,1,1,1
9933,2030,1,1,1
9934,2030,1,1,1
9935,2030,1,1,1
9936,2032,1,1,1
9937,2032,1,1,1
9938,2033,1,1,1
9939,2033,1,1,1
9940,2034,9,1,1
9941,2034,1,1,1
9942,2035,1,1,1
9943,2036,1,1,1
9944,2038,1,1,1
9945,2039,1,1,1
9946,2040,1,1,1
9947,2040,8,1,1
9948,2040,1,1,1
9949,2040,1,1,1
9950,2043,1,1,1
9951,2043,1,1,1
9952,2045,1,1,1
9953,2045,1,1,1
9954,2045,1,1,1
9955,2045,15,1,1
9956,2046,1,1,1
9957,2048,1,1,1
9958,2048,1,1,1
9959,2050,5,1,1
9960,2050,8,1,1
9961,2050,14,1,1
9962,2050,15,1,1
9963,2050,15,1,1
9964,2050,15,1,1
9965,2050,15,1,1
9966,2050,15,1,1
9967,2050,2,1,1
9968,2050,1,1,1
9969,2050,1,1,1
9970,2052,1,1,1
9971,2053,1,1,1
9972,2054,1,1,1
9973,2055,1,1,1
9974,2055,1,1,1
9975,2055,1,1,1
9976,2055,1,1,1
9977,2057,1,1,1
9978,2057,1,1,1
9979,2057,1,1,1
9980,2059,1,1,1
9981,2059,1,1,1
9982,2059,1,1,1
9983,2059,1,1,1
9984,2059,15,1,1
9985,2060,1,1,1
9986,2062,1,1,1
9987,2063,1,1,1
9988,2065,1,1,1
9989,2066,1,1,1
9990,2068,1,1,1
9991,2068,1,1,1
9992,2068,1,1,1
9993,2070,1,1,1
9994,2070,1,1,1
9995,2070,1,1,1
9996,2071,1,1,1
9997,2072,1,1,1
9998,2073,1,1,1
9999,2073,1,1,1
10000,2073,1,1,1
10001,2074,1,1,1
10002,2075,1,1,1
10003,2077,1,1,1
10004,2077,1,1,1
10005,2077,1,1,1
10006,2078,1,1,1
10007,2078,1,1,1
10008,2078,1,1,1
10009,2079,1,1,1
10010,2079,1,1,1
10011,2083,15,1,1
10012,2085,1,1,1
10013,2085,1,1,1
10014,2086,1,1,1
10015,2086,1,1,1
10016,2088,1,1,1
10017,2090,1,1,1
10018,2090,1,1,1
10019,2091,1,1,1
10020,2093,1,1,1
10021,2094,15,1,1
10022,2094,1,1,1
10023,2096,1,1,1
10024,2096,1,1,1
10025,2096,1,1,1
10026,2097,1,1,1
10027,2098,1,1,1
10028,2098,1,1,1
10029,2099,6,1,1
10030,2099,1,1,1
10031,2099,1,1,1
10032,2100,1,1,1
10033,2100,1,1,1
10034,2100,1,1,1
10035,2100,7,1,1
10036,2102,1,1,1
10037,2103,1,1,1
10038,2103,1,1,1
10039,2104,1,1,1
10040,2105,1,1,1
10041,2105,1,1,1
10042,2106,1,1,1
10043,2107,1,1,1
10044,2109,1,1,1
10045,2110,1,1,1
10046,2112,7,1,1
10047,2114,1,1,1
10048,2114,1,1,1
10049,2116,1,1,1
10050,2116,1,1,1
10051,2117,1,1,1
10052,2117,1,1,1
10053,2117,1,1,1
10054,2119,1,1,1
10055,2120,1,1,1
10056,2121,1,1,1
10057,2122,1,1,1
10058,2122,1,1,1
10059,2123,1,1,1
10060,2125,1,1,1
10061,2125,1,1,1
10062,2125,1,1,1
10063,2126,1,1,1
10064,2126,1,1,1
10065,2126,1,1,1
10066,2127,1,1,1
10067,2128,1,1,1
10068,2128,1,1,1
10069,2129,1,1,1
10070,2129,1,1,1
10071,2131,1,1,1
10072,2131,1,1,1
10073,2131,1,1,1
10074,2134,1,1,1
10075,2135,6,1,1
10076,2137,1,1,1
10077,2137,15,1,1
10078,2138,7,1,1
10079,2139,1,1,1
10080,2139,1,1,1
10081,2140,1,1,1
10082,2141,1,1,1
10083,2145,1,1,1
10084,2145,15,1,1
10085,2145,10,1,1
10086,2146,1,1,1
10087,2146,1,1,1
10088,2148,1,1,1
10089,2148,1,1,1
10090,2148,1,1,1
10091,2148,1,1,1
10092,2149,1,1,1
10093,2149,4,1,1
10094,2150,1,1,1
10095,2150,1,1,1
10096,2150,1,1,1
10097,2152,1,1,1
10098,2153,1,1,1
10099,2153,1,1,1
10100,2154,4,1,1
10101,2154,1,1,1
10102,2154,1,1,1
10103,2154,1,1,1
10104,2155,1,1,1
10105,2157,1,1,1
10106,2157,1,1,1
10107,2157,1,1,1
10108,2159,1,1,1
10109,2161,1,1,1
10110,2161,1,1,1
10111,2165,1,1,1
10112,2166,1,1,1
10113,2167,1,1,1
10114,2167,1,1,1
10115,2168,1,1,1
10116,2168,1,1,1
10117,2169,15,1,1
10118,2170,1,1,1
10119,2170,1,1,1
10120,2172,1,1,1
10121,2174,1,1,1
10122,2175,1,1,1
10123,2176,1,1,1
10124,2177,1,1,1
10125,2177,1,1,1
10126,2178,1,1,1
10127,2179,15,2,1
10128,2179,1,1,1
10129,2179,1,1,1
10130,2180,1,1,1
10131,2183,1,1,1
10132,2185,1,1,1
10133,2185,1,1,1
10134,2186,1,1,1
10135,2186,1,1,1
10136,2188,1,1,1
10137,2190,15,1,1
10138,2190,1,1,1
10139,2192,1,1,1
10140,2193,1,1,1
10141,2193,1,1,1
10142,2193,1,1,1
10143,2193,1,1,1
10144,2194,1,1,1
10145,2194,1,1,1
10146,2195,1,1,1
10147,2195,1,1,1
10148,2196,1,1,1
10149,2197,1,1,1
10150,2197,1,1,1
10151,2199,1,1,1
10152,2199,7,1,1
10153,2200,11,1,1
10154,2200,4,1,1
10155,2200,15,1,1
10156,2200,15,1,1
10157,2200,1,1,1
10158,2207,1,1,1
10159,2208,1,1,1
10160,2208,1,1,1
10161,2208,1,1,1
10162,2209,1,1,1
10163,2209,1,1,1
10164,2210,15,1,1
10165,2210,1,1,1
10166,2210,1,1,1
10167,2213,1,1,1
10168,2213,1,1,1
10169,2213,1,1,1
10170,2214,1,1,1
10171,2215,1,1,1
10172,2215,1,1,1
10173,2215,1,1,1
10174,2215,1,1,1
10175,2217,1,1,1
10176,2218,1,1,1
10177,2219,1,1,1
10178,2220,1,1,1
10179,2220,1,1,1
10180,2221,1,1,1
10181,2222,1,1,1
10182,2222,1,1,1
10183,2223,1,1,1
10184,2223,1,1,1
10185,2223,1,1,1
10186,2224,1,1,1
10187,2224,1,1,1
10188,2224,1,1,1
10189,2226,15,1,1
10190,2226,4,1,1
10191,2226,3,1,1
10192,2226,6,2,1
10193,2226,8,1,1
10194,2227,11,1,1
10195,2227,3,1,1
10196,2227,1,1,1
10197,2229,1,1,1
10198,2230,1,1,1
10199,2230,1,1,1
10200,2230,9,1,1
10201,2230,7,1,1
10202,2231,1,1,1
10203,2231,1,1,1
10204,2231,1,1,1
10205,2231,4,1,1
10206,2234,1,1,1
10207,2234,1,1,1
10208,2235,1,1,1
10209,2237,1,1,1
10210,2238,1,1,1
10211,2238,1,1,1
10212,2238,1,1,1
10213,2239,1,1,1
10214,2239,1,1,1
10215,2241,15,1,1
10216,2241,5,1,1
10217,2241,1,1,1
10218,2241,1,1,1
10219,2241,1,1,1
10220,2241,1,1,1
10221,2241,1,1,1
10222,2242,6,1,1
10223,2242,1,1,1
10224,2243,1,1,1
10225,2243,1,1,1
10226,2244,1,1,1
10227,2244,1,1,1
10228,2247,1,1,1
10229,2252,1,1,1
10230,2252,1,1,1
10231,2253,1,1,1
10232,2254,1,1,1
10233,2255,14,1,1
10234,2255,15,1,1
10235,2255,15,1,1
10236,2255,15,1,1
10237,2255,1,1,1
10238,2255,1,1,1
10239,2256,15,1,1
10240,2256,15,1,1
10241,2256,15,1,1
10242,2256,15,1,1
10243,2257,1,1,1
10244,2257,1,1,1
10245,2258,1,1,1
10246,2258,1,1,1
10247,2259,6,1,1
10248,2259,1,1,1
10249,2259,1,1,1
10250,2259,1,1,1
10251,2259,1,1,1
10252,2260,1,1,1
10253,2260,1,1,1
10254,2262,1,1,1
10255,2262,1,1,1
10256,2263,15,1,1
10257,2263,1,1,1
10258,2264,1,1,1
10259,2264,1,1,1
10260,2264,1,1,1
10261,2265,1,1,1
10262,2266,1,1,1
10263,2266,1,1,1
10264,2267,15,2,1
10265,2267,15,2,1
10266,2267,15,2,1
10267,2267,15,2,1
10268,2267,15,2,1
10269,2267,15,2,1
10270,2267,15,2,1
10271,2267,15,2,1
10272,2267,15,2,1
10273,2267,15,2,1
10274,2267,15,2,1
10275,2267,15,2,1
10276,2267,15,2,1
10277,2267,15,2,1
10278,2267,15,2,1
10279,2267,15,2,1
10280,2267,15,2,1
10281,2267,15,2,1
10282,2267,15,2,1
10283,2267,15,2,1
10284,2267,15,2,1
10285,2267,15,2,1
10286,2267,15,2,1
10287,2267,15,2,1
10288,2267,15,2,1
10289,2267,15,2,1
10290,2267,15,2,1
10291,2267,15,2,1
10292,2267,15,2,1
10293,2267,15,2,1
10294,2267,15,2,1
10295,2267,15,2,1
10296,2267,15,2,1
10297,2267,15,2,1
10298,2267,15,2,1
10299,2267,15,2,1
10300,2267,15,2,1
10301,2267,15,2,1
10302,2267,15,2,1
10303,2267,15,2,1
10304,2267,15,2,1
10305,2267,15,2,1
10306,2267,15,2,1
10307,2267,15,2,1
10308,2267,15,2,1
10309,2267,15,2,1
10310,2267,15,2,1
10311,2267,15,2,1
10312,2267,15,2,1
10313,2267,15,2,1
10314,2267,15,2,1
10315,2267,15,2,1
10316,2267,15,2,1
10317,2267,15,2,1
10318,2267,15,2,1
10319,2267,15,2,1
10320,2267,15,2,1
10321,2267,15,2,1
10322,2267,15,2,1
10323,2267,15,2,1
10324,2267,15,2,1
10325,2267,15,2,1
10326,2267,15,2,1
10327,2267,15,2,1
10328,2267,15,2,1
10329,2267,15,2,1
10330,2267,15,2,1
10331,2267,15,2,1
10332,2267,15,2,1
10333,2267,15,2,1
10334,2267,15,2,1
10335,2267,15,2,1
10336,2267,15,2,1
10337,2267,15,2,1
10338,2267,15,2,1
10339,2267,15,2,1
10340,2267,15,2,1
10341,2267,15,2,1
10342,2267,15,2,1
10343,2267,15,2,1
10344,2267,15,2,1
10345,2267,15,2,1
10346,2267,15,2,1
10347,2267,15,2,1
10348,2267,15,2,1
10349,2267,15,2,1
10350,2267,15,2,1
10351,2267,15,2,1
10352,2267,15,2,1
10353,2267,15,2,1
10354,2267,15,2,1
10355,2267,15,2,1
10356,2267,15,2,1
10357,2267,15,2,1
10358,2267,15,2,1
10359,2267,15,2,1
10360,2267,15,2,1
10361,2267,15,2,1
10362,2267,15,2,1
10363,2267,15,2,1
10364,2267,15,2,1
10365,2267,15,2,1
10366,2267,15,2,1
10367,2267,15,2,1
10368,2267,15,2,1
10369,2267,15,2,1
10370,2267,15,2,1
10371,2267,15,2,1
10372,2267,15,2,1
10373,2267,15,2,1
10374,2267,15,2,1
10375,2267,15,2,1
10376,2267,15,2,1
10377,2267,15,2,1
10378,2267,15,2,1
10379,2267,15,2,1
10380,2267,15,2,1
10381,2267,15,2,1
10382,2267,15,2,1
10383,2267,15,2,1
10384,2267,15,2,1
10385,2267,15,2,1
10386,2267,15,2,1
10387,2267,15,2,1
10388,2267,15,2,1
10389,2267,15,2,1
10390,2267,15,2,1
10391,2267,15,2,1
10392,2267,15,2,1
10393,2267,15,2,1
10394,2267,15,2,1
10395,2267,15,2,1
10396,2267,15,2,1
10397,2267,15,2,1
10398,2267,15,2,1
10399,2267,15,2,1
10400,2267,15,2,1
10401,2267,15,2,1
10402,2267,15,2,1
10403,2267,15,2,1
10404,2267,15,2,1
10405,2267,15,2,1
10406,2267,15,2,1
10407,2267,15,2,1
10408,2267,15,2,1
10409,2267,15,2,1
10410,2267,15,2,1
10411,2267,15,2,1
10412,2267,15,2,1
10413,2267,15,2,1
10414,2267,15,2,1
10415,2267,15,2,1
10416,2267,15,2,1
10417,2267,15,2,1
10418,2267,15,2,1
10419,2267,15,2,1
10420,2267,15,2,1
10421,2267,15,2,1
10422,2267,15,2,1
10423,2267,15,2,1
10424,2267,15,2,1
10425,2267,15,2,1
10426,2267,15,2,1
10427,2267,15,2,1
10428,2267,15,2,1
10429,2267,15,2,1
10430,2267,15,2,1
10431,2267,15,2,1
10432,2267,15,2,1
10433,2267,15,2,1
10434,2267,15,2,1
10435,2267,15,2,1
10436,2267,15,2,1
10437,2267,15,2,1
10438,2267,15,2,1
10439,2267,15,2,1
10440,2267,15,2,1
10441,2267,15,2,1
10442,2267,15,2,1
10443,2267,15,2,1
10444,2267,15,2,1
10445,2267,15,2,1
10446,2267,15,2,1
10447,2267,15,2,1
10448,2267,15,2,1
10449,2267,15,2,1
10450,2267,15,2,1
10451,2267,15,2,1
10452,2267,15,2,1
10453,2267,2,1,1
10454,2267,15,1,1
10455,2267,15,1,1
10456,2267,1,1,1
10457,2269,1,1,1
10458,2270,15,1,1
10459,2270,15,1,1
10460,2270,15,1,1
10461,2270,15,1,1
10462,2270,15,1,1
10463,2270,15,1,1
10464,2270,1,1,1
10465,2270,15,1,1
10466,2270,2,1,1
10467,2270,15,1,1
10468,2270,15,1,1
10469,2270,15,1,1
10470,2270,15,1,1
10471,2270,15,1,1
10472,2270,6,1,1
10473,2270,15,1,1
10474,2270,5,1,1
10475,2270,15,2,1
10476,2270,15,1,1
10477,2270,1,1,1
10478,2270,15,1,1
10479,2270,15,1,1
10480,2270,15,1,1
10481,2270,1,1,1
10482,2270,15,1,1
10483,2270,15,1,1
10484,2270,15,1,1
10485,2270,15,1,1
10486,2270,1,1,1
10487,2271,1,1,1
10488,2273,1,1,1
10489,2274,15,1,1
10490,2274,1,1,1
10491,2274,1,1,1
10492,2275,4,1,1
10493,2277,1,1,1
10494,2278,1,1,1
10495,2279,1,1,1
10496,2279,1,1,1
10497,2279,15,1,1
10498,2280,1,1,1
10499,2280,1,1,1
10500,2281,1,1,1
10501,2282,1,1,1
10502,2282,1,1,1
10503,2283,1,1,1
10504,2284,1,1,1
10505,2284,1,1,1
10506,2284,15,3,1
10507,2284,1,1,1
10508,2286,15,1,1
10509,2286,15,1,1
10510,2286,15,1,1
10511,2286,15,1,1
10512,2286,15,1,1
10513,2286,15,1,1
10514,2286,15,1,1
10515,2286,15,1,1
10516,2286,15,1,1
10517,2286,15,1,1
10518,2286,8,1,1
10519,2286,15,1,1
10520,2286,15,1,1
10521,2286,9,1,1
10522,2286,15,1,1
10523,2286,15,1,1
10524,2286,15,1,1
10525,2286,15,1,1
10526,2286,15,1,1
10527,2286,6,1,1
10528,2286,15,1,1
10529,2286,15,1,1
10530,2286,15,1,1
10531,2286,2,1,1
10532,2286,2,1,1
10533,2286,15,1,1
10534,2286,15,1,1
10535,2286,8,1,1
10536,2286,15,1,1
10537,2286,15,1,1
10538,2286,15,1,1
10539,2286,8,1,1
10540,2286,15,1,1
10541,2286,15,1,1
10542,2286,15,1,1
10543,2286,15,1,1
10544,2286,4,1,1
10545,2286,15,1,1
10546,2286,15,1,1
10547,2286,15,1,1
10548,2286,15,1,1
10549,2286,15,1,1
10550,2286,15,1,1
10551,2287,15,1,1
10552,2287,15,1,1
10553,2287,15,1,1
10554,2287,10,1,1
10555,2287,15,1,1
10556,2287,15,1,1
10557,2287,15,1,1
10558,2287,6,1,1
10559,2287,15,1,1
10560,2287,15,1,1
10561,2287,6,1,1
10562,2287,15,1,1
10563,2287,4,1,1
10564,2287,2,1,1
10565,2287,4,1,1
10566,2288,15,1,1
10567,2288,15,1,1
10568,2288,15,1,1
10569,2288,15,1,1
10570,2288,3,1,1
10571,2288,10,1,1
10572,2288,9,1,1
10573,2288,15,1,1
10574,2288,15,1,1
10575,2288,1,1,1
10576,2288,15,1,1
10577,2288,3,1,1
10578,2288,15,1,1
10579,2288,15,1,1
10580,2288,15,1,1
10581,2288,15,1,1
10582,2288,15,1,1
10583,2288,7,1,1
10584,2288,15,1,1
10585,2288,15,1,1
10586,2288,15,1,1
10587,2288,15,3,1
10588,2289,15,1,1
10589,2289,15,1,1
10590,2289,5,1,1
10591,2289,15,1,1
10592,2289,3,1,1
10593,2289,15,1,1
10594,2289,2,1,1
10595,2289,15,1,1
10596,2289,4,1,1
10597,2289,15,1,1
10598,2289,4,1,1
10599,2289,15,1,1
10600,2289,15,1,1
10601,2289,5,1,1
10602,2289,1,1,1
10603,2289,15,1,1
10604,2289,9,1,1
10605,2289,15,1,1
10606,2289,15,1,1
10607,2290,1,1,1
10608,2290,8,1,1
10609,2290,15,1,1
10610,2290,15,1,1
10611,2290,1,1,1
10612,2290,1,1,1
10613,2291,15,1,1
10614,2291,15,1,1
10615,2291,15,1,1
10616,2291,1,1,1
10617,2291,15,1,1
10618,2291,4,1,1
10619,2291,15,1,1
10620,2291,2,1,1
10621,2291,15,1,1
10622,2291,2,1,1
10623,2291,15,1,1
10624,2291,15,1,1
10625,2291,1,1,1
10626,2291,15,1,1
10627,2291,12,1,1
10628,2291,15,1,1
10629,2291,15,1,1
10630,2291,15,1,1
10631,2291,3,1,1
10632,2291,15,1,1
10633,2291,15,3,1
10634,2291,15,1,1
10635,2291,15,1,1
10636,2291,11,1,1
10637,2291,15,1,1
10638,2291,8,1,1
10639,2291,15,1,1
10640,2291,15,1,1
10641,2291,15,1,1
10642,2291,15,1,1
10643,2291,15,1,1
10644,2291,9,1,1
10645,2291,15,1,1
10646,2291,15,1,1
10647,2291,15,1,1
10648,2291,7,1,1
10649,2291,3,1,1
10650,2291,15,1,1
10651,2291,15,1,1
10652,2291,15,1,1
10653,2291,15,1,1
10654,2291,14,1,1
10655,2292,15,1,1
10656,2292,15,1,1
10657,2292,15,1,1
10658,2292,15,1,1
10659,2292,15,1,1
10660,2292,15,1,1
10661,2292,15,1,1
10662,2292,15,1,1
10663,2292,15,3,1
10664,2292,11,1,1
10665,2292,15,1,1
10666,2292,1,1,1
10667,2292,15,1,1
10668,2292,15,1,1
10669,2292,15,1,1
10670,2292,15,1,1
10671,2292,15,1,1
10672,2292,9,1,1
10673,2292,15,1,1
10674,2292,15,1,1
10675,2292,15,1,1
10676,2292,15,1,1
10677,2292,15,1,1
10678,2292,4,1,1
10679,2292,15,1,1
10680,2292,1,1,1
10681,2293,2,1,1
10682,2293,5,1,1
10683,2293,15,1,1
10684,2293,15,1,1
10685,2293,15,1,1
10686,2293,8,1,1
10687,2293,6,1,1
10688,2293,15,1,1
10689,2293,4,1,1
10690,2293,15,1,1
10691,2293,15,1,1
10692,2293,15,1,1
10693,2293,15,1,1
10694,2293,9,1,1
10695,2293,15,1,1
10696,2293,15,1,1
10697,2293,15,1,1
10698,2293,15,1,1
10699,2293,8,1,1
10700,2293,15,1,1
10701,2293,15,1,1
10702,2293,15,1,1
10703,2293,15,1,1
10704,2293,15,1,1
10705,2293,15,1,1
10706,2293,15,1,1
10707,2293,15,1,1
10708,2293,15,1,1
10709,2293,3,1,1
10710,2293,15,1,1
10711,2293,15,1,1
10712,2293,15,1,1
10713,2293,5,1,1
10714,2293,12,1,1
10715,2293,15,1,1
10716,2293,15,1,1
10717,2293,15,1,1
10718,2293,15,1,1
10719,2293,11,1,1
10720,2293,8,1,1
10721,2293,15,1,1
10722,2293,15,1,1
10723,2293,15,1,1
10724,2293,15,1,1
10725,2293,15,1,1
10726,2293,4,1,1
10727,2293,15,1,1
10728,2293,10,1,1
10729,2293,15,1,1
10730,2294,2,1,1
10731,2294,15,1,1
10732,2294,15,1,1
10733,2294,15,1,1
10734,2294,15,1,1
10735,2294,15,1,1
10736,2294,15,1,1
10737,2294,1,1,1
10738,2294,15,1,1
10739,2294,15,1,1
10740,2294,15,1,1
10741,2294,15,1,1
10742,2294,5,1,1
10743,2294,15,1,1
10744,2294,15,1,1
10745,2294,3,1,1
10746,2294,15,1,1
10747,2294,15,1,1
10748,2294,5,1,1
10749,2294,3,1,1
10750,2294,15,1,1
10751,2294,1,1,1
10752,2294,15,1,1
10753,2294,4,1,1
10754,2294,15,1,1
10755,2294,15,1,1
10756,2294,3,1,1
10757,2294,15,1,1
10758,2294,15,1,1
10759,2294,11,1,1
10760,2294,10,1,1
10761,2294,5,1,1
10762,2294,15,1,1
10763,2294,7,1,1
10764,2294,7,1,1
10765,2294,15,1,1
10766,2294,15,1,1
10767,2294,15,1,1
10768,2294,15,1,1
10769,2294,3,1,1
10770,2294,1,1,1
10771,2294,9,1,1
10772,2294,15,1,1
10773,2294,15,1,1
10774,2294,15,1,1
10775,2294,9,1,1
10776,2294,15,1,1
10777,2294,15,1,1
10778,2294,8,1,1
10779,2294,11,1,1
10780,2294,7,1,1
10781,2294,4,1,1
10782,2294,8,1,1
10783,2294,15,1,1
10784,2294,10,1,1
10785,2294,5,1,1
10786,2294,15,1,1
10787,2294,15,1,1
10788,2294,15,1,1
10789,2294,15,1,1
10790,2294,1,1,1
10791,2294,15,1,1
10792,2294,2,1,1
10793,2294,2,1,1
10794,2294,15,1,1
10795,2294,4,1,1
10796,2294,2,1,1
10797,2294,15,1,1
10798,2294,9,1,1
10799,2294,15,1,1
10800,2294,4,1,1
10801,2294,15,1,1
10802,2294,15,1,1
10803,2294,2,1,1
10804,2294,15,1,1
10805,2294,15,1,1
10806,2294,15,1,1
10807,2294,15,1,1
10808,2294,1,1,1
10809,2294,4,1,1
10810,2295,10,1,1
10811,2295,15,1,1
10812,2295,15,1,1
10813,2295,2,1,1
10814,2295,10,1,1
10815,2295,15,1,1
10816,2295,15,1,1
10817,2295,15,1,1
10818,2295,15,1,1
10819,2295,4,1,1
10820,2295,15,1,1
10821,2295,7,1,1
10822,2295,3,1,1
10823,2295,15,1,1
10824,2295,5,1,1
10825,2295,2,1,1
10826,2295,15,1,1
10827,2295,15,1,1
10828,2295,15,1,1
10829,2295,15,3,1
10830,2295,15,1,1
10831,2295,15,1,1
10832,2295,10,1,1
10833,2295,15,1,1
10834,2295,15,1,1
10835,2295,15,1,1
10836,2295,4,1,1
10837,2295,7,1,1
10838,2295,10,1,1
10839,2295,15,1,1
10840,2295,15,1,1
10841,2295,2,1,1
10842,2295,15,1,1
10843,2295,15,1,1
10844,2295,15,1,1
10845,2295,15,1,1
10846,2295,2,1,1
10847,2295,15,1,1
10848,2295,15,1,1
10849,2295,15,1,1
10850,2295,15,1,1
10851,2295,15,1,1
10852,2296,5,1,1
10853,2296,1,1,1
10854,2296,15,1,1
10855,2296,15,1,1
10856,2296,15,1,1
10857,2296,15,1,1
10858,2296,1,1,1
10859,2296,15,1,1
10860,2296,15,1,1
10861,2296,15,1,1
10862,2296,9,1,1
10863,2296,15,1,1
10864,2296,15,1,1
10865,2296,15,1,1
10866,2296,15,1,1
10867,2296,15,1,1
10868,2296,15,1,1
10869,2296,14,1,1
10870,2296,15,1,1
10871,2296,5,1,1
10872,2296,1,1,1
10873,2296,4,1,1
10874,2296,15,1,1
10875,2296,15,1,1
10876,2296,15,1,1
10877,2296,15,1,1
10878,2296,15,1,1
10879,2296,15,1,1
10880,2296,9,1,1
10881,2296,15,1,1
10882,2296,15,1,1
10883,2296,15,1,1
10884,2297,15,1,1
10885,2297,15,1,1
10886,2297,15,1,1
10887,2297,15,1,1
10888,2297,15,1,1
10889,2297,15,1,1
10890,2297,14,1,1
10891,2297,2,1,1
10892,2297,15,1,1
10893,2297,11,1,1
10894,2297,15,1,1
10895,2297,15,1,1
10896,2297,15,1,1
10897,2297,7,1,1
10898,2297,15,1,1
10899,2297,11,1,1
10900,2297,15,1,1
10901,2297,15,1,1
10902,2297,6,1,1
10903,2297,15,1,1
10904,2297,8,1,1
10905,2297,15,1,1
10906,2297,5,1,1
10907,2297,9,1,1
10908,2297,12,1,1
10909,2297,15,1,1
10910,2297,13,1,1
10911,2297,15,1,1
10912,2297,12,1,1
10913,2297,15,1,1
10914,2297,15,1,1
10915,2297,7,1,1
10916,2297,6,1,1
10917,2297,7,1,1
10918,2297,15,1,1
10919,2297,15,1,1
10920,2297,7,1,1
10921,2297,15,1,1
10922,2297,15,1,1
10923,2297,15,1,1
10924,2297,15,3,1
10925,2297,15,1,1
10926,2297,10,1,1
10927,2297,15,1,1
10928,2297,1,1,1
10929,2297,15,1,1
10930,2297,5,1,1
10931,2297,15,1,1
10932,2297,14,1,1
10933,2297,15,1,1
10934,2297,15,1,1
10935,2297,10,1,1
10936,2297,15,1,1
10937,2297,11,1,1
10938,2297,1,1,1
10939,2297,9,1,1
10940,2297,6,1,1
10941,2297,1,1,1
10942,2297,15,1,1
10943,2297,5,1,1
10944,2297,15,1,1
10945,2297,15,1,1
10946,2297,15,1,1
10947,2297,7,1,1
10948,2297,15,1,1
10949,2297,3,1,1
10950,2297,15,1,1
10951,2297,15,1,1
10952,2299,15,1,1
10953,2299,15,1,1
10954,2299,15,1,1
10955,2299,15,1,1
10956,2299,15,1,1
10957,2299,15,1,1
10958,2299,15,1,1
10959,2299,15,1,1
10960,2299,15,1,1
10961,2299,15,1,1
10962,2299,15,1,1
10963,2299,15,1,1
10964,2299,15,1,1
10965,2299,15,1,1
10966,2299,15,1,1
10967,2299,15,1,1
10968,2299,15,1,1
10969,2299,15,1,1
10970,2299,1,1,1
10971,2299,15,1,1
10972,2299,15,1,1
10973,2299,15,1,1
10974,2299,3,1,1
10975,2299,4,1,1
10976,2299,11,1,1
10977,2299,11,1,1
10978,2299,13,1,1
10979,2299,15,1,1
10980,2299,6,1,1
10981,2299,15,1,1
10982,2299,15,1,1
10983,2299,5,1,1
10984,2299,15,1,1
10985,2299,15,1,1
10986,2299,13,1,1
10987,2299,4,1,1
10988,2299,15,1,1
10989,2299,15,1,1
10990,2299,15,1,1
10991,2299,6,1,1
10992,2299,15,1,1
10993,2299,15,1,1
10994,2299,15,1,1
10995,2299,15,1,1
10996,2299,15,1,1
10997,2299,6,1,1
10998,2299,6,1,1
10999,2299,15,1,1
11000,2299,14,1,1
11001,2299,15,1,1
11002,2299,6,1,1
11003,2299,15,1,1
11004,2299,15,1,1
11005,2299,5,1,1
11006,2299,15,1,1
11007,2299,15,1,1
11008,2299,8,1,1
11009,2299,1,1,1
11010,2299,15,1,1
11011,2300,15,1,1
11012,2300,15,1,1
11013,2300,3,1,1
11014,2300,8,1,1
11015,2300,7,1,1
11016,2300,15,1,1
11017,2300,15,1,1
11018,2300,15,1,1
11019,2300,7,1,1
11020,2300,15,1,1
11021,2300,15,1,1
11022,2300,3,1,1
11023,2300,5,1,1
11024,2300,9,1,1
11025,2300,15,1,1
11026,2300,15,1,1
11027,2300,15,1,1
11028,2300,1,1,1
11029,2300,15,1,1
11030,2300,1,1,1
11031,2300,15,1,1
11032,2300,15,1,1
11033,2300,15,1,1
11034,2300,15,1,1
11035,2300,15,1,1
11036,2300,15,1,1
11037,2300,15,1,1
11038,2300,15,1,1
11039,2300,9,1,1
11040,2300,15,1,1
11041,2300,3,1,1
11042,2300,15,1,1
11043,2300,7,1,1
11044,2301,15,1,1
11045,2301,15,1,1
11046,2301,15,1,1
11047,2301,11,1,1
11048,2301,15,1,1
11049,2301,8,1,1
11050,2301,15,1,1
11051,2301,15,1,1
11052,2301,15,1,1
11053,2301,1,1,1
11054,2302,1,1,1
11055,2302,1,1,1
11056,2302,1,1,1
11057,2303,13,1,1
11058,2303,15,1,1
11059,2303,15,1,1
11060,2303,13,1,1
11061,2304,1,1,1
11062,2304,6,1,1
11063,2304,15,1,1
11064,2304,15,1,1
11065,2304,15,1,1
11066,2304,3,1,1
11067,2304,11,1,1
11068,2304,2,1,1
11069,2304,6,1,1
11070,2304,6,1,1
11071,2304,15,1,1
11072,2304,11,1,1
11073,2304,5,1,1
11074,2304,11,1,1
11075,2304,7,1,1
11076,2304,8,1,1
11077,2304,15,1,1
11078,2304,15,1,1
11079,2304,6,1,1
11080,2304,8,1,1
11081,2304,15,1,1
11082,2304,15,1,1
11083,2304,8,1,1
11084,2305,11,1,1
11085,2305,2,1,1
11086,2305,15,1,1
11087,2305,1,1,1
11088,2305,1,1,1
11089,2305,1,1,1
11090,2306,8,1,1
11091,2306,15,1,1
11092,2306,9,1,1
11093,2306,15,1,1
11094,2306,4,1,1
11095,2307,15,1,1
11096,2308,1,1,1
11097,2308,1,1,1
11098,2309,1,1,1
11099,2310,1,1,1
11100,2310,1,1,1
11101,2310,1,1,1
11102,2310,8,1,1
11103,2310,15,1,1
11104,2310,1,1,1
11105,2310,1,1,1
11106,2313,1,1,1
11107,2313,1,1,1
11108,2313,1,1,1
11109,2314,3,1,1
11110,2314,4,1,1
11111,2314,1,1,1
11112,2315,1,1,1
11113,2315,1,1,1
11114,2317,1,1,1
11115,2319,15,1,1
11116,2319,1,1,1
11117,2319,1,1,1
11118,2319,1,1,1
11119,2320,1,1,1
11120,2321,1,1,1
11121,2323,5,1,1
11122,2324,3,1,1
11123,2325,11,1,1
11124,2325,15,1,1
11125,2325,15,1,1
11126,2326,1,1,1
11127,2327,1,1,1
11128,2327,1,1,1
11129,2327,1,1,1
11130,2327,1,1,1
11131,2327,1,1,1
11132,2328,1,1,1
11133,2329,9,1,1
11134,2334,6,1,1
11135,2335,1,1,1
11136,2337,1,1,1
11137,2337,1,1,1
11138,2339,1,1,1
11139,2339,1,1,1
11140,2339,1,1,1
11141,2341,1,1,1
11142,2341,1,1,1
11143,2341,1,1,1
11144,2343,1,1,1
11145,2343,1,1,1
11146,2343,1,1,1
11147,2343,15,1,1
11148,2344,1,1,1
11149,2344,1,1,1
11150,2344,15,1,1
11151,2345,1,1,1
11152,2346,1,1,1
11153,2346,1,1,1
11154,2346,1,1,1
11155,2346,1,1,1
11156,2348,1,1,1
11157,2348,15,1,1
11158,2348,5,1,1
11159,2349,1,1,1
11160,2351,1,1,1
11161,2352,1,1,1
11162,2353,1,1,1
11163,2353,15,1,1
11164,2353,15,1,1
11165,2353,15,1,1
11166,2353,15,1,1
11167,2357,1,1,1
11168,2358,1,1,1
11169,2358,6,1,1
11170,2358,1,1,1
11171,2359,1,1,1
11172,2359,1,1,1
11173,2360,1,1,1
11174,2361,1,1,1
11175,2365,1,1,1
11176,2365,1,1,1
11177,2365,15,1,1
11178,2367,9,1,1
11179,2367,1,1,1
11180,2368,1,1,1
11181,2369,15,1,1
11182,2370,1,1,1
11183,2371,1,1,1
11184,2372,1,1,1
11185,2374,5,1,1
11186,2376,2,1,1
11187,2376,1,1,1
11188,2376,1,1,1
11189,2376,1,1,1
11190,2377,1,1,1
11191,2377,1,1,1
11192,2378,1,1,1
11193,2378,1,1,1
11194,2378,1,1,1
11195,2378,1,1,1
11196,2379,15,1,1
11197,2379,1,1,1
11198,2379,1,1,1
11199,2381,1,1,1
11200,2387,1,1,1
11201,2388,15,1,1
11202,2388,1,1,1
11203,2389,1,1,1
11204,2389,1,1,1
11205,2390,1,1,1
11206,2390,15,1,1
11207,2390,1,1,1
11208,2395,4,1,1
11209,2397,15,1,1
11210,2398,1,1,1
11211,2399,1,1,1
11212,2400,1,1,1
11213,2400,1,1,1
11214,2402,3,1,1
11215,2402,1,1,1
11216,2403,1,1,1
11217,2403,15,1,1
11218,2404,1,1,1
11219,2405,1,1,1
11220,2405,1,1,1
11221,2406,1,1,1
11222,2407,1,1,1
11223,2408,1,1,1
11224,2409,1,1,1
11225,2409,1,1,1
11226,2409,1,1,1
11227,2409,1,1,1
11228,2410,1,1,1
11229,2410,15,1,1
11230,2412,1,1,1
11231,2414,1,1,1
11232,2416,1,1,1
11233,2416,1,1,1
11234,2419,1,1,1
11235,2420,1,1,1
11236,2420,1,1,1
11237,2421,1,1,1
11238,2421,1,1,1
11239,2421,1,1,1
11240,2422,1,1,1
11241,2426,15,2,1
11242,2426,1,1,1
11243,2426,1,1,1
11244,2426,1,1,1
11245,2426,1,1,1
11246,2427,1,1,1
11247,2428,1,1,1
11248,2430,1,1,1
11249,2430,1,1,1
11250,2431,1,1,1
11251,2431,1,1,1
11252,2431,2,1,1
11253,2434,1,1,1
11254,2436,1,1,1
11255,2437,1,1,1
11256,2437,1,1,1
11257,2438,1,1,1
11258,2439,1,1,1
11259,2439,1,1,1
11260,2440,1,1,1
11261,2440,1,1,1
11262,2440,1,1,1
11263,2441,1,1,1
11264,2442,15,1,1
11265,2444,1,1,1
11266,2445,1,1,1
11267,2446,1,1,1
11268,2446,1,1,1
11269,2446,10,1,1
11270,2446,7,1,1
11271,2446,3,1,1
11272,2448,1,1,1
11273,2448,1,1,1
11274,2448,1,1,1
11275,2448,1,1,1
11276,2448,1,1,1
11277,2448,1,1,1
11278,2448,1,1,1
11279,2448,1,1,1
11280,2449,1,1,1
11281,2449,1,1,1
11282,2449,1,1,1
11283,2452,1,1,1
11284,2452,1,1,1
11285,2452,1,1,1
11286,2453,1,1,1
11287,2458,1,1,1
11288,2459,1,1,1
11289,2459,1,1,1
11290,2460,1,1,1
11291,2461,1,1,1
11292,2462,1,1,1
11293,2462,1,1,1
11294,2462,1,1,1
11295,2462,1,1,1
11296,2466,1,1,1
11297,2466,1,1,1
11298,2467,1,1,1
11299,2467,1,1,1
11300,2469,1,1,1
11301,2469,1,1,1
11302,2469,1,1,1
11303,2469,1,1,1
11304,2469,15,1,1
11305,2470,1,1,1
11306,2470,1,1,1
11307,2472,1,1,1
11308,2475,1,1,1
11309,2478,1,1,1
11310,2479,1,1,1
11311,2480,1,1,1
11312,2480,1,1,1
11313,2481,1,1,1
11314,2481,1,1,1
11315,2481,7,1,1
11316,2481,1,1,1
11317,2482,1,1,1
11318,2482,1,1,1
11319,2482,1,1,1
11320,2484,15,1,1
11321,2485,2,1,1
11322,2488,15,1,1
11323,2488,1,1,1
11324,2489,1,1,1
11325,2489,1,1,1
11326,2490,1,1,1
11327,2490,1,1,1
11328,2490,1,1,1
11329,2490,1,1,1
11330,2491,1,1,1
11331,2491,1,1,1
11332,2492,1,1,1
11333,2494,1,1,1
11334,2495,1,1,1
11335,2495,9,1,1
11336,2495,1,1,1
11337,2495,1,1,1
11338,2495,1,1,1
11339,2496,9,1,1
11340,2496,8,1,1
11341,2496,9,1,1
11342,2496,7,1,1
11343,2496,6,1,1
11344,2496,9,1,1
11345,2496,7,1,1
11346,2496,9,1,1
11347,2496,7,1,1
11348,2496,7,1,1
11349,2496,9,1,1
11350,2496,9,1,1
11351,2496,9,1,1
11352,2496,9,1,1
11353,2496,9,1,1
11354,2496,9,1,1
11355,2496,7,1,1
11356,2496,7,1,1
11357,2496,8,1,1
11358,2496,7,1,1
11359,2496,9,1,1
11360,2496,9,1,1
11361,2496,9,1,1
11362,2496,7,1,1
11363,2496,9,1,1
11364,2496,8,1,1
11365,2496,9,1,1
11366,2496,9,1,1
11367,2496,7,1,1
11368,2496,8,1,1
11369,2496,9,1,1
11370,2496,7,1,1
11371,2496,8,1,1
11372,2496,7,1,1
11373,2496,9,1,1
11374,2496,8,1,1
11375,2496,9,1,1
11376,2496,8,1,1
11377,2496,7,1,1
11378,2496,8,1,1
11379,2496,7,1,1
11380,2496,7,1,1
11381,2496,7,1,1
11382,2496,8,1,1
11383,2496,9,1,1
11384,2496,7,1,1
11385,2496,7,1,1
11386,2496,8,1,1
11387,2496,9,1,1
11388,2496,9,1,1
11389,2496,9,1,1
11390,2496,9,1,1
11391,2496,7,1,1
11392,2496,9,1,1
11393,2496,7,1,1
11394,2496,9,1,1
11395,2496,7,1,1
11396,2496,7,1,1
11397,2496,9,1,1
11398,2496,9,1,1
11399,2496,1,1,1
11400,2496,1,1,1
11401,2497,7,1,1
11402,2497,1,1,1
11403,2498,15,1,1
11404,2498,1,1,1
11405,2498,1,1,1
11406,2498,1,1,1
11407,2498,1,1,1
11408,2499,1,1,1
11409,2500,1,1,1
11410,2504,1,1,1
11411,2504,1,1,1
11412,2505,1,1,1
11413,2507,6,1,1
11414,2508,3,1,1
11415,2509,6,1,1
11416,2509,6,1,1
11417,2509,6,1,1
11418,2509,6,1,1
11419,2509,6,1,1
11420,2509,6,1,1
11421,2509,6,1,1
11422,2509,6,1,1
11423,2509,6,1,1
11424,2509,6,1,1
11425,2509,6,1,1
11426,2509,6,1,1
11427,2509,6,1,1
11428,2509,6,1,1
11429,2509,6,1,1
11430,2509,6,1,1
11431,2509,6,1,1
11432,2509,6,1,1
11433,2509,6,1,1
11434,2509,6,1,1
11435,2509,3,1,1
11436,2509,3,1,1
11437,2509,3,1,1
11438,2509,3,1,1
11439,2509,3,1,1
11440,2509,3,1,1
11441,2509,3,1,1
11442,2509,3,1,1
11443,2509,3,1,1
11444,2509,3,1,1
11445,2509,3,1,1
11446,2509,3,1,1
11447,2509,3,1,1
11448,2509,3,1,1
11449,2509,3,1,1
11450,2509,3,1,1
11451,2509,3,1,1
11452,2509,3,1,1
11453,2509,3,1,1
11454,2509,3,1,1
11455,2509,3,1,1
11456,2509,3,1,1
11457,2509,3,1,1
11458,2509,3,1,1
11459,2509,3,1,1
11460,2509,3,1,1
11461,2509,3,1,1
11462,2509,3,1,1
11463,2509,3,1,1
11464,2509,3,1,1
11465,2509,3,1,1
11466,2509,3,1,1
11467,2509,3,1,1
11468,2509,3,1,1
11469,2509,3,1,1
11470,2509,3,1,1
11471,2509,3,1,1
11472,2509,3,1,1
11473,2509,3,1,1
11474,2509,3,1,1
11475,2509,3,1,1
11476,2509,3,1,1
11477,2509,3,1,1
11478,2509,3,1,1
11479,2509,3,1,1
11480,2509,3,1,1
11481,2509,3,1,1
11482,2509,3,1,1
11483,2509,3,1,1
11484,2509,3,1,1
11485,2509,3,1,1
11486,2509,1,1,1
11487,2510,1,1,1
11488,2510,1,1,1
11489,2510,1,1,1
11490,2514,1,1,1
11491,2514,1,1,1
11492,2514,1,1,1
11493,2516,7,1,1
11494,2516,5,1,1
11495,2517,1,1,1
11496,2520,1,1,1
11497,2521,1,1,1
11498,2521,1,1,1
11499,2521,15,1,1
11500,2522,1,1,1
11501,2523,1,1,1
11502,2523,1,1,1
11503,2524,15,1,1
11504,2524,1,1,1
11505,2524,6,1,1
11506,2526,1,1,1
11507,2526,1,1,1
11508,2526,1,1,1
11509,2526,1,1,1
11510,2527,1,1,1
11511,2527,1,1,1
11512,2527,1,1,1
11513,2527,1,1,1
11514,2527,1,1,1
11515,2528,15,1,1
11516,2528,1,1,1
11517,2530,1,1,1
11518,2530,1,1,1
11519,2531,15,1,1
11520,2531,6,1,1
11521,2532,1,1,1
11522,2532,15,1,1
11523,2532,15,1,1
11524,2534,9,1,1
11525,2535,1,1,1
11526,2540,1,1,1
11527,2542,1,1,1
11528,2542,1,1,1
11529,2543,1,1,1
11530,2544,15,1,1
11531,2544,1,1,1
11532,2544,1,1,1
11533,2545,1,1,1
11534,2545,1,1,1
11535,2546,1,1,1
11536,2546,1,1,1
11537,2546,1,1,1
11538,2548,1,1,1
11539,2548,10,1,1
11540,2549,1,1,1
11541,2549,1,1,1
11542,2551,1,1,1
11543,2552,1,1,1
11544,2552,1,1,1
11545,2555,1,1,1
11546,2555,1,1,1
11547,2555,1,1,1
11548,2555,1,1,1
11549,2556,1,1,1
11550,2557,1,1,1
11551,2557,1,1,1
11552,2557,1,1,1
11553,2559,15,1,1
11554,2560,1,1,1
11555,2560,1,1,1
11556,2562,15,1,1
11557,2563,15,1,1
11558,2564,1,1,1
11559,2566,1,1,1
11560,2567,1,1,1
11561,2568,1,1,1
11562,2568,1,1,1
11563,2569,15,1,1
11564,2569,1,1,1
11565,2569,15,1,1
11566,2569,1,1,1
11567,2569,1,1,1
11568,2570,1,1,1
11569,2570,1,1,1
11570,2570,15,1,1
11571,2570,15,1,1
11572,2570,15,1,1
11573,2570,15,1,1
11574,2570,15,1,1
11575,2570,15,1,1
11576,2570,15,1,1
11577,2570,15,1,1
11578,2570,15,1,1
11579,2570,15,1,1
11580,2570,15,1,1
11581,2570,15,1,1
11582,2570,6,1,1
11583,2570,11,1,1
11584,2570,6,1,1
11585,2570,6,1,1
11586,2570,8,1,1
11587,2570,6,1,1
11588,2570,9,1,1
11589,2570,6,1,1
11590,2570,7,1,1
11591,2570,11,1,1
11592,2570,6,1,1
11593,2570,10,1,1
11594,2570,6,1,1
11595,2570,6,1,1
11596,2570,6,1,1
11597,2570,6,1,1
11598,2570,6,1,1
11599,2570,11,1,1
11600,2570,9,1,1
11601,2570,9,1,1
11602,2570,6,1,1
11603,2570,14,1,1
11604,2570,6,1,1
11605,2570,7,1,1
11606,2570,6,1,1
11607,2570,6,1,1
11608,2570,6,1,1
11609,2570,6,1,1
11610,2570,15,1,1
11611,2570,11,1,1
11612,2570,10,1,1
11613,2570,6,1,1
11614,2570,6,1,1
11615,2570,6,1,1
11616,2570,9,1,1
11617,2570,6,1,1
11618,2570,7,1,1
11619,2570,6,1,1
11620,2570,6,1,1
11621,2570,6,1,1
11622,2570,6,1,1
11623,2570,6,1,1
11624,2570,6,1,1
11625,2570,6,1,1
11626,2570,6,1,1
11627,2570,6,1,1
11628,2570,15,1,1
11629,2570,6,1,1
11630,2570,2,1,1
11631,2570,6,1,1
11632,2570,6,1,1
11633,2570,6,1,1
11634,2570,6,1,1
11635,2570,6,1,1
11636,2570,11,1,1
11637,2570,6,1,1
11638,2570,6,1,1
11639,2570,6,1,1
11640,2570,15,1,1
11641,2570,6,1,1
11642,2570,6,1,1
11643,2570,7,1,1
11644,2570,6,1,1
11645,2570,6,1,1
11646,2570,6,1,1
11647,2570,6,1,1
11648,2570,7,1,1
11649,2570,6,1,1
11650,2570,10,1,1
11651,2570,10,1,1
11652,2570,6,1,1
11653,2570,6,1,1
11654,2570,6,1,1
11655,2570,6,1,1
11656,2570,7,1,1
11657,2570,12,1,1
11658,2570,6,1,1
11659,2570,12,1,1
11660,2570,6,1,1
11661,2570,6,1,1
11662,2570,13,1,1
11663,2570,7,1,1
11664,2570,13,1,1
11665,2570,6,1,1
11666,2570,7,1,1
11667,2570,7,1,1
11668,2570,6,1,1
11669,2570,11,1,1
11670,2570,11,1,1
11671,2570,6,1,1
11672,2570,8,1,1
11673,2570,6,1,1
11674,2570,6,1,1
11675,2570,7,1,1
11676,2570,6,1,1
11677,2570,6,1,1
11678,2570,6,1,1
11679,2570,15,1,1
11680,2570,6,1,1
11681,2570,6,1,1
11682,2570,6,1,1
11683,2570,6,1,1
11684,2570,6,1,1
11685,2570,6,1,1
11686,2570,6,1,1
11687,2570,6,1,1
11688,2570,6,1,1
11689,2570,6,1,1
11690,2570,6,1,1
11691,2570,6,1,1
11692,2570,6,1,1
11693,2570,6,1,1
11694,2570,8,1,1
11695,2570,6,1,1
11696,2570,6,1,1
11697,2570,8,1,1
11698,2570,6,1,1
11699,2570,14,1,1
11700,2570,6,1,1
11701,2570,6,1,1
11702,2570,6,1,1
11703,2570,6,1,1
11704,2570,6,1,1
11705,2570,6,1,1
11706,2570,8,1,1
11707,2570,6,1,1
11708,2570,6,1,1
11709,2570,6,1,1
11710,2570,6,1,1
11711,2570,6,1,1
11712,2570,7,1,1
11713,2570,6,1,1
11714,2570,6,1,1
11715,2570,6,1,1
11716,2570,6,1,1
11717,2570,6,1,1
11718,2570,8,1,1
11719,2570,6,1,1
11720,2570,6,1,1
11721,2570,15,1,1
11722,2570,6,1,1
11723,2570,6,1,1
11724,2570,9,1,1
11725,2570,10,1,1
11726,2570,10,1,1
11727,2570,9,1,1
11728,2570,11,1,1
11729,2570,6,1,1
11730,2570,7,1,1
11731,2570,6,1,1
11732,2570,13,1,1
11733,2570,6,1,1
11734,2570,6,1,1
11735,2570,6,1,1
11736,2570,7,1,1
11737,2570,6,1,1
11738,2570,6,1,1
11739,2570,6,1,1
11740,2570,6,1,1
11741,2570,6,1,1
11742,2570,6,1,1
11743,2570,15,1,1
11744,2570,6,1,1
11745,2570,6,1,1
11746,2570,15,1,1
11747,2570,7,1,1
11748,2570,7,1,1
11749,2570,6,1,1
11750,2570,6,1,1
11751,2570,7,1,1
11752,2570,6,1,1
11753,2570,8,1,1
11754,2570,6,1,1
11755,2570,6,1,1
11756,2570,8,1,1
11757,2570,6,1,1
11758,2570,6,1,1
11759,2570,6,1,1
11760,2570,8,1,1
11761,2570,6,1,1
11762,2570,6,1,1
11763,2570,6,1,1
11764,2570,7,1,1
11765,2570,15,1,1
11766,2570,6,1,1
11767,2570,6,1,1
11768,2570,6,1,1
11769,2570,8,1,1
11770,2570,7,1,1
11771,2570,6,1,1
11772,2570,6,1,1
11773,2570,6,1,1
11774,2570,12,1,1
11775,2570,6,1,1
11776,2570,6,1,1
11777,2570,6,1,1
11778,2570,10,1,1
11779,2570,15,1,1
11780,2570,6,1,1
11781,2570,6,1,1
11782,2570,7,1,1
11783,2570,6,1,1
11784,2570,6,1,1
11785,2570,7,1,1
11786,2570,6,1,1
11787,2570,6,1,1
11788,2570,6,1,1
11789,2570,6,1,1
11790,2570,15,1,1
11791,2570,6,1,1
11792,2570,10,1,1
11793,2570,6,1,1
11794,2570,7,1,1
11795,2570,6,1,1
11796,2570,6,1,1
11797,2570,7,1,1
11798,2570,6,1,1
11799,2570,6,1,1
11800,2570,6,1,1
11801,2570,6,1,1
11802,2570,11,1,1
11803,2570,7,1,1
11804,2570,8,1,1
11805,2570,6,1,1
11806,2570,6,1,1
11807,2570,10,1,1
11808,2570,6,1,1
11809,2570,6,1,1
11810,2570,6,1,1
11811,2570,6,1,1
11812,2570,6,1,1
11813,2570,10,1,1
11814,2570,7,1,1
11815,2570,6,1,1
11816,2570,11,1,1
11817,2570,6,1,1
11818,2570,6,1,1
11819,2570,6,1,1
11820,2570,7,1,1
11821,2570,15,1,1
11822,2570,6,1,1
11823,2570,8,1,1
11824,2570,7,1,1
11825,2570,7,1,1
11826,2570,6,1,1
11827,2570,7,1,1
11828,2570,6,1,1
11829,2570,6,1,1
11830,2570,10,1,1
11831,2570,13,1,1
11832,2570,9,1,1
11833,2570,6,1,1
11834,2570,12,1,1
11835,2570,6,1,1
11836,2570,7,1,1
11837,2570,7,1,1
11838,2570,6,1,1
11839,2570,6,1,1
11840,2570,6,1,1
11841,2570,6,1,1
11842,2570,6,1,1
11843,2570,6,1,1
11844,2570,6,1,1
11845,2570,6,1,1
11846,2570,15,1,1
11847,2570,6,1,1
11848,2570,6,1,1
11849,2570,8,1,1
11850,2570,6,1,1
11851,2570,12,1,1
11852,2570,8,1,1
11853,2570,7,1,1
11854,2570,6,1,1
11855,2570,9,1,1
11856,2570,6,1,1
11857,2570,15,1,1
11858,2570,9,1,1
11859,2570,8,1,1
11860,2570,9,1,1
11861,2570,6,1,1
11862,2570,13,1,1
11863,2570,9,1,1
11864,2570,15,1,1
11865,2570,8,1,1
11866,2570,6,1,1
11867,2570,6,1,1
11868,2570,6,1,1
11869,2570,6,1,1
11870,2570,6,1,1
11871,2570,15,1,1
11872,2570,6,1,1
11873,2570,14,1,1
11874,2570,6,1,1
11875,2570,6,1,1
11876,2570,15,1,1
11877,2570,6,1,1
11878,2570,6,1,1
11879,2570,6,1,1
11880,2570,6,1,1
11881,2570,6,1,1
11882,2570,6,1,1
11883,2570,9,1,1
11884,2570,6,1,1
11885,2570,14,1,1
11886,2570,6,1,1
11887,2570,6,1,1
11888,2570,6,1,1
11889,2570,6,1,1
11890,2570,15,1,1
11891,2570,6,1,1
11892,2570,6,1,1
11893,2570,6,1,1
11894,2570,6,1,1
11895,2570,6,1,1
11896,2570,6,1,1
11897,2570,6,1,1
11898,2570,6,1,1
11899,2570,6,1,1
11900,2570,6,1,1
11901,2570,15,1,1
11902,2570,12,1,1
11903,2570,8,1,1
11904,2570,15,1,1
11905,2570,6,1,1
11906,2570,6,1,1
11907,2570,6,1,1
11908,2570,6,1,1
11909,2570,6,1,1
11910,2570,6,1,1
11911,2570,9,1,1
11912,2570,6,1,1
11913,2570,6,1,1
11914,2570,6,1,1
11915,2570,8,1,1
11916,2570,6,1,1
11917,2570,8,1,1
11918,2570,8,1,1
11919,2570,6,1,1
11920,2570,6,1,1
11921,2570,15,1,1
11922,2570,6,1,1
11923,2570,8,1,1
11924,2570,10,1,1
11925,2570,6,1,1
11926,2570,6,1,1
11927,2570,6,1,1
11928,2570,7,1,1
11929,2570,7,1,1
11930,2570,6,1,1
11931,2570,6,1,1
11932,2570,6,1,1
11933,2570,6,1,1
11934,2570,6,1,1
11935,2570,13,1,1
11936,2570,6,1,1
11937,2570,6,1,1
11938,2570,6,1,1
11939,2570,6,1,1
11940,2570,8,1,1
11941,2570,9,1,1
11942,2570,7,1,1
11943,2570,11,1,1
11944,2570,8,1,1
11945,2570,6,1,1
11946,2570,6,1,1
11947,2570,7,1,1
11948,2570,6,1,1
11949,2570,13,1,1
11950,2570,6,1,1
11951,2570,7,1,1
11952,2570,7,1,1
11953,2570,6,1,1
11954,2570,15,1,1
11955,2570,6,1,1
11956,2570,6,1,1
11957,2570,6,1,1
11958,2570,6,1,1
11959,2570,6,1,1
11960,2570,6,1,1
11961,2570,6,1,1
11962,2570,9,1,1
11963,2570,8,1,1
11964,2570,6,1,1
11965,2570,6,1,1
11966,2570,6,1,1
11967,2570,14,1,1
11968,2570,7,1,1
11969,2570,15,1,1
11970,2570,8,1,1
11971,2570,6,1,1
11972,2570,6,1,1
11973,2570,6,1,1
11974,2570,8,1,1
11975,2570,6,1,1
11976,2570,6,1,1
11977,2570,7,1,1
11978,2570,7,1,1
11979,2570,15,1,1
11980,2570,6,1,1
11981,2570,6,1,1
11982,2570,6,1,1
11983,2570,8,1,1
11984,2570,14,1,1
11985,2570,6,1,1
11986,2570,6,1,1
11987,2570,15,1,1
11988,2570,7,1,1
11989,2570,7,1,1
11990,2570,6,1,1
11991,2570,10,1,1
11992,2570,6,1,1
11993,2570,6,1,1
11994,2570,6,1,1
11995,2570,7,1,1
11996,2570,6,1,1
11997,2570,8,1,1
11998,2570,9,1,1
11999,2570,7,1,1
12000,2570,9,1,1
12001,2570,6,1,1
12002,2570,6,1,1
12003,2570,7,1,1
12004,2570,6,1,1
12005,2570,6,1,1
12006,2570,6,1,1
12007,2570,6,1,1
12008,2570,8,1,1
12009,2570,7,1,1
12010,2570,6,1,1
12011,2570,7,1,1
12012,2570,8,1,1
12013,2570,6,1,1
12014,2570,6,1,1
12015,2570,7,1,1
12016,2570,6,1,1
12017,2570,10,1,1
12018,2570,8,1,1
12019,2570,6,1,1
12020,2570,15,1,1
12021,2570,6,1,1
12022,2570,10,1,1
12023,2570,6,1,1
12024,2570,7,1,1
12025,2570,6,1,1
12026,2570,8,1,1
12027,2570,6,1,1
12028,2570,6,1,1
12029,2570,12,1,1
12030,2570,6,1,1
12031,2570,6,1,1
12032,2570,13,1,1
12033,2570,10,1,1
12034,2570,6,1,1
12035,2570,9,1,1
12036,2570,12,1,1
12037,2570,8,1,1
12038,2570,6,1,1
12039,2570,7,1,1
12040,2570,8,1,1
12041,2570,6,1,1
12042,2570,12,1,1
12043,2570,6,1,1
12044,2570,7,1,1
12045,2570,6,1,1
12046,2570,6,1,1
12047,2570,10,1,1
12048,2570,6,1,1
12049,2570,6,1,1
12050,2570,6,1,1
12051,2570,6,1,1
12052,2570,6,1,1
12053,2570,6,1,1
12054,2570,11,1,1
12055,2570,7,1,1
12056,2570,6,1,1
12057,2570,6,1,1
12058,2570,6,1,1
12059,2570,9,1,1
12060,2570,6,1,1
12061,2570,9,1,1
12062,2570,6,1,1
12063,2570,9,1,1
12064,2570,6,1,1
12065,2570,6,1,1
12066,2570,6,1,1
12067,2570,7,1,1
12068,2570,8,1,1
12069,2570,15,1,1
12070,2570,6,1,1
12071,2570,6,1,1
12072,2570,8,1,1
12073,2570,12,1,1
12074,2570,15,1,1
12075,2570,7,1,1
12076,2570,8,1,1
12077,2570,6,1,1
12078,2570,6,1,1
12079,2570,7,1,1
12080,2570,6,1,1
12081,2570,6,1,1
12082,2570,15,1,1
12083,2570,6,1,1
12084,2570,15,1,1
12085,2570,11,1,1
12086,2570,6,1,1
12087,2570,7,1,1
12088,2570,12,1,1
12089,2570,6,1,1
12090,2570,10,1,1
12091,2570,15,1,1
12092,2570,6,1,1
12093,2570,6,1,1
12094,2570,6,1,1
12095,2570,7,1,1
12096,2570,7,1,1
12097,2570,7,1,1
12098,2570,6,1,1
12099,2570,7,1,1
12100,2570,15,1,1
12101,2570,7,1,1
12102,2570,7,1,1
12103,2570,7,1,1
12104,2570,6,1,1
12105,2570,8,1,1
12106,2570,6,1,1
12107,2570,6,1,1
12108,2570,8,1,1
12109,2570,7,1,1
12110,2570,8,1,1
12111,2570,6,1,1
12112,2570,6,1,1
12113,2570,9,1,1
12114,2570,12,1,1
12115,2570,12,1,1
12116,2570,7,1,1
12117,2570,7,1,1
12118,2570,8,1,1
12119,2570,10,1,1
12120,2570,9,1,1
12121,2570,10,1,1
12122,2570,6,1,1
12123,2570,6,1,1
12124,2570,7,1,1
12125,2570,6,1,1
12126,2570,6,1,1
12127,2570,8,1,1
12128,2570,6,1,1
12129,2570,10,1,1
12130,2570,15,1,1
12131,2570,7,1,1
12132,2570,10,1,1
12133,2570,1,1,1
12134,2570,9,1,1
12135,2570,9,1,1
12136,2570,8,1,1
12137,2570,6,1,1
12138,2570,6,1,1
12139,2570,7,1,1
12140,2570,6,1,1
12141,2570,10,1,1
12142,2570,15,1,1
12143,2570,7,1,1
12144,2570,7,1,1
12145,2570,6,1,1
12146,2570,15,1,1
12147,2570,15,1,1
12148,2570,6,1,1
12149,2570,6,1,1
12150,2570,6,1,1
12151,2570,10,1,1
12152,2570,8,1,1
12153,2570,15,1,1
12154,2570,7,1,1
12155,2570,6,1,1
12156,2570,7,1,1
12157,2570,15,1,1
12158,2570,9,1,1
12159,2570,9,1,1
12160,2570,6,1,1
12161,2570,15,1,1
12162,2570,15,1,1
12163,2570,9,1,1
12164,2570,8,1,1
12165,2570,6,1,1
12166,2570,8,1,1
12167,2570,8,1,1
12168,2570,8,1,1
12169,2570,15,1,1
12170,2570,6,1,1
12171,2570,9,1,1
12172,2570,6,1,1
12173,2570,6,1,1
12174,2570,6,1,1
12175,2570,6,1,1
12176,2570,6,1,1
12177,2570,6,1,1
12178,2570,6,1,1
12179,2570,6,1,1
12180,2570,6,1,1
12181,2570,8,1,1
12182,2570,6,1,1
12183,2570,6,1,1
12184,2570,10,1,1
12185,2570,6,1,1
12186,2570,15,1,1
12187,2570,8,1,1
12188,2570,15,1,1
12189,2570,8,1,1
12190,2570,6,1,1
12191,2570,10,1,1
12192,2570,6,1,1
12193,2570,8,1,1
12194,2570,8,1,1
12195,2570,8,1,1
12196,2570,7,1,1
12197,2570,8,1,1
12198,2570,6,1,1
12199,2570,6,1,1
12200,2570,6,1,1
12201,2570,7,1,1
12202,2570,7,1,1
12203,2570,9,1,1
12204,2570,15,1,1
12205,2570,9,1,1
12206,2570,6,1,1
12207,2570,9,1,1
12208,2570,10,1,1
12209,2570,7,1,1
12210,2570,9,1,1
12211,2570,11,1,1
12212,2570,6,1,1
12213,2570,9,1,1
12214,2570,6,1,1
12215,2570,8,1,1
12216,2570,15,1,1
12217,2570,6,1,1
12218,2570,6,1,1
12219,2570,6,1,1
12220,2570,6,1,1
12221,2570,10,1,1
12222,2570,13,1,1
12223,2570,6,1,1
12224,2570,9,1,1
12225,2570,10,1,1
12226,2570,7,1,1
12227,2570,6,1,1
12228,2570,6,1,1
12229,2570,6,1,1
12230,2570,10,1,1
12231,2570,6,1,1
12232,2570,10,1,1
12233,2570,15,1,1
12234,2570,9,1,1
12235,2570,6,1,1
12236,2570,8,1,1
12237,2570,8,1,1
12238,2570,6,1,1
12239,2570,11,1,1
12240,2570,8,1,1
12241,2570,6,1,1
12242,2570,6,1,1
12243,2570,6,1,1
12244,2570,15,1,1
12245,2570,9,1,1
12246,2570,15,1,1
12247,2570,8,1,1
12248,2570,9,1,1
12249,2570,15,1,1
12250,2570,6,1,1
12251,2570,6,1,1
12252,2570,6,1,1
12253,2570,11,1,1
12254,2570,6,1,1
12255,2570,6,1,1
12256,2570,7,1,1
12257,2570,8,1,1
12258,2570,9,1,1
12259,2570,6,1,1
12260,2570,6,1,1
12261,2570,9,1,1
12262,2570,6,1,1
12263,2570,6,1,1
12264,2570,6,1,1
12265,2570,15,1,1
12266,2570,12,1,1
12267,2570,12,1,1
12268,2570,15,1,1
12269,2570,6,1,1
12270,2570,7,1,1
12271,2570,15,1,1
12272,2570,11,1,1
12273,2570,6,1,1
12274,2570,6,1,1
12275,2570,6,1,1
12276,2570,7,1,1
12277,2570,6,1,1
12278,2570,7,1,1
12279,2570,6,1,1
12280,2570,8,1,1
12281,2570,6,1,1
12282,2570,6,1,1
12283,2570,6,1,1
12284,2570,6,1,1
12285,2570,8,1,1
12286,2570,10,1,1
12287,2570,6,1,1
12288,2570,6,1,1
12289,2570,6,1,1
12290,2570,10,1,1
12291,2570,15,1,1
12292,2570,9,1,1
12293,2570,9,1,1
12294,2570,8,1,1
12295,2570,7,1,1
12296,2570,8,1,1
12297,2570,6,1,1
12298,2570,8,1,1
12299,2570,8,1,1
12300,2570,9,1,1
12301,2570,7,1,1
12302,2570,6,1,1
12303,2570,9,1,1
12304,2570,6,1,1
12305,2570,8,1,1
12306,2570,7,1,1
12307,2570,15,1,1
12308,2570,6,1,1
12309,2570,13,1,1
12310,2570,2,1,1
12311,2570,15,1,1
12312,2570,15,1,1
12313,2570,6,1,1
12314,2570,8,1,1
12315,2570,8,1,1
12316,2570,6,1,1
12317,2570,9,1,1
12318,2570,6,1,1
12319,2570,6,1,1
12320,2570,7,1,1
12321,2570,9,1,1
12322,2570,7,1,1
12323,2570,15,1,1
12324,2570,8,1,1
12325,2570,6,1,1
12326,2570,9,1,1
12327,2570,9,1,1
12328,2570,10,1,1
12329,2570,8,1,1
12330,2570,9,1,1
12331,2570,6,1,1
12332,2570,8,1,1
12333,2570,7,1,1
12334,2570,9,1,1
12335,2570,6,1,1
12336,2570,6,1,1
12337,2570,9,1,1
12338,2570,6,1,1
12339,2570,2,1,1
12340,2570,6,1,1
12341,2570,12,1,1
12342,2570,6,1,1
12343,2570,6,1,1
12344,2570,9,1,1
12345,2570,8,1,1
12346,2570,15,1,1
12347,2570,8,1,1
12348,2570,6,1,1
12349,2570,8,1,1
12350,2570,6,1,1
12351,2570,8,1,1
12352,2570,6,1,1
12353,2570,6,1,1
12354,2570,8,1,1
12355,2570,11,1,1
12356,2570,8,1,1
12357,2570,11,1,1
12358,2570,6,1,1
12359,2570,6,1,1
12360,2570,10,1,1
12361,2570,6,1,1
12362,2570,15,1,1
12363,2570,6,1,1
12364,2570,6,1,1
12365,2570,7,1,1
12366,2570,9,1,1
12367,2570,6,1,1
12368,2570,9,1,1
12369,2570,6,1,1
12370,2570,8,1,1
12371,2570,15,1,1
12372,2570,9,1,1
12373,2570,6,1,1
12374,2570,8,1,1
12375,2570,12,1,1
12376,2570,15,1,1
12377,2570,15,1,1
12378,2570,6,1,1
12379,2570,6,1,1
12380,2570,12,1,1
12381,2570,6,1,1
12382,2570,7,1,1
12383,2570,8,1,1
12384,2570,8,1,1
12385,2570,13,1,1
12386,2570,11,1,1
12387,2570,8,1,1
12388,2570,8,1,1
12389,2570,7,1,1
12390,2570,15,1,1
12391,2570,9,1,1
12392,2570,11,1,1
12393,2570,6,1,1
12394,2570,8,1,1
12395,2570,12,1,1
12396,2570,6,1,1
12397,2570,6,1,1
12398,2570,6,1,1
12399,2570,15,1,1
12400,2570,6,1,1
12401,2570,8,1,1
12402,2570,9,1,1
12403,2570,6,1,1
12404,2570,6,1,1
12405,2570,15,1,1
12406,2570,15,1,1
12407,2570,9,1,1
12408,2570,9,1,1
12409,2570,8,1,1
12410,2570,6,1,1
12411,2570,8,1,1
12412,2570,11,1,1
12413,2570,15,1,1
12414,2570,6,1,1
12415,2570,7,1,1
12416,2570,7,1,1
12417,2570,6,1,1
12418,2570,10,1,1
12419,2570,15,1,1
12420,2570,15,1,1
12421,2570,7,1,1
12422,2570,10,1,1
12423,2570,6,1,1
12424,2570,15,1,1
12425,2570,8,1,1
12426,2570,6,1,1
12427,2570,6,1,1
12428,2570,15,1,1
12429,2570,6,1,1
12430,2570,7,1,1
12431,2570,6,1,1
12432,2570,11,1,1
12433,2570,15,1,1
12434,2570,9,1,1
12435,2570,8,1,1
12436,2570,6,1,1
12437,2570,13,1,1
12438,2570,7,1,1
12439,2570,8,1,1
12440,2570,10,1,1
12441,2570,6,1,1
12442,2570,13,1,1
12443,2570,6,1,1
12444,2570,9,1,1
12445,2570,6,1,1
12446,2570,8,1,1
12447,2570,6,1,1
12448,2570,6,1,1
12449,2570,7,1,1
12450,2570,6,1,1
12451,2570,15,1,1
12452,2570,12,1,1
12453,2570,9,1,1
12454,2570,10,1,1
12455,2570,8,1,1
12456,2570,10,1,1
12457,2570,15,1,1
12458,2570,9,1,1
12459,2570,10,1,1
12460,2570,9,1,1
12461,2570,13,1,1
12462,2570,15,1,1
12463,2570,6,1,1
12464,2570,15,1,1
12465,2570,9,1,1
12466,2570,8,1,1
12467,2570,6,1,1
12468,2570,14,1,1
12469,2570,9,1,1
12470,2570,15,1,1
12471,2570,9,1,1
12472,2570,7,1,1
12473,2570,12,1,1
12474,2570,9,1,1
12475,2570,6,1,1
12476,2570,9,1,1
12477,2570,15,1,1
12478,2570,6,1,1
12479,2570,1,1,1
12480,2570,9,1,1
12481,2570,15,1,1
12482,2570,6,1,1
12483,2570,15,1,1
12484,2570,15,1,1
12485,2570,7,1,1
12486,2570,7,1,1
12487,2570,7,1,1
12488,2570,6,1,1
12489,2570,6,1,1
12490,2570,9,1,1
12491,2570,6,1,1
12492,2570,7,1,1
12493,2570,11,1,1
12494,2570,9,1,1
12495,2570,7,1,1
12496,2570,6,1,1
12497,2570,6,1,1
12498,2570,6,1,1
12499,2570,6,1,1
12500,2570,9,1,1
12501,2570,6,1,1
12502,2570,11,1,1
12503,2570,15,1,1
12504,2570,15,1,1
12505,2570,13,1,1
12506,2570,6,1,1
12507,2570,15,1,1
12508,2570,6,1,1
12509,2570,6,1,1
12510,2570,8,1,1
12511,2570,9,1,1
12512,2570,8,1,1
12513,2570,6,1,1
12514,2570,10,1,1
12515,2570,6,1,1
12516,2570,9,1,1
12517,2570,6,1,1
12518,2570,15,1,1
12519,2570,6,1,1
12520,2570,15,1,1
12521,2570,9,1,1
12522,2570,7,1,1
12523,2570,7,1,1
12524,2570,9,1,1
12525,2570,8,1,1
12526,2570,13,1,1
12527,2570,10,1,1
12528,2570,6,1,1
12529,2570,15,1,1
12530,2570,9,1,1
12531,2570,6,1,1
12532,2570,6,1,1
12533,2570,15,1,1
12534,2570,10,1,1
12535,2570,9,1,1
12536,2570,15,1,1
12537,2570,15,1,1
12538,2570,15,1,1
12539,2570,15,1,1
12540,2570,9,1,1
12541,2570,13,1,1
12542,2570,8,1,1
12543,2570,8,1,1
12544,2570,9,1,1
12545,2570,6,1,1
12546,2570,9,1,1
12547,2570,8,1,1
12548,2570,14,1,1
12549,2570,7,1,1
12550,2570,9,1,1
12551,2570,15,1,1
12552,2570,15,1,1
12553,2570,6,1,1
12554,2570,7,1,1
12555,2570,14,1,1
12556,2570,8,1,1
12557,2570,9,1,1
12558,2570,15,1,1
12559,2570,7,1,1
12560,2570,9,1,1
12561,2570,15,1,1
12562,2570,10,1,1
12563,2570,7,1,1
12564,2570,9,1,1
12565,2570,8,1,1
12566,2570,11,1,1
12567,2570,7,1,1
12568,2570,6,1,1
12569,2570,8,1,1
12570,2570,6,1,1
12571,2570,11,1,1
12572,2570,6,1,1
12573,2570,6,1,1
12574,2570,8,1,1
12575,2570,15,1,1
12576,2570,6,1,1
12577,2570,8,1,1
12578,2570,15,1,1
12579,2570,6,1,1
12580,2570,15,1,1
12581,2570,7,1,1
12582,2570,11,1,1
12583,2570,8,1,1
12584,2570,6,1,1
12585,2570,6,1,1
12586,2570,6,1,1
12587,2570,12,1,1
12588,2570,6,1,1
12589,2570,9,1,1
12590,2570,6,1,1
12591,2570,15,1,1
12592,2570,6,1,1
12593,2570,11,1,1
12594,2570,9,1,1
12595,2570,9,1,1
12596,2570,10,1,1
12597,2570,6,1,1
12598,2570,15,1,1
12599,2570,9,1,1
12600,2570,6,1,1
12601,2570,6,1,1
12602,2570,15,1,1
12603,2570,15,1,1
12604,2570,8,1,1
12605,2570,8,1,1
12606,2570,8,1,1
12607,2570,15,1,1
12608,2570,9,1,1
12609,2570,6,1,1
12610,2570,6,1,1
12611,2570,15,1,1
12612,2570,8,1,1
12613,2570,8,1,1
12614,2570,13,1,1
12615,2570,15,1,1
12616,2570,7,1,1
12617,2570,9,1,1
12618,2570,6,1,1
12619,2570,11,1,1
12620,2571,1,1,1
12621,2572,1,1,1
12622,2574,1,1,1
12623,2574,1,1,1
12624,2574,1,1,1
12625,2574,1,1,1
12626,2574,1,1,1
12627,2574,1,1,1
12628,2575,15,1,1
12629,2575,1,1,1
12630,2575,1,1,1
12631,2577,15,1,1
12632,2579,1,1,1
12633,2582,1,1,1
12634,2584,1,1,1
12635,2585,1,1,1
12636,2586,1,1,1
12637,2586,1,1,1
12638,2587,1,1,1
12639,2588,1,1,1
12640,2592,1,1,1
12641,2593,1,1,1
12642,2594,1,1,1
12643,2595,1,1,1
12644,2595,1,1,1
12645,2595,1,1,1
12646,2595,1,1,1
12647,2596,1,1,1
12648,2597,1,1,1
12649,2599,15,1,1
12650,2599,15,1,1
12651,2599,5,1,1
12652,2599,1,1,1
12653,2599,1,1,1
12654,2601,1,1,1
12655,2601,1,1,1
12656,2601,1,1,1
12657,2602,1,1,1
12658,2602,1,1,1
12659,2603,1,1,1
12660,2605,1,1,1
12661,2605,1,1,1
12662,2605,1,1,1
12663,2607,1,1,1
12664,2609,1,1,1
12665,2609,5,1,1
12666,2609,1,1,1
12667,2611,1,1,1
12668,2613,1,1,1
12669,2613,1,1,1
12670,2613,1,1,1
12671,2616,1,1,1
12672,2616,1,1,1
12673,2616,1,1,1
12674,2616,1,1,1
12675,2618,15,1,1
12676,2618,1,1,1
12677,2619,1,1,1
12678,2619,1,1,1
12679,2620,1,1,1
12680,2621,1,1,1
12681,2621,15,1,1
12682,2623,1,1,1
12683,2623,1,1,1
12684,2623,1,1,1
12685,2624,1,1,1
12686,2624,1,1,1
12687,2625,15,1,1
12688,2627,1,1,1
12689,2628,2,1,1
12690,2628,1,1,1
12691,2628,1,1,1
12692,2629,1,1,1
12693,2633,1,1,1
12694,2635,1,1,1
12695,2635,15,1,1
12696,2637,1,1,1
12697,2637,1,1,1
12698,2638,1,1,1
12699,2639,1,1,1
12700,2640,1,1,1
12701,2641,15,1,1
12702,2641,15,1,1
12703,2641,6,1,1
12704,2641,1,1,1
12705,2644,5,1,1
12706,2645,1,1,1
12707,2645,1,1,1
12708,2646,1,1,1
12709,2646,1,1,1
12710,2647,1,1,1
12711,2647,1,1,1
12712,2647,5,1,1
12713,2649,1,1,1
12714,2649,1,1,1
12715,2651,1,1,1
12716,2651,1,1,1
12717,2653,1,1,1
12718,2654,1,1,1
12719,2655,1,1,1
12720,2655,7,1,1
12721,2657,1,1,1
12722,2657,1,1,1
12723,2658,1,1,1
12724,2659,15,1,1
12725,2662,6,1,1
12726,2663,1,1,1
12727,2663,1,1,1
12728,2663,1,1,1
12729,2665,1,1,1
12730,2665,15,1,1
12731,2666,1,1,1
12732,2666,1,1,1
12733,2667,1,1,1
12734,2668,1,1,1
12735,2668,1,1,1
12736,2672,1,1,1
12737,2675,1,1,1
12738,2675,1,1,1
12739,2675,1,1,1
12740,2677,5,1,1
12741,2677,1,1,1
12742,2677,1,1,1
12743,2677,1,1,1
12744,2677,1,1,1
12745,2678,1,1,1
12746,2679,5,1,1
12747,2679,5,1,1
12748,2679,5,1,1
12749,2679,5,1,1
12750,2679,5,1,1
12751,2679,5,1,1
12752,2679,5,1,1
12753,2679,5,1,1
12754,2679,5,1,1
12755,2679,5,1,1
12756,2679,5,1,1
12757,2679,5,1,1
12758,2679,5,1,1
12759,2679,5,1,1
12760,2679,5,1,1
12761,2679,5,1,1
12762,2679,5,1,1
12763,2679,5,1,1
12764,2679,5,1,1
12765,2679,5,1,1
12766,2679,5,1,1
12767,2679,5,1,1
12768,2679,5,1,1
12769,2679,5,1,1
12770,2679,5,1,1
12771,2679,5,1,1
12772,2679,5,1,1
12773,2679,5,1,1
12774,2679,5,1,1
12775,2679,5,1,1
12776,2679,5,1,1
12777,2679,5,1,1
12778,2679,5,1,1
12779,2679,5,1,1
12780,2679,5,1,1
12781,2679,5,1,1
12782,2679,5,1,1
12783,2679,5,1,1
12784,2679,5,1,1
12785,2679,5,1,1
12786,2682,1,1,1
12787,2683,1,1,1
12788,2683,1,1,1
12789,2684,1,1,1
12790,2684,1,1,1
12791,2684,1,1,1
12792,2685,1,1,1
12793,2688,1,1,1
12794,2689,15,1,1
12795,2689,1,1,1
12796,2689,1,1,1
12797,2690,15,1,1
12798,2691,1,1,1
12799,2692,1,1,1
12800,2692,1,1,1
12801,2692,1,1,1
12802,2692,1,1,1
12803,2693,1,1,1
12804,2693,1,1,1
12805,2693,1,1,1
12806,2693,1,1,1
12807,2693,1,1,1
12808,2694,1,1,1
12809,2696,1,1,1
12810,2697,1,1,1
12811,2699,15,1,1
12812,2699,1,1,1
12813,2700,1,1,1
12814,2700,15,1,1
12815,2701,3,1,1
12816,2701,1,1,1
12817,2702,15,1,1
12818,2702,15,1,1
12819,2702,15,1,1
12820,2702,15,1,1
12821,2702,15,1,1
12822,2702,15,1,1
12823,2702,15,1,1
12824,2702,15,1,1
12825,2702,15,1,1
12826,2702,15,1,1
12827,2702,15,1,1
12828,2702,15,1,1
12829,2702,15,1,1
12830,2702,15,1,1
12831,2702,15,1,1
12832,2702,15,1,1
12833,2702,15,1,1
12834,2702,15,1,1
12835,2702,15,1,1
12836,2702,15,1,1
12837,2702,15,1,1
12838,2702,15,1,1
12839,2702,15,1,1
12840,2702,15,1,1
12841,2702,15,1,1
12842,2702,15,1,1
12843,2702,15,1,1
12844,2702,15,1,1
12845,2702,15,1,1
12846,2702,15,1,1
12847,2702,15,1,1
12848,2702,15,1,1
12849,2702,15,1,1
12850,2702,15,1,1
12851,2702,15,1,1
12852,2702,15,1,1
12853,2702,15,1,1
12854,2702,15,1,1
12855,2702,15,1,1
12856,2702,15,1,1
12857,2702,15,1,1
12858,2702,15,1,1
12859,2702,15,1,1
12860,2702,15,1,1
12861,2702,15,1,1
12862,2702,3,1,1
12863,2702,3,1,1
12864,2702,3,1,1
12865,2702,3,1,1
12866,2702,3,1,1
12867,2702,3,1,1
12868,2702,3,1,1
12869,2702,3,1,1
12870,2702,3,1,1
12871,2702,3,1,1
12872,2702,3,1,1
12873,2702,3,1,1
12874,2702,3,1,1
12875,2702,3,1,1
12876,2702,3,1,1
12877,2702,3,1,1
12878,2702,3,1,1
12879,2702,3,1,1
12880,2702,3,1,1
12881,2702,3,1,1
12882,2702,3,1,1
12883,2702,3,1,1
12884,2702,3,1,1
12885,2702,3,1,1
12886,2702,3,1,1
12887,2702,3,1,1
12888,2702,3,1,1
12889,2702,3,1,1
12890,2702,3,1,1
12891,2702,3,1,1
12892,2702,3,1,1
12893,2702,3,1,1
12894,2702,3,1,1
12895,2702,3,1,1
12896,2702,3,1,1
12897,2702,3,1,1
12898,2702,3,1,1
12899,2702,3,1,1
12900,2702,3,1,1
12901,2702,3,1,1
12902,2702,3,1,1
12903,2702,3,1,1
12904,2702,3,1,1
12905,2702,3,1,1
12906,2702,3,1,1
12907,2702,3,1,1
12908,2702,3,1,1
12909,2702,3,1,1
12910,2702,3,1,1
12911,2702,3,1,1
12912,2703,1,1,1
12913,2703,15,1,1
12914,2703,15,1,1
12915,2703,15,1,1
12916,2703,1,1,1
12917,2704,15,1,1
12918,2704,1,1,1
12919,2707,1,1,1
12920,2708,1,1,1
12921,2708,1,1,1
12922,2708,1,1,1
12923,2712,1,1,1
12924,2712,1,1,1
12925,2713,1,1,1
12926,2713,4,1,1
12927,2713,3,1,1
12928,2716,1,1,1
12929,2716,1,1,1
12930,2716,1,1,1
12931,2717,1,1,1
12932,2718,1,1,1
12933,2718,1,1,1
12934,2719,1,1,1
12935,2719,1,1,1
12936,2719,1,1,1
12937,2719,1,1,1
12938,2719,1,1,1
12939,2720,1,1,1
12940,2720,1,1,1
12941,2722,1,1,1
12942,2722,1,1,1
12943,2722,1,1,1
12944,2723,1,1,1
12945,2724,1,1,1
12946,2724,1,1,1
12947,2725,15,1,1
12948,2726,15,1,1
12949,2726,1,1,1
12950,2727,15,1,1
12951,2727,3,1,1
12952,2728,15,1,1
12953,2728,15,1,1
12954,2728,15,1,1
12955,2728,15,1,1
12956,2728,15,1,1
12957,2728,15,1,1
12958,2728,15,1,1
12959,2728,15,1,1
12960,2728,15,1,1
12961,2728,15,1,1
12962,2728,15,1,1
12963,2728,15,1,1
12964,2728,15,1,1
12965,2728,15,1,1
12966,2728,15,1,1
12967,2728,15,1,1
12968,2728,15,1,1
12969,2728,15,1,1
12970,2728,15,1,1
12971,2728,15,1,1
12972,2728,15,1,1
12973,2728,15,1,1
12974,2728,15,1,1
12975,2728,15,1,1
12976,2728,15,1,1
12977,2728,15,1,1
12978,2728,15,1,1
12979,2728,15,1,1
12980,2728,15,1,1
12981,2728,15,1,1
12982,2728,15,1,1
12983,2728,15,1,1
12984,2728,15,1,1
12985,2728,1,1,1
12986,2729,15,1,1
12987,2729,15,1,1
12988,2729,15,1,1
12989,2729,15,1,1
12990,2729,15,1,1
12991,2729,15,1,1
12992,2729,15,1,1
12993,2729,15,1,1
12994,2729,15,1,1
12995,2729,15,1,1
12996,2729,15,1,1
12997,2729,15,1,1
12998,2729,15,1,1
12999,2729,15,1,1
13000,2729,15,1,1
13001,2729,15,1,1
13002,2729,15,1,1
13003,2729,15,1,1
13004,2729,15,1,1
13005,2729,15,1,1
13006,2729,15,1,1
13007,2729,15,1,1
13008,2729,15,1,1
13009,2729,15,1,1
13010,2729,15,1,1
13011,2729,15,1,1
13012,2729,15,1,1
13013,2729,15,1,1
13014,2729,15,1,1
13015,2729,15,1,1
13016,2729,15,1,1
13017,2729,15,1,1
13018,2729,15,1,1
13019,2729,15,1,1
13020,2729,15,1,1
13021,2729,15,1,1
13022,2729,15,1,1
13023,2729,15,1,1
13024,2729,15,1,1
13025,2729,15,1,1
13026,2729,15,1,1
13027,2729,15,1,1
13028,2729,15,1,1
13029,2729,15,1,1
13030,2729,15,1,1
13031,2729,15,1,1
13032,2729,15,1,1
13033,2729,15,1,1
13034,2729,15,1,1
13035,2729,15,1,1
13036,2729,15,1,1
13037,2729,15,1,1
13038,2729,15,1,1
13039,2729,15,1,1
13040,2729,15,1,1
13041,2729,15,1,1
13042,2729,15,1,1
13043,2729,15,1,1
13044,2729,15,1,1
13045,2729,15,1,1
13046,2729,15,1,1
13047,2729,15,1,1
13048,2729,15,1,1
13049,2729,15,1,1
13050,2729,15,1,1
13051,2729,15,1,1
13052,2729,15,1,1
13053,2729,15,1,1
13054,2729,15,1,1
13055,2729,15,1,1
13056,2729,15,1,1
13057,2729,15,1,1
13058,2729,15,1,1
13059,2729,15,1,1
13060,2729,15,1,1
13061,2729,15,1,1
13062,2729,15,1,1
13063,2729,15,1,1
13064,2729,15,1,1
13065,2729,15,1,1
13066,2729,15,1,1
13067,2729,15,1,1
13068,2729,15,1,1
13069,2729,15,1,1
13070,2729,15,1,1
13071,2729,15,1,1
13072,2729,15,1,1
13073,2729,15,1,1
13074,2729,15,1,1
13075,2729,15,1,1
13076,2729,15,1,1
13077,2729,15,1,1
13078,2729,15,1,1
13079,2729,15,1,1
13080,2729,15,1,1
13081,2729,15,1,1
13082,2729,15,1,1
13083,2729,15,1,1
13084,2729,15,1,1
13085,2729,15,1,1
13086,2729,15,1,1
13087,2729,15,1,1
13088,2729,15,1,1
13089,2729,15,1,1
13090,2729,15,1,1
13091,2729,15,1,1
13092,2729,15,1,1
13093,2729,15,1,1
13094,2729,15,1,1
13095,2729,15,1,1
13096,2729,15,1,1
13097,2729,15,1,1
13098,2729,15,1,1
13099,2729,15,1,1
13100,2729,15,1,1
13101,2729,15,1,1
13102,2729,15,1,1
13103,2729,15,1,1
13104,2729,15,1,1
13105,2729,15,1,1
13106,2729,15,1,1
13107,2729,15,1,1
13108,2729,15,1,1
13109,2729,15,1,1
13110,2729,15,1,1
13111,2729,15,1,1
13112,2729,15,1,1
13113,2729,15,1,1
13114,2729,15,1,1
13115,2729,15,1,1
13116,2729,15,1,1
13117,2729,15,1,1
13118,2729,15,1,1
13119,2729,15,1,1
13120,2729,15,1,1
13121,2729,15,1,1
13122,2729,15,1,1
13123,2729,15,1,1
13124,2729,15,1,1
13125,2729,15,1,1
13126,2729,15,1,1
13127,2729,15,1,1
13128,2729,15,1,1
13129,2729,15,1,1
13130,2729,15,1,1
13131,2729,15,1,1
13132,2729,15,1,1
13133,2729,15,1,1
13134,2729,15,1,1
13135,2729,15,1,1
13136,2729,15,1,1
13137,2729,15,1,1
13138,2729,15,1,1
13139,2729,15,1,1
13140,2729,15,1,1
13141,2729,15,1,1
13142,2729,15,1,1
13143,2729,15,1,1
13144,2729,15,1,1
13145,2729,15,1,1
13146,2729,15,1,1
13147,2729,15,1,1
13148,2729,15,1,1
13149,2729,15,1,1
13150,2729,15,1,1
13151,2729,15,1,1
13152,2729,15,1,1
13153,2729,15,1,1
13154,2729,15,1,1
13155,2729,15,1,1
13156,2729,15,1,1
13157,2729,15,1,1
13158,2729,15,1,1
13159,2729,15,1,1
13160,2729,15,1,1
13161,2729,15,1,1
13162,2729,15,1,1
13163,2729,15,1,1
13164,2729,15,1,1
13165,2729,15,1,1
13166,2729,15,1,1
13167,2729,15,1,1
13168,2729,15,1,1
13169,2729,15,1,1
13170,2729,15,1,1
13171,2729,15,1,1
13172,2729,15,1,1
13173,2729,15,1,1
13174,2729,15,1,1
13175,2729,15,1,1
13176,2729,15,1,1
13177,2729,15,1,1
13178,2729,15,1,1
13179,2729,15,1,1
13180,2729,15,1,1
13181,2729,15,1,1
13182,2729,15,1,1
13183,2729,15,1,1
13184,2729,15,1,1
13185,2729,15,1,1
13186,2729,15,1,1
13187,2729,15,1,1
13188,2729,15,1,1
13189,2729,15,1,1
13190,2729,15,1,1
13191,2729,15,1,1
13192,2729,15,1,1
13193,2729,15,1,1
13194,2729,15,1,1
13195,2729,15,1,1
13196,2729,15,1,1
13197,2729,15,1,1
13198,2729,15,1,1
13199,2729,15,1,1
13200,2729,15,1,1
13201,2729,15,1,1
13202,2729,15,1,1
13203,2729,15,1,1
13204,2729,15,1,1
13205,2729,15,1,1
13206,2729,15,1,1
13207,2729,15,1,1
13208,2729,15,1,1
13209,2729,15,1,1
13210,2729,15,1,1
13211,2729,15,1,1
13212,2729,15,1,1
13213,2729,15,1,1
13214,2729,15,1,1
13215,2729,15,1,1
13216,2729,15,1,1
13217,2729,15,1,1
13218,2729,15,1,1
13219,2729,15,1,1
13220,2729,15,1,1
13221,2729,15,1,1
13222,2729,15,1,1
13223,2729,15,1,1
13224,2729,15,1,1
13225,2729,15,1,1
13226,2729,15,1,1
13227,2729,15,1,1
13228,2729,15,1,1
13229,2729,15,1,1
13230,2729,15,1,1
13231,2729,15,1,1
13232,2729,15,1,1
13233,2729,15,1,1
13234,2729,15,1,1
13235,2729,15,1,1
13236,2729,15,1,1
13237,2729,15,1,1
13238,2729,15,1,1
13239,2729,15,1,1
13240,2729,15,1,1
13241,2729,15,1,1
13242,2729,15,1,1
13243,2729,15,1,1
13244,2729,15,1,1
13245,2729,15,1,1
13246,2729,15,1,1
13247,2729,15,1,1
13248,2729,15,1,1
13249,2729,15,1,1
13250,2729,15,1,1
13251,2729,15,1,1
13252,2729,15,1,1
13253,2729,15,1,1
13254,2729,15,1,1
13255,2729,15,1,1
13256,2729,15,1,1
13257,2729,15,1,1
13258,2729,15,1,1
13259,2729,15,1,1
13260,2729,15,1,1
13261,2729,15,1,1
13262,2729,15,1,1
13263,2729,15,1,1
13264,2729,15,1,1
13265,2729,15,1,1
13266,2729,15,1,1
13267,2729,15,1,1
13268,2729,15,1,1
13269,2729,15,1,1
13270,2729,15,1,1
13271,2729,15,1,1
13272,2729,15,1,1
13273,2729,15,1,1
13274,2729,15,1,1
13275,2729,15,1,1
13276,2729,15,1,1
13277,2729,15,1,1
13278,2729,15,1,1
13279,2729,15,1,1
13280,2729,15,1,1
13281,2729,15,1,1
13282,2729,15,1,1
13283,2729,15,1,1
13284,2729,15,1,1
13285,2729,15,1,1
13286,2729,15,1,1
13287,2729,15,1,1
13288,2729,15,1,1
13289,2729,15,1,1
13290,2729,15,1,1
13291,2729,15,1,1
13292,2729,15,1,1
13293,2729,15,1,1
13294,2729,15,1,1
13295,2729,15,1,1
13296,2729,15,1,1
13297,2729,15,1,1
13298,2729,15,1,1
13299,2729,15,1,1
13300,2729,15,1,1
13301,2729,15,1,1
13302,2729,15,1,1
13303,2729,15,1,1
13304,2729,15,1,1
13305,2729,15,1,1
13306,2729,15,1,1
13307,2729,15,1,1
13308,2729,15,1,1
13309,2729,15,1,1
13310,2729,15,1,1
13311,2729,15,1,1
13312,2729,15,1,1
13313,2729,15,1,1
13314,2729,15,1,1
13315,2729,15,1,1
13316,2729,15,1,1
13317,2729,15,1,1
13318,2729,15,1,1
13319,2729,15,1,1
13320,2729,15,1,1
13321,2729,15,1,1
13322,2729,15,1,1
13323,2729,15,1,1
13324,2729,15,1,1
13325,2729,15,1,1
13326,2729,15,1,1
13327,2729,15,1,1
13328,2729,15,1,1
13329,2729,15,1,1
13330,2729,15,1,1
13331,2729,15,1,1
13332,2729,15,1,1
13333,2729,15,1,1
13334,2729,15,1,1
13335,2729,15,1,1
13336,2729,15,1,1
13337,2729,15,1,1
13338,2729,15,1,1
13339,2729,15,1,1
13340,2729,15,1,1
13341,2729,15,1,1
13342,2729,15,1,1
13343,2729,15,1,1
13344,2729,15,1,1
13345,2729,15,1,1
13346,2729,15,1,1
13347,2729,15,1,1
13348,2729,15,1,1
13349,2729,15,1,1
13350,2729,15,1,1
13351,2729,15,1,1
13352,2729,15,1,1
13353,2729,15,1,1
13354,2729,15,1,1
13355,2729,15,1,1
13356,2729,15,1,1
13357,2729,15,1,1
13358,2729,15,1,1
13359,2729,15,1,1
13360,2729,15,1,1
13361,2729,15,1,1
13362,2729,15,1,1
13363,2729,15,1,1
13364,2729,15,1,1
13365,2729,15,1,1
13366,2729,15,1,1
13367,2729,15,1,1
13368,2729,15,1,1
13369,2729,15,1,1
13370,2729,15,1,1
13371,2729,15,1,1
13372,2729,15,1,1
13373,2729,15,1,1
13374,2729,15,1,1
13375,2729,15,1,1
13376,2729,15,1,1
13377,2729,15,1,1
13378,2729,15,1,1
13379,2729,15,1,1
13380,2729,15,1,1
13381,2729,15,1,1
13382,2729,15,1,1
13383,2729,15,1,1
13384,2729,15,1,1
13385,2729,15,1,1
13386,2729,15,1,1
13387,2729,15,1,1
13388,2729,15,1,1
13389,2729,15,1,1
13390,2729,15,1,1
13391,2729,15,1,1
13392,2729,15,1,1
13393,2729,15,1,1
13394,2729,15,1,1
13395,2729,15,1,1
13396,2729,15,1,1
13397,2729,15,1,1
13398,2729,15,1,1
13399,2729,15,1,1
13400,2729,15,1,1
13401,2729,15,1,1
13402,2729,15,1,1
13403,2729,15,1,1
13404,2729,15,1,1
13405,2729,15,1,1
13406,2729,15,1,1
13407,2729,15,1,1
13408,2729,15,1,1
13409,2729,15,1,1
13410,2729,15,1,1
13411,2729,15,1,1
13412,2729,15,1,1
13413,2729,15,1,1
13414,2729,15,1,1
13415,2729,15,1,1
13416,2729,15,1,1
13417,2729,15,1,1
13418,2729,15,1,1
13419,2729,15,1,1
13420,2729,15,1,1
13421,2729,15,1,1
13422,2729,15,1,1
13423,2729,15,1,1
13424,2729,15,1,1
13425,2729,15,1,1
13426,2729,15,1,1
13427,2729,15,1,1
13428,2729,15,1,1
13429,2729,15,1,1
13430,2729,15,1,1
13431,2729,15,1,1
13432,2729,15,1,1
13433,2729,15,1,1
13434,2729,15,1,1
13435,2729,15,1,1
13436,2729,15,1,1
13437,2729,15,1,1
13438,2729,15,1,1
13439,2729,15,1,1
13440,2729,15,1,1
13441,2729,15,1,1
13442,2729,15,1,1
13443,2729,15,1,1
13444,2729,15,1,1
13445,2729,15,1,1
13446,2729,15,1,1
13447,2729,15,1,1
13448,2729,15,1,1
13449,2729,15,1,1
13450,2729,15,1,1
13451,2729,15,1,1
13452,2729,15,1,1
13453,2729,15,1,1
13454,2729,15,1,1
13455,2729,15,1,1
13456,2729,15,1,1
13457,2729,15,1,1
13458,2729,15,1,1
13459,2729,15,1,1
13460,2729,15,1,1
13461,2729,15,1,1
13462,2729,15,1,1
13463,2729,15,1,1
13464,2729,15,1,1
13465,2729,15,1,1
13466,2729,15,1,1
13467,2729,1,1,1
13468,2729,15,1,1
13469,2729,15,1,1
13470,2729,15,1,1
13471,2729,15,1,1
13472,2729,15,1,1
13473,2729,15,1,1
13474,2729,15,1,1
13475,2729,15,1,1
13476,2729,15,1,1
13477,2729,15,1,1
13478,2729,15,1,1
13479,2729,15,1,1
13480,2729,15,1,1
13481,2729,15,1,1
13482,2729,15,1,1
13483,2729,15,1,1
13484,2729,15,1,1
13485,2729,15,1,1
13486,2729,15,1,1
13487,2729,15,1,1
13488,2729,15,1,1
13489,2729,15,1,1
13490,2729,15,1,1
13491,2729,15,1,1
13492,2729,15,1,1
13493,2729,15,1,1
13494,2729,15,1,1
13495,2729,15,1,1
13496,2729,15,1,1
13497,2729,15,1,1
13498,2729,15,1,1
13499,2729,15,1,1
13500,2729,15,1,1
13501,2729,15,1,1
13502,2729,15,1,1
13503,2729,15,1,1
13504,2729,15,1,1
13505,2729,15,1,1
13506,2729,15,1,1
13507,2729,15,1,1
13508,2729,15,1,1
13509,2729,15,1,1
13510,2729,15,1,1
13511,2729,15,1,1
13512,2729,15,1,1
13513,2729,15,1,1
13514,2729,15,1,1
13515,2729,15,1,1
13516,2729,15,1,1
13517,2729,15,1,1
13518,2729,15,1,1
13519,2729,15,1,1
13520,2729,15,1,1
13521,2729,15,1,1
13522,2729,15,1,1
13523,2729,15,1,1
13524,2729,15,1,1
13525,2729,15,1,1
13526,2729,15,1,1
13527,2729,15,1,1
13528,2729,15,1,1
13529,2729,15,1,1
13530,2729,15,1,1
13531,2729,15,1,1
13532,2729,15,1,1
13533,2729,15,1,1
13534,2729,15,1,1
13535,2729,15,1,1
13536,2729,15,1,1
13537,2729,15,1,1
13538,2729,15,1,1
13539,2729,15,1,1
13540,2729,15,1,1
13541,2729,15,1,1
13542,2729,15,1,1
13543,2729,15,1,1
13544,2729,15,1,1
13545,2729,15,1,1
13546,2729,6,1,1
13547,2729,15,1,1
13548,2729,15,1,1
13549,2729,15,1,1
13550,2729,15,1,1
13551,2729,15,1,1
13552,2729,15,1,1
13553,2729,15,1,1
13554,2729,15,1,1
13555,2729,15,1,1
13556,2729,15,1,1
13557,2729,15,1,1
13558,2729,15,1,1
13559,2729,15,1,1
13560,2729,15,1,1
13561,2729,15,1,1
13562,2729,15,1,1
13563,2729,15,1,1
13564,2729,15,1,1
13565,2729,15,1,1
13566,2729,15,1,1
13567,2729,15,1,1
13568,2729,15,1,1
13569,2729,15,1,1
13570,2729,15,1,1
13571,2729,15,1,1
13572,2729,15,1,1
13573,2729,15,1,1
13574,2729,15,1,1
13575,2729,15,1,1
13576,2729,15,1,1
13577,2729,15,1,1
13578,2729,15,1,1
13579,2729,15,1,1
13580,2729,15,1,1
13581,2729,15,1,1
13582,2729,15,1,1
13583,2729,15,1,1
13584,2729,15,1,1
13585,2729,15,1,1
13586,2729,15,1,1
13587,2729,15,1,1
13588,2729,15,1,1
13589,2729,15,1,1
13590,2729,15,1,1
13591,2729,15,1,1
13592,2729,15,1,1
13593,2729,15,1,1
13594,2729,15,1,1
13595,2729,15,1,1
13596,2729,15,1,1
13597,2729,15,1,1
13598,2729,15,1,1
13599,2729,15,1,1
13600,2729,15,1,1
13601,2729,15,1,1
13602,2729,15,1,1
13603,2729,15,1,1
13604,2729,15,1,1
13605,2729,15,1,1
13606,2729,15,1,1
13607,2729,15,1,1
13608,2729,15,1,1
13609,2729,15,1,1
13610,2729,15,1,1
13611,2729,15,1,1
13612,2729,15,1,1
13613,2729,15,1,1
13614,2729,15,1,1
13615,2729,15,1,1
13616,2729,15,1,1
13617,2729,15,1,1
13618,2729,15,1,1
13619,2729,15,1,1
13620,2729,15,1,1
13621,2729,15,1,1
13622,2729,15,1,1
13623,2729,15,1,1
13624,2729,15,1,1
13625,2729,15,1,1
13626,2729,15,1,1
13627,2729,15,1,1
13628,2729,15,1,1
13629,2729,15,1,1
13630,2729,15,1,1
13631,2729,15,1,1
13632,2729,15,1,1
13633,2729,15,1,1
13634,2729,15,1,1
13635,2729,15,1,1
13636,2729,15,1,1
13637,2729,15,1,1
13638,2729,15,1,1
13639,2729,15,1,1
13640,2729,15,1,1
13641,2729,15,1,1
13642,2729,15,1,1
13643,2729,15,1,1
13644,2729,15,1,1
13645,2729,15,1,1
13646,2729,15,1,1
13647,2729,15,1,1
13648,2729,15,1,1
13649,2729,15,1,1
13650,2729,15,1,1
13651,2729,15,1,1
13652,2729,15,1,1
13653,2729,15,1,1
13654,2729,15,1,1
13655,2729,15,1,1
13656,2729,15,1,1
13657,2729,15,1,1
13658,2729,15,1,1
13659,2729,15,1,1
13660,2729,15,1,1
13661,2729,15,1,1
13662,2729,15,1,1
13663,2729,15,1,1
13664,2729,15,1,1
13665,2729,15,1,1
13666,2729,15,1,1
13667,2729,15,1,1
13668,2729,15,1,1
13669,2729,15,1,1
13670,2729,15,1,1
13671,2729,15,1,1
13672,2729,15,1,1
13673,2729,15,1,1
13674,2729,15,1,1
13675,2729,15,1,1
13676,2729,15,1,1
13677,2729,15,1,1
13678,2729,15,1,1
13679,2729,15,1,1
13680,2729,15,1,1
13681,2729,15,1,1
13682,2729,15,1,1
13683,2729,15,1,1
13684,2729,15,1,1
13685,2729,15,1,1
13686,2729,15,1,1
13687,2729,15,1,1
13688,2729,15,1,1
13689,2729,15,1,1
13690,2729,15,1,1
13691,2729,15,1,1
13692,2729,15,1,1
13693,2729,15,1,1
13694,2729,15,1,1
13695,2729,15,1,1
13696,2729,15,1,1
13697,2729,15,1,1
13698,2729,15,1,1
13699,2729,15,1,1
13700,2729,15,1,1
13701,2729,15,1,1
13702,2729,15,1,1
13703,2729,15,1,1
13704,2729,15,1,1
13705,2729,15,1,1
13706,2729,15,1,1
13707,2729,15,1,1
13708,2729,15,1,1
13709,2729,15,1,1
13710,2729,15,1,1
13711,2729,15,1,1
13712,2729,15,1,1
13713,2729,15,1,1
13714,2729,15,1,1
13715,2729,15,1,1
13716,2729,15,1,1
13717,2729,15,1,1
13718,2729,15,1,1
13719,2729,15,1,1
13720,2729,15,1,1
13721,2729,15,1,1
13722,2729,15,1,1
13723,2729,15,1,1
13724,2729,15,1,1
13725,2729,15,1,1
13726,2729,15,1,1
13727,2729,15,1,1
13728,2729,15,1,1
13729,2729,15,1,1
13730,2729,15,1,1
13731,2729,15,1,1
13732,2729,15,1,1
13733,2729,15,1,1
13734,2729,15,1,1
13735,2729,15,1,1
13736,2729,15,1,1
13737,2729,15,1,1
13738,2729,15,1,1
13739,2729,15,1,1
13740,2729,15,1,1
13741,2729,15,1,1
13742,2729,15,1,1
13743,2729,15,1,1
13744,2729,15,1,1
13745,2729,15,1,1
13746,2729,15,1,1
13747,2729,15,1,1
13748,2729,15,1,1
13749,2729,15,1,1
13750,2729,15,1,1
13751,2729,15,1,1
13752,2729,15,1,1
13753,2729,15,1,1
13754,2729,15,1,1
13755,2729,15,1,1
13756,2729,15,1,1
13757,2729,15,1,1
13758,2729,15,1,1
13759,2729,15,1,1
13760,2729,15,1,1
13761,2729,15,1,1
13762,2729,15,1,1
13763,2729,15,1,1
13764,2729,15,1,1
13765,2729,15,1,1
13766,2729,15,1,1
13767,2729,15,1,1
13768,2729,15,1,1
13769,2729,15,1,1
13770,2729,15,1,1
13771,2729,15,1,1
13772,2729,15,1,1
13773,2729,15,1,1
13774,2729,15,1,1
13775,2729,15,1,1
13776,2729,15,1,1
13777,2729,15,1,1
13778,2729,15,1,1
13779,2729,15,1,1
13780,2729,15,1,1
13781,2729,15,1,1
13782,2729,15,1,1
13783,2729,15,1,1
13784,2729,15,1,1
13785,2729,15,1,1
13786,2729,15,1,1
13787,2729,15,1,1
13788,2729,15,1,1
13789,2729,15,1,1
13790,2729,15,1,1
13791,2729,15,1,1
13792,2729,15,1,1
13793,2729,15,1,1
13794,2729,15,1,1
13795,2729,15,1,1
13796,2729,15,1,1
13797,2729,15,1,1
13798,2729,15,1,1
13799,2729,15,1,1
13800,2729,15,1,1
13801,2729,15,1,1
13802,2729,15,1,1
13803,2729,15,1,1
13804,2729,15,1,1
13805,2729,11,1,1
13806,2729,15,1,1
13807,2729,15,1,1
13808,2729,15,1,1
13809,2729,15,1,1
13810,2729,15,1,1
13811,2729,15,1,1
13812,2729,15,1,1
13813,2729,15,1,1
13814,2729,15,1,1
13815,2729,15,1,1
13816,2729,15,1,1
13817,2729,15,1,1
13818,2729,15,1,1
13819,2729,15,1,1
13820,2729,15,1,1
13821,2729,15,1,1
13822,2729,15,1,1
13823,2729,15,1,1
13824,2729,15,1,1
13825,2729,15,1,1
13826,2729,15,1,1
13827,2729,15,1,1
13828,2729,15,1,1
13829,2729,15,1,1
13830,2729,15,1,1
13831,2729,15,1,1
13832,2729,15,1,1
13833,2729,15,1,1
13834,2729,15,1,1
13835,2729,15,1,1
13836,2729,15,1,1
13837,2729,15,1,1
13838,2729,7,1,1
13839,2729,15,1,1
13840,2729,15,1,1
13841,2729,15,1,1
13842,2729,15,1,1
13843,2729,15,1,1
13844,2729,15,1,1
13845,2729,15,1,1
13846,2729,15,1,1
13847,2729,15,1,1
13848,2729,15,1,1
13849,2729,15,1,1
13850,2729,15,1,1
13851,2729,15,1,1
13852,2729,15,1,1
13853,2729,15,1,1
13854,2729,15,1,1
13855,2729,15,1,1
13856,2729,15,1,1
13857,2729,15,1,1
13858,2729,15,1,1
13859,2729,15,1,1
13860,2729,15,1,1
13861,2729,15,1,1
13862,2729,15,1,1
13863,2729,15,1,1
13864,2729,15,1,1
13865,2729,15,1,1
13866,2729,15,1,1
13867,2729,15,1,1
13868,2729,15,1,1
13869,2729,15,1,1
13870,2729,15,1,1
13871,2729,15,1,1
13872,2729,15,1,1
13873,2729,15,1,1
13874,2729,15,1,1
13875,2729,15,1,1
13876,2729,15,1,1
13877,2729,15,1,1
13878,2729,15,1,1
13879,2729,15,1,1
13880,2729,15,1,1
13881,2729,15,1,1
13882,2729,15,1,1
13883,2729,15,1,1
13884,2729,15,1,1
13885,2729,15,1,1
13886,2729,15,1,1
13887,2729,15,1,1
13888,2729,15,1,1
13889,2729,15,1,1
13890,2729,15,1,1
13891,2729,15,1,1
13892,2729,15,1,1
13893,2729,15,1,1
13894,2729,15,1,1
13895,2729,15,1,1
13896,2729,15,1,1
13897,2729,15,1,1
13898,2729,15,1,1
13899,2729,15,1,1
13900,2729,15,1,1
13901,2729,15,1,1
13902,2729,15,1,1
13903,2729,15,1,1
13904,2729,15,1,1
13905,2729,15,1,1
13906,2729,15,1,1
13907,2729,15,1,1
13908,2729,15,1,1
13909,2729,15,1,1
13910,2729,15,1,1
13911,2729,15,1,1
13912,2729,15,1,1
13913,2729,15,1,1
13914,2729,15,1,1
13915,2729,15,1,1
13916,2729,15,1,1
13917,2729,15,1,1
13918,2729,15,1,1
13919,2729,15,1,1
13920,2729,15,1,1
13921,2729,15,1,1
13922,2729,15,1,1
13923,2729,15,1,1
13924,2729,15,1,1
13925,2729,15,1,1
13926,2729,15,1,1
13927,2729,15,1,1
13928,2729,15,1,1
13929,2729,15,1,1
13930,2729,15,1,1
13931,2729,15,1,1
13932,2729,15,1,1
13933,2729,15,1,1
13934,2729,15,1,1
13935,2729,15,1,1
13936,2729,15,1,1
13937,2729,15,1,1
13938,2729,15,1,1
13939,2729,15,1,1
13940,2729,15,1,1
13941,2729,15,1,1
13942,2729,15,1,1
13943,2729,15,1,1
13944,2729,15,1,1
13945,2729,15,1,1
13946,2729,15,1,1
13947,2729,15,1,1
13948,2729,15,1,1
13949,2729,15,1,1
13950,2729,15,1,1
13951,2729,15,1,1
13952,2729,15,1,1
13953,2729,15,1,1
13954,2729,15,1,1
13955,2729,15,1,1
13956,2729,15,1,1
13957,2729,15,1,1
13958,2729,15,1,1
13959,2729,15,1,1
13960,2729,15,1,1
13961,2729,15,1,1
13962,2729,15,1,1
13963,2729,15,1,1
13964,2729,15,1,1
13965,2729,15,1,1
13966,2729,15,1,1
13967,2729,15,1,1
13968,2729,15,1,1
13969,2729,15,1,1
13970,2729,15,1,1
13971,2729,15,1,1
13972,2729,15,1,1
13973,2729,15,1,1
13974,2729,15,1,1
13975,2729,15,1,1
13976,2729,15,1,1
13977,2729,15,1,1
13978,2729,15,1,1
13979,2729,15,1,1
13980,2729,15,1,1
13981,2729,15,1,1
13982,2729,15,1,1
13983,2729,15,1,1
13984,2729,15,1,1
13985,2729,15,1,1
13986,2729,15,1,1
13987,2729,15,1,1
13988,2729,15,1,1
13989,2729,15,1,1
13990,2729,15,1,1
13991,2729,15,1,1
13992,2729,15,1,1
13993,2729,15,1,1
13994,2729,15,1,1
13995,2729,15,1,1
13996,2729,15,1,1
13997,2729,15,1,1
13998,2729,15,1,1
13999,2729,15,1,1
14000,2729,15,1,1
14001,2729,15,1,1
14002,2729,15,1,1
14003,2729,15,1,1
14004,2729,15,1,1
14005,2729,15,1,1
14006,2729,15,1,1
14007,2729,15,1,1
14008,2729,15,1,1
14009,2729,15,1,1
14010,2729,15,1,1
14011,2729,15,1,1
14012,2729,15,1,1
14013,2729,15,1,1
14014,2729,15,1,1
14015,2729,15,1,1
14016,2729,15,1,1
14017,2729,15,1,1
14018,2729,15,1,1
14019,2729,15,1,1
14020,2729,15,1,1
14021,2729,15,1,1
14022,2729,15,1,1
14023,2729,15,1,1
14024,2729,15,1,1
14025,2729,15,1,1
14026,2729,15,1,1
14027,2729,15,1,1
14028,2729,15,1,1
14029,2729,15,1,1
14030,2729,15,1,1
14031,2729,15,1,1
14032,2729,15,1,1
14033,2729,15,1,1
14034,2729,15,1,1
14035,2729,15,1,1
14036,2729,15,1,1
14037,2729,15,1,1
14038,2729,15,1,1
14039,2729,15,1,1
14040,2729,15,1,1
14041,2729,15,1,1
14042,2729,15,1,1
14043,2729,15,1,1
14044,2729,15,1,1
14045,2729,15,1,1
14046,2729,15,1,1
14047,2729,15,1,1
14048,2729,15,1,1
14049,2729,15,1,1
14050,2729,15,1,1
14051,2729,15,1,1
14052,2729,15,1,1
14053,2729,15,1,1
14054,2729,15,1,1
14055,2729,15,1,1
14056,2729,15,1,1
14057,2729,15,1,1
14058,2729,15,1,1
14059,2729,15,1,1
14060,2729,15,1,1
14061,2729,15,1,1
14062,2729,15,1,1
14063,2729,15,1,1
14064,2729,15,1,1
14065,2729,15,1,1
14066,2729,15,1,1
14067,2729,15,1,1
14068,2729,15,1,1
14069,2729,15,1,1
14070,2729,15,1,1
14071,2729,15,1,1
14072,2729,15,1,1
14073,2729,15,1,1
14074,2729,15,1,1
14075,2729,15,1,1
14076,2729,15,1,1
14077,2729,15,1,1
14078,2729,15,1,1
14079,2729,15,1,1
14080,2729,15,1,1
14081,2729,15,1,1
14082,2729,15,1,1
14083,2729,15,1,1
14084,2729,15,1,1
14085,2729,15,1,1
14086,2729,15,1,1
14087,2729,15,1,1
14088,2729,15,1,1
14089,2729,15,1,1
14090,2729,15,1,1
14091,2729,15,1,1
14092,2729,15,1,1
14093,2729,15,1,1
14094,2729,15,1,1
14095,2729,15,1,1
14096,2729,15,1,1
14097,2729,15,1,1
14098,2729,15,1,1
14099,2729,15,1,1
14100,2729,15,1,1
14101,2729,15,1,1
14102,2729,15,1,1
14103,2729,15,1,1
14104,2729,15,1,1
14105,2729,15,1,1
14106,2729,15,1,1
14107,2729,15,1,1
14108,2729,15,1,1
14109,2729,15,1,1
14110,2729,15,1,1
14111,2729,15,1,1
14112,2729,15,1,1
14113,2729,15,1,1
14114,2729,15,1,1
14115,2729,15,1,1
14116,2729,15,1,1
14117,2729,15,1,1
14118,2729,15,1,1
14119,2729,15,1,1
14120,2729,15,1,1
14121,2729,15,1,1
14122,2729,15,1,1
14123,2729,15,1,1
14124,2729,15,1,1
14125,2729,15,1,1
14126,2729,15,1,1
14127,2729,15,1,1
14128,2729,15,1,1
14129,2729,15,1,1
14130,2729,15,1,1
14131,2729,15,1,1
14132,2729,15,1,1
14133,2729,15,1,1
14134,2729,15,1,1
14135,2729,15,1,1
14136,2729,15,1,1
14137,2729,15,1,1
14138,2729,15,1,1
14139,2729,15,1,1
14140,2729,15,1,1
14141,2729,15,1,1
14142,2729,15,1,1
14143,2729,15,1,1
14144,2729,15,1,1
14145,2729,15,1,1
14146,2729,15,1,1
14147,2729,15,1,1
14148,2729,15,1,1
14149,2729,15,1,1
14150,2729,15,1,1
14151,2729,15,1,1
14152,2729,15,1,1
14153,2729,15,1,1
14154,2729,15,1,1
14155,2729,15,1,1
14156,2729,15,1,1
14157,2729,15,1,1
14158,2729,15,1,1
14159,2729,15,1,1
14160,2729,15,1,1
14161,2729,15,1,1
14162,2729,15,1,1
14163,2729,15,1,1
14164,2729,15,1,1
14165,2729,15,1,1
14166,2729,15,1,1
14167,2729,15,1,1
14168,2729,15,1,1
14169,2729,15,1,1
14170,2729,15,1,1
14171,2729,15,1,1
14172,2729,15,1,1
14173,2729,15,1,1
14174,2729,15,1,1
14175,2729,15,1,1
14176,2729,15,1,1
14177,2729,15,1,1
14178,2729,15,1,1
14179,2729,15,1,1
14180,2729,15,1,1
14181,2729,15,1,1
14182,2729,15,1,1
14183,2729,15,1,1
14184,2729,15,1,1
14185,2729,15,1,1
14186,2729,15,1,1
14187,2729,15,1,1
14188,2729,15,1,1
14189,2729,15,1,1
14190,2729,15,1,1
14191,2729,15,1,1
14192,2729,15,1,1
14193,2729,15,1,1
14194,2729,15,1,1
14195,2729,15,1,1
14196,2729,15,1,1
14197,2729,15,1,1
14198,2729,15,1,1
14199,2729,15,1,1
14200,2729,15,1,1
14201,2729,15,1,1
14202,2729,15,1,1
14203,2729,15,1,1
14204,2729,15,1,1
14205,2729,15,1,1
14206,2729,15,1,1
14207,2729,15,1,1
14208,2729,15,1,1
14209,2729,15,1,1
14210,2729,15,1,1
14211,2729,15,1,1
14212,2729,15,1,1
14213,2729,15,1,1
14214,2729,15,1,1
14215,2729,15,1,1
14216,2729,15,1,1
14217,2729,15,1,1
14218,2729,15,1,1
14219,2729,15,1,1
14220,2729,15,1,1
14221,2729,15,1,1
14222,2729,15,1,1
14223,2729,15,1,1
14224,2729,15,1,1
14225,2729,15,1,1
14226,2729,15,1,1
14227,2729,15,1,1
14228,2729,15,1,1
14229,2729,15,1,1
14230,2729,15,1,1
14231,2729,15,1,1
14232,2729,15,1,1
14233,2729,15,1,1
14234,2729,15,1,1
14235,2729,15,1,1
14236,2729,15,1,1
14237,2729,15,1,1
14238,2729,15,1,1
14239,2729,15,1,1
14240,2729,15,1,1
14241,2729,15,1,1
14242,2729,15,1,1
14243,2729,15,1,1
14244,2729,15,1,1
14245,2729,15,1,1
14246,2729,15,1,1
14247,2729,15,1,1
14248,2729,15,1,1
14249,2729,15,1,1
14250,2729,15,1,1
14251,2729,15,1,1
14252,2729,15,1,1
14253,2729,15,1,1
14254,2729,15,1,1
14255,2729,15,1,1
14256,2729,15,1,1
14257,2729,15,1,1
14258,2729,15,1,1
14259,2729,15,1,1
14260,2729,15,1,1
14261,2729,15,1,1
14262,2729,15,1,1
14263,2729,15,1,1
14264,2729,15,1,1
14265,2729,15,1,1
14266,2729,15,1,1
14267,2729,15,1,1
14268,2729,15,1,1
14269,2729,15,1,1
14270,2729,15,1,1
14271,2729,15,1,1
14272,2729,15,1,1
14273,2729,15,1,1
14274,2729,15,1,1
14275,2729,15,1,1
14276,2729,15,1,1
14277,2729,15,1,1
14278,2729,15,1,1
14279,2729,15,1,1
14280,2729,15,1,1
14281,2729,15,1,1
14282,2729,15,1,1
14283,2729,15,1,1
14284,2729,15,1,1
14285,2729,15,1,1
14286,2729,15,1,1
14287,2729,15,1,1
14288,2729,15,1,1
14289,2729,15,1,1
14290,2729,15,1,1
14291,2729,15,1,1
14292,2729,15,1,1
14293,2729,15,1,1
14294,2729,15,1,1
14295,2729,15,1,1
14296,2729,15,1,1
14297,2729,15,1,1
14298,2729,15,1,1
14299,2729,15,1,1
14300,2729,15,1,1
14301,2729,15,1,1
14302,2729,15,1,1
14303,2729,15,1,1
14304,2729,15,1,1
14305,2729,15,1,1
14306,2729,15,1,1
14307,2729,15,1,1
14308,2729,15,1,1
14309,2729,15,1,1
14310,2729,15,1,1
14311,2729,15,1,1
14312,2729,15,1,1
14313,2729,15,1,1
14314,2729,15,1,1
14315,2729,15,1,1
14316,2729,15,1,1
14317,2729,15,1,1
14318,2729,15,1,1
14319,2729,15,1,1
14320,2729,15,1,1
14321,2729,15,1,1
14322,2729,15,1,1
14323,2729,15,1,1
14324,2729,15,1,1
14325,2729,15,1,1
14326,2729,15,1,1
14327,2729,15,1,1
14328,2729,15,1,1
14329,2729,15,1,1
14330,2729,15,1,1
14331,2729,15,1,1
14332,2729,15,1,1
14333,2729,15,1,1
14334,2729,15,1,1
14335,2729,15,1,1
14336,2729,15,1,1
14337,2729,15,1,1
14338,2729,15,1,1
14339,2729,15,1,1
14340,2729,15,1,1
14341,2729,15,1,1
14342,2729,15,1,1
14343,2729,15,1,1
14344,2729,15,1,1
14345,2729,15,1,1
14346,2729,15,1,1
14347,2729,15,1,1
14348,2729,15,1,1
14349,2729,15,1,1
14350,2729,15,1,1
14351,2729,15,1,1
14352,2729,15,1,1
14353,2729,15,1,1
14354,2729,15,1,1
14355,2729,15,1,1
14356,2729,15,1,1
14357,2729,15,1,1
14358,2729,15,1,1
14359,2729,15,1,1
14360,2729,15,1,1
14361,2729,15,1,1
14362,2729,15,1,1
14363,2729,15,1,1
14364,2729,15,1,1
14365,2729,15,1,1
14366,2729,15,1,1
14367,2729,15,1,1
14368,2729,15,1,1
14369,2729,15,1,1
14370,2729,15,1,1
14371,2729,15,1,1
14372,2729,15,1,1
14373,2729,15,1,1
14374,2729,15,1,1
14375,2729,15,1,1
14376,2729,15,1,1
14377,2729,15,1,1
14378,2729,15,1,1
14379,2729,15,1,1
14380,2729,15,1,1
14381,2729,15,1,1
14382,2729,15,1,1
14383,2729,15,1,1
14384,2729,15,1,1
14385,2729,15,1,1
14386,2729,15,1,1
14387,2729,15,1,1
14388,2729,15,1,1
14389,2729,15,1,1
14390,2729,15,1,1
14391,2729,15,1,1
14392,2729,15,1,1
14393,2729,15,1,1
14394,2729,15,1,1
14395,2729,15,1,1
14396,2729,15,1,1
14397,2729,15,1,1
14398,2729,15,1,1
14399,2729,15,1,1
14400,2729,15,1,1
14401,2729,15,1,1
14402,2729,15,1,1
14403,2729,15,1,1
14404,2729,15,1,1
14405,2729,15,1,1
14406,2729,15,1,1
14407,2729,15,1,1
14408,2729,15,1,1
14409,2729,15,1,1
14410,2729,15,1,1
14411,2729,15,1,1
14412,2729,15,1,1
14413,2729,15,1,1
14414,2729,15,1,1
14415,2729,15,1,1
14416,2729,15,1,1
14417,2729,15,1,1
14418,2729,15,1,1
14419,2729,15,1,1
14420,2729,15,1,1
14421,2729,15,1,1
14422,2729,15,1,1
14423,2729,15,1,1
14424,2729,15,1,1
14425,2729,15,1,1
14426,2729,15,1,1
14427,2729,15,1,1
14428,2729,15,1,1
14429,2729,15,1,1
14430,2729,15,1,1
14431,2729,15,1,1
14432,2729,15,1,1
14433,2729,15,1,1
14434,2729,15,1,1
14435,2729,15,1,1
14436,2729,15,1,1
14437,2729,15,1,1
14438,2729,15,1,1
14439,2729,15,1,1
14440,2729,15,1,1
14441,2729,15,1,1
14442,2729,15,1,1
14443,2729,15,1,1
14444,2729,15,1,1
14445,2729,15,1,1
14446,2729,15,1,1
14447,2729,15,1,1
14448,2729,15,1,1
14449,2729,15,1,1
14450,2729,15,1,1
14451,2729,15,1,1
14452,2729,15,1,1
14453,2729,15,1,1
14454,2729,15,1,1
14455,2729,15,1,1
14456,2729,15,1,1
14457,2729,15,1,1
14458,2729,15,1,1
14459,2729,15,1,1
14460,2729,15,1,1
14461,2729,15,1,1
14462,2729,15,1,1
14463,2729,15,1,1
14464,2729,15,1,1
14465,2729,15,1,1
14466,2729,15,1,1
14467,2729,15,1,1
14468,2729,15,1,1
14469,2729,15,1,1
14470,2729,15,1,1
14471,2729,15,1,1
14472,2729,15,1,1
14473,2729,15,1,1
14474,2729,15,1,1
14475,2729,15,1,1
14476,2729,15,1,1
14477,2729,15,1,1
14478,2729,15,1,1
14479,2729,15,1,1
14480,2729,15,1,1
14481,2729,15,1,1
14482,2729,15,1,1
14483,2729,15,1,1
14484,2729,15,1,1
14485,2729,15,1,1
14486,2729,15,1,1
14487,2729,15,1,1
14488,2729,15,1,1
14489,2729,15,1,1
14490,2729,15,1,1
14491,2729,15,1,1
14492,2729,15,1,1
14493,2729,15,1,1
14494,2729,15,1,1
14495,2729,15,1,1
14496,2729,15,1,1
14497,2729,15,1,1
14498,2729,15,1,1
14499,2729,15,1,1
14500,2729,15,1,1
14501,2729,15,1,1
14502,2729,15,1,1
14503,2729,15,1,1
14504,2729,15,1,1
14505,2729,15,1,1
14506,2729,15,1,1
14507,2729,15,1,1
14508,2729,15,1,1
14509,2729,15,1,1
14510,2729,15,1,1
14511,2729,15,1,1
14512,2729,15,1,1
14513,2729,15,1,1
14514,2729,15,1,1
14515,2729,15,1,1
14516,2729,15,1,1
14517,2729,15,1,1
14518,2729,15,1,1
14519,2729,15,1,1
14520,2729,15,1,1
14521,2729,15,1,1
14522,2729,15,1,1
14523,2729,15,1,1
14524,2729,15,1,1
14525,2729,15,1,1
14526,2729,15,1,1
14527,2729,15,1,1
14528,2729,15,1,1
14529,2729,15,1,1
14530,2729,15,1,1
14531,2729,15,1,1
14532,2729,15,1,1
14533,2729,15,1,1
14534,2729,15,1,1
14535,2729,15,1,1
14536,2729,15,1,1
14537,2729,15,1,1
14538,2729,15,1,1
14539,2729,15,1,1
14540,2729,15,1,1
14541,2729,15,1,1
14542,2729,15,1,1
14543,2729,15,1,1
14544,2729,15,1,1
14545,2729,15,1,1
14546,2729,15,1,1
14547,2729,15,1,1
14548,2729,15,1,1
14549,2729,15,1,1
14550,2729,15,1,1
14551,2729,15,1,1
14552,2729,15,1,1
14553,2729,15,1,1
14554,2729,15,1,1
14555,2729,15,1,1
14556,2729,15,1,1
14557,2729,15,1,1
14558,2729,15,1,1
14559,2729,15,1,1
14560,2729,15,1,1
14561,2729,15,1,1
14562,2729,15,1,1
14563,2729,15,1,1
14564,2729,15,1,1
14565,2729,15,1,1
14566,2729,15,1,1
14567,2729,15,1,1
14568,2729,15,1,1
14569,2729,15,1,1
14570,2729,15,1,1
14571,2729,15,1,1
14572,2729,15,1,1
14573,2729,15,1,1
14574,2729,15,1,1
14575,2729,15,1,1
14576,2729,15,1,1
14577,2729,15,1,1
14578,2729,15,1,1
14579,2729,15,1,1
14580,2729,15,1,1
14581,2729,15,1,1
14582,2729,15,1,1
14583,2729,15,1,1
14584,2729,15,1,1
14585,2729,15,1,1
14586,2729,15,1,1
14587,2729,3,1,1
14588,2729,15,1,1
14589,2729,15,1,1
14590,2729,15,1,1
14591,2729,15,1,1
14592,2729,15,1,1
14593,2729,15,1,1
14594,2729,15,1,1
14595,2729,15,1,1
14596,2729,15,1,1
14597,2729,15,1,1
14598,2729,15,1,1
14599,2729,15,1,1
14600,2729,15,1,1
14601,2729,15,1,1
14602,2729,15,1,1
14603,2729,15,1,1
14604,2729,15,1,1
14605,2729,15,1,1
14606,2729,15,1,1
14607,2729,15,1,1
14608,2729,15,1,1
14609,2729,15,1,1
14610,2729,15,1,1
14611,2729,15,1,1
14612,2729,15,1,1
14613,2729,15,1,1
14614,2729,15,1,1
14615,2729,15,1,1
14616,2729,15,1,1
14617,2729,15,1,1
14618,2729,15,1,1
14619,2729,15,1,1
14620,2729,15,1,1
14621,2729,15,1,1
14622,2729,15,1,1
14623,2729,15,1,1
14624,2729,15,1,1
14625,2729,15,1,1
14626,2729,15,1,1
14627,2729,15,1,1
14628,2729,15,1,1
14629,2729,15,1,1
14630,2729,15,1,1
14631,2729,15,1,1
14632,2729,15,1,1
14633,2729,15,1,1
14634,2729,15,1,1
14635,2729,15,1,1
14636,2729,15,1,1
14637,2729,15,1,1
14638,2729,15,1,1
14639,2729,15,1,1
14640,2729,15,1,1
14641,2729,15,1,1
14642,2729,15,1,1
14643,2729,15,1,1
14644,2729,15,1,1
14645,2729,15,1,1
14646,2729,15,1,1
14647,2729,15,1,1
14648,2729,15,1,1
14649,2729,15,1,1
14650,2729,15,1,1
14651,2729,15,1,1
14652,2729,15,1,1
14653,2729,15,1,1
14654,2729,15,1,1
14655,2729,15,1,1
14656,2729,15,1,1
14657,2729,15,1,1
14658,2729,15,1,1
14659,2729,15,1,1
14660,2729,15,1,1
14661,2729,15,1,1
14662,2729,15,1,1
14663,2729,15,1,1
14664,2729,15,1,1
14665,2729,15,1,1
14666,2729,15,1,1
14667,2729,15,1,1
14668,2729,15,1,1
14669,2729,15,1,1
14670,2729,15,1,1
14671,2729,15,1,1
14672,2729,15,1,1
14673,2729,15,1,1
14674,2729,15,1,1
14675,2729,15,1,1
14676,2729,15,1,1
14677,2729,15,1,1
14678,2729,15,1,1
14679,2729,15,1,1
14680,2729,15,1,1
14681,2729,15,1,1
14682,2729,15,1,1
14683,2729,15,1,1
14684,2729,15,1,1
14685,2729,15,1,1
14686,2729,15,1,1
14687,2729,15,1,1
14688,2729,15,1,1
14689,2729,15,1,1
14690,2729,15,1,1
14691,2729,15,1,1
14692,2729,15,1,1
14693,2729,15,1,1
14694,2729,15,1,1
14695,2729,15,1,1
14696,2729,15,1,1
14697,2729,15,1,1
14698,2729,15,1,1
14699,2729,15,1,1
14700,2729,15,1,1
14701,2729,15,1,1
14702,2729,15,1,1
14703,2729,15,1,1
14704,2729,15,1,1
14705,2729,15,1,1
14706,2729,15,1,1
14707,2729,15,1,1
14708,2729,15,1,1
14709,2729,15,1,1
14710,2729,15,1,1
14711,2729,15,1,1
14712,2729,15,1,1
14713,2729,15,1,1
14714,2729,15,1,1
14715,2729,15,1,1
14716,2729,15,1,1
14717,2729,15,1,1
14718,2729,15,1,1
14719,2729,15,1,1
14720,2729,11,1,1
14721,2729,15,1,1
14722,2729,15,1,1
14723,2729,15,1,1
14724,2729,15,1,1
14725,2729,15,1,1
14726,2729,15,1,1
14727,2729,15,1,1
14728,2729,15,1,1
14729,2729,15,1,1
14730,2729,15,1,1
14731,2729,15,1,1
14732,2729,15,1,1
14733,2729,15,1,1
14734,2729,15,1,1
14735,2729,15,1,1
14736,2729,15,1,1
14737,2729,15,1,1
14738,2729,15,1,1
14739,2729,15,1,1
14740,2729,15,1,1
14741,2729,15,1,1
14742,2729,15,1,1
14743,2729,15,1,1
14744,2729,15,1,1
14745,2729,15,1,1
14746,2729,15,1,1
14747,2729,15,1,1
14748,2729,15,1,1
14749,2729,15,1,1
14750,2729,15,1,1
14751,2729,15,1,1
14752,2729,15,1,1
14753,2729,15,1,1
14754,2729,15,1,1
14755,2729,15,1,1
14756,2729,15,1,1
14757,2729,15,1,1
14758,2729,15,1,1
14759,2729,15,1,1
14760,2729,15,1,1
14761,2729,15,1,1
14762,2729,15,1,1
14763,2729,15,1,1
14764,2729,15,1,1
14765,2729,15,1,1
14766,2729,15,1,1
14767,2729,15,1,1
14768,2729,15,1,1
14769,2729,15,1,1
14770,2729,15,1,1
14771,2729,15,1,1
14772,2729,15,1,1
14773,2729,15,1,1
14774,2729,15,1,1
14775,2729,15,1,1
14776,2729,15,1,1
14777,2729,15,1,1
14778,2729,15,1,1
14779,2729,15,1,1
14780,2729,15,1,1
14781,2729,15,1,1
14782,2729,15,1,1
14783,2729,15,1,1
14784,2729,13,1,1
14785,2729,15,1,1
14786,2729,15,1,1
14787,2729,15,1,1
14788,2729,15,1,1
14789,2729,15,1,1
14790,2729,15,1,1
14791,2729,15,1,1
14792,2729,15,1,1
14793,2729,15,1,1
14794,2729,15,1,1
14795,2729,15,1,1
14796,2729,15,1,1
14797,2729,15,1,1
14798,2729,15,1,1
14799,2729,15,1,1
14800,2729,15,1,1
14801,2729,15,1,1
14802,2729,15,1,1
14803,2729,15,1,1
14804,2729,15,1,1
14805,2729,15,1,1
14806,2729,15,1,1
14807,2729,15,1,1
14808,2729,15,1,1
14809,2729,15,1,1
14810,2729,15,1,1
14811,2729,15,1,1
14812,2729,15,1,1
14813,2729,15,1,1
14814,2729,15,1,1
14815,2729,15,1,1
14816,2729,15,1,1
14817,2729,15,1,1
14818,2729,15,1,1
14819,2729,15,1,1
14820,2729,15,1,1
14821,2729,15,1,1
14822,2729,15,1,1
14823,2729,15,1,1
14824,2729,15,1,1
14825,2729,15,1,1
14826,2729,15,1,1
14827,2729,15,1,1
14828,2729,15,1,1
14829,2729,15,1,1
14830,2729,15,1,1
14831,2729,15,1,1
14832,2729,15,1,1
14833,2729,15,1,1
14834,2729,15,1,1
14835,2729,15,1,1
14836,2729,15,1,1
14837,2729,15,1,1
14838,2729,15,1,1
14839,2729,15,1,1
14840,2729,15,1,1
14841,2729,15,1,1
14842,2729,15,1,1
14843,2729,15,1,1
14844,2729,15,1,1
14845,2729,15,1,1
14846,2729,15,1,1
14847,2729,15,1,1
14848,2729,15,1,1
14849,2729,15,1,1
14850,2729,15,1,1
14851,2729,15,1,1
14852,2729,15,1,1
14853,2729,15,1,1
14854,2729,15,1,1
14855,2729,15,1,1
14856,2729,15,1,1
14857,2729,15,1,1
14858,2729,15,1,1
14859,2729,15,1,1
14860,2729,15,1,1
14861,2729,15,1,1
14862,2729,15,1,1
14863,2729,15,1,1
14864,2729,15,1,1
14865,2729,15,1,1
14866,2729,15,1,1
14867,2729,15,1,1
14868,2729,15,1,1
14869,2729,15,1,1
14870,2729,15,1,1
14871,2729,15,1,1
14872,2729,15,1,1
14873,2729,15,1,1
14874,2729,15,1,1
14875,2729,15,1,1
14876,2729,15,1,1
14877,2729,15,1,1
14878,2729,15,1,1
14879,2729,15,1,1
14880,2729,15,1,1
14881,2729,15,1,1
14882,2729,15,1,1
14883,2729,15,1,1
14884,2729,15,1,1
14885,2729,15,1,1
14886,2729,15,1,1
14887,2729,15,1,1
14888,2729,15,1,1
14889,2729,15,1,1
14890,2729,15,1,1
14891,2729,15,1,1
14892,2729,15,1,1
14893,2729,15,1,1
14894,2729,15,1,1
14895,2729,15,1,1
14896,2729,15,1,1
14897,2729,15,1,1
14898,2729,15,1,1
14899,2729,15,1,1
14900,2729,15,1,1
14901,2729,15,1,1
14902,2729,15,1,1
14903,2729,15,1,1
14904,2729,15,1,1
14905,2729,15,1,1
14906,2729,15,1,1
14907,2729,15,1,1
14908,2729,15,1,1
14909,2729,15,1,1
14910,2729,15,1,1
14911,2729,15,1,1
14912,2729,15,1,1
14913,2729,15,1,1
14914,2729,15,1,1
14915,2729,15,1,1
14916,2729,15,1,1
14917,2729,15,1,1
14918,2729,15,1,1
14919,2729,15,1,1
14920,2729,15,1,1
14921,2729,15,1,1
14922,2729,15,1,1
14923,2729,15,1,1
14924,2729,15,1,1
14925,2729,15,1,1
14926,2729,15,1,1
14927,2729,15,1,1
14928,2729,15,1,1
14929,2729,15,1,1
14930,2729,15,1,1
14931,2729,15,1,1
14932,2729,15,1,1
14933,2729,15,1,1
14934,2729,9,1,1
14935,2729,15,1,1
14936,2729,15,1,1
14937,2729,15,1,1
14938,2729,15,1,1
14939,2729,15,1,1
14940,2729,15,1,1
14941,2729,15,1,1
14942,2729,15,1,1
14943,2729,15,1,1
14944,2729,15,1,1
14945,2729,15,1,1
14946,2729,15,1,1
14947,2729,15,1,1
14948,2729,15,1,1
14949,2729,15,1,1
14950,2729,15,1,1
14951,2729,15,1,1
14952,2729,12,1,1
14953,2729,15,1,1
14954,2729,15,1,1
14955,2729,15,1,1
14956,2729,15,1,1
14957,2729,15,1,1
14958,2729,15,1,1
14959,2729,15,1,1
14960,2729,15,1,1
14961,2729,15,1,1
14962,2729,15,1,1
14963,2729,15,1,1
14964,2729,15,1,1
14965,2729,15,1,1
14966,2729,15,1,1
14967,2729,15,1,1
14968,2729,15,1,1
14969,2729,15,1,1
14970,2729,15,1,1
14971,2729,15,1,1
14972,2729,15,1,1
14973,2729,15,1,1
14974,2729,15,1,1
14975,2729,15,1,1
14976,2729,15,1,1
14977,2729,15,1,1
14978,2729,15,1,1
14979,2729,15,1,1
14980,2729,15,1,1
14981,2729,15,1,1
14982,2729,15,1,1
14983,2729,15,1,1
14984,2729,15,1,1
14985,2729,15,1,1
14986,2730,1,1,1
14987,2733,1,1,1
14988,2734,1,1,1
14989,2736,1,1,1
14990,2736,1,1,1
14991,2736,1,1,1
14992,2737,1,1,1
14993,2737,1,1,1
14994,2737,1,1,1
14995,2738,7,1,1
14996,2738,1,1,1
14997,2739,15,1,1
14998,2739,1,1,1
14999,2740,1,1,1
15000,2740,1,1,1
15001,2741,1,1,1
15002,2741,1,1,1
15003,2742,1,1,1
15004,2744,1,1,1
15005,2744,1,1,1
15006,2745,6,1,1
15007,2745,15,1,1
15008,2747,1,1,1
15009,2747,1,1,1
15010,2748,15,1,1
15011,2750,1,1,1
15012,2750,1,1,1
15013,2750,1,1,1
15014,2751,1,1,1
15015,2755,15,1,1
15016,2755,15,1,1
15017,2756,1,1,1
15018,2756,15,1,1
15019,2757,1,1,1
15020,2757,1,1,1
15021,2757,1,1,1
15022,2758,1,1,1
15023,2758,1,1,1
15024,2758,1,1,1
15025,2758,1,1,1
15026,2759,15,1,1
15027,2759,1,1,1
15028,2759,1,1,1
15029,2761,1,1,1
15030,2761,1,1,1
15031,2762,1,1,1
15032,2762,1,1,1
15033,2762,1,1,1
15034,2763,13,1,1
15035,2763,2,1,1
15036,2763,1,1,1
15037,2764,1,1,1
15038,2765,1,1,1
15039,2765,1,1,1
15040,2769,1,1,1
15041,2769,1,1,1
15042,2772,1,1,1
15043,2772,1,1,1
15044,2773,1,1,1
15045,2773,1,1,1
15046,2773,1,1,1
15047,2773,1,1,1
15048,2773,1,1,1
15049,2773,6,1,1
15050,2774,1,1,1
15051,2775,5,1,2
15052,2775,3,1,1
15053,2775,1,1,1
15054,2777,3,1,1
15055,2777,3,1,1
15056,2777,3,1,1
15057,2777,3,1,1
15058,2777,3,1,1
15059,2777,3,1,1
15060,2777,3,1,1
15061,2777,3,1,1
15062,2777,3,1,1
15063,2778,1,1,1
15064,2778,1,1,1
15065,2778,1,1,1
15066,2781,1,1,1
15067,2781,1,1,1
15068,2781,1,1,1
15069,2783,3,1,1
15070,2784,15,1,1
15071,2786,1,1,1
15072,2786,1,1,1
15073,2787,1,1,1
15074,2787,1,1,1
15075,2789,3,1,1
15076,2789,3,1,1
15077,2789,3,1,1
15078,2789,3,1,1
15079,2789,3,1,1
15080,2789,3,1,1
15081,2789,3,1,1
15082,2789,1,1,1
15083,2789,1,1,1
15084,2790,1,1,1
15085,2793,1,1,1
15086,2793,1,1,1
15087,2793,1,1,1
15088,2793,1,1,1
15089,2793,1,1,1
15090,2794,15,1,1
15091,2794,1,1,1
15092,2794,1,1,1
15093,2795,1,1,1
15094,2796,15,3,1
15095,2796,1,1,1
15096,2796,15,1,1
15097,2796,1,1,1
15098,2796,1,1,1
15099,2797,3,1,1
15100,2797,1,1,1
15101,2798,15,1,1
15102,2798,1,1,1
15103,2800,1,1,1
15104,2801,5,1,2
15105,2801,1,1,1
15106,2802,1,1,1
15107,2802,1,1,1
15108,2802,15,1,1
15109,2802,15,1,1
15110,2802,15,1,1
15111,2802,15,1,1
15112,2802,15,1,1
15113,2802,15,1,1
15114,2802,15,1,1
15115,2802,15,1,1
15116,2802,15,1,1
15117,2802,15,1,1
15118,2802,15,1,1
15119,2802,15,1,1
15120,2802,15,1,1
15121,2802,15,1,1
15122,2802,15,1,1
15123,2802,15,1,1
15124,2802,15,1,1
15125,2802,15,1,1
15126,2802,15,1,1
15127,2802,15,1,1
15128,2802,15,1,1
15129,2802,15,1,1
15130,2802,15,1,1
15131,2802,15,1,1
15132,2802,15,1,1
15133,2802,15,1,1
15134,2802,15,1,1
15135,2802,15,1,1
15136,2802,15,1,1
15137,2802,15,1,1
15138,2802,15,1,1
15139,2803,1,1,1
15140,2803,1,1,1
15141,2806,7,1,1
15142,2807,1,1,1
15143,2808,1,1,1
15144,2809,15,1,1
15145,2809,1,1,1
15146,2809,1,1,1
15147,2809,1,1,1
15148,2810,1,1,1
15149,2810,1,1,1
15150,2811,3,1,1
15151,2812,15,1,1
15152,2813,8,1,1
15153,2813,7,1,1
15154,2813,7,1,1
15155,2813,7,1,1
15156,2813,6,1,1
15157,2813,7,1,1
15158,2813,7,1,1
15159,2813,7,1,1
15160,2813,7,1,1
15161,2813,6,1,1
15162,2813,7,1,1
15163,2813,7,1,1
15164,2813,7,1,1
15165,2813,7,1,1
15166,2813,8,1,1
15167,2813,8,1,1
15168,2813,8,1,1
15169,2813,7,1,1
15170,2813,8,1,1
15171,2813,8,1,1
15172,2813,8,1,1
15173,2813,8,1,1
15174,2813,8,1,1
15175,2813,8,1,1
15176,2813,8,1,1
15177,2813,8,1,1
15178,2813,8,1,1
15179,2813,8,1,1
15180,2813,7,1,1
15181,2813,7,1,1
15182,2813,8,1,1
15183,2813,8,1,1
15184,2813,1,1,1
15185,2813,1,1,1
15186,2814,1,1,1
15187,2814,1,1,1
15188,2814,1,1,1
15189,2815,15,1,1
15190,2815,15,1,1
15191,2815,15,1,1
15192,2815,15,1,1
15193,2815,11,1,1
15194,2815,15,1,1
15195,2815,15,1,1
15196,2815,15,1,1
15197,2815,15,1,1
15198,2815,15,1,1
15199,2815,15,1,1
15200,2815,15,1,1
15201,2815,15,1,1
15202,2815,15,1,1
15203,2815,15,1,1
15204,2815,15,1,1
15205,2815,6,1,1
15206,2815,1,2,1
15207,2815,15,1,1
15208,2815,15,1,1
15209,2815,15,1,1
15210,2815,15,2,1
15211,2815,1,1,1
15212,2816,1,1,1
15213,2816,1,1,1
15214,2817,1,1,1
15215,2818,1,1,1
15216,2819,1,1,1
15217,2820,1,1,1
15218,2820,1,1,1
15219,2821,1,1,1
15220,2822,1,1,1
15221,2824,1,1,1
15222,2824,1,1,1
15223,2827,1,1,1
15224,2827,15,1,1
15225,2831,1,1,1
15226,2831,1,1,1
15227,2832,15,1,1
15228,2832,15,1,1
15229,2832,15,1,1
15230,2832,15,1,1
15231,2832,15,3,1
15232,2832,5,1,1
15233,2832,6,1,1
15234,2832,1,1,1
15235,2832,1,1,1
15236,2832,1,1,1
15237,2834,15,1,1
15238,2834,15,1,1
15239,2834,1,1,1
15240,2834,1,1,1
15241,2834,9,1,1
15242,2834,1,1,1
15243,2835,1,1,1
15244,2837,15,1,1
15245,2837,15,1,1
15246,2837,9,1,1
15247,2837,15,1,1
15248,2837,15,1,1
15249,2837,3,1,1
15250,2837,15,1,1
15251,2837,15,1,1
15252,2837,1,1,1
15253,2837,10,1,1
15254,2837,15,1,1
15255,2837,7,1,1
15256,2837,8,1,1
15257,2838,15,1,1
15258,2838,15,1,1
15259,2838,13,1,1
15260,2838,15,1,1
15261,2838,1,1,1
15262,2839,1,1,1
15263,2839,1,1,1
15264,2839,15,1,1
15265,2839,15,1,1
15266,2839,15,1,1
15267,2839,15,1,1
15268,2839,15,1,1
15269,2839,4,1,1
15270,2839,5,1,1
15271,2839,8,1,1
15272,2839,9,1,1
15273,2839,6,1,1
15274,2839,3,1,1
15275,2839,15,1,1
15276,2840,1,1,1
15277,2840,15,1,1
15278,2840,15,1,1
15279,2840,15,1,1
15280,2840,15,1,1
15281,2840,15,1,1
15282,2840,7,1,1
15283,2840,15,1,1
15284,2840,15,1,1
15285,2840,1,1,1
15286,2840,1,1,1
15287,2840,13,1,1
15288,2840,15,1,1
15289,2840,15,1,1
15290,2840,15,1,1
15291,2841,1,1,1
15292,2841,15,1,1
15293,2841,15,1,1
15294,2841,1,1,1
15295,2841,12,1,1
15296,2841,15,1,1
15297,2842,15,1,1
15298,2842,4,1,1
15299,2842,15,1,1
15300,2842,15,1,1
15301,2842,15,1,1
15302,2842,15,1,1
15303,2842,15,1,1
15304,2842,15,1,1
15305,2842,15,1,1
15306,2843,15,1,1
15307,2844,15,1,1
15308,2844,15,1,1
15309,2844,5,1,1
15310,2844,15,1,1
15311,2844,15,1,1
15312,2844,15,1,1
15313,2844,7,1,1
15314,2844,10,1,1
15315,2844,1,1,1
15316,2846,1,1,1
15317,2846,1,1,1
15318,2846,15,1,1
15319,2846,11,1,1
15320,2848,1,1,1
15321,2849,1,1,1
15322,2849,1,1,1
15323,2851,1,1,1
15324,2851,1,1,1
15325,2851,1,1,1
15326,2851,15,1,1
15327,2851,15,1,1
15328,2851,15,1,1
15329,2852,1,1,1
15330,2852,1,1,1
15331,2852,1,1,1
15332,2853,1,1,1
15333,2853,15,1,1
15334,2853,15,1,1
15335,2854,1,1,1
15336,2856,1,1,1
15337,2858,1,1,1
15338,2858,1,1,1
15339,2858,1,1,1
15340,2861,1,1,1
15341,2862,1,1,1
15342,2863,1,1,1
15343,2864,1,1,1
15344,2864,1,1,1
15345,2864,1,1,1
15346,2865,1,1,1
15347,2866,1,1,1
15348,2866,1,1,1
15349,2868,1,1,1
15350,2868,1,1,1
15351,2869,1,1,1
15352,2869,1,1,1
15353,2869,1,1,1
15354,2870,1,1,1
15355,2870,1,1,1
15356,2870,1,1,1
15357,2872,1,1,1
15358,2872,1,1,1
15359,2872,1,1,1
15360,2874,1,1,1
15361,2875,15,1,1
15362,2875,2,1,1
15363,2875,1,1,1
15364,2875,1,1,1
15365,2876,1,1,1
15366,2876,1,1,1
15367,2878,1,1,1
15368,2878,1,1,1
15369,2878,9,1,1
15370,2878,1,1,1
15371,2881,1,1,1
15372,2881,6,1,1
15373,2881,1,1,1
15374,2886,1,1,1
15375,2886,1,1,1
15376,2886,1,1,1
15377,2888,1,1,1
15378,2890,1,1,1
15379,2890,1,1,1
15380,2891,3,1,1
15381,2891,15,1,1
15382,2891,15,1,1
15383,2891,3,1,1
15384,2891,15,1,1
15385,2891,1,1,1
15386,2891,1,1,1
15387,2895,1,1,1
15388,2895,1,1,1
15389,2895,1,1,1
15390,2896,1,1,1
15391,2897,1,1,1
15392,2897,9,1,1
15393,2898,1,1,1
15394,2899,1,1,1
15395,2899,1,1,1
15396,2900,1,1,1
15397,2901,1,1,1
15398,2901,1,1,1
15399,2902,1,1,1
15400,2902,1,1,1
15401,2903,7,1,1
15402,2904,1,1,1
15403,2904,1,1,1
15404,2904,1,1,1
15405,2905,1,1,1
15406,2905,1,1,1
15407,2906,1,1,1
15408,2907,1,1,1
15409,2907,1,1,1
15410,2907,1,1,1
15411,2908,15,1,1
15412,2908,15,1,1
15413,2908,1,1,1
15414,2910,1,1,1
15415,2910,1,1,1
15416,2911,1,1,1
15417,2913,1,1,1
15418,2916,1,1,1
15419,2916,1,1,1
15420,2916,1,1,1
15421,2917,1,1,1
15422,2917,1,1,1
15423,2917,1,1,1
15424,2917,1,1,1
15425,2918,1,1,1
15426,2920,15,1,1
15427,2920,1,1,1
15428,2922,1,1,1
15429,2922,11,1,1
15430,2922,1,1,1
15431,2922,15,1,1
15432,2922,6,1,1
15433,2924,1,1,1
15434,2924,1,1,1
15435,2924,1,1,1
15436,2925,1,1,1
15437,2926,1,1,1
15438,2927,1,1,1
15439,2927,1,1,1
15440,2928,1,1,1
15441,2928,1,1,1
15442,2928,15,1,1
15443,2929,1,1,1
15444,2929,1,1,1
15445,2929,1,1,1
15446,2930,1,1,1
15447,2930,1,1,1
15448,2931,1,1,1
15449,2931,1,1,1
15450,2933,1,1,1
15451,2933,1,1,1
15452,2935,15,1,1
15453,2935,15,1,1
15454,2935,15,1,1
15455,2935,15,1,1
15456,2935,15,1,1
15457,2935,15,1,1
15458,2935,15,1,1
15459,2935,15,1,1
15460,2935,15,1,1
15461,2935,15,1,1
15462,2935,15,1,1
15463,2935,15,1,1
15464,2935,15,1,1
15465,2935,15,1,1
15466,2935,15,1,1
15467,2935,15,1,1
15468,2935,15,1,1
15469,2935,15,1,1
15470,2935,15,1,1
15471,2935,15,1,1
15472,2935,15,1,1
15473,2935,15,1,1
15474,2935,15,1,1
15475,2935,15,1,1
15476,2935,15,1,1
15477,2935,15,1,1
15478,2935,15,1,1
15479,2935,15,1,1
15480,2935,15,1,1
15481,2935,15,1,1
15482,2935,15,1,1
15483,2935,15,1,1
15484,2935,15,1,1
15485,2935,15,1,1
15486,2935,15,1,1
15487,2935,15,1,1
15488,2935,15,1,1
15489,2935,15,1,1
15490,2935,15,1,1
15491,2935,15,1,1
15492,2935,15,1,1
15493,2935,15,1,1
15494,2935,15,1,1
15495,2935,15,1,1
15496,2935,15,1,1
15497,2935,15,1,1
15498,2935,15,1,1
15499,2935,15,1,1
15500,2935,15,1,1
15501,2935,15,1,1
15502,2935,15,1,1
15503,2935,15,1,1
15504,2935,1,1,1
15505,2935,1,1,1
15506,2936,15,1,1
15507,2936,15,1,1
15508,2936,15,1,1
15509,2936,15,1,1
15510,2936,15,1,1
15511,2936,15,1,1
15512,2936,15,1,1
15513,2936,15,1,1
15514,2936,15,1,1
15515,2936,15,1,1
15516,2936,15,1,1
15517,2936,1,1,1
15518,2936,1,1,1
15519,2936,1,1,1
15520,2936,1,1,1
15521,2936,1,1,1
15522,2936,1,1,1
15523,2936,1,1,1
15524,2936,1,1,1
15525,2936,1,1,1
15526,2936,1,1,1
15527,2936,1,1,1
15528,2936,1,1,1
15529,2936,1,1,1
15530,2936,1,1,1
15531,2938,1,1,1
15532,2939,1,1,1
15533,2940,1,1,1
15534,2941,1,1,1
15535,2942,9,1,1
15536,2942,1,1,1
15537,2944,1,1,1
15538,2944,1,1,1
15539,2944,1,1,1
15540,2945,1,1,1
15541,2945,15,1,1
15542,2945,5,1,1
15543,2945,1,1,1
15544,2945,1,1,1
15545,2946,1,1,1
15546,2947,5,1,1
15547,2947,5,1,1
15548,2947,5,1,1
15549,2947,5,1,1
15550,2947,5,1,1
15551,2947,5,1,1
15552,2947,5,1,1
15553,2947,5,1,1
15554,2947,5,1,1
15555,2947,5,1,1
15556,2947,5,1,1
15557,2947,5,1,1
15558,2947,5,1,1
15559,2947,5,1,1
15560,2947,5,1,1
15561,2947,6,1,1
15562,2947,5,1,1
15563,2947,5,1,1
15564,2947,5,1,1
15565,2947,5,1,1
15566,2947,6,1,1
15567,2947,5,1,1
15568,2947,5,1,1
15569,2947,5,1,1
15570,2947,5,1,1
15571,2947,5,1,1
15572,2947,7,1,1
15573,2947,5,1,1
15574,2947,5,1,1
15575,2947,7,1,1
15576,2947,5,1,1
15577,2947,5,1,1
15578,2947,5,1,1
15579,2947,5,1,1
15580,2947,5,1,1
15581,2947,5,1,1
15582,2947,5,1,1
15583,2947,5,1,1
15584,2947,5,1,1
15585,2947,5,1,1
15586,2947,5,1,1
15587,2947,5,1,1
15588,2947,5,1,1
15589,2947,9,1,1
15590,2947,5,1,1
15591,2947,5,1,1
15592,2947,5,1,1
15593,2947,5,1,1
15594,2947,5,1,1
15595,2947,6,1,1
15596,2947,6,1,1
15597,2947,5,1,1
15598,2947,5,1,1
15599,2947,6,1,1
15600,2947,5,1,1
15601,2947,5,1,1
15602,2947,5,1,1
15603,2947,6,1,1
15604,2947,6,1,1
15605,2947,5,1,1
15606,2947,5,1,1
15607,2947,6,1,1
15608,2947,6,1,1
15609,2947,5,1,1
15610,2947,5,1,1
15611,2947,6,1,1
15612,2947,5,1,1
15613,2947,5,1,1
15614,2947,5,1,1
15615,2947,5,1,1
15616,2947,5,1,1
15617,2947,5,1,1
15618,2947,5,1,1
15619,2947,5,1,1
15620,2947,5,1,1
15621,2947,6,1,1
15622,2947,5,1,1
15623,2947,5,1,1
15624,2947,5,1,1
15625,2947,5,1,1
15626,2947,5,1,1
15627,2947,5,1,1
15628,2947,5,1,1
15629,2947,6,1,1
15630,2947,7,1,1
15631,2947,6,1,1
15632,2947,5,1,1
15633,2947,5,1,1
15634,2947,5,1,1
15635,2947,3,1,1
15636,2947,5,1,1
15637,2947,5,1,1
15638,2947,6,1,1
15639,2947,5,1,1
15640,2947,5,1,1
15641,2947,5,1,1
15642,2947,5,1,1
15643,2947,15,1,1
15644,2947,5,1,1
15645,2947,5,1,1
15646,2947,5,1,1
15647,2947,5,1,1
15648,2947,5,1,1
15649,2947,5,1,1
15650,2947,15,1,1
15651,2947,5,1,1
15652,2947,7,1,1
15653,2947,5,1,1
15654,2947,6,1,1
15655,2947,7,1,1
15656,2947,5,1,1
15657,2947,5,1,1
15658,2947,5,1,1
15659,2947,5,1,1
15660,2947,5,1,1
15661,2947,6,1,1
15662,2947,5,1,1
15663,2947,5,1,1
15664,2947,5,1,1
15665,2947,5,1,1
15666,2947,5,1,1
15667,2947,3,1,1
15668,2947,5,1,1
15669,2947,5,1,1
15670,2947,5,1,1
15671,2947,5,1,1
15672,2947,7,1,1
15673,2947,5,1,1
15674,2947,5,1,1
15675,2947,5,1,1
15676,2947,5,1,1
15677,2947,8,1,1
15678,2947,5,1,1
15679,2947,8,1,1
15680,2947,5,1,1
15681,2947,5,1,1
15682,2947,5,1,1
15683,2947,5,1,1
15684,2947,6,1,1
15685,2947,6,1,1
15686,2947,5,1,1
15687,2947,5,1,1
15688,2947,5,1,1
15689,2947,5,1,1
15690,2947,5,1,1
15691,2947,5,1,1
15692,2947,5,1,1
15693,2947,15,1,1
15694,2947,5,1,1
15695,2947,5,1,1
15696,2947,5,1,1
15697,2947,5,1,1
15698,2947,6,1,1
15699,2947,5,1,1
15700,2947,5,1,1
15701,2947,5,1,1
15702,2947,5,1,1
15703,2947,5,1,1
15704,2947,5,1,1
15705,2947,5,1,1
15706,2947,6,1,1
15707,2947,5,1,1
15708,2947,5,1,1
15709,2947,5,1,1
15710,2947,5,1,1
15711,2947,8,1,1
15712,2947,5,1,1
15713,2947,5,1,1
15714,2947,5,1,1
15715,2947,5,1,1
15716,2947,3,1,1
15717,2947,6,1,1
15718,2947,5,1,1
15719,2947,5,1,1
15720,2947,3,1,1
15721,2947,7,1,1
15722,2947,5,1,1
15723,2947,5,1,1
15724,2947,5,1,1
15725,2947,5,1,1
15726,2947,5,1,1
15727,2947,5,1,1
15728,2947,5,1,1
15729,2947,5,1,1
15730,2947,5,1,1
15731,2947,5,1,1
15732,2947,15,1,1
15733,2947,5,1,1
15734,2947,6,1,1
15735,2947,5,1,1
15736,2947,6,1,1
15737,2947,5,1,1
15738,2947,5,1,1
15739,2947,5,1,1
15740,2947,5,1,1
15741,2947,6,1,1
15742,2947,5,1,1
15743,2947,5,1,1
15744,2947,5,1,1
15745,2947,5,1,1
15746,2947,5,1,1
15747,2947,6,1,1
15748,2947,5,1,1
15749,2947,5,1,1
15750,2947,8,1,1
15751,2947,5,1,1
15752,2947,5,1,1
15753,2947,6,1,1
15754,2947,5,1,1
15755,2947,5,1,1
15756,2947,5,1,1
15757,2947,5,1,1
15758,2947,5,1,1
15759,2947,5,1,1
15760,2947,5,1,1
15761,2947,5,1,1
15762,2947,5,1,1
15763,2947,5,1,1
15764,2947,5,1,1
15765,2947,5,1,1
15766,2947,5,1,1
15767,2947,5,1,1
15768,2947,6,1,1
15769,2947,5,1,1
15770,2947,5,1,1
15771,2947,5,1,1
15772,2947,5,1,1
15773,2947,5,1,1
15774,2947,5,1,1
15775,2947,5,1,1
15776,2947,5,1,1
15777,2947,5,1,1
15778,2947,5,1,1
15779,2947,5,1,1
15780,2947,5,1,1
15781,2947,6,1,1
15782,2947,5,1,1
15783,2947,5,1,1
15784,2947,5,1,1
15785,2947,5,1,1
15786,2947,5,1,1
15787,2947,5,1,1
15788,2947,5,1,1
15789,2947,5,1,1
15790,2947,5,1,1
15791,2947,6,1,1
15792,2947,5,1,1
15793,2947,5,1,1
15794,2947,6,1,1
15795,2947,5,1,1
15796,2947,5,1,1
15797,2947,5,1,1
15798,2947,5,1,1
15799,2947,5,1,1
15800,2947,6,1,1
15801,2947,5,1,1
15802,2947,5,1,1
15803,2947,5,1,1
15804,2947,5,1,1
15805,2947,5,1,1
15806,2947,5,1,1
15807,2947,5,1,1
15808,2947,5,1,1
15809,2947,7,1,1
15810,2947,5,1,1
15811,2947,5,1,1
15812,2947,5,1,1
15813,2947,5,1,1
15814,2947,5,1,1
15815,2947,2,1,1
15816,2947,5,1,1
15817,2947,5,1,1
15818,2947,5,1,1
15819,2947,5,1,1
15820,2947,6,1,1
15821,2947,5,1,1
15822,2947,5,1,1
15823,2947,5,1,1
15824,2947,5,1,1
15825,2947,5,1,1
15826,2947,5,1,1
15827,2947,5,1,1
15828,2947,3,1,1
15829,2947,5,1,1
15830,2947,5,1,1
15831,2947,6,1,1
15832,2947,5,1,1
15833,2947,7,1,1
15834,2947,5,1,1
15835,2947,5,1,1
15836,2947,5,1,1
15837,2947,5,1,1
15838,2947,5,1,1
15839,2947,5,1,1
15840,2947,6,1,1
15841,2947,5,1,1
15842,2947,5,1,1
15843,2947,5,1,1
15844,2947,5,1,1
15845,2947,5,1,1
15846,2947,5,1,1
15847,2947,5,1,1
15848,2947,5,1,1
15849,2947,6,1,1
15850,2947,5,1,1
15851,2947,5,1,1
15852,2947,5,1,1
15853,2947,5,1,1
15854,2947,5,1,1
15855,2947,5,1,1
15856,2947,5,1,1
15857,2947,5,1,1
15858,2947,5,1,1
15859,2947,5,1,1
15860,2947,5,1,1
15861,2947,5,1,1
15862,2947,5,1,1
15863,2947,5,1,1
15864,2947,5,1,1
15865,2947,6,1,1
15866,2947,8,1,1
15867,2947,5,1,1
15868,2947,5,1,1
15869,2947,5,1,1
15870,2947,5,1,1
15871,2947,5,1,1
15872,2947,5,1,1
15873,2947,5,1,1
15874,2947,5,1,1
15875,2947,5,1,1
15876,2947,5,1,1
15877,2947,5,1,1
15878,2947,5,1,1
15879,2947,6,1,1
15880,2947,5,1,1
15881,2947,5,1,1
15882,2947,7,1,1
15883,2947,5,1,1
15884,2947,3,1,1
15885,2947,5,1,1
15886,2947,5,1,1
15887,2947,7,1,1
15888,2947,5,1,1
15889,2947,5,1,1
15890,2947,5,1,1
15891,2947,5,1,1
15892,2947,5,1,1
15893,2947,5,1,1
15894,2947,5,1,1
15895,2947,5,1,1
15896,2947,5,1,1
15897,2947,5,1,1
15898,2947,5,1,1
15899,2947,5,1,1
15900,2947,5,1,1
15901,2947,5,1,1
15902,2947,5,1,1
15903,2947,6,1,1
15904,2947,5,1,1
15905,2947,5,1,1
15906,2947,5,1,1
15907,2947,5,1,1
15908,2947,5,1,1
15909,2947,5,1,1
15910,2947,5,1,1
15911,2947,5,1,1
15912,2947,5,1,1
15913,2947,5,1,1
15914,2947,5,1,1
15915,2947,7,1,1
15916,2947,5,1,1
15917,2947,5,1,1
15918,2947,5,1,1
15919,2947,5,1,1
15920,2947,7,1,1
15921,2947,5,1,1
15922,2947,5,1,1
15923,2947,5,1,1
15924,2947,5,1,1
15925,2947,7,1,1
15926,2947,8,1,1
15927,2947,5,1,1
15928,2947,5,1,1
15929,2947,5,1,1
15930,2947,5,1,1
15931,2947,7,1,1
15932,2947,5,1,1
15933,2947,5,1,1
15934,2947,5,1,1
15935,2947,5,1,1
15936,2947,5,1,1
15937,2947,5,1,1
15938,2947,5,1,1
15939,2947,5,1,1
15940,2947,5,1,1
15941,2947,5,1,1
15942,2947,5,1,1
15943,2947,5,1,1
15944,2947,6,1,1
15945,2947,5,1,1
15946,2947,5,1,1
15947,2947,6,1,1
15948,2947,6,1,1
15949,2947,7,1,1
15950,2947,5,1,1
15951,2947,5,1,1
15952,2947,5,1,1
15953,2947,5,1,1
15954,2947,7,1,1
15955,2947,6,1,1
15956,2947,5,1,1
15957,2947,5,1,1
15958,2947,15,1,1
15959,2947,5,1,1
15960,2947,6,1,1
15961,2947,5,1,1
15962,2947,7,1,1
15963,2947,5,1,1
15964,2947,7,1,1
15965,2947,5,1,1
15966,2947,5,1,1
15967,2947,5,1,1
15968,2947,7,1,1
15969,2947,5,1,1
15970,2947,5,1,1
15971,2947,5,1,1
15972,2947,5,1,1
15973,2947,5,1,1
15974,2947,5,1,1
15975,2947,5,1,1
15976,2947,6,1,1
15977,2947,5,1,1
15978,2947,5,1,1
15979,2947,6,1,1
15980,2947,6,1,1
15981,2947,5,1,1
15982,2947,5,1,1
15983,2947,5,1,1
15984,2947,5,1,1
15985,2947,5,1,1
15986,2947,5,1,1
15987,2947,5,1,1
15988,2947,5,1,1
15989,2947,5,1,1
15990,2947,6,1,1
15991,2947,5,1,1
15992,2947,5,1,1
15993,2947,5,1,1
15994,2947,5,1,1
15995,2947,5,1,1
15996,2947,5,1,1
15997,2947,5,1,1
15998,2947,5,1,1
15999,2947,5,1,1
16000,2947,5,1,1
16001,2947,5,1,1
16002,2947,5,1,1
16003,2947,5,1,1
16004,2947,5,1,1
16005,2947,5,1,1
16006,2947,5,1,1
16007,2947,5,1,1
16008,2947,7,1,1
16009,2947,5,1,1
16010,2947,5,1,1
16011,2947,8,1,1
16012,2947,9,1,1
16013,2947,5,1,1
16014,2947,6,1,1
16015,2947,7,1,1
16016,2947,5,1,1
16017,2947,6,1,1
16018,2947,5,1,1
16019,2947,5,1,1
16020,2947,5,1,1
16021,2947,5,1,1
16022,2947,5,1,1
16023,2947,5,1,1
16024,2947,5,1,1
16025,2947,5,1,1
16026,2947,5,1,1
16027,2947,5,1,1
16028,2947,5,1,1
16029,2947,5,1,1
16030,2947,5,1,1
16031,2947,5,1,1
16032,2947,5,1,1
16033,2947,5,1,1
16034,2947,5,1,1
16035,2947,1,1,1
16036,2947,1,1,1
16037,2947,1,1,1
16038,2947,1,1,1
16039,2947,1,1,1
16040,2947,1,1,1
16041,2947,1,1,1
16042,2947,1,1,1
16043,2947,1,1,1
16044,2947,1,1,1
16045,2947,1,1,1
16046,2947,1,1,1
16047,2947,1,1,1
16048,2947,1,1,1
16049,2947,1,1,1
16050,2947,1,1,1
16051,2947,1,1,1
16052,2947,1,1,1
16053,2947,1,1,1
16054,2947,1,1,1
16055,2947,1,1,1
16056,2947,1,1,1
16057,2947,1,1,1
16058,2947,1,1,1
16059,2947,1,1,1
16060,2947,1,1,1
16061,2947,1,1,1
16062,2947,1,1,1
16063,2947,1,1,1
16064,2947,1,1,1
16065,2947,1,1,1
16066,2947,1,1,1
16067,2947,1,1,1
16068,2947,1,1,1
16069,2947,1,1,1
16070,2947,1,1,1
16071,2947,1,1,1
16072,2947,1,1,1
16073,2947,1,1,1
16074,2947,1,1,1
16075,2947,1,1,1
16076,2947,1,1,1
16077,2947,1,1,1
16078,2947,1,1,1
16079,2947,1,1,1
16080,2947,1,1,1
16081,2947,1,1,1
16082,2947,1,1,1
16083,2947,1,1,1
16084,2947,1,1,1
16085,2947,1,1,1
16086,2947,1,1,1
16087,2947,1,1,1
16088,2947,1,1,1
16089,2947,1,1,1
16090,2947,1,1,1
16091,2947,1,1,1
16092,2947,1,1,1
16093,2947,1,1,1
16094,2947,1,1,1
16095,2947,1,1,1
16096,2947,1,1,1
16097,2947,1,1,1
16098,2947,1,1,1
16099,2947,1,1,1
16100,2947,1,1,1
16101,2947,1,1,1
16102,2947,1,1,1
16103,2947,1,1,1
16104,2947,1,1,1
16105,2947,1,1,1
16106,2947,1,1,1
16107,2947,1,1,1
16108,2947,1,1,1
16109,2947,1,1,1
16110,2947,1,1,1
16111,2947,1,1,1
16112,2947,1,1,1
16113,2947,1,1,1
16114,2947,1,1,1
16115,2947,1,1,1
16116,2947,1,1,1
16117,2947,1,1,1
16118,2947,1,1,1
16119,2947,1,1,1
16120,2947,1,1,1
16121,2947,1,1,1
16122,2947,1,1,1
16123,2947,1,1,1
16124,2947,1,1,1
16125,2947,1,1,1
16126,2947,1,1,1
16127,2947,1,1,1
16128,2947,1,1,1
16129,2947,1,1,1
16130,2947,1,1,1
16131,2947,1,1,1
16132,2947,1,1,1
16133,2947,1,1,1
16134,2947,1,1,1
16135,2947,1,1,1
16136,2947,1,1,1
16137,2947,1,1,1
16138,2947,1,1,1
16139,2947,1,1,1
16140,2947,1,1,1
16141,2947,1,1,1
16142,2947,1,1,1
16143,2947,1,1,1
16144,2947,1,1,1
16145,2947,1,1,1
16146,2947,1,1,1
16147,2947,1,1,1
16148,2947,1,1,1
16149,2947,1,1,1
16150,2947,1,1,1
16151,2947,1,1,1
16152,2947,1,1,1
16153,2947,1,1,1
16154,2947,1,1,1
16155,2947,1,1,1
16156,2947,1,1,1
16157,2947,1,1,1
16158,2947,1,1,1
16159,2947,1,1,1
16160,2947,1,1,1
16161,2947,1,1,1
16162,2947,1,1,1
16163,2947,1,1,1
16164,2947,1,1,1
16165,2947,1,1,1
16166,2947,1,1,1
16167,2947,1,1,1
16168,2947,1,1,1
16169,2947,1,1,1
16170,2947,1,1,1
16171,2947,1,1,1
16172,2947,1,1,1
16173,2947,1,1,1
16174,2947,1,1,1
16175,2947,1,1,1
16176,2947,1,1,1
16177,2947,1,1,1
16178,2947,1,1,1
16179,2947,1,1,1
16180,2947,1,1,1
16181,2947,1,1,1
16182,2947,1,1,1
16183,2947,1,1,1
16184,2947,1,1,1
16185,2947,1,1,1
16186,2947,1,1,1
16187,2947,1,1,1
16188,2947,1,1,1
16189,2947,1,1,1
16190,2947,1,1,1
16191,2947,1,1,1
16192,2947,1,1,1
16193,2947,1,1,1
16194,2947,1,1,1
16195,2947,1,1,1
16196,2947,1,1,1
16197,2947,1,1,1
16198,2947,1,1,1
16199,2947,1,1,1
16200,2947,1,1,1
16201,2947,1,1,1
16202,2947,1,1,1
16203,2947,1,1,1
16204,2947,1,1,1
16205,2947,1,1,1
16206,2947,1,1,1
16207,2947,1,1,1
16208,2947,1,1,1
16209,2947,1,1,1
16210,2947,1,1,1
16211,2947,1,1,1
16212,2947,1,1,1
16213,2947,1,1,1
16214,2947,1,1,1
16215,2947,1,1,1
16216,2947,1,1,1
16217,2947,1,1,1
16218,2947,1,1,1
16219,2947,1,1,1
16220,2947,1,1,1
16221,2947,1,1,1
16222,2947,1,1,1
16223,2947,1,1,1
16224,2947,1,1,1
16225,2947,1,1,1
16226,2947,1,1,1
16227,2947,1,1,1
16228,2947,1,1,1
16229,2947,1,1,1
16230,2947,1,1,1
16231,2947,1,1,1
16232,2947,1,1,1
16233,2947,1,1,1
16234,2947,1,1,1
16235,2947,1,1,1
16236,2947,1,1,1
16237,2947,1,1,1
16238,2947,1,1,1
16239,2947,1,1,1
16240,2947,1,1,1
16241,2947,1,1,1
16242,2947,1,1,1
16243,2947,1,1,1
16244,2947,1,1,1
16245,2947,1,1,1
16246,2947,1,1,1
16247,2947,1,1,1
16248,2947,1,1,1
16249,2947,1,1,1
16250,2947,1,1,1
16251,2947,1,1,1
16252,2947,1,1,1
16253,2947,1,1,1
16254,2947,1,1,1
16255,2947,1,1,1
16256,2947,1,1,1
16257,2947,1,1,1
16258,2947,1,1,1
16259,2947,1,1,1
16260,2947,1,1,1
16261,2947,1,1,1
16262,2947,1,1,1
16263,2947,1,1,1
16264,2947,1,1,1
16265,2947,1,1,1
16266,2947,1,1,1
16267,2947,1,1,1
16268,2947,1,1,1
16269,2947,1,1,1
16270,2947,1,1,1
16271,2947,1,1,1
16272,2947,1,1,1
16273,2947,1,1,1
16274,2947,1,1,1
16275,2947,1,1,1
16276,2947,1,1,1
16277,2947,1,1,1
16278,2947,1,1,1
16279,2947,1,1,1
16280,2947,1,1,1
16281,2947,1,1,1
16282,2947,1,1,1
16283,2947,15,1,1
16284,2947,15,1,1
16285,2947,15,1,1
16286,2947,3,1,1
16287,2947,4,1,1
16288,2947,15,1,1
16289,2947,15,1,1
16290,2947,4,1,1
16291,2947,6,1,1
16292,2947,15,1,1
16293,2947,15,1,1
16294,2947,7,1,1
16295,2947,4,1,1
16296,2947,15,1,1
16297,2947,15,1,1
16298,2947,14,1,1
16299,2947,15,1,1
16300,2947,15,1,1
16301,2947,15,1,1
16302,2947,11,1,1
16303,2947,15,1,1
16304,2947,15,1,1
16305,2947,15,1,1
16306,2947,8,1,1
16307,2947,15,1,1
16308,2947,15,1,1
16309,2947,15,1,1
16310,2947,8,1,1
16311,2947,14,1,1
16312,2947,6,1,1
16313,2947,15,1,1
16314,2947,8,1,1
16315,2947,12,1,1
16316,2947,9,1,1
16317,2947,15,1,1
16318,2947,8,1,1
16319,2947,11,1,1
16320,2947,11,1,1
16321,2947,15,1,1
16322,2947,9,1,1
16323,2947,12,1,1
16324,2947,9,1,1
16325,2947,15,1,1
16326,2947,8,1,1
16327,2947,11,1,1
16328,2947,9,1,1
16329,2947,15,1,1
16330,2947,10,1,1
16331,2947,10,1,1
16332,2947,12,1,1
16333,2947,15,1,1
16334,2947,6,1,1
16335,2947,8,1,1
16336,2947,13,1,1
16337,2947,15,1,1
16338,2947,4,1,1
16339,2947,8,1,1
16340,2947,15,1,1
16341,2947,15,1,1
16342,2947,15,1,1
16343,2947,9,1,1
16344,2947,15,1,1
16345,2947,15,1,1
16346,2947,1,1,1
16347,2947,1,1,1
16348,2947,1,1,1
16349,2948,1,1,1
16350,2950,1,1,1
16351,2950,1,1,1
16352,2950,1,1,1
16353,2951,1,1,1
16354,2952,1,1,1
16355,2953,1,1,1
16356,2956,1,1,1
16357,2956,1,1,1
16358,2958,1,1,1
16359,2959,1,1,1
16360,2961,1,1,1
16361,2961,1,1,1
16362,2961,1,1,1
16363,2963,1,1,1
16364,2967,1,1,1
16365,2967,1,1,1
16366,2967,1,1,1
16367,2968,1,1,1
16368,2968,1,1,1
16369,2968,1,1,1
16370,2968,1,1,1
16371,2972,1,1,1
16372,2972,1,1,1
16373,2973,1,1,1
16374,2975,1,1,1
16375,2975,1,1,1
16376,2978,1,1,1
16377,2981,1,1,1
16378,2981,1,1,1
16379,2982,1,1,1
16380,2982,1,1,1
16381,2982,1,1,1
16382,2982,1,1,1
16383,2982,1,1,1
16384,2982,1,1,1
16385,2984,15,2,1
16386,2984,15,2,1
16387,2984,15,2,1
16388,2984,15,2,1
16389,2984,15,2,1
16390,2984,15,2,1
16391,2984,15,2,1
16392,2984,15,2,1
16393,2984,15,2,1
16394,2984,15,2,1
16395,2984,15,2,1
16396,2984,15,2,1
16397,2984,15,2,1
16398,2984,15,2,1
16399,2984,15,2,1
16400,2984,15,2,1
16401,2984,15,2,1
16402,2984,15,2,1
16403,2984,15,2,1
16404,2984,15,2,1
16405,2984,15,2,1
16406,2984,15,2,1
16407,2984,15,2,1
16408,2984,15,2,1
16409,2984,15,2,1
16410,2984,15,2,1
16411,2984,15,2,1
16412,2984,15,2,1
16413,2984,15,2,1
16414,2984,15,2,1
16415,2984,15,2,1
16416,2984,15,2,1
16417,2984,15,2,1
16418,2984,15,2,1
16419,2984,15,2,1
16420,2984,15,2,1
16421,2984,15,2,1
16422,2984,15,2,1
16423,2984,15,2,1
16424,2984,15,2,1
16425,2984,15,2,1
16426,2984,15,2,1
16427,2984,15,2,1
16428,2984,15,2,1
16429,2984,15,2,1
16430,2984,15,2,1
16431,2984,15,2,1
16432,2984,15,2,1
16433,2984,15,2,1
16434,2984,15,2,1
16435,2984,15,2,1
16436,2984,15,2,1
16437,2984,15,2,1
16438,2984,15,2,1
16439,2984,15,2,1
16440,2984,15,2,1
16441,2984,15,2,1
16442,2984,15,2,1
16443,2984,15,2,1
16444,2984,15,2,1
16445,2984,15,2,1
16446,2984,15,2,1
16447,2984,15,2,1
16448,2984,15,2,1
16449,2984,15,2,1
16450,2984,15,2,1
16451,2984,15,2,1
16452,2984,15,2,1
16453,2984,15,2,1
16454,2984,15,2,1
16455,2984,15,2,1
16456,2984,15,2,1
16457,2984,15,2,1
16458,2984,15,2,1
16459,2984,15,2,1
16460,2984,15,2,1
16461,2984,15,2,1
16462,2984,15,2,1
16463,2984,15,2,1
16464,2984,15,2,1
16465,2984,15,2,1
16466,2984,15,2,1
16467,2984,15,2,1
16468,2984,15,2,1
16469,2984,15,2,1
16470,2984,15,2,1
16471,2984,15,2,1
16472,2984,15,2,1
16473,2984,15,2,1
16474,2984,15,2,1
16475,2984,15,2,1
16476,2984,15,2,1
16477,2984,15,2,1
16478,2984,15,2,1
16479,2984,15,2,1
16480,2984,15,2,1
16481,2984,15,2,1
16482,2984,15,2,1
16483,2984,15,2,1
16484,2984,15,2,1
16485,2984,15,2,1
16486,2984,15,2,1
16487,2984,15,2,1
16488,2984,15,2,1
16489,2984,15,2,1
16490,2984,15,2,1
16491,2984,15,2,1
16492,2984,15,2,1
16493,2984,15,2,1
16494,2984,15,2,1
16495,2984,15,2,1
16496,2984,15,2,1
16497,2984,15,2,1
16498,2984,15,2,1
16499,2984,15,2,1
16500,2984,15,2,1
16501,2984,15,2,1
16502,2984,15,2,1
16503,2984,15,2,1
16504,2984,15,2,1
16505,2984,15,2,1
16506,2984,15,2,1
16507,2984,15,2,1
16508,2984,15,2,1
16509,2984,15,2,1
16510,2984,15,2,1
16511,2984,15,2,1
16512,2984,15,2,1
16513,2984,15,2,1
16514,2984,15,2,1
16515,2984,15,2,1
16516,2984,15,2,1
16517,2984,15,2,1
16518,2984,15,2,1
16519,2984,15,2,1
16520,2984,15,2,1
16521,2984,15,2,1
16522,2984,15,2,1
16523,2984,15,2,1
16524,2984,15,2,1
16525,2984,15,2,1
16526,2984,15,2,1
16527,2984,15,2,1
16528,2984,15,2,1
16529,2984,15,2,1
16530,2984,15,2,1
16531,2984,15,2,1
16532,2984,15,2,1
16533,2984,15,2,1
16534,2984,15,2,1
16535,2984,15,2,1
16536,2984,15,2,1
16537,2984,15,2,1
16538,2984,15,2,1
16539,2984,15,2,1
16540,2984,15,2,1
16541,2984,15,2,1
16542,2984,15,2,1
16543,2984,15,2,1
16544,2984,15,2,1
16545,2984,15,2,1
16546,2984,15,2,1
16547,2984,15,2,1
16548,2984,15,2,1
16549,2984,15,2,1
16550,2984,15,2,1
16551,2984,15,2,1
16552,2984,15,2,1
16553,2984,15,2,1
16554,2984,15,2,1
16555,2984,15,2,1
16556,2984,15,2,1
16557,2984,15,2,1
16558,2984,15,2,1
16559,2984,15,2,1
16560,2984,15,2,1
16561,2984,15,2,1
16562,2984,15,2,1
16563,2984,15,2,1
16564,2984,15,2,1
16565,2984,15,2,1
16566,2984,15,2,1
16567,2984,15,2,1
16568,2984,15,2,1
16569,2984,15,2,1
16570,2984,15,2,1
16571,2984,15,2,1
16572,2984,15,2,1
16573,2984,15,2,1
16574,2984,2,1,1
16575,2984,1,1,1
16576,2987,15,1,1
16577,2987,1,1,1
16578,2987,1,1,1
16579,2987,15,1,1
16580,2987,15,1,1
16581,2987,7,1,1
16582,2987,15,1,1
16583,2987,1,1,1
16584,2987,1,1,1
16585,2987,1,1,1
16586,2987,15,1,1
16587,2987,7,1,1
16588,2987,15,1,1
16589,2987,15,1,1
16590,2987,15,1,1
16591,2987,15,1,1
16592,2987,15,1,1
16593,2987,15,1,1
16594,2987,15,1,1
16595,2987,15,1,1
16596,2987,15,1,1
16597,2987,15,1,1
16598,2987,15,1,1
16599,2987,15,1,1
16600,2987,9,1,1
16601,2987,15,1,1
16602,2987,15,1,1
16603,2987,15,1,1
16604,2987,15,1,1
16605,2987,15,1,1
16606,2987,15,1,1
16607,2987,15,1,1
16608,2987,6,1,1
16609,2987,15,1,1
16610,2987,15,1,1
16611,2987,15,1,1
16612,2987,15,1,1
16613,2987,15,1,1
16614,2987,11,1,1
16615,2988,1,1,1
16616,2989,1,1,1
16617,2991,1,1,1
16618,2991,1,1,1
16619,2992,1,1,1
16620,2993,1,1,1
16621,2993,1,1,1
16622,2993,1,1,1
16623,2995,1,1,1
16624,2995,1,1,1
16625,2996,1,1,1
16626,2997,1,1,1
16627,2997,1,1,1
16628,2999,1,1,1
16629,3000,1,1,1
16630,3000,1,1,1
16631,3000,1,1,1
16632,3001,15,1,1
16633,3001,15,1,1
16634,3002,15,1,1
16635,3002,15,1,1
16636,3002,8,1,1
16637,3002,15,1,1
16638,3003,1,1,1
16639,3003,15,3,1
16640,3003,15,1,1
16641,3003,1,1,1
16642,3003,2,1,1
16643,3003,15,1,1
16644,3003,15,1,1
16645,3003,1,1,1
16646,3003,2,1,1
16647,3003,15,1,1
16648,3003,15,1,1
16649,3003,1,1,1
16650,3003,1,1,1
16651,3003,15,1,1
16652,3003,1,1,1
16653,3003,15,1,1
16654,3003,15,1,1
16655,3003,15,1,1
16656,3003,15,1,1
16657,3003,10,1,1
16658,3003,8,1,1
16659,3003,15,1,1
16660,3003,7,1,1
16661,3003,15,1,1
16662,3003,15,3,1
16663,3003,7,1,1
16664,3003,15,1,1
16665,3003,15,1,1
16666,3003,8,1,1
16667,3003,15,1,1
16668,3003,15,1,1
16669,3004,15,1,1
16670,3004,7,1,1
16671,3004,4,1,1
16672,3004,15,1,1
16673,3005,1,1,1
16674,3005,6,1,1
16675,3005,6,1,1
16676,3005,15,1,1
16677,3005,15,1,1
16678,3005,9,1,1
16679,3005,15,1,1
16680,3005,2,1,1
16681,3005,13,1,1
16682,3005,15,1,1
16683,3005,15,1,1
16684,3005,10,1,1
16685,3005,10,1,1
16686,3005,2,1,1
16687,3005,15,1,1
16688,3005,15,1,1
16689,3005,11,1,1
16690,3005,15,1,1
16691,3005,15,1,1
16692,3005,1,1,1
16693,3005,15,1,1
16694,3006,15,1,1
16695,3006,7,1,1
16696,3006,15,1,1
16697,3006,15,1,1
16698,3006,15,1,1
16699,3006,15,1,1
16700,3006,15,1,1
16701,3006,15,1,1
16702,3006,1,1,1
16703,3006,15,3,1
16704,3006,2,1,1
16705,3006,9,1,1
16706,3006,15,1,1
16707,3006,15,1,1
16708,3006,15,1,1
16709,3006,15,1,1
16710,3006,12,1,1
16711,3007,15,1,1
16712,3007,15,1,1
16713,3007,15,1,1
16714,3007,15,1,1
16715,3007,15,1,1
16716,3007,15,1,1
16717,3007,14,1,1
16718,3007,5,1,1
16719,3007,15,1,1
16720,3007,7,1,1
16721,3007,15,1,1
16722,3007,15,1,1
16723,3007,15,1,1
16724,3008,8,1,1
16725,3008,15,1,1
16726,3008,5,1,1
16727,3008,15,1,1
16728,3008,12,1,1
16729,3008,15,1,1
16730,3008,10,1,1
16731,3008,15,1,1
16732,3008,15,1,1
16733,3008,15,1,1
16734,3008,15,1,1
16735,3008,15,1,1
16736,3008,8,1,1
16737,3008,15,1,1
16738,3008,4,1,1
16739,3008,1,1,1
16740,3008,9,1,1
16741,3008,11,1,1
16742,3008,1,1,1
16743,3008,7,1,1
16744,3008,15,1,1
16745,3008,15,1,1
16746,3008,8,1,1
16747,3008,15,1,1
16748,3008,4,1,1
16749,3008,15,1,1
16750,3008,15,1,1
16751,3008,15,1,1
16752,3008,10,1,1
16753,3008,1,1,1
16754,3008,15,1,1
16755,3008,15,1,1
16756,3008,15,1,1
16757,3008,15,1,1
16758,3008,15,1,1
16759,3008,15,1,1
16760,3008,15,1,1
16761,3008,15,1,1
16762,3008,2,1,1
16763,3008,15,1,1
16764,3008,8,1,1
16765,3008,3,1,1
16766,3008,15,1,1
16767,3008,9,1,1
16768,3008,15,1,1
16769,3008,15,1,1
16770,3008,5,1,1
16771,3008,15,1,1
16772,3008,15,1,1
16773,3008,15,1,1
16774,3008,15,1,1
16775,3008,15,1,1
16776,3008,15,1,1
16777,3008,15,1,1
16778,3008,2,1,1
16779,3008,1,1,1
16780,3008,15,1,1
16781,3008,15,1,1
16782,3008,15,1,1
16783,3008,15,1,1
16784,3008,5,1,1
16785,3008,15,1,1
16786,3008,15,1,1
16787,3008,15,1,1
16788,3008,15,1,1
16789,3008,15,1,1
16790,3008,15,1,1
16791,3008,15,1,1
16792,3008,11,1,1
16793,3008,15,1,1
16794,3008,15,1,1
16795,3008,15,1,1
16796,3008,15,1,1
16797,3008,2,1,1
16798,3008,15,1,1
16799,3008,6,1,1
16800,3008,1,1,1
16801,3008,1,1,1
16802,3008,15,1,1
16803,3008,15,1,1
16804,3008,9,1,1
16805,3008,10,1,1
16806,3008,15,1,1
16807,3008,3,1,1
16808,3008,15,3,1
16809,3008,15,1,1
16810,3008,2,1,1
16811,3008,7,1,1
16812,3008,15,1,1
16813,3008,15,1,1
16814,3008,13,1,1
16815,3008,15,1,1
16816,3008,6,1,1
16817,3009,15,1,1
16818,3009,15,1,1
16819,3009,15,1,1
16820,3009,2,1,1
16821,3009,8,1,1
16822,3009,15,1,1
16823,3009,15,1,1
16824,3009,15,1,1
16825,3009,8,1,1
16826,3009,15,1,1
16827,3009,15,1,1
16828,3009,15,1,1
16829,3009,15,1,1
16830,3009,15,1,1
16831,3009,15,1,1
16832,3009,15,1,1
16833,3009,1,1,1
16834,3009,15,1,1
16835,3009,15,1,1
16836,3009,15,1,1
16837,3009,15,1,1
16838,3009,15,1,1
16839,3009,15,1,1
16840,3009,15,1,1
16841,3009,15,1,1
16842,3009,15,1,1
16843,3009,15,1,1
16844,3009,8,1,1
16845,3009,15,1,1
16846,3009,15,1,1
16847,3009,15,1,1
16848,3009,15,1,1
16849,3009,15,3,1
16850,3009,15,1,1
16851,3009,15,1,1
16852,3009,6,1,1
16853,3009,1,1,1
16854,3009,9,1,1
16855,3009,1,1,1
16856,3009,15,1,1
16857,3009,6,1,1
16858,3009,15,1,1
16859,3009,6,1,1
16860,3009,5,1,1
16861,3009,15,1,1
16862,3009,2,1,1
16863,3009,15,1,1
16864,3009,15,1,1
16865,3009,2,1,1
16866,3009,15,1,1
16867,3009,4,1,1
16868,3009,7,1,1
16869,3009,2,1,1
16870,3009,11,1,1
16871,3009,15,1,1
16872,3009,15,1,1
16873,3009,15,1,1
16874,3009,15,1,1
16875,3009,15,1,1
16876,3009,15,1,1
16877,3009,15,1,1
16878,3009,7,1,1
16879,3009,15,1,1
16880,3009,1,1,1
16881,3009,15,1,1
16882,3010,15,1,1
16883,3010,6,1,1
16884,3010,15,1,1
16885,3010,10,1,1
16886,3010,15,1,1
16887,3010,15,1,1
16888,3010,13,1,1
16889,3010,5,1,1
16890,3010,6,1,1
16891,3010,12,1,1
16892,3010,3,1,1
16893,3010,7,1,1
16894,3010,3,1,1
16895,3010,15,1,1
16896,3010,3,1,1
16897,3010,15,1,1
16898,3010,15,1,1
16899,3010,15,1,1
16900,3010,12,1,1
16901,3010,15,1,1
16902,3010,4,1,1
16903,3010,15,1,1
16904,3010,15,1,1
16905,3010,15,1,1
16906,3010,15,1,1
16907,3010,4,1,1
16908,3010,15,1,1
16909,3010,15,1,1
16910,3010,8,1,1
16911,3010,15,1,1
16912,3010,15,1,1
16913,3010,4,1,1
16914,3010,13,1,1
16915,3010,6,1,1
16916,3010,11,1,1
16917,3010,15,1,1
16918,3010,6,1,1
16919,3010,6,1,1
16920,3010,8,1,1
16921,3010,12,1,1
16922,3010,15,1,1
16923,3010,15,1,1
16924,3010,15,1,1
16925,3010,4,1,1
16926,3010,15,1,1
16927,3010,4,1,1
16928,3011,3,1,1
16929,3011,15,1,1
16930,3011,2,1,1
16931,3011,15,1,1
16932,3011,15,1,1
16933,3011,15,1,1
16934,3011,15,1,1
16935,3011,13,1,1
16936,3011,10,1,1
16937,3011,15,1,1
16938,3011,15,1,1
16939,3011,15,1,1
16940,3011,15,1,1
16941,3011,15,1,1
16942,3011,15,1,1
16943,3011,15,1,1
16944,3011,15,1,1
16945,3011,15,1,1
16946,3011,15,1,1
16947,3011,6,1,1
16948,3011,15,1,1
16949,3011,13,1,1
16950,3011,15,1,1
16951,3011,15,1,1
16952,3011,10,1,1
16953,3011,11,1,1
16954,3011,15,1,1
16955,3011,7,1,1
16956,3011,15,1,1
16957,3011,1,1,1
16958,3011,15,1,1
16959,3011,3,1,1
16960,3011,15,1,1
16961,3011,15,1,1
16962,3011,15,1,1
16963,3011,15,1,1
16964,3011,10,1,1
16965,3011,2,1,1
16966,3011,11,1,1
16967,3011,1,1,1
16968,3012,9,1,1
16969,3012,8,1,1
16970,3012,7,1,1
16971,3012,10,1,1
16972,3012,15,1,1
16973,3012,7,1,1
16974,3012,7,1,1
16975,3012,15,1,1
16976,3012,15,1,1
16977,3012,15,1,1
16978,3012,15,1,1
16979,3012,11,1,1
16980,3012,15,1,1
16981,3012,11,1,1
16982,3012,15,1,1
16983,3012,15,1,1
16984,3012,15,1,1
16985,3012,3,3,1
16986,3012,15,1,1
16987,3012,8,1,1
16988,3012,1,1,1
16989,3012,5,1,1
16990,3012,15,1,1
16991,3012,15,1,1
16992,3012,7,1,1
16993,3012,15,1,1
16994,3012,1,1,1
16995,3012,12,1,1
16996,3012,15,1,1
16997,3012,15,1,1
16998,3012,13,1,1
16999,3012,15,1,1
17000,3012,15,1,1
17001,3012,15,1,1
17002,3012,2,1,1
17003,3012,15,1,1
17004,3012,15,1,1
17005,3012,15,1,1
17006,3012,3,1,1
17007,3013,3,1,1
17008,3013,15,1,1
17009,3013,15,1,1
17010,3013,15,1,1
17011,3013,15,1,1
17012,3013,15,1,1
17013,3013,15,1,1
17014,3013,15,1,1
17015,3013,4,1,1
17016,3013,15,1,1
17017,3013,15,1,1
17018,3013,15,1,1
17019,3013,10,1,1
17020,3013,1,1,1
17021,3013,6,1,1
17022,3013,15,1,1
17023,3013,15,1,1
17024,3013,15,1,1
17025,3013,1,1,1
17026,3013,4,1,1
17027,3013,15,1,1
17028,3013,2,1,1
17029,3013,5,1,1
17030,3013,15,1,1
17031,3013,15,1,1
17032,3013,15,1,1
17033,3013,3,1,1
17034,3013,3,1,1
17035,3013,15,1,1
17036,3013,1,1,1
17037,3013,15,1,1
17038,3013,15,1,1
17039,3013,15,1,1
17040,3013,15,1,1
17041,3013,15,1,1
17042,3013,15,1,1
17043,3013,1,1,1
17044,3013,15,1,1
17045,3013,15,1,1
17046,3014,15,1,1
17047,3014,15,1,1
17048,3014,15,1,1
17049,3014,15,1,1
17050,3014,15,1,1
17051,3014,15,1,1
17052,3014,2,1,1
17053,3014,15,1,1
17054,3014,15,1,1
17055,3014,15,1,1
17056,3014,15,1,1
17057,3014,8,1,1
17058,3014,6,1,1
17059,3014,15,1,1
17060,3014,15,1,1
17061,3014,15,1,1
17062,3014,5,1,1
17063,3014,15,1,1
17064,3014,5,1,1
17065,3014,15,1,1
17066,3014,15,1,1
17067,3014,12,1,1
17068,3014,15,1,1
17069,3014,15,1,1
17070,3014,15,1,1
17071,3014,1,1,1
17072,3014,15,1,1
17073,3014,5,1,1
17074,3014,15,1,1
17075,3014,12,1,1
17076,3014,15,1,1
17077,3014,15,1,1
17078,3014,15,1,1
17079,3014,10,1,1
17080,3014,15,1,1
17081,3014,2,1,1
17082,3014,8,1,1
17083,3014,8,1,1
17084,3014,15,1,1
17085,3014,15,1,1
17086,3014,15,1,1
17087,3014,8,1,1
17088,3014,15,1,1
17089,3014,8,1,1
17090,3014,15,1,1
17091,3014,15,1,1
17092,3014,15,1,1
17093,3014,9,1,1
17094,3014,15,1,1
17095,3014,4,1,1
17096,3014,15,1,1
17097,3014,5,1,1
17098,3014,15,1,1
17099,3014,9,1,1
17100,3014,15,1,1
17101,3014,15,1,1
17102,3014,15,1,1
17103,3014,3,1,1
17104,3014,15,1,1
17105,3014,15,1,1
17106,3014,15,1,1
17107,3014,11,1,1
17108,3014,3,1,1
17109,3014,15,1,1
17110,3014,15,1,1
17111,3014,15,1,1
17112,3014,15,1,1
17113,3014,15,1,1
17114,3014,15,3,1
17115,3014,8,1,1
17116,3014,15,1,1
17117,3014,6,1,1
17118,3014,5,1,1
17119,3014,15,1,1
17120,3014,15,1,1
17121,3014,15,1,1
17122,3014,15,1,1
17123,3014,15,1,1
17124,3014,15,1,1
17125,3014,15,1,1
17126,3014,1,1,1
17127,3015,15,1,1
17128,3015,5,1,1
17129,3015,15,1,1
17130,3015,1,1,1
17131,3015,1,1,1
17132,3015,1,1,1
17133,3015,15,1,1
17134,3015,9,1,1
17135,3015,3,1,1
17136,3015,15,1,1
17137,3015,15,1,1
17138,3015,15,1,1
17139,3015,14,1,1
17140,3015,15,1,1
17141,3015,4,1,1
17142,3015,15,1,1
17143,3015,15,1,1
17144,3015,15,1,1
17145,3015,4,1,1
17146,3018,15,1,1
17147,3020,1,1,1
17148,3020,1,1,1
17149,3020,15,1,1
17150,3020,15,1,1
17151,3020,1,1,1
17152,3020,15,1,1
17153,3021,15,1,1
17154,3021,1,1,1
17155,3021,8,1,1
17156,3021,15,1,1
17157,3021,1,1,1
17158,3021,15,1,1
17159,3021,15,1,1
17160,3021,15,1,1
17161,3021,15,1,1
17162,3021,8,1,1
17163,3021,7,1,1
17164,3021,15,1,1
17165,3021,15,1,1
17166,3023,1,1,1
17167,3023,1,1,1
17168,3024,15,1,1
17169,3024,15,1,1
17170,3024,1,1,1
17171,3024,7,1,1
17172,3024,15,1,1
17173,3024,7,1,1
17174,3024,3,1,1
17175,3024,11,1,1
17176,3024,15,1,1
17177,3024,15,1,1
17178,3024,15,1,1
17179,3024,10,1,1
17180,3024,5,1,1
17181,3024,6,1,1
17182,3024,15,1,1
17183,3024,15,1,1
17184,3024,15,1,1
17185,3024,1,1,1
17186,3026,15,1,1
17187,3028,15,1,1
17188,3028,15,1,1
17189,3028,2,1,1
17190,3028,15,1,1
17191,3028,15,1,1
17192,3029,15,1,1
17193,3029,3,1,1
17194,3030,1,1,1
17195,3030,1,1,1
17196,3030,15,1,1
17197,3030,15,1,1
17198,3030,2,1,1
17199,3030,7,1,1
17200,3030,1,1,1
17201,3030,15,1,1
17202,3032,1,1,1
17203,3032,1,1,1
17204,3032,1,1,1
17205,3033,7,1,1
17206,3033,1,1,1
17207,3033,1,1,1
17208,3034,1,1,1
17209,3036,1,1,1
17210,3037,1,1,1
17211,3038,1,1,1
17212,3038,1,1,1
17213,3038,1,1,1
17214,3038,7,1,1
17215,3041,1,1,1
17216,3043,1,1,1
17217,3043,1,1,1
17218,3043,1,1,1
17219,3044,15,1,1
17220,3044,1,1,1
17221,3044,1,1,1
17222,3044,1,1,1
17223,3045,2,1,1
17224,3047,8,1,1
17225,3049,1,1,1
17226,3049,1,1,1
17227,3049,1,1,1
17228,3049,1,1,1
17229,3050,1,1,1
17230,3050,15,1,1
17231,3051,1,2,1
17232,3052,6,1,1
17233,3052,1,1,1
17234,3052,1,1,1
17235,3052,15,1,1
17236,3052,1,1,1
17237,3055,1,1,1
17238,3056,1,1,1
17239,3058,1,1,1
17240,3059,15,1,1
17241,3059,3,1,1
17242,3060,1,1,1
17243,3062,1,1,1
17244,3062,1,1,1
17245,3063,1,1,1
17246,3063,1,1,1
17247,3063,1,1,1
17248,3063,1,1,1
17249,3063,1,1,1
17250,3064,1,1,1
17251,3064,1,1,1
17252,3066,1,1,1
17253,3066,1,1,1
17254,3066,1,1,1
17255,3067,1,1,1
17256,3069,7,1,1
17257,3069,1,1,1
17258,3069,1,1,1
17259,3070,1,1,1
17260,3073,1,1,1
17261,3074,1,1,1
17262,3075,1,1,1
17263,3077,1,1,1
17264,3077,1,1,1
17265,3082,1,1,1
17266,3084,1,1,1
17267,3085,6,1,1
17268,3086,1,1,1
17269,3086,1,1,1
17270,3087,1,1,1
17271,3088,1,1,1
17272,3089,15,1,1
17273,3089,1,1,1
17274,3090,1,1,1
17275,3092,1,1,1
17276,3094,6,1,1
17277,3095,1,1,1
17278,3095,1,1,1
17279,3095,1,1,1
17280,3095,1,1,1
17281,3095,1,1,1
17282,3095,1,1,1
17283,3095,1,1,1
17284,3095,1,1,1
17285,3096,1,1,1
17286,3097,1,1,1
17287,3097,1,1,1
17288,3099,1,1,1
17289,3099,1,1,1
17290,3099,1,1,1
17291,3100,1,1,1
17292,3100,1,1,1
17293,3100,1,1,1
17294,3100,1,1,1
17295,3103,1,1,1
17296,3104,1,1,1
17297,3104,15,1,1
17298,3104,11,1,1
17299,3105,1,1,1
17300,3108,1,1,1
17301,3113,1,1,1
17302,3113,1,1,1
17303,3116,1,1,1
17304,3118,1,1,1
17305,3119,1,1,1
17306,3119,6,1,1
17307,3120,1,1,1
17308,3120,1,1,1
17309,3120,1,1,1
17310,3120,1,1,1
17311,3121,1,1,1
17312,3121,15,1,1
17313,3121,1,1,1
17314,3121,1,1,1
17315,3121,1,1,1
17316,3122,15,1,1
17317,3122,1,1,1
17318,3122,1,1,1
17319,3123,15,1,1
17320,3123,15,1,1
17321,3123,15,1,1
17322,3123,15,1,1
17323,3123,15,1,1
17324,3123,15,1,1
17325,3123,15,1,1
17326,3123,15,1,1
17327,3123,15,1,1
17328,3123,15,1,1
17329,3123,15,1,1
17330,3123,7,1,1
17331,3123,5,1,1
17332,3123,5,1,1
17333,3123,5,1,1
17334,3123,5,1,1
17335,3123,5,1,1
17336,3123,5,1,1
17337,3123,5,1,1
17338,3123,5,1,1
17339,3123,5,1,1
17340,3123,5,1,1
17341,3123,5,1,1
17342,3123,5,1,1
17343,3123,5,1,1
17344,3123,5,1,1
17345,3123,5,1,1
17346,3123,6,1,1
17347,3123,5,1,1
17348,3123,5,1,1
17349,3123,5,1,1
17350,3123,3,1,1
17351,3123,7,1,1
17352,3123,5,1,1
17353,3123,5,1,1
17354,3123,5,1,1
17355,3123,5,1,1
17356,3123,5,1,1
17357,3123,5,1,1
17358,3123,5,1,1
17359,3123,5,1,1
17360,3123,5,1,1
17361,3123,5,1,1
17362,3123,5,1,1
17363,3123,5,1,1
17364,3123,5,1,1
17365,3123,5,1,1
17366,3123,5,1,1
17367,3123,5,1,1
17368,3123,5,1,1
17369,3123,6,1,1
17370,3123,5,1,1
17371,3123,5,1,1
17372,3123,5,1,1
17373,3123,5,1,1
17374,3123,5,1,1
17375,3123,5,1,1
17376,3123,5,1,1
17377,3123,5,1,1
17378,3123,7,1,1
17379,3123,6,1,1
17380,3123,5,1,1
17381,3123,5,1,1
17382,3123,5,1,1
17383,3123,5,1,1
17384,3123,6,1,1
17385,3123,5,1,1
17386,3123,5,1,1
17387,3123,5,1,1
17388,3123,5,1,1
17389,3123,5,1,1
17390,3123,5,1,1
17391,3123,5,1,1
17392,3123,5,1,1
17393,3123,5,1,1
17394,3123,5,1,1
17395,3123,5,1,1
17396,3123,6,1,1
17397,3123,5,1,1
17398,3123,5,1,1
17399,3123,5,1,1
17400,3123,5,1,1
17401,3123,6,1,1
17402,3123,5,1,1
17403,3123,6,1,1
17404,3123,7,1,1
17405,3123,5,1,1
17406,3123,5,1,1
17407,3123,6,1,1
17408,3123,7,1,1
17409,3123,5,1,1
17410,3123,5,1,1
17411,3123,5,1,1
17412,3123,5,1,1
17413,3123,5,1,1
17414,3123,7,1,1
17415,3123,5,1,1
17416,3123,5,1,1
17417,3123,5,1,1
17418,3123,5,1,1
17419,3123,5,1,1
17420,3123,5,1,1
17421,3123,5,1,1
17422,3123,6,1,1
17423,3123,5,1,1
17424,3123,5,1,1
17425,3123,5,1,1
17426,3123,6,1,1
17427,3123,5,1,1
17428,3123,5,1,1
17429,3123,3,1,1
17430,3123,5,1,1
17431,3123,5,1,1
17432,3123,5,1,1
17433,3123,5,1,1
17434,3123,5,1,1
17435,3123,5,1,1
17436,3123,5,1,1
17437,3123,5,1,1
17438,3123,5,1,1
17439,3123,6,1,1
17440,3123,5,1,1
17441,3123,7,1,1
17442,3123,5,1,1
17443,3123,5,1,1
17444,3123,5,1,1
17445,3123,6,1,1
17446,3123,6,1,1
17447,3123,5,1,1
17448,3123,15,1,1
17449,3123,5,1,1
17450,3123,5,1,1
17451,3123,5,1,1
17452,3123,5,1,1
17453,3123,5,1,1
17454,3123,5,1,1
17455,3123,7,1,1
17456,3123,5,1,1
17457,3123,5,1,1
17458,3123,5,1,1
17459,3123,5,1,1
17460,3123,7,1,1
17461,3123,5,1,1
17462,3123,5,1,1
17463,3123,5,1,1
17464,3123,5,1,1
17465,3123,5,1,1
17466,3123,6,1,1
17467,3123,6,1,1
17468,3123,5,1,1
17469,3123,5,1,1
17470,3123,7,1,1
17471,3123,6,1,1
17472,3123,5,1,1
17473,3123,6,1,1
17474,3123,5,1,1
17475,3123,5,1,1
17476,3123,5,1,1
17477,3123,6,1,1
17478,3123,5,1,1
17479,3123,5,1,1
17480,3123,5,1,1
17481,3123,5,1,1
17482,3123,5,1,1
17483,3123,6,1,1
17484,3123,5,1,1
17485,3123,5,1,1
17486,3123,5,1,1
17487,3123,5,1,1
17488,3123,5,1,1
17489,3123,5,1,1
17490,3123,6,1,1
17491,3123,5,1,1
17492,3123,5,1,1
17493,3123,5,1,1
17494,3123,5,1,1
17495,3123,5,1,1
17496,3123,5,1,1
17497,3123,5,1,1
17498,3123,15,1,1
17499,3123,5,1,1
17500,3123,5,1,1
17501,3123,5,1,1
17502,3123,5,1,1
17503,3123,6,1,1
17504,3123,5,1,1
17505,3123,5,1,1
17506,3123,6,1,1
17507,3123,7,1,1
17508,3123,5,1,1
17509,3123,5,1,1
17510,3123,5,1,1
17511,3123,6,1,1
17512,3123,5,1,1
17513,3123,5,1,1
17514,3123,5,1,1
17515,3123,5,1,1
17516,3123,5,1,1
17517,3123,5,1,1
17518,3123,5,1,1
17519,3123,5,1,1
17520,3123,6,1,1
17521,3123,5,1,1
17522,3123,5,1,1
17523,3123,5,1,1
17524,3123,5,1,1
17525,3123,5,1,1
17526,3123,5,1,1
17527,3123,5,1,1
17528,3123,5,1,1
17529,3123,7,1,1
17530,3123,5,1,1
17531,3123,5,1,1
17532,3123,5,1,1
17533,3123,5,1,1
17534,3123,5,1,1
17535,3123,5,1,1
17536,3123,5,1,1
17537,3123,6,1,1
17538,3123,5,1,1
17539,3123,5,1,1
17540,3123,7,1,1
17541,3123,5,1,1
17542,3123,5,1,1
17543,3123,5,1,1
17544,3123,5,1,1
17545,3123,5,1,1
17546,3123,5,1,1
17547,3123,5,1,1
17548,3123,5,1,1
17549,3123,5,1,1
17550,3123,5,1,1
17551,3123,6,1,1
17552,3123,7,1,1
17553,3123,5,1,1
17554,3123,5,1,1
17555,3123,5,1,1
17556,3123,5,1,1
17557,3123,5,1,1
17558,3123,5,1,1
17559,3123,7,1,1
17560,3123,5,1,1
17561,3123,6,1,1
17562,3123,5,1,1
17563,3123,5,1,1
17564,3123,5,1,1
17565,3123,5,1,1
17566,3123,5,1,1
17567,3123,5,1,1
17568,3123,5,1,1
17569,3123,5,1,1
17570,3123,5,1,1
17571,3123,5,1,1
17572,3123,5,1,1
17573,3123,5,1,1
17574,3123,5,1,1
17575,3123,5,1,1
17576,3123,5,1,1
17577,3123,6,1,1
17578,3123,5,1,1
17579,3123,5,1,1
17580,3123,5,1,1
17581,3123,5,1,1
17582,3123,5,1,1
17583,3123,5,1,1
17584,3123,5,1,1
17585,3123,5,1,1
17586,3123,5,1,1
17587,3123,5,1,1
17588,3123,5,1,1
17589,3123,5,1,1
17590,3123,5,1,1
17591,3123,5,1,1
17592,3123,5,1,1
17593,3123,5,1,1
17594,3123,5,1,1
17595,3123,5,1,1
17596,3123,7,1,1
17597,3123,5,1,1
17598,3123,8,1,1
17599,3123,5,1,1
17600,3123,5,1,1
17601,3123,5,1,1
17602,3123,5,1,1
17603,3123,6,1,1
17604,3123,5,1,1
17605,3123,5,1,1
17606,3123,5,1,1
17607,3123,5,1,1
17608,3123,5,1,1
17609,3123,5,1,1
17610,3123,5,1,1
17611,3123,5,1,1
17612,3123,5,1,1
17613,3123,5,1,1
17614,3123,5,1,1
17615,3123,5,1,1
17616,3123,5,1,1
17617,3123,5,1,1
17618,3123,6,1,1
17619,3123,5,1,1
17620,3123,5,1,1
17621,3123,5,1,1
17622,3123,6,1,1
17623,3123,5,1,1
17624,3123,15,1,1
17625,3123,5,1,1
17626,3123,5,1,1
17627,3123,5,1,1
17628,3123,5,1,1
17629,3123,5,1,1
17630,3123,3,1,1
17631,3123,5,1,1
17632,3123,15,1,1
17633,3123,5,1,1
17634,3123,5,1,1
17635,3123,6,1,1
17636,3123,5,1,1
17637,3123,5,1,1
17638,3123,5,1,1
17639,3123,5,1,1
17640,3123,5,1,1
17641,3123,5,1,1
17642,3123,5,1,1
17643,3123,5,1,1
17644,3123,5,1,1
17645,3123,5,1,1
17646,3123,5,1,1
17647,3123,5,1,1
17648,3123,5,1,1
17649,3123,8,1,1
17650,3123,7,1,1
17651,3123,5,1,1
17652,3123,5,1,1
17653,3123,5,1,1
17654,3123,5,1,1
17655,3123,5,1,1
17656,3123,5,1,1
17657,3123,5,1,1
17658,3123,5,1,1
17659,3123,6,1,1
17660,3123,5,1,1
17661,3123,5,1,1
17662,3123,5,1,1
17663,3123,5,1,1
17664,3123,5,1,1
17665,3123,5,1,1
17666,3123,6,1,1
17667,3123,5,1,1
17668,3123,5,1,1
17669,3123,8,1,1
17670,3123,5,1,1
17671,3123,5,1,1
17672,3123,5,1,1
17673,3123,5,1,1
17674,3123,5,1,1
17675,3123,5,1,1
17676,3123,5,1,1
17677,3123,5,1,1
17678,3123,5,1,1
17679,3123,5,1,1
17680,3123,5,1,1
17681,3123,5,1,1
17682,3123,5,1,1
17683,3123,5,1,1
17684,3123,5,1,1
17685,3123,5,1,1
17686,3123,6,1,1
17687,3123,5,1,1
17688,3123,5,1,1
17689,3123,5,1,1
17690,3123,5,1,1
17691,3123,5,1,1
17692,3123,9,1,1
17693,3123,7,1,1
17694,3123,5,1,1
17695,3123,8,1,1
17696,3123,5,1,1
17697,3123,5,1,1
17698,3123,5,1,1
17699,3123,5,1,1
17700,3123,5,1,1
17701,3123,6,1,1
17702,3123,5,1,1
17703,3123,5,1,1
17704,3123,5,1,1
17705,3123,3,1,1
17706,3123,5,1,1
17707,3123,6,1,1
17708,3123,5,1,1
17709,3123,6,1,1
17710,3123,5,1,1
17711,3123,6,1,1
17712,3123,5,1,1
17713,3123,5,1,1
17714,3123,5,1,1
17715,3123,5,1,1
17716,3123,5,1,1
17717,3123,5,1,1
17718,3123,8,1,1
17719,3123,6,1,1
17720,3123,5,1,1
17721,3123,7,1,1
17722,3123,6,1,1
17723,3123,5,1,1
17724,3123,5,1,1
17725,3123,5,1,1
17726,3123,5,1,1
17727,3123,5,1,1
17728,3123,5,1,1
17729,3123,5,1,1
17730,3123,5,1,1
17731,3123,5,1,1
17732,3123,5,1,1
17733,3123,5,1,1
17734,3123,5,1,1
17735,3123,5,1,1
17736,3123,5,1,1
17737,3123,5,1,1
17738,3123,5,1,1
17739,3123,5,1,1
17740,3123,5,1,1
17741,3123,5,1,1
17742,3123,6,1,1
17743,3123,5,1,1
17744,3123,5,1,1
17745,3123,5,1,1
17746,3123,5,1,1
17747,3123,5,1,1
17748,3123,7,1,1
17749,3123,5,1,1
17750,3123,3,1,1
17751,3123,5,1,1
17752,3123,6,1,1
17753,3123,5,1,1
17754,3123,6,1,1
17755,3123,6,1,1
17756,3123,5,1,1
17757,3123,6,1,1
17758,3123,5,1,1
17759,3123,5,1,1
17760,3123,6,1,1
17761,3123,6,1,1
17762,3123,5,1,1
17763,3123,5,1,1
17764,3123,5,1,1
17765,3123,5,1,1
17766,3123,5,1,1
17767,3123,5,1,1
17768,3123,5,1,1
17769,3123,5,1,1
17770,3123,5,1,1
17771,3123,5,1,1
17772,3123,5,1,1
17773,3123,8,1,1
17774,3123,2,1,1
17775,3123,5,1,1
17776,3123,5,1,1
17777,3123,5,1,1
17778,3123,5,1,1
17779,3123,5,1,1
17780,3123,5,1,1
17781,3123,5,1,1
17782,3123,5,1,1
17783,3123,5,1,1
17784,3123,8,1,1
17785,3123,5,1,1
17786,3123,5,1,1
17787,3123,3,1,1
17788,3123,5,1,1
17789,3123,15,1,1
17790,3123,5,1,1
17791,3123,5,1,1
17792,3123,5,1,1
17793,3123,5,1,1
17794,3123,2,1,1
17795,3123,5,1,1
17796,3123,5,1,1
17797,3123,5,1,1
17798,3123,5,1,1
17799,3123,5,1,1
17800,3123,5,1,1
17801,3123,5,1,1
17802,3123,5,1,1
17803,3123,5,1,1
17804,3123,5,1,1
17805,3123,5,1,1
17806,3123,5,1,1
17807,3123,5,1,1
17808,3123,5,1,1
17809,3123,5,1,1
17810,3123,7,1,1
17811,3123,5,1,1
17812,3123,5,1,1
17813,3123,6,1,1
17814,3123,5,1,1
17815,3123,5,1,1
17816,3123,5,1,1
17817,3123,5,1,1
17818,3123,5,1,1
17819,3123,1,1,1
17820,3123,1,1,1
17821,3124,1,1,1
17822,3124,1,1,1
17823,3125,1,1,1
17824,3127,1,1,1
17825,3127,1,1,1
17826,3127,1,1,1
17827,3129,1,1,1
17828,3130,15,1,1
17829,3130,15,1,1
17830,3130,15,1,1
17831,3130,1,1,1
17832,3130,1,1,1
17833,3131,1,1,1
17834,3131,1,1,1
17835,3132,1,1,1
17836,3134,4,1,1
17837,3134,6,1,1
17838,3138,15,1,1
17839,3139,5,1,1
17840,3139,5,1,1
17841,3140,15,1,1
17842,3143,15,1,1
17843,3144,1,1,1
17844,3144,1,1,1
17845,3144,1,1,1
17846,3146,1,1,1
17847,3147,1,1,1
17848,3148,1,1,1
17849,3148,1,1,1
17850,3148,1,1,1
17851,3148,5,1,1
17852,3149,1,1,1
17853,3149,2,1,1
17854,3150,1,1,1
17855,3151,1,1,1
17856,3152,1,1,1
17857,3152,1,1,1
17858,3152,1,1,1
17859,3156,1,1,1
17860,3156,15,1,1
17861,3157,1,1,1
17862,3158,1,1,1
17863,3159,1,1,1
17864,3159,1,1,1
17865,3160,1,1,1
17866,3160,2,1,1
17867,3160,1,1,1
17868,3160,1,1,1
17869,3161,1,1,1
17870,3162,13,1,1
17871,3163,1,1,1
17872,3163,1,1,1
17873,3163,1,1,1
17874,3164,1,1,1
17875,3164,1,1,1
17876,3164,1,1,1
17877,3166,8,1,1
17878,3166,1,1,1
17879,3167,1,1,1
17880,3168,1,1,1
17881,3170,15,1,1
17882,3171,12,1,1
17883,3171,1,1,1
17884,3171,1,1,1
17885,3172,1,1,1
17886,3173,15,1,1
17887,3174,1,1,1
17888,3174,1,1,1
17889,3174,1,1,1
17890,3174,15,1,1
17891,3175,1,1,1
17892,3177,1,1,1
17893,3177,1,1,1
17894,3179,1,1,1
17895,3179,1,1,1
17896,3179,1,1,1
17897,3179,1,1,1
17898,3179,1,1,1
17899,3179,15,1,1
17900,3180,15,1,1
17901,3180,1,1,1
17902,3182,1,1,1
17903,3182,1,1,1
17904,3182,1,1,1
17905,3183,15,1,1
17906,3184,7,1,1
17907,3185,1,1,1
17908,3185,1,1,1
17909,3185,1,1,1
17910,3186,5,1,1
17911,3186,1,1,1
17912,3186,1,1,1
17913,3186,1,1,1
17914,3187,1,1,1
17915,3187,1,1,1
17916,3187,1,1,1
17917,3187,1,1,1
17918,3187,1,1,1
17919,3191,1,1,1
17920,3191,1,1,1
17921,3194,10,1,1
17922,3194,1,1,1
17923,3194,1,1,1
17924,3195,15,1,1
17925,3196,1,1,1
17926,3196,1,1,1
17927,3197,1,1,1
17928,3198,1,1,1
17929,3198,7,1,1
17930,3198,1,1,1
17931,3200,1,1,1
17932,3201,11,1,1
17933,3202,1,1,1
17934,3205,1,1,1
17935,3206,1,1,1
17936,3207,15,1,1
17937,3207,1,1,1
17938,3207,1,1,1
17939,3208,1,1,1
17940,3208,15,1,1
17941,3208,1,1,1
17942,3208,1,1,1
17943,3209,1,1,1
17944,3210,6,1,1
17945,3211,6,1,1
17946,3211,1,1,1
17947,3212,5,1,1
17948,3213,1,1,1
17949,3213,1,1,1
17950,3214,1,1,1
17951,3214,1,1,1
17952,3216,4,1,1
17953,3216,1,1,1
17954,3217,15,1,1
17955,3217,6,1,1
17956,3217,1,1,1
17957,3217,1,1,1
17958,3219,1,1,1
17959,3219,1,1,1
17960,3219,1,1,1
17961,3220,1,1,1
17962,3222,1,1,1
17963,3223,1,1,1
17964,3223,2,1,1
17965,3224,1,1,1
17966,3225,1,1,1
17967,3225,15,1,1
17968,3225,1,1,1
17969,3226,6,1,1
17970,3227,1,1,1
17971,3228,1,1,1
17972,3228,1,1,1
17973,3228,1,1,1
17974,3230,1,1,1
17975,3230,1,1,1
17976,3231,1,1,1
17977,3231,1,1,1
17978,3233,2,1,1
17979,3233,15,1,1
17980,3233,3,1,1
17981,3233,1,1,1
17982,3234,1,1,1
17983,3234,1,1,1
17984,3234,1,1,1
17985,3234,1,1,1
17986,3234,1,1,1
17987,3234,1,1,1
17988,3234,1,1,1
17989,3234,1,1,1
17990,3234,1,1,1
17991,3234,1,1,1
17992,3234,1,1,1
17993,3234,1,1,1
17994,3234,1,1,1
17995,3234,1,1,1
17996,3234,1,1,1
17997,3234,1,1,1
17998,3234,1,1,1
17999,3234,1,1,1
18000,3234,1,1,1
18001,3234,1,1,1
18002,3234,1,1,1
18003,3234,1,1,1
18004,3234,2,1,1
18005,3234,2,1,1
18006,3234,1,1,1
18007,3234,1,1,1
18008,3234,1,1,1
18009,3234,1,1,1
18010,3234,1,1,1
18011,3234,1,1,1
18012,3234,1,1,1
18013,3234,1,1,1
18014,3234,1,1,1
18015,3234,1,1,1
18016,3234,1,1,1
18017,3234,1,1,1
18018,3234,1,1,1
18019,3234,1,1,1
18020,3234,2,1,1
18021,3234,2,1,1
18022,3234,2,1,1
18023,3234,2,1,1
18024,3234,2,1,1
18025,3234,2,1,1
18026,3234,1,1,1
18027,3234,1,1,1
18028,3234,2,1,1
18029,3234,2,1,1
18030,3234,2,1,1
18031,3234,1,1,1
18032,3234,2,1,1
18033,3234,1,1,1
18034,3234,1,1,1
18035,3234,2,1,1
18036,3234,1,1,1
18037,3234,1,1,1
18038,3234,1,1,1
18039,3234,1,1,1
18040,3234,1,1,1
18041,3234,1,1,1
18042,3234,2,1,1
18043,3234,2,1,1
18044,3234,1,1,1
18045,3234,1,1,1
18046,3234,1,1,1
18047,3234,1,1,1
18048,3234,1,1,1
18049,3234,1,1,1
18050,3234,1,1,1
18051,3234,1,1,1
18052,3234,1,1,1
18053,3234,1,1,1
18054,3234,1,1,1
18055,3234,1,1,1
18056,3234,1,1,1
18057,3234,1,1,1
18058,3234,2,1,1
18059,3234,1,1,1
18060,3234,1,1,1
18061,3234,1,1,1
18062,3234,1,1,1
18063,3234,1,1,1
18064,3234,1,1,1
18065,3234,1,1,1
18066,3234,1,1,1
18067,3234,1,1,1
18068,3234,1,1,1
18069,3234,2,1,1
18070,3234,1,1,1
18071,3234,1,1,1
18072,3234,2,1,1
18073,3234,2,1,1
18074,3234,2,1,1
18075,3234,2,1,1
18076,3234,1,1,1
18077,3234,2,1,1
18078,3234,2,1,1
18079,3234,1,1,1
18080,3234,1,1,1
18081,3234,2,1,1
18082,3234,2,1,1
18083,3234,2,1,1
18084,3234,2,1,1
18085,3234,2,1,1
18086,3234,2,1,1
18087,3234,1,1,1
18088,3234,2,1,1
18089,3234,2,1,1
18090,3234,1,1,1
18091,3234,2,1,1
18092,3234,1,1,1
18093,3234,2,1,1
18094,3234,2,1,1
18095,3234,1,1,1
18096,3234,1,1,1
18097,3234,1,1,1
18098,3234,1,1,1
18099,3234,2,1,1
18100,3234,2,1,1
18101,3234,2,1,1
18102,3234,2,1,1
18103,3234,2,1,1
18104,3234,1,1,1
18105,3234,1,1,1
18106,3234,2,1,1
18107,3234,1,1,1
18108,3234,1,1,1
18109,3234,1,1,1
18110,3234,2,1,1
18111,3234,1,1,1
18112,3234,1,1,1
18113,3234,2,1,1
18114,3234,2,1,1
18115,3234,2,1,1
18116,3234,2,1,1
18117,3234,2,1,1
18118,3234,2,1,1
18119,3234,2,1,1
18120,3234,1,1,1
18121,3234,2,1,1
18122,3234,2,1,1
18123,3234,2,1,1
18124,3234,2,1,1
18125,3234,2,1,1
18126,3234,2,1,1
18127,3234,2,1,1
18128,3234,1,1,1
18129,3234,2,1,1
18130,3234,1,1,1
18131,3234,2,1,1
18132,3234,1,1,1
18133,3234,2,1,1
18134,3234,2,1,1
18135,3234,2,1,1
18136,3234,2,1,1
18137,3234,2,1,1
18138,3234,1,1,1
18139,3234,1,1,1
18140,3234,2,1,1
18141,3234,2,1,1
18142,3234,2,1,1
18143,3234,1,1,1
18144,3234,2,1,1
18145,3234,1,1,1
18146,3234,1,1,1
18147,3234,2,1,1
18148,3234,1,1,1
18149,3234,2,1,1
18150,3234,2,1,1
18151,3234,2,1,1
18152,3234,2,1,1
18153,3234,1,1,1
18154,3234,2,1,1
18155,3234,1,1,1
18156,3234,2,1,1
18157,3234,2,1,1
18158,3234,2,1,1
18159,3234,1,1,1
18160,3234,2,1,1
18161,3234,2,1,1
18162,3234,2,1,1
18163,3234,2,1,1
18164,3234,2,1,1
18165,3234,2,1,1
18166,3234,1,1,1
18167,3234,2,1,1
18168,3234,2,1,1
18169,3234,2,1,1
18170,3234,2,1,1
18171,3234,2,1,1
18172,3234,1,1,1
18173,3234,1,1,1
18174,3234,2,1,1
18175,3234,2,1,1
18176,3234,1,1,1
18177,3234,2,1,1
18178,3234,2,1,1
18179,3234,1,1,1
18180,3234,2,1,1
18181,3234,1,1,1
18182,3234,1,1,1
18183,3234,2,1,1
18184,3234,1,1,1
18185,3234,1,1,1
18186,3234,1,1,1
18187,3234,1,1,1
18188,3234,1,1,1
18189,3234,1,1,1
18190,3234,1,1,1
18191,3234,1,1,1
18192,3234,1,1,1
18193,3234,1,1,1
18194,3234,1,1,1
18195,3234,1,1,1
18196,3234,1,1,1
18197,3234,2,1,1
18198,3234,1,1,1
18199,3234,1,1,1
18200,3234,1,1,1
18201,3234,1,1,1
18202,3234,1,1,1
18203,3234,1,1,1
18204,3234,1,1,1
18205,3234,1,1,1
18206,3234,1,1,1
18207,3234,1,1,1
18208,3234,1,1,1
18209,3234,1,1,1
18210,3234,1,1,1
18211,3234,1,1,1
18212,3234,1,1,1
18213,3234,1,1,1
18214,3234,1,1,1
18215,3234,1,1,1
18216,3234,1,1,1
18217,3234,1,1,1
18218,3234,1,1,1
18219,3234,1,1,1
18220,3234,1,1,1
18221,3234,1,1,1
18222,3234,1,1,1
18223,3234,1,1,1
18224,3234,2,1,1
18225,3234,2,1,1
18226,3234,2,1,1
18227,3234,2,1,1
18228,3234,2,1,1
18229,3234,2,1,1
18230,3234,2,1,1
18231,3234,2,1,1
18232,3234,2,1,1
18233,3234,1,1,1
18234,3234,2,1,1
18235,3234,2,1,1
18236,3234,2,1,1
18237,3234,2,1,1
18238,3234,2,1,1
18239,3234,1,1,1
18240,3234,1,1,1
18241,3234,1,1,1
18242,3234,2,1,1
18243,3234,1,1,1
18244,3234,2,1,1
18245,3234,2,1,1
18246,3234,1,1,1
18247,3234,2,1,1
18248,3234,2,1,1
18249,3234,2,1,1
18250,3234,2,1,1
18251,3234,2,1,1
18252,3234,2,1,1
18253,3234,1,1,1
18254,3234,2,1,1
18255,3234,2,1,1
18256,3234,1,1,1
18257,3234,1,1,1
18258,3234,2,1,1
18259,3234,2,1,1
18260,3234,1,1,1
18261,3234,1,1,1
18262,3234,1,1,1
18263,3234,1,1,1
18264,3234,2,1,1
18265,3234,2,1,1
18266,3234,2,1,1
18267,3234,1,1,1
18268,3234,1,1,1
18269,3234,2,1,1
18270,3234,2,1,1
18271,3234,2,1,1
18272,3234,2,1,1
18273,3234,1,1,1
18274,3234,2,1,1
18275,3234,2,1,1
18276,3234,2,1,1
18277,3234,2,1,1
18278,3234,1,1,1
18279,3234,2,1,1
18280,3234,1,1,1
18281,3234,2,1,1
18282,3234,1,1,1
18283,3234,2,1,1
18284,3234,1,1,1
18285,3234,1,1,1
18286,3234,2,1,1
18287,3234,2,1,1
18288,3234,1,1,1
18289,3234,2,1,1
18290,3234,1,1,1
18291,3234,1,1,1
18292,3234,1,1,1
18293,3234,1,1,1
18294,3234,1,1,1
18295,3234,1,1,1
18296,3234,1,1,1
18297,3234,1,1,1
18298,3234,1,1,1
18299,3234,1,1,1
18300,3234,1,1,1
18301,3234,1,1,1
18302,3234,1,1,1
18303,3234,1,1,1
18304,3234,1,1,1
18305,3234,1,1,1
18306,3234,1,1,1
18307,3234,1,1,1
18308,3234,1,1,1
18309,3234,1,1,1
18310,3234,1,1,1
18311,3234,1,1,1
18312,3234,2,1,1
18313,3234,1,1,1
18314,3234,2,1,1
18315,3234,2,1,1
18316,3234,2,1,1
18317,3234,1,1,1
18318,3234,2,1,1
18319,3234,2,1,1
18320,3234,2,1,1
18321,3234,2,1,1
18322,3234,1,1,1
18323,3234,1,1,1
18324,3234,2,1,1
18325,3234,2,1,1
18326,3234,1,1,1
18327,3234,2,1,1
18328,3234,2,1,1
18329,3234,2,1,1
18330,3234,1,1,1
18331,3234,1,1,1
18332,3234,1,1,1
18333,3234,2,1,1
18334,3234,2,1,1
18335,3234,2,1,1
18336,3234,1,1,1
18337,3234,2,1,1
18338,3234,2,1,1
18339,3234,2,1,1
18340,3234,1,1,1
18341,3234,1,1,1
18342,3234,1,1,1
18343,3234,1,1,1
18344,3234,1,1,1
18345,3234,1,1,1
18346,3234,1,1,1
18347,3234,1,1,1
18348,3234,1,1,1
18349,3234,2,1,1
18350,3234,1,1,1
18351,3234,2,1,1
18352,3234,1,1,1
18353,3234,2,1,1
18354,3234,1,1,1
18355,3234,2,1,1
18356,3234,2,1,1
18357,3234,1,1,1
18358,3234,2,1,1
18359,3234,1,1,1
18360,3234,1,1,1
18361,3234,2,1,1
18362,3234,2,1,1
18363,3234,2,1,1
18364,3234,2,1,1
18365,3234,2,1,1
18366,3234,1,1,1
18367,3234,1,1,1
18368,3234,1,1,1
18369,3234,1,1,1
18370,3234,1,1,1
18371,3234,1,1,1
18372,3234,2,1,1
18373,3234,1,1,1
18374,3234,1,1,1
18375,3234,2,1,1
18376,3234,1,1,1
18377,3234,1,1,1
18378,3234,1,1,1
18379,3234,2,1,1
18380,3234,1,1,1
18381,3234,2,1,1
18382,3234,1,1,1
18383,3234,1,1,1
18384,3234,1,1,1
18385,3234,1,1,1
18386,3234,1,1,1
18387,3234,1,1,1
18388,3234,1,1,1
18389,3234,1,1,1
18390,3234,1,1,1
18391,3234,2,1,1
18392,3234,1,1,1
18393,3234,1,1,1
18394,3234,1,1,1
18395,3234,1,1,1
18396,3234,1,1,1
18397,3234,1,1,1
18398,3234,1,1,1
18399,3234,1,1,1
18400,3234,1,1,1
18401,3234,2,1,1
18402,3234,1,1,1
18403,3234,1,1,1
18404,3234,1,1,1
18405,3234,1,1,1
18406,3234,1,1,1
18407,3234,1,1,1
18408,3234,1,1,1
18409,3234,1,1,1
18410,3234,1,1,1
18411,3234,1,1,1
18412,3234,1,1,1
18413,3234,1,1,1
18414,3234,1,1,1
18415,3234,1,1,1
18416,3234,1,1,1
18417,3234,1,1,1
18418,3234,1,1,1
18419,3234,1,1,1
18420,3234,1,1,1
18421,3234,2,1,1
18422,3234,2,1,1
18423,3234,2,1,1
18424,3234,2,1,1
18425,3234,2,1,1
18426,3234,2,1,1
18427,3234,2,1,1
18428,3234,1,1,1
18429,3234,1,1,1
18430,3234,2,1,1
18431,3234,1,1,1
18432,3234,2,1,1
18433,3234,1,1,1
18434,3234,2,1,1
18435,3234,2,1,1
18436,3234,1,1,1
18437,3234,1,1,1
18438,3234,1,1,1
18439,3234,2,1,1
18440,3234,1,1,1
18441,3234,2,1,1
18442,3234,2,1,1
18443,3234,2,1,1
18444,3234,1,1,1
18445,3234,2,1,1
18446,3234,1,1,1
18447,3234,2,1,1
18448,3234,2,1,1
18449,3234,2,1,1
18450,3234,1,1,1
18451,3234,1,1,1
18452,3234,1,1,1
18453,3234,1,1,1
18454,3234,1,1,1
18455,3234,1,1,1
18456,3234,2,1,1
18457,3234,1,1,1
18458,3234,2,1,1
18459,3234,2,1,1
18460,3234,2,1,1
18461,3234,1,1,1
18462,3234,1,1,1
18463,3234,1,1,1
18464,3234,1,1,1
18465,3234,2,1,1
18466,3234,1,1,1
18467,3234,2,1,1
18468,3234,2,1,1
18469,3234,1,1,1
18470,3234,2,1,1
18471,3234,2,1,1
18472,3234,2,1,1
18473,3234,2,1,1
18474,3234,1,1,1
18475,3234,1,1,1
18476,3234,2,1,1
18477,3234,2,1,1
18478,3234,2,1,1
18479,3234,2,1,1
18480,3234,1,1,1
18481,3234,1,1,1
18482,3234,1,1,1
18483,3234,2,1,1
18484,3234,1,1,1
18485,3234,1,1,1
18486,3234,1,1,1
18487,3234,1,1,1
18488,3234,1,1,1
18489,3234,1,1,1
18490,3234,1,1,1
18491,3234,1,1,1
18492,3234,1,1,1
18493,3234,1,1,1
18494,3234,1,1,1
18495,3234,1,1,1
18496,3234,1,1,1
18497,3234,1,1,1
18498,3234,1,1,1
18499,3234,1,1,1
18500,3234,1,1,1
18501,3234,1,1,1
18502,3234,1,1,1
18503,3234,1,1,1
18504,3234,1,1,1
18505,3234,1,1,1
18506,3234,1,1,1
18507,3234,1,1,1
18508,3234,1,1,1
18509,3234,1,1,1
18510,3234,1,1,1
18511,3234,1,1,1
18512,3234,1,1,1
18513,3234,1,1,1
18514,3234,1,1,1
18515,3234,1,1,1
18516,3234,1,1,1
18517,3234,1,1,1
18518,3234,1,1,1
18519,3234,1,1,1
18520,3234,1,1,1
18521,3234,1,1,1
18522,3234,1,1,1
18523,3234,2,1,1
18524,3234,1,1,1
18525,3234,1,1,1
18526,3234,1,1,1
18527,3234,2,1,1
18528,3234,2,1,1
18529,3234,1,1,1
18530,3234,1,1,1
18531,3234,2,1,1
18532,3234,1,1,1
18533,3234,2,1,1
18534,3234,2,1,1
18535,3234,2,1,1
18536,3234,1,1,1
18537,3234,2,1,1
18538,3234,1,1,1
18539,3234,2,1,1
18540,3234,2,1,1
18541,3234,1,1,1
18542,3234,2,1,1
18543,3234,1,1,1
18544,3234,2,1,1
18545,3234,1,1,1
18546,3234,2,1,1
18547,3234,1,1,1
18548,3234,1,1,1
18549,3234,2,1,1
18550,3234,1,1,1
18551,3234,2,1,1
18552,3234,2,1,1
18553,3234,1,1,1
18554,3234,1,1,1
18555,3234,2,1,1
18556,3234,2,1,1
18557,3234,1,1,1
18558,3234,1,1,1
18559,3234,1,1,1
18560,3234,1,1,1
18561,3234,1,1,1
18562,3234,1,1,1
18563,3234,2,1,1
18564,3234,1,1,1
18565,3234,2,1,1
18566,3234,1,1,1
18567,3234,2,1,1
18568,3234,1,1,1
18569,3234,2,1,1
18570,3234,2,1,1
18571,3234,2,1,1
18572,3234,2,1,1
18573,3234,2,1,1
18574,3234,1,1,1
18575,3234,2,1,1
18576,3234,2,1,1
18577,3234,2,1,1
18578,3234,2,1,1
18579,3234,2,1,1
18580,3234,2,1,1
18581,3234,1,1,1
18582,3234,1,1,1
18583,3234,2,1,1
18584,3234,15,1,1
18585,3236,1,1,1
18586,3236,1,1,1
18587,3236,1,1,1
18588,3237,1,1,1
18589,3237,1,1,1
18590,3238,1,1,1
18591,3238,1,1,1
18592,3238,2,1,1
18593,3238,1,1,1
18594,3238,1,1,1
18595,3239,1,1,1
18596,3240,1,1,1
18597,3240,1,1,1
18598,3244,5,1,1
18599,3244,5,1,1
18600,3244,1,1,1
18601,3244,1,1,1
18602,3244,1,1,1
18603,3245,5,1,1
18604,3245,1,1,1
18605,3245,1,1,1
18606,3246,5,1,1
18607,3246,4,1,1
18608,3246,4,1,1
18609,3246,5,1,1
18610,3246,5,1,1
18611,3246,4,1,1
18612,3246,1,1,1
18613,3247,4,1,1
18614,3247,4,1,1
18615,3247,4,1,1
18616,3247,4,1,1
18617,3247,4,1,1
18618,3247,4,1,1
18619,3247,4,1,1
18620,3247,4,1,1
18621,3247,4,1,1
18622,3247,4,1,1
18623,3247,4,1,1
18624,3247,4,1,1
18625,3247,4,1,1
18626,3247,5,1,1
18627,3247,4,1,1
18628,3247,4,1,1
18629,3247,4,1,1
18630,3247,4,1,1
18631,3247,4,1,1
18632,3247,4,1,1
18633,3247,4,1,1
18634,3247,5,1,1
18635,3247,5,1,1
18636,3247,5,1,1
18637,3247,4,1,1
18638,3247,4,1,1
18639,3247,5,1,1
18640,3247,5,1,1
18641,3247,4,1,1
18642,3247,4,1,1
18643,3247,4,1,1
18644,3247,4,1,1
18645,3247,5,1,1
18646,3247,5,1,1
18647,3247,4,1,1
18648,3247,4,1,1
18649,3247,4,1,1
18650,3247,4,1,1
18651,3247,4,1,1
18652,3247,4,1,1
18653,3247,4,1,1
18654,3247,4,1,1
18655,3247,5,1,1
18656,3247,5,1,1
18657,3247,4,1,1
18658,3247,5,1,1
18659,3247,5,1,1
18660,3247,4,1,1
18661,3247,4,1,1
18662,3247,4,1,1
18663,3247,4,1,1
18664,3247,4,1,1
18665,3247,4,1,1
18666,3247,4,1,1
18667,3247,4,1,1
18668,3247,4,1,1
18669,3247,4,1,1
18670,3247,4,1,1
18671,3247,4,1,1
18672,3247,4,1,1
18673,3247,4,1,1
18674,3247,4,1,1
18675,3247,4,1,1
18676,3247,4,1,1
18677,3247,5,1,1
18678,3247,4,1,1
18679,3247,5,1,1
18680,3247,4,1,1
18681,3247,4,1,1
18682,3247,4,1,1
18683,3247,4,1,1
18684,3247,5,1,1
18685,3247,5,1,1
18686,3247,4,1,1
18687,3247,4,1,1
18688,3247,4,1,1
18689,3247,1,1,1
18690,3247,1,1,1
18691,3248,4,1,1
18692,3248,4,1,1
18693,3248,4,1,1
18694,3248,4,1,1
18695,3248,4,1,1
18696,3248,4,1,1
18697,3248,5,1,1
18698,3248,4,1,1
18699,3248,4,1,1
18700,3248,5,1,1
18701,3248,4,1,1
18702,3248,4,1,1
18703,3248,4,1,1
18704,3248,4,1,1
18705,3248,4,1,1
18706,3248,4,1,1
18707,3248,4,1,1
18708,3248,5,1,1
18709,3248,4,1,1
18710,3248,4,1,1
18711,3248,4,1,1
18712,3248,4,1,1
18713,3248,5,1,1
18714,3248,4,1,1
18715,3248,4,1,1
18716,3248,4,1,1
18717,3248,4,1,1
18718,3248,5,1,1
18719,3248,5,1,1
18720,3248,5,1,1
18721,3248,4,1,1
18722,3248,4,1,1
18723,3248,4,1,1
18724,3248,4,1,1
18725,3248,4,1,1
18726,3248,4,1,1
18727,3248,5,1,1
18728,3248,4,1,1
18729,3249,5,1,1
18730,3250,4,1,1
18731,3250,1,1,1
18732,3250,4,1,1
18733,3252,1,1,1
18734,3252,1,1,1
18735,3254,1,1,1
18736,3255,1,1,1
18737,3256,1,1,1
18738,3257,5,1,1
18739,3257,6,1,1
18740,3257,2,1,1
18741,3258,1,1,1
18742,3258,15,1,1
18743,3258,1,1,1
18744,3258,4,1,1
18745,3259,1,1,1
18746,3260,5,1,1
18747,3260,1,1,1
18748,3261,15,1,1
18749,3262,1,1,1
18750,3264,1,1,1
18751,3264,1,1,1
18752,3265,1,1,1
18753,3265,1,1,1
18754,3265,1,1,1
18755,3268,1,1,1
18756,3270,1,1,1
18757,3270,1,1,1
18758,3270,15,1,1
18759,3270,1,1,1
18760,3272,3,1,1
18761,3272,1,1,1
18762,3273,1,1,1
18763,3273,2,1,1
18764,3273,2,1,1
18765,3273,2,1,1
18766,3273,2,1,1
18767,3273,3,1,1
18768,3273,2,1,1
18769,3273,2,1,1
18770,3273,2,1,1
18771,3273,2,1,1
18772,3273,2,1,1
18773,3273,2,1,1
18774,3273,2,1,1
18775,3273,2,1,1
18776,3273,2,1,1
18777,3273,2,1,1
18778,3273,2,1,1
18779,3273,2,1,1
18780,3273,2,1,1
18781,3273,2,1,1
18782,3273,2,1,1
18783,3273,2,1,1
18784,3273,2,1,1
18785,3273,2,1,1
18786,3273,2,1,1
18787,3273,2,1,1
18788,3273,2,1,1
18789,3273,2,1,1
18790,3273,2,1,1
18791,3273,2,1,1
18792,3273,3,1,1
18793,3273,2,1,1
18794,3273,2,1,1
18795,3273,2,1,1
18796,3273,3,1,1
18797,3273,3,1,1
18798,3273,2,1,1
18799,3273,3,1,1
18800,3273,3,1,1
18801,3273,2,1,1
18802,3273,2,1,1
18803,3273,2,1,1
18804,3273,2,1,1
18805,3273,3,1,1
18806,3273,2,1,1
18807,3273,3,1,1
18808,3273,2,1,1
18809,3273,2,1,1
18810,3273,2,1,1
18811,3273,2,1,1
18812,3273,2,1,1
18813,3273,3,1,1
18814,3273,2,1,1
18815,3273,2,1,1
18816,3273,2,1,1
18817,3273,2,1,1
18818,3273,2,1,1
18819,3273,2,1,1
18820,3273,2,1,1
18821,3273,2,1,1
18822,3273,2,1,1
18823,3273,2,1,1
18824,3273,2,1,1
18825,3273,2,1,1
18826,3273,2,1,1
18827,3273,2,1,1
18828,3273,3,1,1
18829,3273,2,1,1
18830,3273,2,1,1
18831,3273,2,1,1
18832,3273,2,1,1
18833,3273,2,1,1
18834,3273,2,1,1
18835,3273,2,1,1
18836,3273,2,1,1
18837,3273,2,1,1
18838,3273,2,1,1
18839,3273,2,1,1
18840,3273,2,1,1
18841,3273,2,1,1
18842,3273,2,1,1
18843,3273,3,1,1
18844,3273,3,1,1
18845,3273,2,1,1
18846,3273,2,1,1
18847,3273,2,1,1
18848,3273,2,1,1
18849,3273,2,1,1
18850,3273,3,1,1
18851,3273,3,1,1
18852,3273,2,1,1
18853,3273,2,1,1
18854,3273,3,1,1
18855,3273,2,1,1
18856,3273,2,1,1
18857,3273,3,1,1
18858,3273,3,1,1
18859,3273,3,1,1
18860,3273,2,1,1
18861,3273,3,1,1
18862,3273,2,1,1
18863,3273,3,1,1
18864,3273,2,1,1
18865,3273,2,1,1
18866,3273,3,1,1
18867,3273,2,1,1
18868,3273,2,1,1
18869,3273,2,1,1
18870,3273,2,1,1
18871,3273,2,1,1
18872,3273,3,1,1
18873,3273,2,1,1
18874,3273,3,1,1
18875,3273,2,1,1
18876,3273,2,1,1
18877,3273,2,1,1
18878,3273,2,1,1
18879,3273,2,1,1
18880,3273,2,1,1
18881,3273,3,1,1
18882,3273,2,1,1
18883,3273,2,1,1
18884,3273,2,1,1
18885,3273,2,1,1
18886,3273,2,1,1
18887,3273,2,1,1
18888,3273,2,1,1
18889,3273,3,1,1
18890,3273,3,1,1
18891,3273,3,1,1
18892,3273,2,1,1
18893,3273,2,1,1
18894,3273,3,1,1
18895,3273,3,1,1
18896,3273,2,1,1
18897,3273,2,1,1
18898,3273,2,1,1
18899,3273,2,1,1
18900,3273,2,1,1
18901,3273,3,1,1
18902,3273,2,1,1
18903,3273,3,1,1
18904,3273,2,1,1
18905,3273,3,1,1
18906,3273,2,1,1
18907,3273,2,1,1
18908,3273,2,1,1
18909,3273,2,1,1
18910,3273,2,1,1
18911,3273,2,1,1
18912,3273,2,1,1
18913,3273,2,1,1
18914,3273,2,1,1
18915,3273,2,1,1
18916,3273,2,1,1
18917,3273,2,1,1
18918,3273,3,1,1
18919,3273,2,1,1
18920,3273,3,1,1
18921,3273,2,1,1
18922,3273,2,1,1
18923,3273,2,1,1
18924,3273,2,1,1
18925,3273,3,1,1
18926,3273,2,1,1
18927,3273,2,1,1
18928,3273,3,1,1
18929,3273,2,1,1
18930,3273,2,1,1
18931,3273,2,1,1
18932,3273,2,1,1
18933,3273,2,1,1
18934,3273,2,1,1
18935,3273,2,1,1
18936,3273,2,1,1
18937,3273,2,1,1
18938,3273,2,1,1
18939,3273,3,1,1
18940,3273,2,1,1
18941,3273,2,1,1
18942,3273,2,1,1
18943,3273,2,1,1
18944,3273,2,1,1
18945,3273,3,1,1
18946,3273,2,1,1
18947,3273,2,1,1
18948,3273,2,1,1
18949,3273,2,1,1
18950,3273,2,1,1
18951,3273,2,1,1
18952,3273,2,1,1
18953,3273,2,1,1
18954,3273,2,1,1
18955,3273,2,1,1
18956,3273,2,1,1
18957,3273,2,1,1
18958,3273,2,1,1
18959,3273,2,1,1
18960,3273,2,1,1
18961,3273,2,1,1
18962,3273,2,1,1
18963,3273,2,1,1
18964,3273,2,1,1
18965,3273,2,1,1
18966,3273,2,1,1
18967,3273,2,1,1
18968,3273,3,1,1
18969,3273,3,1,1
18970,3273,2,1,1
18971,3273,3,1,1
18972,3273,2,1,1
18973,3273,3,1,1
18974,3273,3,1,1
18975,3273,2,1,1
18976,3273,2,1,1
18977,3273,2,1,1
18978,3273,2,1,1
18979,3273,3,1,1
18980,3273,2,1,1
18981,3273,2,1,1
18982,3273,2,1,1
18983,3273,2,1,1
18984,3273,2,1,1
18985,3273,2,1,1
18986,3273,2,1,1
18987,3273,2,1,1
18988,3273,2,1,1
18989,3273,3,1,1
18990,3273,2,1,1
18991,3273,2,1,1
18992,3273,2,1,1
18993,3273,2,1,1
18994,3273,2,1,1
18995,3273,2,1,1
18996,3273,2,1,1
18997,3273,3,1,1
18998,3273,3,1,1
18999,3273,3,1,1
19000,3273,2,1,1
19001,3273,2,1,1
19002,3273,2,1,1
19003,3273,2,1,1
19004,3273,2,1,1
19005,3273,2,1,1
19006,3273,2,1,1
19007,3273,2,1,1
19008,3273,3,1,1
19009,3273,2,1,1
19010,3273,2,1,1
19011,3273,2,1,1
19012,3273,2,1,1
19013,3273,2,1,1
19014,3273,2,1,1
19015,3273,2,1,1
19016,3273,2,1,1
19017,3273,2,1,1
19018,3273,2,1,1
19019,3273,3,1,1
19020,3273,2,1,1
19021,3273,2,1,1
19022,3273,2,1,1
19023,3273,2,1,1
19024,3273,2,1,1
19025,3273,2,1,1
19026,3273,2,1,1
19027,3273,2,1,1
19028,3273,2,1,1
19029,3273,2,1,1
19030,3273,3,1,1
19031,3273,2,1,1
19032,3273,3,1,1
19033,3273,3,1,1
19034,3273,3,1,1
19035,3273,2,1,1
19036,3273,2,1,1
19037,3273,2,1,1
19038,3273,2,1,1
19039,3273,2,1,1
19040,3273,2,1,1
19041,3273,2,1,1
19042,3273,2,1,1
19043,3273,2,1,1
19044,3273,2,1,1
19045,3273,3,1,1
19046,3273,2,1,1
19047,3273,2,1,1
19048,3273,2,1,1
19049,3273,2,1,1
19050,3273,2,1,1
19051,3273,2,1,1
19052,3273,2,1,1
19053,3273,3,1,1
19054,3273,2,1,1
19055,3273,2,1,1
19056,3273,2,1,1
19057,3273,2,1,1
19058,3273,2,1,1
19059,3273,3,1,1
19060,3273,2,1,1
19061,3273,2,1,1
19062,3273,2,1,1
19063,3273,2,1,1
19064,3273,2,1,1
19065,3273,2,1,1
19066,3273,2,1,1
19067,3273,2,1,1
19068,3273,2,1,1
19069,3273,2,1,1
19070,3273,2,1,1
19071,3273,2,1,1
19072,3273,2,1,1
19073,3273,2,1,1
19074,3273,3,1,1
19075,3273,3,1,1
19076,3273,3,1,1
19077,3273,2,1,1
19078,3273,3,1,1
19079,3273,2,1,1
19080,3273,2,1,1
19081,3273,3,1,1
19082,3273,2,1,1
19083,3273,2,1,1
19084,3273,3,1,1
19085,3273,2,1,1
19086,3273,2,1,1
19087,3273,3,1,1
19088,3273,3,1,1
19089,3273,2,1,1
19090,3273,2,1,1
19091,3273,2,1,1
19092,3273,2,1,1
19093,3273,2,1,1
19094,3273,2,1,1
19095,3273,3,1,1
19096,3273,3,1,1
19097,3273,2,1,1
19098,3273,2,1,1
19099,3273,2,1,1
19100,3273,2,1,1
19101,3273,2,1,1
19102,3273,3,1,1
19103,3273,2,1,1
19104,3273,2,1,1
19105,3273,2,1,1
19106,3273,2,1,1
19107,3273,2,1,1
19108,3273,3,1,1
19109,3273,2,1,1
19110,3273,3,1,1
19111,3273,2,1,1
19112,3273,2,1,1
19113,3273,3,1,1
19114,3273,3,1,1
19115,3273,2,1,1
19116,3273,2,1,1
19117,3273,2,1,1
19118,3273,2,1,1
19119,3273,3,1,1
19120,3273,2,1,1
19121,3273,2,1,1
19122,3273,2,1,1
19123,3273,2,1,1
19124,3273,2,1,1
19125,3273,2,1,1
19126,3273,2,1,1
19127,3273,3,1,1
19128,3273,3,1,1
19129,3273,2,1,1
19130,3273,3,1,1
19131,3273,2,1,1
19132,3273,2,1,1
19133,3273,2,1,1
19134,3273,2,1,1
19135,3273,3,1,1
19136,3273,2,1,1
19137,3273,3,1,1
19138,3273,2,1,1
19139,3273,2,1,1
19140,3273,2,1,1
19141,3273,2,1,1
19142,3273,2,1,1
19143,3273,2,1,1
19144,3273,2,1,1
19145,3273,2,1,1
19146,3273,2,1,1
19147,3273,2,1,1
19148,3273,2,1,1
19149,3273,2,1,1
19150,3273,2,1,1
19151,3273,2,1,1
19152,3273,2,1,1
19153,3273,3,1,1
19154,3273,2,1,1
19155,3273,2,1,1
19156,3273,3,1,1
19157,3273,3,1,1
19158,3273,3,1,1
19159,3273,2,1,1
19160,3273,2,1,1
19161,3273,2,1,1
19162,3273,2,1,1
19163,3273,2,1,1
19164,3273,2,1,1
19165,3273,3,1,1
19166,3273,3,1,1
19167,3273,2,1,1
19168,3273,1,1,1
19169,3274,1,1,1
19170,3275,1,1,1
19171,3275,1,1,1
19172,3276,1,1,1
19173,3276,1,1,1
19174,3276,1,1,1
19175,3277,1,1,1
19176,3277,1,1,1
19177,3278,3,1,1
19178,3279,1,1,1
19179,3281,1,1,1
19180,3282,1,1,1
19181,3283,1,1,1
19182,3285,1,1,1
19183,3286,1,1,1
19184,3286,1,1,1
19185,3287,15,1,1
19186,3287,1,1,1
19187,3288,1,1,1
19188,3288,15,1,1
19189,3288,1,1,1
19190,3292,1,1,1
19191,3292,1,1,1
19192,3293,15,1,1
19193,3293,15,1,1
19194,3293,15,1,1
19195,3293,6,1,1
19196,3293,15,1,1
19197,3293,1,1,1
19198,3293,1,1,1
19199,3293,1,1,1
19200,3293,1,1,1
19201,3294,1,1,1
19202,3294,1,1,1
19203,3294,1,1,1
19204,3294,1,1,1
19205,3295,1,1,1
19206,3296,1,1,1
19207,3297,1,1,1
19208,3298,1,1,1
19209,3299,1,1,1
19210,3300,1,1,1
19211,3301,1,1,1
19212,3302,6,1,1
19213,3302,6,1,1
19214,3303,1,1,1
19215,3303,6,1,1
19216,3305,1,1,1
19217,3306,1,1,1
19218,3307,1,1,1
19219,3308,1,1,1
19220,3309,15,1,1
19221,3309,2,1,1
19222,3310,15,1,1
19223,3310,15,1,1
19224,3310,15,1,1
19225,3310,15,1,1
19226,3310,15,1,1
19227,3310,15,1,1
19228,3310,15,1,1
19229,3310,15,1,1
19230,3310,15,1,1
19231,3310,15,1,1
19232,3310,15,1,1
19233,3310,15,1,1
19234,3310,15,1,1
19235,3310,15,1,1
19236,3310,15,1,1
19237,3310,15,1,1
19238,3310,15,1,1
19239,3310,15,1,1
19240,3310,15,1,1
19241,3310,15,1,1
19242,3310,15,1,1
19243,3310,15,1,1
19244,3310,15,1,1
19245,3310,15,1,1
19246,3310,15,1,1
19247,3310,15,1,1
19248,3310,15,1,1
19249,3310,15,1,1
19250,3310,15,1,1
19251,3310,15,1,1
19252,3310,15,1,1
19253,3310,15,1,1
19254,3310,15,1,1
19255,3310,15,1,1
19256,3310,15,1,1
19257,3310,15,1,1
19258,3310,15,1,1
19259,3310,15,1,1
19260,3310,15,1,1
19261,3310,15,1,1
19262,3310,15,1,1
19263,3310,15,1,1
19264,3310,15,1,1
19265,3310,15,1,1
19266,3310,15,1,1
19267,3310,15,1,1
19268,3310,15,1,1
19269,3310,15,1,1
19270,3310,15,1,1
19271,3310,15,1,1
19272,3310,15,1,1
19273,3310,15,1,1
19274,3310,15,1,1
19275,3310,15,1,1
19276,3310,15,1,1
19277,3310,15,1,1
19278,3310,15,1,1
19279,3310,15,1,1
19280,3310,15,1,1
19281,3310,15,1,1
19282,3310,15,1,1
19283,3310,15,1,1
19284,3310,15,1,1
19285,3310,15,1,1
19286,3310,15,1,1
19287,3310,15,1,1
19288,3310,15,1,1
19289,3310,15,1,1
19290,3310,2,1,1
19291,3310,15,1,1
19292,3310,15,1,1
19293,3310,15,1,1
19294,3310,15,1,1
19295,3310,15,1,1
19296,3310,15,1,1
19297,3310,15,1,1
19298,3310,15,1,1
19299,3310,15,1,1
19300,3310,15,1,1
19301,3310,15,1,1
19302,3310,15,1,1
19303,3310,1,1,1
19304,3310,15,1,1
19305,3310,15,1,1
19306,3310,15,1,1
19307,3310,15,1,1
19308,3310,15,1,1
19309,3310,15,1,1
19310,3310,15,1,1
19311,3310,15,1,1
19312,3310,15,1,1
19313,3310,15,1,1
19314,3310,15,1,1
19315,3310,15,1,1
19316,3310,15,1,1
19317,3310,15,1,1
19318,3310,15,1,1
19319,3310,15,1,1
19320,3310,15,1,1
19321,3310,15,1,1
19322,3310,1,1,1
19323,3310,1,1,1
19324,3310,1,1,1
19325,3311,1,1,1
19326,3311,1,1,1
19327,3311,1,1,1
19328,3312,1,1,1
19329,3313,1,1,1
19330,3313,1,1,1
19331,3314,15,1,1
19332,3315,1,1,1
19333,3315,1,1,1
19334,3315,1,1,1
19335,3315,1,1,1
19336,3315,1,1,1
19337,3315,1,1,1
19338,3316,1,1,1
19339,3317,1,1,1
19340,3319,1,1,1
19341,3320,1,1,1
19342,3321,2,1,1
19343,3321,1,1,1
19344,3321,1,1,1
19345,3321,1,1,1
19346,3322,1,1,1
19347,3322,1,1,1
19348,3323,1,1,1
19349,3325,1,1,1
19350,3326,1,1,1
19351,3326,1,1,1
19352,3328,1,1,1
19353,3332,15,1,1
19354,3332,3,1,1
19355,3334,1,1,1
19356,3336,1,1,1
19357,3336,1,1,1
19358,3336,1,1,1
19359,3336,2,1,1
19360,3336,7,1,1
19361,3336,1,1,1
19362,3337,15,1,1
19363,3337,1,1,1
19364,3338,1,1,1
19365,3339,1,1,1
19366,3339,15,1,1
19367,3339,1,1,1
19368,3340,1,1,1
19369,3340,1,1,1
19370,3340,1,1,1
19371,3341,1,1,1
19372,3342,1,1,1
19373,3342,1,1,1
19374,3342,1,1,1
19375,3343,15,1,1
19376,3343,1,1,1
19377,3343,1,1,1
19378,3343,1,1,1
19379,3344,15,1,1
19380,3344,1,1,1
19381,3344,1,1,1
19382,3344,1,1,1
19383,3346,1,1,1
19384,3346,1,1,1
19385,3348,1,1,1
19386,3349,2,1,1
19387,3349,1,1,1
19388,3349,1,1,1
19389,3349,2,1,1
19390,3349,1,1,1
19391,3349,1,1,1
19392,3352,15,1,1
19393,3352,1,1,1
19394,3352,1,1,1
19395,3352,15,1,1
19396,3353,1,1,1
19397,3354,6,1,1
19398,3354,1,1,1
19399,3356,11,1,1
19400,3357,15,1,1
19401,3357,5,1,1
19402,3358,1,1,1
19403,3358,1,1,1
19404,3359,1,1,1
19405,3359,1,1,1
19406,3360,1,1,1
19407,3362,1,1,1
19408,3362,1,1,1
19409,3362,1,1,1
19410,3363,1,1,1
19411,3363,1,1,1
19412,3364,1,1,1
19413,3366,1,1,1
19414,3366,1,1,1
19415,3366,1,1,1
19416,3366,1,1,1
19417,3366,2,1,1
19418,3367,15,1,1
19419,3367,2,1,1
19420,3369,1,1,1
19421,3370,1,1,1
19422,3370,1,1,1
19423,3371,1,1,1
19424,3371,1,1,1
19425,3372,1,1,1
19426,3372,1,1,1
19427,3372,1,1,1
19428,3373,15,1,1
19429,3373,1,1,1
19430,3374,15,1,1
19431,3374,1,1,1
19432,3374,1,1,1
19433,3374,1,1,1
19434,3374,1,1,1
19435,3376,1,1,1
19436,3376,1,1,1
19437,3376,1,1,1
19438,3378,1,1,1
19439,3378,1,1,1
19440,3378,1,1,1
19441,3378,1,1,1
19442,3381,1,1,1
19443,3384,1,1,1
19444,3385,1,1,1
19445,3385,1,1,1
19446,3387,1,1,1
19447,3388,1,1,1
19448,3388,1,1,1
19449,3389,1,1,1
19450,3390,1,1,1
19451,3390,1,1,1
19452,3390,1,1,1
19453,3390,2,1,1
19454,3390,1,1,1
19455,3390,1,1,1
19456,3390,1,1,1
19457,3390,1,1,1
19458,3393,1,1,1
19459,3393,1,1,1
19460,3393,1,1,1
19461,3393,1,1,1
19462,3394,1,1,1
19463,3397,1,1,1
19464,3399,1,1,1
19465,3399,1,1,1
19466,3399,1,1,1
19467,3399,1,1,1
19468,3400,1,1,1
19469,3402,1,1,1
19470,3402,1,1,1
19471,3403,1,1,1
19472,3403,2,1,1
19473,3403,1,1,1
19474,3403,1,1,1
19475,3403,1,1,1
19476,3403,1,1,1
19477,3403,3,1,1
19478,3404,2,1,1
19479,3404,1,1,1
19480,3404,1,1,1
19481,3404,1,1,1
19482,3404,1,1,1
19483,3406,1,1,1
19484,3406,1,1,1
19485,3407,1,1,1
19486,3407,1,1,1
19487,3408,1,1,1
19488,3408,1,1,1
19489,3408,1,1,1
19490,3408,1,1,1
19491,3409,1,1,1
19492,3409,1,1,1
19493,3409,1,1,1
19494,3410,1,1,1
19495,3411,1,1,1
19496,3412,1,1,1
19497,3412,1,1,1
19498,3413,1,1,1
19499,3416,5,1,1
19500,3416,1,1,1
19501,3416,1,1,1
19502,3416,2,1,1
19503,3416,1,1,1
19504,3416,1,1,1
19505,3416,1,1,1
19506,3416,1,1,1
19507,3417,2,1,1
19508,3417,1,1,1
19509,3417,1,1,1
19510,3418,1,1,1
19511,3418,1,1,1
19512,3419,1,1,1
19513,3421,1,1,1
19514,3422,1,1,1
19515,3423,1,1,1
19516,3426,1,1,1
19517,3426,1,1,1
19518,3426,15,1,1
19519,3426,1,1,1
19520,3427,1,1,1
19521,3429,1,1,1
19522,3429,1,1,1
19523,3429,15,1,1
19524,3429,1,1,1
19525,3430,1,1,1
19526,3430,1,1,1
19527,3430,1,1,1
19528,3430,1,1,1
19529,3431,1,1,1
19530,3432,1,1,1
19531,3432,1,1,1
19532,3434,1,1,1
19533,3434,1,1,1
19534,3434,1,1,1
19535,3435,1,1,1
19536,3437,15,1,1
19537,3439,1,1,1
19538,3439,1,1,1
19539,3439,1,1,1
19540,3439,1,1,1
19541,3440,1,1,1
19542,3441,1,1,1
19543,3442,1,1,1
19544,3442,1,1,1
19545,3443,1,1,1
19546,3444,1,1,1
19547,3444,1,1,1
19548,3444,3,1,1
19549,3444,1,1,1
19550,3444,1,1,1
19551,3444,1,1,1
19552,3444,1,1,1
19553,3445,1,1,1
19554,3445,2,1,1
19555,3445,2,1,1
19556,3445,2,1,1
19557,3445,2,1,1
19558,3445,2,1,1
19559,3445,2,1,1
19560,3445,2,1,1
19561,3445,2,1,1
19562,3445,2,1,1
19563,3445,2,1,1
19564,3445,2,1,1
19565,3445,2,1,1
19566,3445,2,1,1
19567,3445,2,1,1
19568,3445,2,1,1
19569,3445,2,1,1
19570,3445,2,1,1
19571,3445,2,1,1
19572,3445,2,1,1
19573,3445,2,1,1
19574,3445,2,1,1
19575,3445,2,1,1
19576,3445,2,1,1
19577,3445,2,1,1
19578,3445,2,1,1
19579,3445,2,1,1
19580,3445,2,1,1
19581,3445,2,1,1
19582,3445,2,1,1
19583,3445,2,1,1
19584,3445,2,1,1
19585,3445,2,1,1
19586,3445,2,1,1
19587,3445,2,1,1
19588,3445,2,1,1
19589,3445,2,1,1
19590,3445,2,1,1
19591,3445,2,1,1
19592,3445,2,1,1
19593,3445,2,1,1
19594,3445,2,1,1
19595,3445,2,1,1
19596,3445,2,1,1
19597,3445,2,1,1
19598,3445,2,1,1
19599,3445,2,1,1
19600,3445,2,1,1
19601,3445,2,1,1
19602,3445,2,1,1
19603,3445,2,1,1
19604,3446,1,1,1
19605,3447,1,1,1
19606,3448,15,1,1
19607,3449,8,1,1
19608,3449,15,1,1
19609,3449,2,1,1
19610,3450,1,1,1
19611,3450,1,1,1
19612,3450,1,1,1
19613,3452,1,1,1
19614,3452,1,1,1
19615,3452,1,1,1
19616,3456,2,1,1
19617,3456,1,1,1
19618,3456,1,1,1
19619,3457,1,1,1
19620,3457,1,1,1
19621,3457,1,1,1
19622,3459,1,1,1
19623,3459,1,1,1
19624,3459,1,1,1
19625,3459,2,1,1
19626,3462,1,1,1
19627,3462,15,1,1
19628,3462,1,1,1
19629,3463,1,1,1
19630,3464,1,1,1
19631,3465,1,1,1
19632,3465,1,1,1
19633,3465,1,1,1
19634,3465,1,1,1
19635,3465,1,1,1
19636,3467,1,1,1
19637,3467,1,1,1
19638,3469,1,1,1
19639,3470,1,1,1
19640,3470,1,1,1
19641,3470,1,1,1
19642,3470,1,1,1
19643,3472,15,1,1
19644,3473,1,1,1
19645,3473,1,1,1
19646,3473,2,1,1
19647,3473,1,1,1
19648,3473,1,1,1
19649,3474,1,1,1
19650,3476,1,1,1
19651,3476,1,1,1
19652,3478,1,1,1
19653,3478,1,1,1
19654,3479,2,1,1
19655,3479,1,1,1
19656,3480,1,1,1
19657,3480,1,1,1
19658,3483,1,1,1
19659,3483,1,1,1
19660,3483,1,1,1
19661,3484,1,1,1
19662,3484,7,1,1
19663,3484,1,1,1
19664,3484,1,1,1
19665,3484,15,1,1
19666,3484,7,1,1
19667,3484,15,1,1
19668,3485,15,1,1
19669,3485,1,1,1
19670,3486,1,1,1
19671,3486,1,1,1
19672,3487,1,1,1
19673,3487,1,1,1
19674,3487,1,1,1
19675,3487,1,1,1
19676,3488,1,1,1
19677,3489,1,1,1
19678,3489,1,1,1
19679,3489,1,1,1
19680,3490,1,1,1
19681,3494,1,1,1
19682,3495,15,1,1
19683,3495,15,1,1
19684,3495,1,1,1
19685,3495,1,1,1
19686,3495,1,1,1
19687,3497,1,1,1
19688,3497,1,1,1
19689,3500,15,1,1
19690,3500,2,1,1
19691,3500,5,1,1
19692,3500,1,1,1
19693,3502,1,1,1
19694,3504,1,1,1
19695,3505,15,1,1
19696,3505,1,1,1
19697,3505,1,1,1
19698,3505,1,1,1
19699,3506,1,1,1
19700,3506,2,2,2
19701,3506,1,1,1
19702,3508,1,1,1
19703,3508,4,1,1
19704,3508,15,1,1
19705,3509,1,1,1
19706,3511,1,1,1
19707,3511,15,1,1
19708,3512,1,1,1
19709,3513,15,1,1
19710,3513,7,1,1
19711,3513,15,1,1
19712,3513,15,1,1
19713,3513,1,1,1
19714,3513,15,1,1
19715,3513,15,1,1
19716,3513,6,1,1
19717,3513,1,1,1
19718,3513,1,1,1
19719,3514,15,1,1
19720,3514,1,1,1
19721,3515,1,1,1
19722,3519,1,1,1
19723,3520,1,1,1
19724,3521,1,1,1
19725,3521,1,1,1
19726,3521,1,1,1
19727,3524,1,1,1
19728,3524,15,1,1
19729,3525,1,1,1
19730,3525,1,1,1
19731,3525,15,1,1
19732,3526,4,1,1
19733,3526,1,1,1
19734,3527,1,1,1
19735,3527,10,1,1
19736,3528,1,1,1
19737,3528,1,1,1
19738,3531,1,1,1
19739,3531,1,1,1
19740,3531,1,1,1
19741,3531,1,1,1
19742,3531,1,1,1
19743,3531,1,1,1
19744,3533,4,1,1
19745,3533,15,1,1
19746,3533,15,1,1
19747,3533,15,1,1
19748,3534,1,1,1
19749,3534,1,1,1
19750,3536,1,1,1
19751,3536,1,1,1
19752,3537,1,1,1
19753,3539,1,1,1
19754,3542,1,1,1
19755,3542,15,1,1
19756,3542,1,1,1
19757,3542,1,1,1
19758,3543,1,1,1
19759,3544,1,1,1
19760,3546,1,1,1
19761,3546,5,1,1
19762,3547,1,1,1
19763,3547,1,1,1
19764,3548,1,1,1
19765,3548,6,1,1
19766,3549,1,1,1
19767,3549,1,1,1
19768,3549,1,1,1
19769,3550,1,1,1
19770,3550,1,1,1
19771,3551,5,1,1
19772,3553,1,1,1
19773,3554,1,1,1
19774,3555,1,1,1
19775,3557,1,1,1
19776,3558,1,1,1
19777,3558,1,1,1
19778,3560,1,1,1
19779,3560,1,1,1
19780,3560,1,1,1
19781,3562,1,1,1
19782,3562,1,1,1
19783,3564,1,1,1
19784,3564,1,1,1
19785,3564,1,1,1
19786,3566,1,1,1
19787,3567,1,1,1
19788,3567,1,1,1
19789,3567,1,1,1
19790,3569,1,1,1
19791,3570,1,1,1
19792,3572,1,1,1
19793,3573,1,1,1
19794,3573,8,1,1
19795,3574,1,1,1
19796,3574,1,1,1
19797,3575,1,1,1
19798,3575,1,1,1
19799,3575,1,1,1
19800,3576,1,1,1
19801,3577,1,1,1
19802,3582,15,1,1
19803,3583,1,1,1
19804,3583,1,1,1
19805,3584,1,1,1
19806,3584,1,1,1
19807,3584,1,1,1
19808,3584,1,1,1
19809,3585,1,1,1
19810,3586,1,1,1
19811,3586,1,1,1
19812,3586,1,1,1
19813,3587,1,1,1
19814,3590,1,1,1
19815,3590,1,1,1
19816,3590,1,1,1
19817,3590,1,1,1
19818,3590,1,1,1
19819,3593,1,1,1
19820,3593,1,1,1
19821,3594,15,1,1
19822,3595,14,1,1
19823,3596,1,1,1
19824,3598,1,1,1
19825,3601,15,1,1
19826,3602,1,1,1
19827,3602,1,1,1
19828,3604,1,1,1
19829,3604,1,1,1
19830,3604,1,1,1
19831,3604,1,1,1
19832,3604,15,1,1
19833,3604,1,1,1
19834,3605,14,1,1
19835,3607,1,1,1
19836,3607,1,1,1
19837,3607,1,1,1
19838,3607,1,1,1
19839,3608,1,1,1
19840,3608,14,1,1
19841,3609,1,1,1
19842,3609,1,1,1
19843,3609,1,1,1
19844,3609,1,1,1
19845,3609,1,1,1
19846,3612,1,1,1
19847,3614,1,1,1
19848,3614,15,1,1
19849,3614,1,1,1
19850,3615,1,1,1
19851,3615,1,1,1
19852,3616,1,1,1
19853,3617,1,1,1
19854,3619,1,1,1
19855,3619,1,1,1
19856,3619,15,1,1
19857,3619,1,1,1
19858,3620,1,1,1
19859,3622,1,1,1
19860,3624,1,1,1
19861,3624,7,1,1
19862,3624,1,1,1
19863,3625,2,1,1
19864,3625,15,1,1
19865,3625,15,1,1
19866,3625,1,1,1
19867,3626,1,1,1
19868,3626,15,1,1
19869,3627,1,1,1
19870,3627,1,1,1
19871,3628,1,1,1
19872,3628,1,1,1
19873,3629,1,1,1
19874,3629,1,1,1
19875,3630,1,1,1
19876,3631,1,1,1
19877,3633,1,1,1
19878,3635,1,1,1
19879,3635,1,1,1
19880,3635,1,1,1
19881,3637,1,1,1
19882,3637,1,1,1
19883,3637,15,1,1
19884,3637,15,1,1
19885,3637,15,1,1
19886,3637,15,1,1
19887,3637,15,1,1
19888,3637,15,1,1
19889,3637,15,1,1
19890,3637,15,1,1
19891,3637,15,1,1
19892,3637,15,1,1
19893,3637,15,1,1
19894,3637,15,1,1
19895,3637,15,1,1
19896,3637,15,1,1
19897,3637,15,1,1
19898,3637,15,1,1
19899,3637,15,1,1
19900,3637,15,1,1
19901,3637,15,1,1
19902,3637,15,1,1
19903,3637,15,1,1
19904,3637,15,1,1
19905,3637,15,1,1
19906,3637,15,1,1
19907,3637,15,1,1
19908,3637,15,1,1
19909,3637,15,1,1
19910,3637,15,1,1
19911,3637,15,1,1
19912,3637,15,1,1
19913,3637,15,1,1
19914,3637,15,1,1
19915,3637,15,1,1
19916,3637,15,1,1
19917,3637,15,1,1
19918,3637,15,1,1
19919,3637,15,1,1
19920,3637,15,1,1
19921,3637,15,1,1
19922,3637,15,1,1
19923,3637,15,1,1
19924,3637,15,1,1
19925,3637,15,1,1
19926,3637,15,1,1
19927,3637,15,1,1
19928,3638,1,1,1
19929,3639,1,1,1
19930,3640,15,1,1
19931,3643,1,1,1
19932,3643,1,1,1
19933,3644,1,1,1
19934,3644,5,1,1
19935,3645,15,1,1
19936,3646,1,1,1
19937,3646,1,1,1
19938,3647,1,1,1
19939,3649,1,1,1
19940,3650,1,1,1
19941,3650,15,1,1
19942,3653,1,1,1
19943,3653,1,1,1
19944,3653,1,1,1
19945,3653,1,1,1
19946,3653,15,1,1
19947,3654,6,1,1
19948,3654,1,1,1
19949,3656,1,1,1
19950,3656,1,1,1
19951,3656,1,1,1
19952,3657,1,1,1
19953,3657,1,1,1
19954,3658,1,1,1
19955,3658,9,1,1
19956,3659,1,1,1
19957,3661,1,1,1
19958,3661,1,1,1
19959,3661,15,1,1
19960,3663,1,1,1
19961,3664,15,1,1
19962,3664,1,1,1
19963,3664,1,1,1
19964,3664,1,1,1
19965,3665,1,1,1
19966,3665,7,1,1
19967,3665,1,1,1
19968,3665,1,1,1
19969,3666,6,1,1
19970,3666,6,1,1
19971,3666,1,1,1
19972,3667,15,1,1
19973,3669,1,1,1
19974,3673,1,1,1
19975,3673,1,1,1
19976,3673,11,1,1
19977,3673,10,1,1
19978,3674,1,1,1
19979,3675,11,1,1
19980,3675,11,1,1
19981,3675,11,1,1
19982,3675,11,1,1
19983,3675,11,1,1
19984,3675,6,1,1
19985,3675,6,1,1
19986,3675,3,1,1
19987,3675,3,1,1
19988,3675,3,1,1
19989,3675,3,1,1
19990,3675,3,1,1
19991,3675,3,1,1
19992,3675,3,1,1
19993,3675,5,1,1
19994,3675,3,1,1
19995,3675,4,1,1
19996,3675,4,1,1
19997,3675,3,1,1
19998,3675,3,1,1
19999,3675,4,1,1
