timestamp,hour_of_day,day_of_week,is_weekend,service_type,active_users,previous_hour_cpu,network_utilization,memory_usage,cpu_load,svc_Compute,svc_Database,svc_Media,svc_Web
2024-01-01 00:00:00,0,0,0,Web,100000,20.0,0.938195178865494,2.205813390021647,2.3431211487192942,0,0,0,1
2024-01-01 00:00:00,0,0,0,Database,150000,20.0,3.1439962583236865,0.291628538699257,0.0,0,1,0,0
2024-01-01 00:00:00,0,0,0,Media,200000,20.0,2.2753975270215716,3.080148419439686,4.037565974239372,0,0,1,0
2024-01-01 00:00:00,0,0,0,Compute,250000,20.0,2.8457380887758412,3.468185627986821,4.786527774675641,1,0,0,0
2024-01-01 01:00:00,1,0,0,Web,100000,2.3431211487192942,5.877149505563709,0.0,0.0,0,0,0,1
2024-01-01 01:00:00,1,0,0,Database,150000,0.0,3.930582460189154,0.0,0.0,0,1,0,0
2024-01-01 01:00:00,1,0,0,Media,200000,4.037565974239372,0.40756514910405606,2.146232230480928,2.1697335963218563,0,0,1,0
2024-01-01 01:00:00,1,0,0,Compute,250000,4.786527774675641,0.9727717166329466,1.5829746648846268,1.0161058484712537,1,0,0,0
2024-01-01 02:00:00,2,0,0,Web,100000,0.0,0.07444741211506639,1.7235360341335668,1.3785664369431339,0,0,0,1
2024-01-01 02:00:00,2,0,0,Database,150000,0.0,2.58317572232294,0.5720388066996303,0.0,0,1,0,0
2024-01-01 02:00:00,2,0,0,Media,200000,2.1697335963218563,2.6622378641906854,3.2735685880242427,4.424406311408486,0,0,1,0
2024-01-01 02:00:00,2,0,0,Compute,250000,1.0161058484712537,2.357419745889045,3.224026456543423,4.2982094317888455,1,0,0,0
2024-01-01 03:00:00,3,0,0,Web,100000,1.3785664369431339,0.22213603228584813,1.8477838167318241,1.6270620021396485,0,0,0,1
2024-01-01 03:00:00,3,0,0,Database,150000,0.0,3.4057675605062987,3.5424665085120495,4.989314769042099,0,1,0,0
2024-01-01 03:00:00,3,0,0,Media,200000,4.424406311408486,1.426571966358337,2.6557356391080686,3.188740413576137,0,0,1,0
2024-01-01 03:00:00,3,0,0,Compute,250000,4.2982094317888455,2.6019213282519145,0.7683998590751429,0.0,1,0,0,0
2024-01-01 04:00:00,4,0,0,Web,100000,1.6270620021396485,1.1302962918496966,2.3018639465137483,2.5352222617034967,0,0,0,1
2024-01-01 04:00:00,4,0,0,Database,150000,4.989314769042099,2.9006917420891964,0.413280796816502,0.0,0,1,0,0
2024-01-01 04:00:00,4,0,0,Media,200000,3.188740413576137,2.6593948435240176,3.272147077690909,4.421563290741818,0,0,1,0
2024-01-01 04:00:00,4,0,0,Compute,250000,0.0,0.17382167256095868,1.9824496869206207,1.8150558925432416,1,0,0,0
2024-01-01 05:00:00,5,0,0,Web,100000,2.5352222617034967,0.5786310302379817,1.4714442250721091,0.8743828188202185,0,0,0,1
2024-01-01 05:00:00,5,0,0,Database,150000,0.0,2.066832572814024,0.8302103814540882,0.0,0,1,0,0
2024-01-01 05:00:00,5,0,0,Media,200000,4.421563290741818,3.6916679556242906,3.7882836337410453,5.453836402842091,0,0,1,0
2024-01-01 05:00:00,5,0,0,Compute,250000,1.8150558925432416,0.48763238580860646,1.8255443302967969,1.5012451792955939,1,0,0,0
2024-01-01 06:00:00,6,0,0,Web,100000,0.8743828188202185,1.3090274060915217,1.1062460371453393,0.14398644296667862,0,0,0,1
2024-01-01 06:00:00,6,0,0,Database,150000,0.0,1.080444591066889,1.3234043723276558,0.5511904966733112,0,1,0,0
2024-01-01 06:00:00,6,0,0,Media,200000,5.453836402842091,1.6209714962622461,2.752935404060023,3.383139943480046,0,0,1,0
2024-01-01 06:00:00,6,0,0,Compute,250000,1.5012451792955939,1.120376132694435,2.6055046499461176,3.061165818594235,1,0,0,0
2024-01-01 07:00:00,7,0,0,Web,100000,0.14398644296667862,1.2622417743901653,2.3678366877839827,2.667167744243965,0,0,0,1
2024-01-01 07:00:00,7,0,0,Database,150000,0.5511904966733112,1.3165069486258483,2.4978362025718246,2.900054157161648,0,1,0,0
2024-01-01 07:00:00,7,0,0,Media,200000,3.383139943480046,6.448986742213584,5.166943027035692,8.211155189431384,0,0,1,0
2024-01-01 07:00:00,7,0,0,Compute,250000,3.061165818594235,1.2432889887560468,1.4477160288230768,0.7455885763481536,1,0,0,0
2024-01-01 08:00:00,8,0,0,Web,100000,2.667167744243965,1.560772126816812,0.980373676782694,0.0,0,0,0,1
2024-01-01 08:00:00,8,0,0,Database,150000,2.900054157161648,2.465362124345833,0.6309456056881837,0.0,0,1,0,0
2024-01-01 08:00:00,8,0,0,Media,200000,8.211155189431384,1.871982207328687,2.8784407595932437,3.6341506545464872,0,0,1,0
2024-01-01 08:00:00,8,0,0,Compute,250000,0.7455885763481536,3.4109608177648747,3.7507969924813374,5.351750503664675,1,0,0,0
2024-01-01 09:00:00,9,0,0,Web,100000,0.0,0.36588631256682524,1.5778165839076874,1.087127536491375,0,0,0,1
2024-01-01 09:00:00,9,0,0,Database,150000,0.0,2.544513370489784,0.5913699826162082,0.0,0,1,0,0
2024-01-01 09:00:00,9,0,0,Media,200000,3.6341506545464872,2.4974875866759185,0.7177498021931408,0.0,0,0,1,0
2024-01-01 09:00:00,9,0,0,Compute,250000,5.351750503664675,1.9758223030763034,3.033227735137052,3.9166119889761033,1,0,0,0
2024-01-01 10:00:00,10,0,0,Web,100000,1.087127536491375,2.2538064532125266,2.8636190271951634,3.658732423066327,0,0,0,1
2024-01-01 10:00:00,10,0,0,Database,150000,0.0,1.6535067445177851,2.6663361005177926,3.237053953053585,0,1,0,0
2024-01-01 10:00:00,10,0,0,Media,200000,0.0,2.0205730614682826,0.9562070647969587,0.0,0,0,1,0
2024-01-01 10:00:00,10,0,0,Compute,250000,3.9166119889761033,0.7205279088023593,2.4055805380000796,2.6613175947021595,1,0,0,0
2024-01-01 11:00:00,11,0,0,Web,100000,3.658732423066327,0.3741013670243847,1.9237664841010924,1.7790273368781848,0,0,0,1
2024-01-01 11:00:00,11,0,0,Database,150000,3.237053953053585,0.6801097297892388,2.1796375931535197,2.263656938325039,0,1,0,0
2024-01-01 11:00:00,11,0,0,Media,200000,0.0,2.6383302734467695,3.261614792652285,4.40049872066457,0,0,1,0
2024-01-01 11:00:00,11,0,0,Compute,250000,2.6613175947021595,0.6948305859262468,2.3927318765620234,2.6356202718260473,1,0,0,0
2024-01-01 12:00:00,12,0,0,Web,100000,1.7790273368781848,2.0607846288178844,2.7671081149978423,3.4657105986716847,0,0,0,1
2024-01-01 12:00:00,12,0,0,Database,150000,2.263656938325039,0.22678114806887437,1.9529733022933375,1.8103283566046744,0,1,0,0
2024-01-01 12:00:00,12,0,0,Media,200000,4.40049872066457,0.8914021356721524,2.3881507237649764,2.6535705828899525,0,0,1,0
2024-01-01 12:00:00,12,0,0,Compute,250000,2.6356202718260473,1.9179086171178212,3.0042708921578107,3.858698303017621,1,0,0,0
2024-01-01 13:00:00,13,0,0,Web,100000,3.4657105986716847,4.3955113991692,0.0,0.0,0,0,0,1
2024-01-01 13:00:00,13,0,0,Database,150000,1.8103283566046744,0.983057588674104,1.3720978735240483,0.6485774990660961,0,1,0,0
2024-01-01 13:00:00,13,0,0,Media,200000,2.6535705828899525,1.4351619024805866,1.2489126442908067,0.37509442394161363,0,0,1,0
2024-01-01 13:00:00,13,0,0,Compute,250000,3.858698303017621,1.9406774843322259,1.0990217810349874,0.04820008077197446,1,0,0,0
2024-01-01 14:00:00,14,0,0,Web,100000,0.0,0.8494706932822512,1.3360243935499745,0.603543155775949,0,0,0,1
2024-01-01 14:00:00,14,0,0,Database,150000,0.6485774990660961,4.508867873305388,4.094016664911594,6.092415081841188,0,1,0,0
2024-01-01 14:00:00,14,0,0,Media,200000,0.37509442394161363,2.6215372866819293,0.6557249521901354,0.0,0,0,1,0
2024-01-01 14:00:00,14,0,0,Compute,250000,0.04820008077197446,2.9288790033766423,3.509756085287221,4.869668689276443,1,0,0,0
2024-01-01 15:00:00,15,0,0,Web,100000,0.603543155775949,5.072653254449615,0.0,0.0,0,0,0,1
2024-01-01 15:00:00,15,0,0,Database,150000,6.092415081841188,1.0286990295595246,1.349277153081338,0.6029360581806755,0,1,0,0
2024-01-01 15:00:00,15,0,0,Media,200000,0.0,0.5123031349172168,2.1986012233875085,2.2744715821350168,0,0,1,0
2024-01-01 15:00:00,15,0,0,Compute,250000,4.869668689276443,1.7827109336800346,2.9366720504389177,3.723500619579835,1,0,0,0
2024-01-01 16:00:00,16,0,0,Web,100000,0.0,2.157723678980765,2.8155776400792822,3.562649648834565,0,0,0,1
2024-01-01 16:00:00,16,0,0,Database,150000,0.6029360581806755,2.4040856452019757,3.041625550859888,3.987632853737776,0,1,0,0
2024-01-01 16:00:00,16,0,0,Media,200000,2.2744715821350168,1.0702191563475127,1.4313840173573438,0.7400371700746875,0,0,1,0
2024-01-01 16:00:00,16,0,0,Compute,250000,3.723500619579835,1.4110993175959015,1.3638108644031495,0.5777782475082989,1,0,0,0
2024-01-01 17:00:00,17,0,0,Web,100000,3.562649648834565,2.597971583373661,3.0357015922757307,4.002897553227461,0,0,0,1
2024-01-01 17:00:00,17,0,0,Database,150000,3.987632853737776,0.5979569142470447,1.5646482107375779,1.0336781734931555,0,1,0,0
2024-01-01 17:00:00,17,0,0,Media,200000,0.7400371700746875,3.8511029096159652,0.040942140723117415,0.0,0,0,1,0
2024-01-01 17:00:00,17,0,0,Compute,250000,0.5777782475082989,3.4239055816126416,0.3574077323947793,0.0,1,0,0,0
2024-01-01 18:00:00,18,0,0,Web,100000,4.002897553227461,2.7824007976070337,0.36955934138758306,0.0,0,0,0,1
2024-01-01 18:00:00,18,0,0,Database,150000,1.0336781734931555,1.5155261717634922,2.5973458141406462,3.0990733802992922,0,1,0,0
2024-01-01 18:00:00,18,0,0,Media,200000,0.0,0.45132114781389576,2.168110229835848,2.213489595031696,0,0,1,0
2024-01-01 18:00:00,18,0,0,Compute,250000,0.0,2.0955000018055046,3.0930665845016527,4.036289687705305,1,0,0,0
2024-01-01 19:00:00,19,0,0,Web,100000,0.0,1.3058018786118029,1.1078588008851986,0.14721197044639744,0,0,0,1
2024-01-01 19:00:00,19,0,0,Database,150000,3.0990733802992922,0.4996630128323427,2.0894142346750715,2.0832102213681427,0,1,0,0
2024-01-01 19:00:00,19,0,0,Media,200000,2.213489595031696,1.9008151215042102,2.892857216681005,3.6629835687220105,0,0,1,0
2024-01-01 19:00:00,19,0,0,Compute,250000,4.036289687705305,0.9520835587629152,1.5933187438196426,1.036794006341285,1,0,0,0
2024-01-01 20:00:00,20,0,0,Web,100000,0.14721197044639744,1.3943696522744344,2.433900626726117,2.7992956221282346,0,0,0,1
2024-01-01 20:00:00,20,0,0,Database,150000,2.0832102213681427,2.0098217628021535,0.8587157864600234,0.0,0,1,0,0
2024-01-01 20:00:00,20,0,0,Media,200000,3.6629835687220105,1.1132054792974155,1.4098908558823924,0.6970508471247847,0,0,1,0
2024-01-01 20:00:00,20,0,0,Compute,250000,1.036794006341285,1.1692576215971873,1.4847317124025066,0.8196199435070131,1,0,0,0
2024-01-01 21:00:00,21,0,0,Web,100000,2.7992956221282346,3.611562876369319,0.0,0.0,0,0,0,1
2024-01-01 21:00:00,21,0,0,Database,150000,0.0,1.4849613819589456,2.582063419238373,3.0685085904947456,0,1,0,0
2024-01-01 21:00:00,21,0,0,Media,200000,0.6970508471247847,1.4322509602103717,1.2503681154259143,0.37800536621182856,0,0,1,0
2024-01-01 21:00:00,21,0,0,Compute,250000,0.8196199435070131,0.06152629578526229,2.0760797314915314,2.0023159816850624,1,0,0,0
2024-01-01 22:00:00,22,0,0,Web,100000,0.0,1.466283916319927,2.4698577587488635,2.871209886173727,0,0,0,1
2024-01-01 22:00:00,22,0,0,Database,150000,3.0685085904947456,1.3636374676920322,2.521401462104916,2.947184676227832,0,1,0,0
2024-01-01 22:00:00,22,0,0,Media,200000,0.37800536621182856,2.020199266520559,2.9525492891891796,3.782367713738359,0,0,1,0
2024-01-01 22:00:00,22,0,0,Compute,250000,2.0023159816850624,0.31950039313047085,1.9096103266358648,1.6693771719737294,1,0,0,0
2024-01-01 23:00:00,23,0,0,Web,100000,2.871209886173727,1.2939388757346613,1.1137903023237694,0.15907497332353904,0,0,0,1
2024-01-01 23:00:00,23,0,0,Database,150000,2.947184676227832,0.26319857232139715,1.7320273817004017,1.368436515418803,0,1,0,0
2024-01-01 23:00:00,23,0,0,Media,200000,3.782367713738359,5.086047241476289,0.0,0.0,0,0,1,0
2024-01-01 23:00:00,23,0,0,Compute,250000,1.6693771719737294,4.365381356871462,0.0,0.0,1,0,0,0
2024-01-02 00:00:00,0,1,0,Web,100000,0.15907497332353904,3.992142776665407,0.0,0.0,0,0,0,1
2024-01-02 00:00:00,0,1,0,Database,150000,1.368436515418803,3.0157844224066452,0.3557344566577776,0.0,0,1,0,0
2024-01-02 00:00:00,0,1,0,Media,200000,0.0,1.22336661977251,2.554132965815155,2.98553506699031,0,0,1,0
2024-01-02 00:00:00,0,1,0,Compute,250000,0.0,2.7404811056823823,0.6991199703599089,0.0,1,0,0,0
2024-01-02 01:00:00,1,1,0,Web,100000,0.0,1.1585316017203693,1.1814939393309154,0.294482247337831,0,0,0,1
2024-01-02 01:00:00,1,1,0,Database,150000,0.0,3.921728832960396,3.800447144739098,5.505276041496196,0,1,0,0
2024-01-02 01:00:00,1,1,0,Media,200000,2.98553506699031,1.0928358527864779,1.4200756691378613,0.7174204736357224,0,0,1,0
2024-01-02 01:00:00,1,1,0,Compute,250000,0.0,2.2365906450034596,3.16361190610063,4.17738033090326,1,0,0,0
2024-01-02 02:00:00,2,1,0,Web,100000,0.294482247337831,2.824896979631831,0.3483112503751844,0.0,0,0,0,1
2024-01-02 02:00:00,2,1,0,Database,150000,5.505276041496196,0.6403566132050901,1.5434483612585552,0.99127847453511,0,1,0,0
2024-01-02 02:00:00,2,1,0,Media,200000,0.7174204736357224,2.8741101043339436,0.5294385433641282,0.0,0,0,1,0
2024-01-02 02:00:00,2,1,0,Compute,250000,4.17738033090326,1.0411431673038876,1.5487889395491563,0.9477343978003128,1,0,0,0
2024-01-02 03:00:00,3,1,0,Web,100000,0.0,2.5449683519743864,3.0091999765760935,3.949894321828187,0,0,0,1
2024-01-02 03:00:00,3,1,0,Database,150000,0.99127847453511,5.206005209179247,0.0,0.0,0,1,0,0
2024-01-02 03:00:00,3,1,0,Media,200000,0.0,1.3273148702397721,2.606107091048786,3.089483317457572,0,0,1,0
2024-01-02 03:00:00,3,1,0,Compute,250000,0.9477343978003128,0.7372507465990337,2.413941956898417,2.678040432498834,1,0,0,0
2024-01-02 04:00:00,4,1,0,Web,100000,3.949894321828187,1.8064938066925833,0.8575128368448084,0.0,0,0,0,1
2024-01-02 04:00:00,4,1,0,Database,150000,0.0,4.362217502767564,0.0,0.0,0,1,0,0
2024-01-02 04:00:00,4,1,0,Media,200000,3.089483317457572,0.24043246274380856,2.0626658873008044,2.002600909961609,0,0,1,0
2024-01-02 04:00:00,4,1,0,Compute,250000,2.678040432498834,1.6125220667936073,1.2630994898042966,0.376355498310593,1,0,0,0
2024-01-02 05:00:00,5,1,0,Web,100000,0.0,0.7220725736663118,2.097752087422056,2.126998543520112,0,0,0,1
2024-01-02 05:00:00,5,1,0,Database,150000,0.0,0.08960037617252864,1.8843829163451646,1.6731475847083288,0,1,0,0
2024-01-02 05:00:00,5,1,0,Media,200000,2.002600909961609,4.829380613564947,4.357139962711374,6.5915490607827465,0,0,1,0
2024-01-02 05:00:00,5,1,0,Compute,250000,0.376355498310593,0.7421108220212728,1.6983051121904638,1.2467667430829275,1,0,0,0
2024-01-02 06:00:00,6,1,0,Web,100000,2.126998543520112,3.0945364174677947,0.21349153145720257,0.0,0,0,0,1
2024-01-02 06:00:00,6,1,0,Database,150000,1.6731475847083288,0.5618708444711484,2.1205181504944743,2.1454180530069484,0,1,0,0
2024-01-02 06:00:00,6,1,0,Media,200000,6.5915490607827465,0.6840339915174954,2.284466651687648,2.4462024387352956,0,0,1,0
2024-01-02 06:00:00,6,1,0,Compute,250000,1.2467667430829275,4.1016066653235095,4.096119916260655,6.042396351223309,1,0,0,0
2024-01-02 07:00:00,7,1,0,Web,100000,0.0,2.5293776773459355,3.001404639261868,3.934303647199736,0,0,0,1
2024-01-02 07:00:00,7,1,0,Database,150000,2.1454180530069484,1.0946571170507282,2.3869112867842643,2.6782043255865284,0,1,0,0
2024-01-02 07:00:00,7,1,0,Media,200000,2.4462024387352956,4.413952613260886,4.149425962559343,6.176121060478685,0,0,1,0
2024-01-02 07:00:00,7,1,0,Compute,250000,6.042396351223309,3.5903331025707526,0.2741939719157238,0.0,1,0,0,0
2024-01-02 08:00:00,8,1,0,Web,100000,3.934303647199736,1.9432985378514431,0.7891104712653785,0.0,0,0,0,1
2024-01-02 08:00:00,8,1,0,Database,150000,2.6782043255865284,2.8037717638187747,0.46174078595171286,0.0,0,1,0,0
2024-01-02 08:00:00,8,1,0,Media,200000,6.176121060478685,1.193473349069504,1.3697569209963483,0.6167829773526963,0,0,1,0
2024-01-02 08:00:00,8,1,0,Compute,250000,0.0,4.154102382271127,0.0,0.0,1,0,0,0
2024-01-02 09:00:00,9,1,0,Web,100000,0.0,1.929496780045413,2.7014641906116066,3.334422749899213,0,0,0,1
2024-01-02 09:00:00,9,1,0,Database,150000,0.0,0.6907120308985201,1.5182706524118403,0.94092305684168,0,1,0,0
2024-01-02 09:00:00,9,1,0,Media,200000,0.6167829773526963,4.4364628231101735,0.0,0.0,0,0,1,0
2024-01-02 09:00:00,9,1,0,Compute,250000,0.0,3.0707811832248244,0.5339699315886879,0.0,1,0,0,0
2024-01-02 10:00:00,10,1,0,Web,100000,3.334422749899213,0.9645854819527858,2.2190085415652927,2.369511451806586,0,0,0,1
2024-01-02 10:00:00,10,1,0,Database,150000,0.94092305684168,2.538423643285343,3.108794549901572,4.1219708518211435,0,1,0,0
2024-01-02 10:00:00,10,1,0,Media,200000,0.0,6.01423661467756,4.94956796326768,7.7764050618953595,0,0,1,0
2024-01-02 10:00:00,10,1,0,Compute,250000,0.0,8.765631337624187,6.428132252410994,10.706421023523989,1,0,0,0
2024-01-02 11:00:00,11,1,0,Web,100000,2.369511451806586,1.2672722394301892,2.3703519203039947,2.672198209283989,0,0,0,1
2024-01-02 11:00:00,11,1,0,Database,150000,4.1219708518211435,2.9926582996977924,0.367297518012204,0.0,0,1,0,0
2024-01-02 11:00:00,11,1,0,Media,200000,7.7764050618953595,6.420182781796128,0.0,0.0,0,0,1,0
2024-01-02 11:00:00,11,1,0,Compute,250000,10.706421023523989,0.8271783266337074,2.458905746915754,2.7679680125335078,1,0,0,0
2024-01-02 12:00:00,12,1,0,Web,100000,2.672198209283989,2.4628672255331776,0.5293261274245111,0.0,0,0,0,1
2024-01-02 12:00:00,12,1,0,Database,150000,0.0,1.270115720141256,1.2285688077904724,0.3615193675989441,0,1,0,0
2024-01-02 12:00:00,12,1,0,Media,200000,0.0,1.8603343367816243,1.0363264271402879,0.0,0,0,1,0
2024-01-02 12:00:00,12,1,0,Compute,250000,2.7679680125335078,0.44641659885135576,1.8461522237754222,1.5424609662528446,1,0,0,0
2024-01-02 13:00:00,13,1,0,Web,100000,0.0,3.2219846319651304,3.3477081165714653,4.626910601818931,0,0,0,1
2024-01-02 13:00:00,13,1,0,Database,150000,0.3615193675989441,0.4951896419382339,2.0871775492280173,2.078736850474034,0,1,0,0
2024-01-02 13:00:00,13,1,0,Media,200000,0.0,0.4999484507182649,1.7165193701719677,1.3103078757039353,0,0,1,0
2024-01-02 13:00:00,13,1,0,Compute,250000,1.5424609662528446,3.131005198079635,0.5038579241612826,0.0,1,0,0,0
2024-01-02 14:00:00,14,1,0,Web,100000,4.626910601818931,5.048092773715271,0.0,0.0,0,0,0,1
2024-01-02 14:00:00,14,1,0,Database,150000,2.078736850474034,1.4829676668221927,1.122142834450004,0.14866742091800744,0,1,0,0
2024-01-02 14:00:00,14,1,0,Media,200000,1.3103078757039353,0.18539159205716146,1.8737977995025195,1.6248647343650386,0,0,1,0
2024-01-02 14:00:00,14,1,0,Compute,250000,0.0,5.32783368034185,4.709233423769825,7.268623366241649,1,0,0,0
2024-01-02 15:00:00,15,1,0,Web,100000,0.0,0.4148675040208575,1.9441495525993289,1.8197934738746577,0,0,0,1
2024-01-02 15:00:00,15,1,0,Database,150000,0.14866742091800744,2.9722624726713724,3.325713964594587,4.5558096812071724,0,1,0,0
2024-01-02 15:00:00,15,1,0,Media,200000,1.6248647343650386,1.5219307352196563,1.205528227921272,0.288325591202544,0,0,1,0
2024-01-02 15:00:00,15,1,0,Compute,250000,7.268623366241649,3.5788752388532736,0.27992290377446327,0.0,1,0,0,0
2024-01-02 16:00:00,16,1,0,Web,100000,1.8197934738746577,2.9193942262993153,0.30106262704144227,0.0,0,0,0,1
2024-01-02 16:00:00,16,1,0,Database,150000,4.5558096812071724,2.1997221332094594,0.7637656012563705,0.0,0,1,0,0
2024-01-02 16:00:00,16,1,0,Media,200000,0.288325591202544,6.409453136907694,5.147176224382747,8.171621584125495,0,0,1,0
2024-01-02 16:00:00,16,1,0,Compute,250000,0.0,2.4882039772753584,0.8252585345634209,0.0,1,0,0,0
2024-01-02 17:00:00,17,1,0,Web,100000,0.0,2.5395115508112345,3.0064715759945173,3.944437520665035,0,0,0,1
2024-01-02 17:00:00,17,1,0,Database,150000,0.0,2.732825473863279,0.49721393092946076,0.0,0,1,0,0
2024-01-02 17:00:00,17,1,0,Media,200000,8.171621584125495,2.818762978224932,3.3518311450413663,4.580931425442732,0,0,1,0
2024-01-02 17:00:00,17,1,0,Compute,250000,0.0,1.1788968379197895,2.6347650025587948,3.1196865238195897,1,0,0,0
2024-01-02 18:00:00,18,1,0,Web,100000,3.944437520665035,0.4939576325764712,1.5137809239028643,0.959056216481729,0,0,0,1
2024-01-02 18:00:00,18,1,0,Database,150000,0.0,0.14633151800850208,1.7904609088568493,1.485303569731698,0,1,0,0
2024-01-02 18:00:00,18,1,0,Media,200000,4.580931425442732,1.9884070258903714,0.9722900825859144,0.0,0,0,1,0
2024-01-02 18:00:00,18,1,0,Compute,250000,3.1196865238195897,1.3622605440484417,2.726446855623121,3.3030502299482416,1,0,0,0
2024-01-02 19:00:00,19,1,0,Web,100000,0.959056216481729,1.3889943806245402,1.06626254987883,0.06401946843366013,0,0,0,1
2024-01-02 19:00:00,19,1,0,Database,150000,1.485303569731698,3.700861230903944,0.013196052409128134,0.0,0,1,0,0
2024-01-02 19:00:00,19,1,0,Media,200000,0.0,3.857856662561058,0.03756526425057105,0.0,0,0,1,0
2024-01-02 19:00:00,19,1,0,Compute,250000,3.3030502299482416,0.5418076927685584,2.3162204299831792,2.4825973786683586,1,0,0,0
2024-01-02 20:00:00,20,1,0,Web,100000,0.06401946843366013,4.761317708833505,4.117374655005652,6.166243678687305,0,0,0,1
2024-01-02 20:00:00,20,1,0,Database,150000,0.0,0.5040187803225147,2.0915921184201576,2.087565988858315,0,1,0,0
2024-01-02 20:00:00,20,1,0,Media,200000,0.0,0.37995891793184766,1.7765141365651762,1.4302974084903526,0,0,1,0
2024-01-02 20:00:00,20,1,0,Compute,250000,2.4825973786683586,0.8815223584098286,2.4860777628038147,2.822312044309629,1,0,0,0
2024-01-02 21:00:00,21,1,0,Web,100000,6.166243678687305,3.942049164722674,3.707740382950237,5.346975134576475,0,0,0,1
2024-01-02 21:00:00,21,1,0,Database,150000,2.087565988858315,0.6821914436937689,2.180678450105785,2.265738652229569,0,1,0,0
2024-01-02 21:00:00,21,1,0,Media,200000,1.4302974084903526,1.2568256321034117,1.3380807794793943,0.5534306943187886,0,0,1,0
2024-01-02 21:00:00,21,1,0,Compute,250000,2.822312044309629,3.3429100697818663,3.716771618489833,5.283699755681667,1,0,0,0
2024-01-02 22:00:00,22,1,0,Web,100000,5.346975134576475,1.3103132549870404,2.3918724280824204,2.7152392248408406,0,0,0,1
2024-01-02 22:00:00,22,1,0,Database,150000,2.265738652229569,4.631311915590176,4.1552386860539885,6.214859124125976,0,1,0,0
2024-01-02 22:00:00,22,1,0,Media,200000,0.5534306943187886,0.5737472512679184,2.229323281562859,2.3359156984857186,0,0,1,0
2024-01-02 22:00:00,22,1,0,Compute,250000,5.283699755681667,3.697451034763701,0.22063500581924966,0.0,1,0,0,0
2024-01-02 23:00:00,23,1,0,Web,100000,2.7152392248408406,4.1285215373391955,0.0,0.0,0,0,0,1
2024-01-02 23:00:00,23,1,0,Database,150000,6.214859124125976,4.976827736295949,4.327996596406875,6.560374944831748,0,1,0,0
2024-01-02 23:00:00,23,1,0,Media,200000,2.3359156984857186,5.195041101952092,4.539970206904946,6.9572095491698915,0,0,1,0
2024-01-02 23:00:00,23,1,0,Compute,250000,0.0,0.5626015794500019,1.7880597334760993,1.4262759856541982,1,0,0,0
2024-01-03 00:00:00,0,2,0,Web,100000,0.0,1.1736059030101633,1.1739567886860183,0.279407946048037,0,0,0,1
2024-01-03 00:00:00,0,2,0,Database,150000,6.560374944831748,4.408376816328807,4.043771136423303,5.991924024864606,0,1,0,0
2024-01-03 00:00:00,0,2,0,Media,200000,6.9572095491698915,3.345180985732664,0.29390310266476805,0.0,0,0,1,0
2024-01-03 00:00:00,0,2,0,Compute,250000,1.4262759856541982,2.708224996469679,0.7152480249662605,0.0,1,0,0,0
2024-01-03 01:00:00,1,2,0,Web,100000,0.279407946048037,1.9540243236693333,2.7137279624235666,3.3589502935231335,0,0,0,1
2024-01-03 01:00:00,1,2,0,Database,150000,5.991924024864606,1.207859308180969,1.2596970137706158,0.4237757795592312,0,1,0,0
2024-01-03 01:00:00,1,2,0,Media,200000,0.0,0.03940953976241389,1.946788825649893,1.7708467866597863,0,0,1,0
2024-01-03 01:00:00,1,2,0,Compute,250000,0.0,0.5143726351757377,1.8121742056132313,1.4745049299284625,1,0,0,0
2024-01-03 02:00:00,2,2,0,Web,100000,3.3589502935231335,1.0367675859990009,2.2550995935884,2.441693555852801,0,0,0,1
2024-01-03 02:00:00,2,2,0,Database,150000,0.4237757795592312,4.24648952354335,3.962827490030575,5.83003673207915,0,1,0,0
2024-01-03 02:00:00,2,2,0,Media,200000,1.7708467866597863,0.2957986603074366,2.0903489860826183,2.057967107525237,0,0,1,0
2024-01-03 02:00:00,2,2,0,Compute,250000,1.4745049299284625,1.9558603194327737,3.023246743315287,3.8966500053325737,1,0,0,0
2024-01-03 03:00:00,3,2,0,Web,100000,2.441693555852801,6.174560242695268,0.0,0.0,0,0,0,1
2024-01-03 03:00:00,3,2,0,Database,150000,5.83003673207915,0.17019914539255385,1.7785270951648233,1.4614359423476462,0,1,0,0
2024-01-03 03:00:00,3,2,0,Media,200000,2.057967107525237,2.5537347504808134,0.6896262202906933,0.0,0,0,1,0
2024-01-03 03:00:00,3,2,0,Compute,250000,3.8966500053325737,3.680483120873084,0.229118962764558,0.0,1,0,0,0
2024-01-03 04:00:00,4,2,0,Web,100000,0.0,2.6585010403884524,0.43150921999687375,0.0,0,0,0,1
2024-01-03 04:00:00,4,2,0,Database,150000,1.4614359423476462,1.0264142617046363,1.3504195370087821,0.6052208260355638,0,1,0,0
2024-01-03 04:00:00,4,2,0,Media,200000,0.0,2.7717515666702393,3.32832543926402,4.533920013888039,0,0,1,0
2024-01-03 04:00:00,4,2,0,Compute,250000,0.0,4.003222092820892,0.06774947679065413,0.0,1,0,0,0
2024-01-03 05:00:00,5,2,0,Web,100000,0.0,0.11593841738545234,1.7946850092816262,1.5208643872392527,0,0,0,1
2024-01-03 05:00:00,5,2,0,Database,150000,0.6052208260355638,1.4765522396029356,1.1253505480596324,0.15508284813726458,0,1,0,0
2024-01-03 05:00:00,5,2,0,Media,200000,4.533920013888039,1.0070632226880827,1.462961984187059,0.8031931037341176,0,0,1,0
2024-01-03 05:00:00,5,2,0,Compute,250000,0.0,3.032317415516012,3.5614752913569063,4.973107101415812,1,0,0,0
2024-01-03 06:00:00,6,2,0,Web,100000,1.5208643872392527,1.6383902506139782,2.555910925895889,3.043316220467778,0,0,0,1
2024-01-03 06:00:00,6,2,0,Database,150000,0.15508284813726458,4.036238261930431,3.8577018592241155,5.619785470466231,0,1,0,0
2024-01-03 06:00:00,6,2,0,Media,200000,0.8031931037341176,0.4875609773519014,1.7227131068551493,1.3226953490702988,0,0,1,0
2024-01-03 06:00:00,6,2,0,Compute,250000,4.973107101415812,2.111871774614309,1.0134246358939456,0.0,1,0,0,0
2024-01-03 07:00:00,7,2,0,Web,100000,3.043316220467778,0.6956203902436985,1.4129495450692509,0.7573934588145017,0,0,0,1
2024-01-03 07:00:00,7,2,0,Database,150000,5.619785470466231,0.7515343134158647,2.2153498849668325,2.3350815219516647,0,1,0,0
2024-01-03 07:00:00,7,2,0,Media,200000,1.3226953490702988,0.553764014963333,2.219331663410567,2.3159324621811335,0,0,1,0
2024-01-03 07:00:00,7,2,0,Compute,250000,0.0,3.2772081563022994,0.43075644504995036,0.0,1,0,0,0
2024-01-03 08:00:00,8,2,0,Web,100000,0.7573934588145017,0.2955132844858226,1.8844724428318114,1.700439254339623,0,0,0,1
2024-01-03 08:00:00,8,2,0,Database,150000,2.3350815219516647,0.7087289300189153,2.193947193268358,2.2922761385547155,0,1,0,0
2024-01-03 08:00:00,8,2,0,Media,200000,2.3159324621811335,7.576466052203961,5.7306826820308805,9.338634499421762,0,0,1,0
2024-01-03 08:00:00,8,2,0,Compute,250000,0.0,5.654577773447211,4.8726054703225055,7.595367459347011,1,0,0,0
2024-01-03 09:00:00,9,2,0,Web,100000,1.700439254339623,2.58377399127866,0.46887274455176997,0.0,0,0,0,1
2024-01-03 09:00:00,9,2,0,Database,150000,2.2922761385547155,0.8861940242497283,1.4205296557362361,0.7454410634904718,0,1,0,0
2024-01-03 09:00:00,9,2,0,Media,200000,9.338634499421762,4.41436994511321,0.0,0.0,0,0,1,0
2024-01-03 09:00:00,9,2,0,Compute,250000,7.595367459347011,1.7961649814926595,1.1712780324547705,0.19271258361154087,1,0,0,0
2024-01-03 10:00:00,10,2,0,Web,100000,0.0,0.9708589503732215,2.2221452757755107,2.3757849202270216,0,0,0,1
2024-01-03 10:00:00,10,2,0,Database,150000,0.7454410634904718,3.6416048022669005,3.660385129392351,5.2251520108027005,0,1,0,0
2024-01-03 10:00:00,10,2,0,Media,200000,0.0,2.2112954528330255,0.8608458691145873,0.0,0,0,1,0
2024-01-03 10:00:00,10,2,0,Compute,250000,0.19271258361154087,1.9864832598055897,1.0761188932983052,0.0023943052986106217,1,0,0,0
2024-01-03 11:00:00,11,2,0,Web,100000,2.3757849202270216,6.465911028818165,0.0,0.0,0,0,0,1
2024-01-03 11:00:00,11,2,0,Database,150000,5.2251520108027005,0.5120417012369229,1.6076058172426388,1.119593386503277,0,1,0,0
2024-01-03 11:00:00,11,2,0,Media,200000,0.0,3.2112871751808894,0.36085000794065536,0.0,0,0,1,0
2024-01-03 11:00:00,11,2,0,Compute,250000,0.0023943052986106217,1.6123622217004214,1.2631794123508895,0.3765153434037789,1,0,0,0
2024-01-03 12:00:00,12,2,0,Web,100000,0.0,2.6546262741049644,0.4334466031386177,0.0,0,0,0,1
2024-01-03 12:00:00,12,2,0,Database,150000,1.119593386503277,0.30683160235987095,1.7102108666811648,1.324803485380329,0,1,0,0
2024-01-03 12:00:00,12,2,0,Media,200000,0.0,5.297229113672095,0.0,0.0,0,0,1,0
2024-01-03 12:00:00,12,2,0,Compute,250000,0.3765153434037789,4.425179675775172,0.0,0.0,1,0,0,0
2024-01-03 13:00:00,13,2,0,Web,100000,0.0,6.4117852756870946,4.942608438432448,7.816711245540894,0,0,0,1
2024-01-03 13:00:00,13,2,0,Database,150000,1.324803485380329,3.886311683424293,0.0,0.0,0,1,0,0
2024-01-03 13:00:00,13,2,0,Media,200000,0.0,3.314400674966119,0.30929325804804053,0.0,0,0,1,0
2024-01-03 13:00:00,13,2,0,Compute,250000,0.0,5.534784524566143,4.812708845881971,7.475574210465942,1,0,0,0
2024-01-03 14:00:00,14,2,0,Web,100000,7.816711245540894,8.73924544732342,6.10633852425061,10.14417141717722,0,0,0,1
2024-01-03 14:00:00,14,2,0,Database,150000,0.0,3.538743826078225,0.09425475482198764,0.0,0,1,0,0
2024-01-03 14:00:00,14,2,0,Media,200000,0.0,1.1287908099662918,1.4020981905479544,0.6814655164559085,0,0,1,0
2024-01-03 14:00:00,14,2,0,Compute,250000,7.475574210465942,1.0487105924237288,2.5696718798107643,2.989500278323529,1,0,0,0
2024-01-03 15:00:00,15,2,0,Web,100000,10.14417141717722,5.210136872818977,4.341784236998389,6.615062842672778,0,0,0,1
2024-01-03 15:00:00,15,2,0,Database,150000,0.0,2.9846151748869123,0.37131908041764405,0.0,0,1,0,0
2024-01-03 15:00:00,15,2,0,Media,200000,0.6814655164559085,0.7598774774285292,1.5865548568168355,1.050378848993671,0,0,1,0
2024-01-03 15:00:00,15,2,0,Compute,250000,2.989500278323529,2.3560566677874317,3.223344917492616,4.296846353687232,1,0,0,0
2024-01-03 16:00:00,16,2,0,Web,100000,6.615062842672778,1.328342163002056,2.400886882089928,2.733268132855856,0,0,0,1
2024-01-03 16:00:00,16,2,0,Database,150000,0.0,1.1525121532924978,1.2873705912148514,0.4791229344477024,0,1,0,0
2024-01-03 16:00:00,16,2,0,Media,200000,1.050378848993671,0.4255128331503234,1.7537371789559384,1.3847434932718767,0,0,1,0
2024-01-03 16:00:00,16,2,0,Compute,250000,4.296846353687232,4.1487313647121455,0.0,0.0,1,0,0,0
2024-01-03 17:00:00,17,2,0,Web,100000,2.733268132855856,0.7385651715261957,1.391477154428002,0.7144486775320045,0,0,0,1
2024-01-03 17:00:00,17,2,0,Database,150000,0.4791229344477024,0.8232064096290653,1.4520234630465676,0.8084286781111347,0,1,0,0
2024-01-03 17:00:00,17,2,0,Media,200000,1.3847434932718767,0.7205536084809678,2.302726460169384,2.482722055698768,0,0,1,0
2024-01-03 17:00:00,17,2,0,Compute,250000,0.0,1.6900255960592483,1.224347725171476,0.29885196904495204,1,0,0,0
2024-01-03 18:00:00,18,2,0,Web,100000,0.7144486775320045,1.4386595072376172,2.4560455542077086,2.843585477091417,0,0,0,1
2024-01-03 18:00:00,18,2,0,Database,150000,0.8084286781111347,3.0621913930616853,3.3706784247897428,4.645738601597485,0,1,0,0
2024-01-03 18:00:00,18,2,0,Media,200000,2.482722055698768,0.49033192260759806,2.1876156172326993,2.2525003698253983,0,0,1,0
2024-01-03 18:00:00,18,2,0,Compute,250000,0.29885196904495204,1.0793131647998104,2.5849731659988056,3.020102850699611,1,0,0,0
2024-01-03 19:00:00,19,2,0,Web,100000,2.843585477091417,0.1835099823358021,1.828470791756801,1.5884359521896023,0,0,0,1
2024-01-03 19:00:00,19,2,0,Database,150000,4.645738601597485,0.02429711887644254,1.8517312876971215,1.6078443274122427,0,1,0,0
2024-01-03 19:00:00,19,2,0,Media,200000,2.2525003698253983,2.188718040230742,0.872134575415729,0.0,0,0,1,0
2024-01-03 19:00:00,19,2,0,Compute,250000,3.020102850699611,0.9735267246221241,2.5320799459099623,2.9143164105219244,1,0,0,0
2024-01-03 20:00:00,20,2,0,Web,100000,1.5884359521896023,0.3159037348426684,1.6028078727697659,1.1371101142155318,0,0,0,1
2024-01-03 20:00:00,20,2,0,Database,150000,1.6078443274122427,6.303548866393984,4.991357161455892,7.887096074929784,0,1,0,0
2024-01-03 20:00:00,20,2,0,Media,200000,0.0,4.744108647027928,4.314503979442864,6.5062770942457275,0,0,1,0
2024-01-03 20:00:00,20,2,0,Compute,250000,2.9143164105219244,1.1815835972717024,2.6361083822347515,3.1223732831715028,1,0,0,0
2024-01-03 21:00:00,21,2,0,Web,100000,1.1371101142155318,2.3132155686865024,0.6041519558478488,0.0,0,0,0,1
2024-01-03 21:00:00,21,2,0,Database,150000,7.887096074929784,3.3612783555524537,0.18298749008487336,0.0,0,1,0,0
2024-01-03 21:00:00,21,2,0,Media,200000,6.5062770942457275,3.5974727988687953,3.741186055363298,5.359641246086595,0,0,1,0
2024-01-03 21:00:00,21,2,0,Compute,250000,3.1223732831715028,0.8122916150436155,2.451462391120708,2.753081300943416,1,0,0,0
2024-01-03 22:00:00,22,2,0,Web,100000,0.0,1.4644741497770326,2.468952875477416,2.869400119630833,0,0,0,1
2024-01-03 22:00:00,22,2,0,Database,150000,0.0,5.257801900524778,0.0,0.0,0,1,0,0
2024-01-03 22:00:00,22,2,0,Media,200000,5.359641246086595,2.806359384276742,3.345629348067271,4.568527831494542,0,0,1,0
2024-01-03 22:00:00,22,2,0,Compute,250000,2.753081300943416,1.3873049542452889,2.7389690607215447,3.328094640145089,1,0,0,0
2024-01-03 23:00:00,23,2,0,Web,100000,2.869400119630833,3.355335992845634,0.08309174376828299,0.0,0,0,0,1
2024-01-03 23:00:00,23,2,0,Database,150000,0.0,1.438618361952047,1.1443174868850767,0.1930167257881532,0,1,0,0
2024-01-03 23:00:00,23,2,0,Media,200000,4.568527831494542,0.8151955526717587,2.3500474322647795,2.5773639998895588,0,0,1,0
2024-01-03 23:00:00,23,2,0,Compute,250000,3.328094640145089,0.18144433467093088,2.1360387509343655,2.122234020570731,1,0,0,0
2024-01-04 00:00:00,0,3,0,Web,100000,0.0,0.900557497012865,1.3104809916846674,0.5524563520453352,0,0,0,1
2024-01-04 00:00:00,0,3,0,Database,150000,0.1930167257881532,0.33450874380008255,1.696372295961059,1.2971263439401175,0,1,0,0
2024-01-04 00:00:00,0,3,0,Media,200000,2.5773639998895588,0.7799760742228561,1.576505558419672,1.030280252199344,0,0,1,0
2024-01-04 00:00:00,0,3,0,Compute,250000,2.122234020570731,0.48173147590960574,2.286182321553703,2.422521161809406,1,0,0,0
2024-01-04 01:00:00,1,3,0,Web,100000,0.5524563520453352,4.438519858581672,3.955975729879736,5.843445828435472,0,0,0,1
2024-01-04 01:00:00,1,3,0,Database,150000,1.2971263439401175,7.7240192623960935,0.0,0.0,0,1,0,0
2024-01-04 01:00:00,1,3,0,Media,200000,1.030280252199344,0.7345947331312527,1.5991962289654738,1.0756615932909475,0,0,1,0
2024-01-04 01:00:00,1,3,0,Compute,250000,2.422521161809406,0.5535812037195409,2.3221071854586706,2.4943708896193413,1,0,0,0
2024-01-04 02:00:00,2,3,0,Web,100000,5.843445828435472,0.9120259086634984,2.1927287549206493,2.3169518785172984,0,0,0,1
2024-01-04 02:00:00,2,3,0,Database,150000,0.0,1.1397876835660696,1.2937328260780654,0.49184740417413053,0,1,0,0
2024-01-04 02:00:00,2,3,0,Media,200000,1.0756615932909475,5.2942092870379485,0.0,0.0,0,0,1,0
2024-01-04 02:00:00,2,3,0,Compute,250000,2.4943708896193413,1.008030390744529,2.5493317789711645,2.948820076644329,1,0,0,0
2024-01-04 03:00:00,3,3,0,Web,100000,2.3169518785172984,5.206094582094756,4.339763091636278,6.611020551948556,0,0,0,1
2024-01-04 03:00:00,3,3,0,Database,150000,0.49184740417413053,4.625628154350613,0.0,0.0,0,1,0,0
2024-01-04 03:00:00,3,3,0,Media,200000,0.0,2.615527980696765,3.250213646277283,4.377696427914565,0,0,1,0
2024-01-04 03:00:00,3,3,0,Compute,250000,2.948820076644329,1.0096196089708818,1.5645507187156593,0.9792579561333186,1,0,0,0
2024-01-04 04:00:00,4,3,0,Web,100000,6.611020551948556,0.2080169770887419,1.656751251646729,1.2449968719694584,0,0,0,1
2024-01-04 04:00:00,4,3,0,Database,150000,0.0,3.1827394717140467,0.27225693200407686,0.0,0,1,0,0
2024-01-04 04:00:00,4,3,0,Media,200000,4.377696427914565,1.0274124566698302,1.452787367196185,0.7828438697523701,0,0,1,0
2024-01-04 04:00:00,4,3,0,Compute,250000,0.9792579561333186,3.9241777236990756,4.007405445448438,5.864967409598876,1,0,0,0
2024-01-04 05:00:00,5,3,0,Web,100000,1.2449968719694584,1.772009665565321,2.6227206333715607,3.176935635419121,0,0,0,1
2024-01-04 05:00:00,5,3,0,Database,150000,0.0,5.220978755832033,4.450072106174916,6.804525964367833,0,1,0,0
2024-01-04 05:00:00,5,3,0,Media,200000,0.7828438697523701,3.556279606535281,3.7205894591965407,5.318448053753081,0,0,1,0
2024-01-04 05:00:00,5,3,0,Compute,250000,5.864967409598876,1.3413039763909287,2.7159685717943645,3.2820936622907286,1,0,0,0
2024-01-04 06:00:00,6,3,0,Web,100000,3.176935635419121,5.255847518105576,4.364639559641688,6.660773487959377,0,0,0,1
2024-01-04 06:00:00,6,3,0,Database,150000,6.804525964367833,1.3410234158170964,2.5100944361674484,2.9245706243528966,0,1,0,0
2024-01-04 06:00:00,6,3,0,Media,200000,5.318448053753081,2.5080084699933765,3.1964538909255884,4.2701769172111765,0,0,1,0
2024-01-04 06:00:00,6,3,0,Compute,250000,3.2820936622907286,0.9137568002063251,1.6124821230979376,1.0751207648978751,1,0,0,0
2024-01-04 07:00:00,7,3,0,Web,100000,6.660773487959377,0.22368138717981448,1.8485564941788073,1.6286073570336148,0,0,0,1
2024-01-04 07:00:00,7,3,0,Database,150000,2.9245706243528966,2.1163154095030303,0.805468963109585,0.0,0,1,0,0
2024-01-04 07:00:00,7,3,0,Media,200000,4.2701769172111765,2.992795743386759,3.4388475276222796,4.754964190604559,0,0,1,0
2024-01-04 07:00:00,7,3,0,Compute,250000,1.0751207648978751,3.5589548089467966,0.2898831187277018,0.0,1,0,0,0
2024-01-04 08:00:00,8,3,0,Web,100000,1.6286073570336148,2.3710949668551837,2.922263284016492,3.776020936708984,0,0,0,1
2024-01-04 08:00:00,8,3,0,Database,150000,0.0,0.5959971121176784,1.565628111802261,1.0356379756225218,0,1,0,0
2024-01-04 08:00:00,8,3,0,Media,200000,4.754964190604559,3.537785220004158,3.711342265930979,5.299953667221958,0,0,1,0
2024-01-04 08:00:00,8,3,0,Compute,250000,0.0,2.276650905795979,3.18364203649689,4.217440591695779,1,0,0,0
2024-01-04 09:00:00,9,3,0,Web,100000,3.776020936708984,5.485982412542605,4.4797070068602025,6.890908382396406,0,0,0,1
2024-01-04 09:00:00,9,3,0,Database,150000,1.0356379756225218,2.2163680130181342,2.9477667347679675,3.7999152215539347,0,1,0,0
2024-01-04 09:00:00,9,3,0,Media,200000,5.299953667221958,4.740164706561923,0.0,0.0,0,0,1,0
2024-01-04 09:00:00,9,3,0,Compute,250000,4.217440591695779,0.2249034582968025,1.956908794052699,1.7639741068073977,1,0,0,0
2024-01-04 10:00:00,10,3,0,Web,100000,6.890908382396406,3.5400655173866475,0.0,0.0,0,0,0,1
2024-01-04 10:00:00,10,3,0,Database,150000,3.7999152215539347,1.578883466701024,1.0741849345105883,0.05275162103917608,0,1,0,0
2024-01-04 10:00:00,10,3,0,Media,200000,0.0,4.557729239432365,4.221314275645082,6.319897686650164,0,0,1,0
2024-01-04 10:00:00,10,3,0,Compute,250000,1.7639741068073977,1.936645372295288,3.013639269746544,3.877435058195088,1,0,0,0
2024-01-04 11:00:00,11,3,0,Web,100000,0.0,2.1208352253384386,0.7003421275218806,0.0,0,0,0,1
2024-01-04 11:00:00,11,3,0,Database,150000,0.05275162103917608,3.0651960389233968,0.3310286483994018,0.0,0,1,0,0
2024-01-04 11:00:00,11,3,0,Media,200000,6.319897686650164,0.12239021823098237,2.0036447650443914,1.8845586654487825,0,0,1,0
2024-01-04 11:00:00,11,3,0,Compute,250000,3.877435058195088,3.673724387745583,0.2324983293283085,0.0,1,0,0,0
2024-01-04 12:00:00,12,3,0,Web,100000,0.0,2.037464771791943,0.7420273542951283,0.0,0,0,0,1
2024-01-04 12:00:00,12,3,0,Database,150000,0.0,0.9600723542559316,2.319618905386866,2.543619562791732,0,1,0,0
2024-01-04 12:00:00,12,3,0,Media,200000,1.8845586654487825,3.4899800479222884,3.687439679890044,5.252148495140089,0,0,1,0
2024-01-04 12:00:00,12,3,0,Compute,250000,0.0,1.8503283562755193,2.9704807617366598,3.7911180421753192,1,0,0,0
2024-01-04 13:00:00,13,3,0,Web,100000,0.0,6.897912465396501,0.0,0.0,0,0,0,1
2024-01-04 13:00:00,13,3,0,Database,150000,2.543619562791732,0.9371441266929793,2.30815479160539,2.520691335228779,0,1,0,0
2024-01-04 13:00:00,13,3,0,Media,200000,5.252148495140089,0.24014465929993375,2.062521985578867,2.0023131065177338,0,0,1,0
2024-01-04 13:00:00,13,3,0,Compute,250000,3.7911180421753192,1.2657147957202792,2.6781739814590395,3.2065044816200796,1,0,0,0
2024-01-04 14:00:00,14,3,0,Web,100000,0.0,4.872672984555822,4.173052292866811,6.277598954409623,0,0,0,1
2024-01-04 14:00:00,14,3,0,Database,150000,2.520691335228779,6.213758770016429,0.0,0.0,0,1,0,0
2024-01-04 14:00:00,14,3,0,Media,200000,2.0023131065177338,1.7973542151755169,1.0678164879433418,0.01290211124668339,0,0,1,0
2024-01-04 14:00:00,14,3,0,Compute,250000,3.2065044816200796,1.796762907982264,2.943698037590032,3.7375525938820644,1,0,0,0
2024-01-04 15:00:00,15,3,0,Web,100000,6.277598954409623,4.768827137964027,0.0,0.0,0,0,0,1
2024-01-04 15:00:00,15,3,0,Database,150000,0.0,4.451891083762727,4.0655282701402635,6.035438292298527,0,1,0,0
2024-01-04 15:00:00,15,3,0,Media,200000,0.01290211124668339,1.1291137777041753,2.507006544780988,2.8912822249219756,0,0,1,0
2024-01-04 15:00:00,15,3,0,Compute,250000,3.7375525938820644,2.5637958971324117,3.3272145321651063,4.504585583032212,1,0,0,0
2024-01-04 16:00:00,16,3,0,Web,100000,0.0,1.7368749241675838,0.8923222781073081,0.0,0,0,0,1
2024-01-04 16:00:00,16,3,0,Database,150000,6.035438292298527,2.4653350095008313,3.072250233009316,4.048882218036631,0,1,0,0
2024-01-04 16:00:00,16,3,0,Media,200000,2.8912822249219756,3.2294586075693146,3.5571789597135575,4.991627054787115,0,0,1,0
2024-01-04 16:00:00,16,3,0,Compute,250000,4.504585583032212,0.7226780000137051,2.406655583605753,2.6634676859135054,1,0,0,0
2024-01-04 17:00:00,17,3,0,Web,100000,0.0,0.7272466176982878,2.100339109438044,2.132172587552088,0,0,0,1
2024-01-04 17:00:00,17,3,0,Database,150000,4.048882218036631,0.8350736574473776,2.2571195569825893,2.418620865983178,0,1,0,0
2024-01-04 17:00:00,17,3,0,Media,200000,4.991627054787115,2.6140797338203448,0.6594537286209277,0.0,0,0,1,0
2024-01-04 17:00:00,17,3,0,Compute,250000,2.6634676859135054,0.46662998032325875,1.8360455330394707,1.5222475847809416,1,0,0,0
2024-01-04 18:00:00,18,3,0,Web,100000,2.132172587552088,0.4816115369592764,1.5199539717114618,0.9714023120989238,0,0,0,1
2024-01-04 18:00:00,18,3,0,Database,150000,2.418620865983178,1.1742255326626854,2.426695494590243,2.7577727411984854,0,1,0,0
2024-01-04 18:00:00,18,3,0,Media,200000,0.0,3.0235166803330835,3.454207996095442,4.785685127550884,0,0,1,0
2024-01-04 18:00:00,18,3,0,Compute,250000,1.5222475847809416,3.199652185537428,0.4695344304323861,0.0,1,0,0,0
2024-01-04 19:00:00,19,3,0,Web,100000,0.9714023120989238,0.39907103056093285,1.5612242249106336,1.0539428184972675,0,0,0,1
2024-01-04 19:00:00,19,3,0,Database,150000,2.7577727411984854,4.4684105825791205,4.07378801954846,6.05195779111492,0,1,0,0
2024-01-04 19:00:00,19,3,0,Media,200000,4.785685127550884,2.254808626039892,0.839089282511154,0.0,0,0,1,0
2024-01-04 19:00:00,19,3,0,Compute,250000,0.0,2.490793991473161,0.8239635274645196,0.0,1,0,0,0
2024-01-04 20:00:00,20,3,0,Web,100000,1.0539428184972675,0.6309625150957807,2.0521970581367905,2.035888484949581,0,0,0,1
2024-01-04 20:00:00,20,3,0,Database,150000,6.05195779111492,2.5571995110581605,3.1181824837879804,4.1407467195939605,0,1,0,0
2024-01-04 20:00:00,20,3,0,Media,200000,0.0,0.05832210628417799,1.9716107090709891,1.8204905535019782,0,0,1,0
2024-01-04 20:00:00,20,3,0,Compute,250000,0.0,4.010925710913168,4.050779439055484,5.9517153968129675,1,0,0,0
2024-01-04 21:00:00,21,3,0,Web,100000,2.035888484949581,2.5944258873017803,3.03392874423979,3.9993518571555806,0,0,0,1
2024-01-04 21:00:00,21,3,0,Database,150000,4.1407467195939605,2.5495041402723855,3.114334798395093,4.133051348808186,0,1,0,0
2024-01-04 21:00:00,21,3,0,Media,200000,1.8204905535019782,1.6863934435744798,2.78564637771614,3.4485618907922797,0,0,1,0
2024-01-04 21:00:00,21,3,0,Compute,250000,5.9517153968129675,7.007003240640455,5.548818203919128,8.947792926540256,1,0,0,0
2024-01-04 22:00:00,22,3,0,Web,100000,3.9993518571555806,0.6395290062003326,1.4409952370909336,0.8134848428578676,0,0,0,1
2024-01-04 22:00:00,22,3,0,Database,150000,4.133051348808186,6.034610815801742,0.0,0.0,0,1,0,0
2024-01-04 22:00:00,22,3,0,Media,200000,3.4485618907922797,4.836807024153623,4.360853168005711,6.598975471371423,0,0,1,0
2024-01-04 22:00:00,22,3,0,Compute,250000,8.947792926540256,1.397142232472677,1.3707894069647617,0.5917353326315233,1,0,0,0
2024-01-04 23:00:00,23,3,0,Web,100000,0.8134848428578676,0.3476852726312991,1.9105584369045496,1.7526112424850995,0,0,0,1
2024-01-04 23:00:00,23,3,0,Database,150000,0.0,3.9526959941837805,3.815930725350791,5.5362432027195805,0,1,0,0
2024-01-04 23:00:00,23,3,0,Media,200000,6.598975471371423,4.830822562778976,0.0,0.0,0,0,1,0
2024-01-04 23:00:00,23,3,0,Compute,250000,0.5917353326315233,3.7789855819206184,0.1798677322407909,0.0,1,0,0,0
2024-01-05 00:00:00,0,4,0,Web,100000,1.7526112424850995,4.827877750958762,0.0,0.0,0,0,0,1
2024-01-05 00:00:00,0,4,0,Database,150000,5.5362432027195805,2.406452809678471,0.6604002630218646,0.0,0,1,0,0
2024-01-05 00:00:00,0,4,0,Media,200000,0.0,1.3429537576531807,2.6139265347554903,3.105122204870981,0,0,1,0
2024-01-05 00:00:00,0,4,0,Compute,250000,0.0,1.596607468040513,2.8436203176191563,3.5373971539403133,1,0,0,0
2024-01-05 01:00:00,1,4,0,Web,100000,0.0,0.8528664775878613,2.1631490393828305,2.2577924474416617,0,0,0,1
2024-01-05 01:00:00,1,4,0,Database,150000,0.0,4.2623415912792995,0.0,0.0,0,1,0,0
2024-01-05 01:00:00,1,4,0,Media,200000,3.105122204870981,6.954354249500132,0.0,0.0,0,0,1,0
2024-01-05 01:00:00,1,4,0,Compute,250000,3.5373971539403133,0.1871046957733468,2.1388689314855736,2.127894381673147,1,0,0,0
2024-01-05 02:00:00,2,4,0,Web,100000,2.2577924474416617,1.4393720405172072,1.0410737199324964,0.013641808540993061,0,0,0,1
2024-01-05 02:00:00,2,4,0,Database,150000,0.0,1.4022012547520355,2.540683355634918,2.9857484632878357,0,1,0,0
2024-01-05 02:00:00,2,4,0,Media,200000,0.0,2.1299048182660103,3.007402065061905,3.892073265483811,0,0,1,0
2024-01-05 02:00:00,2,4,0,Compute,250000,2.127894381673147,0.43876823577824575,2.264700701488023,2.379557921678046,1,0,0,0
2024-01-05 03:00:00,3,4,0,Web,100000,0.013641808540993061,2.3044431957297613,2.8889373984537805,3.7093691655835617,0,0,0,1
2024-01-05 03:00:00,3,4,0,Database,150000,2.9857484632878357,0.7116780619474052,2.195421759232603,2.2952252704832055,0,1,0,0
2024-01-05 03:00:00,3,4,0,Media,200000,3.892073265483811,1.6142380564066001,2.7495686841322002,3.3764065036244,0,0,1,0
2024-01-05 03:00:00,3,4,0,Compute,250000,2.379557921678046,2.138063728211847,1.0003286590951765,0.0,1,0,0,0
2024-01-05 04:00:00,4,4,0,Web,100000,3.7093691655835617,0.5628781810965756,1.4793206496428122,0.8901356679616246,0,0,0,1
2024-01-05 04:00:00,4,4,0,Database,150000,2.2952252704832055,0.6143722295730717,2.146768843045436,2.1979194381088716,0,1,0,0
2024-01-05 04:00:00,4,4,0,Media,200000,3.3764065036244,2.4856293658544564,3.185264338856128,4.247797813072257,0,0,1,0
2024-01-05 04:00:00,4,4,0,Compute,250000,0.0,1.2052674562759165,1.466726795063142,0.7836101088282839,1,0,0,0
2024-01-05 05:00:00,5,4,0,Web,100000,0.8901356679616246,1.5875457067985381,2.530488653988169,2.9924716766523383,0,0,0,1
2024-01-05 05:00:00,5,4,0,Database,150000,2.1979194381088716,0.821560315348337,1.452846510186932,0.8100747723918631,0,1,0,0
2024-01-05 05:00:00,5,4,0,Media,200000,4.247797813072257,0.376670441586591,1.7781583747378047,1.4335858848356091,0,0,1,0
2024-01-05 05:00:00,5,4,0,Compute,250000,0.7836101088282839,2.512601065674419,3.30161711643611,4.4533907515742195,1,0,0,0
2024-01-05 06:00:00,6,4,0,Web,100000,2.9924716766523383,6.003225052764668,0.0,0.0,0,0,0,1
2024-01-05 06:00:00,6,4,0,Database,150000,0.8100747723918631,3.913460923826483,0.0,0.0,0,1,0,0
2024-01-05 06:00:00,6,4,0,Media,200000,1.4335858848356091,4.470600131930662,0.0,0.0,0,0,1,0
2024-01-05 06:00:00,6,4,0,Compute,250000,4.4533907515742195,7.0248922991471145,0.0,0.0,1,0,0,0
2024-01-05 07:00:00,7,4,0,Web,100000,0.0,2.05883726006773,0.7313411101572349,0.0,0,0,0,1
2024-01-05 07:00:00,7,4,0,Database,150000,0.0,2.272345638785421,2.9757555476516107,3.855892847321221,0,1,0,0
2024-01-05 07:00:00,7,4,0,Media,200000,0.0,0.8786961387499242,1.527145526156138,0.9315601876722759,0,0,1,0
2024-01-05 07:00:00,7,4,0,Compute,250000,0.0,0.6174141854277564,2.3540236763127784,2.5582038713275566,1,0,0,0
2024-01-05 08:00:00,8,4,0,Web,100000,0.0,3.2916964297345777,3.3825640154561887,4.696622399588378,0,0,0,1
2024-01-05 08:00:00,8,4,0,Database,150000,3.855892847321221,4.007102336405275,3.843133896461538,5.5906495449410745,0,1,0,0
2024-01-05 08:00:00,8,4,0,Media,200000,0.9315601876722759,0.23145774378061865,1.8507647236407907,1.5787985826415816,0,0,1,0
2024-01-05 08:00:00,8,4,0,Compute,250000,2.5582038713275566,4.084801608310392,4.087717387754096,6.025591294210192,1,0,0,0
2024-01-05 09:00:00,9,4,0,Web,100000,4.696622399588378,0.3004239149045276,1.8869277580411639,1.705349884758328,0,0,0,1
2024-01-05 09:00:00,9,4,0,Database,150000,5.5906495449410745,2.536238611084586,0.5955073623188072,0.0,0,1,0,0
2024-01-05 09:00:00,9,4,0,Media,200000,1.5787985826415816,1.8072449961984056,1.0628710974318973,0.0030113302237946282,0,0,1,0
2024-01-05 09:00:00,9,4,0,Compute,250000,6.025591294210192,4.465653477297249,0.0,0.0,1,0,0,0
2024-01-05 10:00:00,10,4,0,Web,100000,1.705349884758328,2.688445500803157,0.4165369897895215,0.0,0,0,0,1
2024-01-05 10:00:00,10,4,0,Database,150000,0.0,1.0980940038254876,1.3145796659483566,0.5335410839147126,0,1,0,0
2024-01-05 10:00:00,10,4,0,Media,200000,0.0030113302237946282,2.4347989977380045,3.1598491547979024,4.1969674449558045,0,0,1,0
2024-01-05 10:00:00,10,4,0,Compute,250000,0.0,5.186353433100152,4.638493300148976,7.1271431189999515,1,0,0,0
2024-01-05 11:00:00,11,4,0,Web,100000,0.0,4.170588485733321,0.0,0.0,0,0,0,1
2024-01-05 11:00:00,11,4,0,Database,150000,0.5335410839147126,1.202526344381957,2.4408459004498786,2.786073552917757,0,1,0,0
2024-01-05 11:00:00,11,4,0,Media,200000,4.1969674449558045,3.145675757074803,0.3936557169936985,0.0,0,0,1,0
2024-01-05 11:00:00,11,4,0,Compute,250000,7.1271431189999515,1.448135204991806,2.769384186094803,3.388924890891606,1,0,0,0
2024-01-05 12:00:00,12,4,0,Web,100000,0.0,0.41730389166537973,1.55210779435841,1.0357099573928203,0,0,0,1
2024-01-05 12:00:00,12,4,0,Database,150000,2.786073552917757,5.516761417144791,0.0,0.0,0,1,0,0
2024-01-05 12:00:00,12,4,0,Media,200000,0.0,2.808934914307653,3.3469171130827267,4.571103361525453,0,0,1,0
2024-01-05 12:00:00,12,4,0,Compute,250000,3.388924890891606,1.839046078028393,1.1498374841869037,0.1498314870758073,1,0,0,0
2024-01-05 13:00:00,13,4,0,Web,100000,1.0357099573928203,1.6257446547228638,0.9478874128296682,0.0,0,0,0,1
2024-01-05 13:00:00,13,4,0,Database,150000,0.0,3.2333011734712698,0.24697608112546532,0.0,0,1,0,0
2024-01-05 13:00:00,13,4,0,Media,200000,4.571103361525453,1.9868937696648665,0.9730467106986669,0.0,0,0,1,0
2024-01-05 13:00:00,13,4,0,Compute,250000,0.1498314870758073,1.3077152616869518,2.699174214442376,3.248504947586752,1,0,0,0
2024-01-05 14:00:00,14,4,0,Web,100000,0.0,0.5917769624114165,1.4648712589853918,0.8612368866467837,0,0,0,1
2024-01-05 14:00:00,14,4,0,Database,150000,0.0,1.0100299464496432,2.344597701483722,2.593577154985443,0,1,0,0
2024-01-05 14:00:00,14,4,0,Media,200000,0.0,1.109809501388731,2.4973544066232654,2.8719779486065313,0,0,1,0
2024-01-05 14:00:00,14,4,0,Compute,250000,3.248504947586752,3.9860289061867005,4.0383310366922505,5.926818592086501,1,0,0,0
2024-01-05 15:00:00,15,4,0,Web,100000,0.8612368866467837,1.052402392195338,1.234558544093431,0.40061145686286226,0,0,0,1
2024-01-05 15:00:00,15,4,0,Database,150000,2.593577154985443,4.454617390139396,0.0,0.0,0,1,0,0
2024-01-05 15:00:00,15,4,0,Media,200000,2.8719779486065313,3.2257111893181487,3.5553052505879745,4.987879636535949,0,0,1,0
2024-01-05 15:00:00,15,4,0,Compute,250000,5.926818592086501,1.018508455893964,1.5601062952541183,0.9703691092102362,1,0,0,0
2024-01-05 16:00:00,16,4,0,Web,100000,0.40061145686286226,3.367821273334331,3.4206264372560655,4.772747243188132,0,0,0,1
2024-01-05 16:00:00,16,4,0,Database,150000,0.0,1.1741752791496114,2.426670367833706,2.7577224876854114,0,1,0,0
2024-01-05 16:00:00,16,4,0,Media,200000,4.987879636535949,0.4174565302122347,1.7577653304249827,1.3927997962099654,0,0,1,0
2024-01-05 16:00:00,16,4,0,Compute,250000,0.9703691092102362,1.0703716217410855,2.580502394469443,3.0111613076408856,1,0,0,0
2024-01-05 17:00:00,17,4,0,Web,100000,4.772747243188132,5.877081619981099,4.675256610579449,7.282007589834899,0,0,0,1
2024-01-05 17:00:00,17,4,0,Database,150000,2.7577224876854114,6.25498552676346,4.96707549164063,7.8385327352992595,0,1,0,0
2024-01-05 17:00:00,17,4,0,Media,200000,1.3927997962099654,0.2321873450005361,2.058543328429168,1.9943557922183364,0,0,1,0
2024-01-05 17:00:00,17,4,0,Compute,250000,3.0111613076408856,0.5046157195534259,2.297624443375613,2.445405405453226,1,0,0,0
2024-01-05 18:00:00,18,4,0,Web,100000,7.282007589834899,3.2527644120013566,3.3630980065895786,4.657690381855157,0,0,0,1
2024-01-05 18:00:00,18,4,0,Database,150000,7.8385327352992595,2.5610270379042412,0.5831131489089796,0.0,0,1,0,0
2024-01-05 18:00:00,18,4,0,Media,200000,1.9943557922183364,1.0232550574569654,2.4540771846573826,2.7854235046747657,0,0,1,0
2024-01-05 18:00:00,18,4,0,Compute,250000,2.445405405453226,0.1016324834637692,2.0185442814692154,1.8872450816404311,1,0,0,0
2024-01-05 19:00:00,19,4,0,Web,100000,4.657690381855157,0.9657685739748608,2.2196000875763304,2.370694543828661,0,0,0,1
2024-01-05 19:00:00,19,4,0,Database,150000,0.0,2.524150357450417,0.6015514891358917,0.0,0,1,0,0
2024-01-05 19:00:00,19,4,0,Media,200000,2.7854235046747657,4.792746419529107,0.0,0.0,0,0,1,0
2024-01-05 19:00:00,19,4,0,Compute,250000,1.8872450816404311,6.242994247576076,0.0,0.0,1,0,0,0
2024-01-05 20:00:00,20,4,0,Web,100000,2.370694543828661,3.3761962785710233,0.07266160090558826,0.0,0,0,0,1
2024-01-05 20:00:00,20,4,0,Database,150000,0.0,1.4000697944201992,1.1635917706510006,0.23156529332000098,0,1,0,0
2024-01-05 20:00:00,20,4,0,Media,200000,0.0,0.9036186995484855,1.5146842457568575,0.9066376268737146,0,0,1,0
2024-01-05 20:00:00,20,4,0,Compute,250000,0.0,5.835737426890751,4.963185297044276,7.776527112790551,1,0,0,0
2024-01-05 21:00:00,21,4,0,Web,100000,0.0,3.342024049324094,3.407727825250947,4.746950019177895,0,0,0,1
2024-01-05 21:00:00,21,4,0,Database,150000,0.23156529332000098,2.910317288627082,0.4084680235475593,0.0,0,1,0,0
2024-01-05 21:00:00,21,4,0,Media,200000,0.9066376268737146,1.0671692969550708,2.4760343044064355,2.8293377441728707,0,0,1,0
2024-01-05 21:00:00,21,4,0,Compute,250000,7.776527112790551,1.2452786486531753,1.4467211988745126,0.743598916451025,1,0,0,0
2024-01-05 22:00:00,22,4,0,Web,100000,4.746950019177895,0.8771354537224854,1.3221920133298573,0.5758783953357148,0,0,0,1
2024-01-05 22:00:00,22,4,0,Database,150000,0.0,0.580020887848346,2.1295931721830734,2.163568096384146,0,1,0,0
2024-01-05 22:00:00,22,4,0,Media,200000,2.8293377441728707,1.88155729052838,2.88322830119309,3.64372573774618,0,0,1,0
2024-01-05 22:00:00,22,4,0,Compute,250000,0.743598916451025,1.0418193912542462,1.5484508275739772,0.9470581738499542,1,0,0,0
2024-01-05 23:00:00,23,4,0,Web,100000,0.5758783953357148,3.2155985378052754,3.3445150694915378,4.620524507659075,0,0,0,1
2024-01-05 23:00:00,23,4,0,Database,150000,2.163568096384146,3.449858618029412,0.13869735884639423,0.0,0,1,0,0
2024-01-05 23:00:00,23,4,0,Media,200000,3.64372573774618,0.04306112668900532,1.9639802192734028,1.8052295739068054,0,0,1,0
2024-01-05 23:00:00,23,4,0,Compute,250000,0.9470581738499542,7.817065119389697,5.953849143293748,9.757854805289497,1,0,0,0
2024-01-06 00:00:00,0,5,1,Web,100000,4.620524507659075,0.6932831674780253,2.0833573843279125,2.0982091373318257,0,0,0,1
2024-01-06 00:00:00,0,5,1,Database,150000,0.0,4.323687459420719,4.001426457969259,5.907234667956518,0,1,0,0
2024-01-06 00:00:00,0,5,1,Media,200000,1.8052295739068054,0.29860447412182456,2.0917518929898122,2.0607729213396246,0,0,1,0
2024-01-06 00:00:00,0,5,1,Compute,250000,9.757854805289497,1.76637522559159,2.9285041963946954,3.7071649114913905,1,0,0,0
2024-01-06 01:00:00,1,5,1,Web,100000,2.0982091373318257,0.1943935227802746,1.6635629788009627,1.2586203262779256,0,0,0,1
2024-01-06 01:00:00,1,5,1,Database,150000,5.907234667956518,0.5352666830948133,1.5959933263136936,1.0963684046453868,0,1,0,0
2024-01-06 01:00:00,1,5,1,Media,200000,2.0607729213396246,2.362491129778459,0.7852480306418705,0.0,0,0,1,0
2024-01-06 01:00:00,1,5,1,Compute,250000,3.7071649114913905,1.3149480164748597,2.70279059183633,3.2557377023746596,1,0,0,0
2024-01-06 02:00:00,2,5,1,Web,100000,1.2586203262779256,2.5786555071595036,0.4714319866113481,0.0,0,0,0,1
2024-01-06 02:00:00,2,5,1,Database,150000,1.0963684046453868,2.0207996485424875,2.849982552530144,3.6043468570782875,0,1,0,0
2024-01-06 02:00:00,2,5,1,Media,200000,0.0,3.27990495293993,3.5824021323988653,5.04207340015773,0,0,1,0
2024-01-06 02:00:00,2,5,1,Compute,250000,3.2557377023746596,1.12363816131389,2.607135664255845,3.06442784721369,1,0,0,0
2024-01-06 03:00:00,3,5,1,Web,100000,0.0,0.8827901402692756,1.319364670056462,0.5702237087889246,0,0,0,1
2024-01-06 03:00:00,3,5,1,Database,150000,3.6043468570782875,1.3859406775282883,2.5325530670230445,2.9694878860640883,0,1,0,0
2024-01-06 03:00:00,3,5,1,Media,200000,5.04207340015773,0.9500631062414379,1.4914620424103813,0.8601932201807623,0,0,1,0
2024-01-06 03:00:00,3,5,1,Compute,250000,3.06442784721369,2.830685315997648,3.460659241597724,4.771475001897448,1,0,0,0
2024-01-06 04:00:00,4,5,1,Web,100000,0.5702237087889246,5.518262192247572,0.0,0.0,0,0,0,1
2024-01-06 04:00:00,4,5,1,Database,150000,2.9694878860640883,1.0308660439581387,1.348193645882031,0.6007690437820614,0,1,0,0
2024-01-06 04:00:00,4,5,1,Media,200000,0.8601932201807623,5.996479924974193,0.0,0.0,0,0,1,0
2024-01-06 04:00:00,4,5,1,Compute,250000,4.771475001897448,4.509226430283816,0.0,0.0,1,0,0,0
2024-01-06 05:00:00,5,5,1,Web,100000,0.0,4.115630629043928,3.794531115110864,5.520556598897729,0,0,0,1
2024-01-06 05:00:00,5,5,1,Database,150000,0.6007690437820614,2.709598885517258,3.194382171017529,4.293146094053058,0,1,0,0
2024-01-06 05:00:00,5,5,1,Media,200000,0.0,2.182484639456571,0.8752512758028146,0.0,0,0,1,0
2024-01-06 05:00:00,5,5,1,Compute,250000,0.0,4.531554307724892,0.0,0.0,1,0,0,0
2024-01-06 06:00:00,6,5,1,Web,100000,5.520556598897729,8.917630453127153,0.0,0.0,0,0,0,1
2024-01-06 06:00:00,6,5,1,Database,150000,4.293146094053058,1.6545304634001037,1.0363614361610485,0.0,0,1,0,0
2024-01-06 06:00:00,6,5,1,Media,200000,0.0,7.2852889763444075,5.585094144101104,9.047457423562207,0,0,1,0
2024-01-06 06:00:00,6,5,1,Compute,250000,0.0,1.3286967539931422,2.7096649605954712,3.269486439892942,1,0,0,0
2024-01-06 07:00:00,7,5,1,Web,100000,0.0,1.7027607977506685,0.9093793413157658,0.0,0,0,0,1
2024-01-06 07:00:00,7,5,1,Database,150000,0.0,1.4192845681031188,2.5492250123104596,3.002831776638919,0,1,0,0
2024-01-06 07:00:00,7,5,1,Media,200000,9.047457423562207,4.706918998585529,0.0,0.0,0,0,1,0
2024-01-06 07:00:00,7,5,1,Compute,250000,3.269486439892942,0.9160140276951062,1.6113535093535472,1.072863537409094,1,0,0,0
2024-01-06 08:00:00,8,5,1,Web,100000,0.0,0.3224763586494155,1.8979539799136078,1.7274023285032156,0,0,0,1
2024-01-06 08:00:00,8,5,1,Database,150000,3.002831776638919,0.28234589506534546,1.7224537203284276,1.3492891926748545,0,1,0,0
2024-01-06 08:00:00,8,5,1,Media,200000,0.0,2.3964623046724416,3.140680808265121,4.158630751890242,0,0,1,0
2024-01-06 08:00:00,8,5,1,Compute,250000,1.072863537409094,1.0579796183103571,2.5743063927540786,2.9987693042101573,1,0,0,0
2024-01-06 09:00:00,9,5,1,Web,100000,1.7274023285032156,2.029021993926191,2.7512267975519955,3.4339479637799912,0,0,0,1
2024-01-06 09:00:00,9,5,1,Database,150000,1.3492891926748545,2.089160786294478,0.8190462747138612,0.0,0,1,0,0
2024-01-06 09:00:00,9,5,1,Media,200000,4.158630751890242,2.717490164833844,3.3011947383458224,4.479658612051645,0,0,1,0
2024-01-06 09:00:00,9,5,1,Compute,250000,2.9987693042101573,4.910854782474175,4.500743974835988,6.851644468373975,1,0,0,0
2024-01-06 10:00:00,10,5,1,Web,100000,3.4339479637799912,2.9344924985564376,0.29351349091288115,0.0,0,0,0,1
2024-01-06 10:00:00,10,5,1,Database,150000,0.0,2.687130906745879,0.5200612144881607,0.0,0,1,0,0
2024-01-06 10:00:00,10,5,1,Media,200000,4.479658612051645,4.031396948562899,3.9581481302103496,5.793565395780699,0,0,1,0
2024-01-06 10:00:00,10,5,1,Compute,250000,6.851644468373975,0.5980758996873808,1.7703225733574097,1.3908016654168194,1,0,0,0
2024-01-06 11:00:00,11,5,1,Web,100000,0.0,4.2355081158018715,3.8544698584898356,5.640434085655672,0,0,0,1
2024-01-06 11:00:00,11,5,1,Database,150000,0.0,1.3516510752787518,1.1878011302217244,0.27998401246144833,0,1,0,0
2024-01-06 11:00:00,11,5,1,Media,200000,5.793565395780699,4.389180668414334,4.137039990136067,6.151349115632134,0,0,1,0
2024-01-06 11:00:00,11,5,1,Compute,250000,1.3908016654168194,0.4185013900185566,2.2545672786081785,2.3592910759183567,1,0,0,0
2024-01-06 12:00:00,12,5,1,Web,100000,5.640434085655672,0.7987304095702855,2.136081005374043,2.2036563794240855,0,0,0,1
2024-01-06 12:00:00,12,5,1,Database,150000,0.27998401246144833,4.718198004611914,4.198681730564857,6.301745213147713,0,1,0,0
2024-01-06 12:00:00,12,5,1,Media,200000,6.151349115632134,1.1093553719347138,1.4118159095637433,0.7009009544874865,0,0,1,0
2024-01-06 12:00:00,12,5,1,Compute,250000,2.3592910759183567,2.847410227377075,0.6456554095125626,0.0,1,0,0,0
2024-01-06 13:00:00,13,5,1,Web,100000,2.2036563794240855,1.3697365636872632,1.0758914583474684,0.08327728537093715,0,0,0,1
2024-01-06 13:00:00,13,5,1,Database,150000,6.301745213147713,1.381045791531616,2.530105624024708,2.964593000067416,0,1,0,0
2024-01-06 13:00:00,13,5,1,Media,200000,0.7009009544874865,4.721321156143744,0.0,0.0,0,0,1,0
2024-01-06 13:00:00,13,5,1,Compute,250000,0.0,1.9364566475555647,3.0135449073766827,3.877246333455365,1,0,0,0
2024-01-06 14:00:00,14,5,1,Web,100000,0.08327728537093715,1.6403578924554296,0.9405807939633852,0.0,0,0,0,1
2024-01-06 14:00:00,14,5,1,Database,150000,2.964593000067416,3.4674819218028903,3.5733236891603455,5.051029130338691,0,1,0,0
2024-01-06 14:00:00,14,5,1,Media,200000,0.0,7.206824854303615,0.0,0.0,0,0,1,0
2024-01-06 14:00:00,14,5,1,Compute,250000,3.877246333455365,2.383741264914706,0.8774898907437472,0.0,1,0,0,0
2024-01-06 15:00:00,15,5,1,Web,100000,0.0,5.083448393304506,0.0,0.0,0,0,0,1
2024-01-06 15:00:00,15,5,1,Database,150000,5.051029130338691,2.5027323386940576,0.6122604985140714,0.0,0,1,0,0
2024-01-06 15:00:00,15,5,1,Media,200000,0.0,0.7670416429290293,2.325970477393415,2.5292100901468295,0,0,1,0
2024-01-06 15:00:00,15,5,1,Compute,250000,0.0,0.5617238159514647,1.7884986152253677,1.4271537491527355,1,0,0,0
2024-01-06 16:00:00,16,5,1,Web,100000,0.0,0.7841766464462449,1.3686714169679774,0.6688372026119553,0,0,0,1
2024-01-06 16:00:00,16,5,1,Database,150000,0.0,0.5015985537423824,1.6128273909899091,1.1300365339978176,0,1,0,0
2024-01-06 16:00:00,16,5,1,Media,200000,2.5292100901468295,0.6342086614620303,2.259553986659915,2.3963771086798307,0,0,1,0
2024-01-06 16:00:00,16,5,1,Compute,250000,1.4271537491527355,3.049652065431523,0.5445344904853386,0.0,1,0,0,0
2024-01-06 17:00:00,17,5,1,Web,100000,0.6688372026119553,2.144592862299352,2.809012231738576,3.5495188321531526,0,0,0,1
2024-01-06 17:00:00,17,5,1,Database,150000,1.1300365339978176,2.0120418507586515,2.845603653638226,3.5955890592944515,0,1,0,0
2024-01-06 17:00:00,17,5,1,Media,200000,2.3963771086798307,1.179157752570503,2.5320285322141514,2.9413261997883033,0,0,1,0
2024-01-06 17:00:00,17,5,1,Compute,250000,0.0,1.6936442678559895,2.892138717526895,3.6344339537557895,1,0,0,0
2024-01-06 18:00:00,18,5,1,Web,100000,3.5495188321531526,0.9132979420281785,2.1933647716029894,2.3182239118819785,0,0,0,1
2024-01-06 18:00:00,18,5,1,Database,150000,3.5955890592944515,6.129263847795403,4.904214652156601,7.712811056331202,0,1,0,0
2024-01-06 18:00:00,18,5,1,Media,200000,2.9413261997883033,0.2853264527597297,1.8238303691512352,1.5249298736624706,0,0,1,0
2024-01-06 18:00:00,18,5,1,Compute,250000,3.6344339537557895,0.9452935946059302,1.596713725898135,1.0435839704982701,1,0,0,0
2024-01-06 19:00:00,19,5,1,Web,100000,2.3182239118819785,2.2846266806743336,0.6184463998539331,0.0,0,0,0,1
2024-01-06 19:00:00,19,5,1,Database,150000,7.712811056331202,3.12083195133571,0.30321069219324515,0.0,0,1,0,0
2024-01-06 19:00:00,19,5,1,Media,200000,1.5249298736624706,3.757459302405426,0.08776394432838708,0.0,0,0,1,0
2024-01-06 19:00:00,19,5,1,Compute,250000,1.0435839704982701,2.6904358792949554,0.7241425835536224,0.0,1,0,0,0
2024-01-06 20:00:00,20,5,1,Web,100000,0.0,0.23608508455841395,1.642717197911893,1.2169287644997864,0,0,0,1
2024-01-06 20:00:00,20,5,1,Database,150000,0.0,1.0269293250953435,2.353047390806572,2.6104765336311435,0,1,0,0
2024-01-06 20:00:00,20,5,1,Media,200000,0.0,0.17747011525868536,2.031184713558243,1.9396385624764856,0,0,1,0
2024-01-06 20:00:00,20,5,1,Compute,250000,0.0,2.320649771891339,0.9090356372554307,0.0,1,0,0,0
2024-01-06 21:00:00,21,5,1,Web,100000,1.2169287644997864,2.7245976316620895,3.099014616419945,4.12952360151589,0,0,0,1
2024-01-06 21:00:00,21,5,1,Database,150000,2.6104765336311435,2.2422819565050425,2.9607237065114216,3.825829165040843,0,1,0,0
2024-01-06 21:00:00,21,5,1,Media,200000,1.9396385624764856,0.502988861868251,1.7149991645969747,1.307267464553949,0,0,1,0
2024-01-06 21:00:00,21,5,1,Compute,250000,0.0,1.9827923735963362,1.077964336402932,0.0060851915078641294,1,0,0,0
2024-01-06 22:00:00,22,5,1,Web,100000,4.12952360151589,1.6693277020915986,2.5713796516346994,3.0742536719453986,0,0,0,1
2024-01-06 22:00:00,22,5,1,Database,150000,3.825829165040843,0.5879647020605133,2.133565079289157,2.1715119105963137,0,1,0,0
2024-01-06 22:00:00,22,5,1,Media,200000,1.307267464553949,4.368425717847344,0.0,0.0,0,0,1,0
2024-01-06 22:00:00,22,5,1,Compute,250000,0.0060851915078641294,0.2279847075554147,1.9553681694233929,1.7608928575487854,1,0,0,0
2024-01-06 23:00:00,23,5,1,Web,100000,3.0742536719453986,0.810151375825343,2.1417914885015716,2.215077345679143,0,0,0,1
2024-01-06 23:00:00,23,5,1,Database,150000,2.1715119105963137,2.7231282990654613,0.5020625183283696,0.0,0,1,0,0
2024-01-06 23:00:00,23,5,1,Media,200000,0.0,0.593574118114529,2.2392367149861645,2.355742565332329,0,0,1,0
2024-01-06 23:00:00,23,5,1,Compute,250000,1.7608928575487854,4.388511395375567,0.0,0.0,1,0,0,0
2024-01-07 00:00:00,0,6,1,Web,100000,2.215077345679143,4.032602239638713,3.7530169204082564,5.437528209492513,0,0,0,1
2024-01-07 00:00:00,0,6,1,Database,150000,0.0,3.7678938947804954,3.7235296756491483,5.351441103316295,0,1,0,0
2024-01-07 00:00:00,0,6,1,Media,200000,2.355742565332329,0.7815959425110942,1.575695624275553,1.028660383911106,0,0,1,0
2024-01-07 00:00:00,0,6,1,Compute,250000,0.0,1.1144069531194196,2.60252006015861,3.05519663901922,1,0,0,0
2024-01-07 01:00:00,1,6,1,Web,100000,5.437528209492513,7.253809837001826,0.0,0.0,0,0,0,1
2024-01-07 01:00:00,1,6,1,Database,150000,5.351441103316295,3.4930869203981985,0.11708320766200098,0.0,0,1,0,0
2024-01-07 01:00:00,1,6,1,Media,200000,1.028660383911106,0.9053807000585894,1.5138032455018053,0.9048756263636107,0,0,1,0
2024-01-07 01:00:00,1,6,1,Compute,250000,3.05519663901922,3.240443003882777,0.4491390212597115,0.0,1,0,0,0
2024-01-07 02:00:00,2,6,1,Web,100000,0.0,2.1672333874941763,2.820332494335988,3.5721593573479766,0,0,0,1
2024-01-07 02:00:00,2,6,1,Database,150000,0.0,6.015933531846183,4.847549494181991,7.599480740381982,0,1,0,0
2024-01-07 02:00:00,2,6,1,Media,200000,0.9048756263636107,3.553888097890106,0.18954954658604706,0.0,0,0,1,0
2024-01-07 02:00:00,2,6,1,Compute,250000,0.0,2.536434151857778,0.801143447272211,0.0,1,0,0,0
2024-01-07 03:00:00,3,6,1,Web,100000,3.5721593573479766,0.7303890445319909,2.1019103228548954,2.135315014385791,0,0,0,1
2024-01-07 03:00:00,3,6,1,Database,150000,7.599480740381982,4.857392385101063,4.268278920809432,6.4409395936368625,0,1,0,0
2024-01-07 03:00:00,3,6,1,Media,200000,0.0,3.6911668772219093,0.1209101569201454,0.0,0,0,1,0
2024-01-07 03:00:00,3,6,1,Compute,250000,0.0,0.7711523065230259,2.430892736860413,2.711941992422826,1,0,0,0
2024-01-07 04:00:00,4,6,1,Web,100000,2.135315014385791,5.487940492041527,4.480686046609663,6.892866461895327,0,0,0,1
2024-01-07 04:00:00,4,6,1,Database,150000,6.4409395936368625,4.979321384140002,0.0,0.0,0,1,0,0
2024-01-07 04:00:00,4,6,1,Media,200000,0.0,3.867251560139696,0.03286781546125206,0.0,0,0,1,0
2024-01-07 04:00:00,4,6,1,Compute,250000,2.711941992422826,1.2948637589847147,1.4219286437087428,0.6940138061194856,1,0,0,0
2024-01-07 05:00:00,5,6,1,Web,100000,6.892866461895327,1.5858091781684331,0.9678551511068835,0.0,0,0,0,1
2024-01-07 05:00:00,5,6,1,Database,150000,0.0,2.4618478028631334,3.070506629690467,4.045395011398933,0,1,0,0
2024-01-07 05:00:00,5,6,1,Media,200000,0.0,0.7490230990647141,2.316961205461257,2.5111915462825145,0,0,1,0
2024-01-07 05:00:00,5,6,1,Compute,250000,0.6940138061194856,5.348930118528585,0.0,0.0,1,0,0,0
2024-01-07 06:00:00,6,6,1,Web,100000,0.0,1.5702751483046327,2.5218533747412164,2.9752011181584326,0,0,0,1
2024-01-07 06:00:00,6,6,1,Database,150000,4.045395011398933,1.7566606016691517,0.9852963670265245,0.0,0,1,0,0
2024-01-07 06:00:00,6,6,1,Media,200000,2.5111915462825145,3.847385590425917,3.866142451141859,5.609554037643718,0,0,1,0
2024-01-07 06:00:00,6,6,1,Compute,250000,0.0,1.906806548912959,1.1159572487446208,0.08207101619124124,1,0,0,0
2024-01-07 07:00:00,7,6,1,Web,100000,2.9752011181584326,1.933889788908907,0.7938148457366465,0.0,0,0,0,1
2024-01-07 07:00:00,7,6,1,Database,150000,0.0,1.6474387720157944,2.6633021142667976,3.230985980551594,0,1,0,0
2024-01-07 07:00:00,7,6,1,Media,200000,5.609554037643718,2.3128233866130095,3.098861349235405,4.0749918338308095,0,0,1,0
2024-01-07 07:00:00,7,6,1,Compute,250000,0.08207101619124124,1.3683420314108108,2.7294875993043055,3.3091317173106107,1,0,0,0
2024-01-07 08:00:00,8,6,1,Web,100000,0.0,5.080835891756625,0.0,0.0,0,0,0,1
2024-01-07 08:00:00,8,6,1,Database,150000,3.230985980551594,1.6381472593869533,2.6586563579523768,3.2216944679227533,0,1,0,0
2024-01-07 08:00:00,8,6,1,Media,200000,4.0749918338308095,3.1269680946253966,0.40300954821840174,0.0,0,0,1,0
2024-01-07 08:00:00,8,6,1,Compute,250000,3.3091317173106107,0.7298722743669904,2.4102527207823954,2.6706619602667905,1,0,0,0
2024-01-07 09:00:00,9,6,1,Web,100000,0.0,4.295247245799381,0.0,0.0,0,0,0,1
2024-01-07 09:00:00,9,6,1,Database,150000,3.2216944679227533,1.363010382231391,2.5210879193745956,2.946557590767191,0,1,0,0
2024-01-07 09:00:00,9,6,1,Media,200000,0.0,2.4438406525243175,0.7445732692689413,0.0,0,0,1,0
2024-01-07 09:00:00,9,6,1,Compute,250000,2.6706619602667905,3.871947890383765,0.1333865780092176,0.0,1,0,0,0
2024-01-07 10:00:00,10,6,1,Web,100000,0.0,2.165504349049398,2.819467975113599,3.5704303189031985,0,0,0,1
2024-01-07 10:00:00,10,6,1,Database,150000,2.946557590767191,0.7489775046324538,2.2140714805751274,2.332524713168254,0,1,0,0
2024-01-07 10:00:00,10,6,1,Media,200000,0.0,1.8659743437808916,1.0335064236406544,0.0,0,0,1,0
2024-01-07 10:00:00,10,6,1,Compute,250000,0.0,4.377580486665393,4.234106826931597,6.318370172565193,1,0,0,0
2024-01-07 11:00:00,11,6,1,Web,100000,3.5704303189031985,1.3460012043114273,1.0877591380353864,0.10701264474677297,0,0,0,1
2024-01-07 11:00:00,11,6,1,Database,150000,2.332524713168254,0.12036696151500398,1.8997662090164023,1.703914170050804,0,1,0,0
2024-01-07 11:00:00,11,6,1,Media,200000,0.0,0.8307842826380027,2.3578417972479015,2.592952729855803,0,0,1,0
2024-01-07 11:00:00,11,6,1,Compute,250000,6.318370172565193,1.883041741988041,1.1278396522070797,0.10583582311615936,1,0,0,0
2024-01-07 12:00:00,12,6,1,Web,100000,0.10701264474677297,1.4374528198019882,2.455442210489894,2.8423787896557884,0,0,0,1
2024-01-07 12:00:00,12,6,1,Database,150000,1.703914170050804,1.6244009810963733,1.0514261773129137,0.007234106643826843,0,1,0,0
2024-01-07 12:00:00,12,6,1,Media,200000,2.592952729855803,1.2589589062508277,1.3370141424056863,0.5512974201713725,0,0,1,0
2024-01-07 12:00:00,12,6,1,Compute,250000,0.10583582311615936,4.111971859012224,4.101302513105011,6.052761544912023,1,0,0,0
2024-01-07 13:00:00,13,6,1,Web,100000,2.8423787896557884,3.1458020971394993,0.18785869162135027,0.0,0,0,0,1
2024-01-07 13:00:00,13,6,1,Database,150000,0.007234106643826843,7.262384932390671,0.0,0.0,0,1,0,0
2024-01-07 13:00:00,13,6,1,Media,200000,0.5512974201713725,4.856854924637884,4.370877118247842,6.6190233718556835,0,0,1,0
2024-01-07 13:00:00,13,6,1,Compute,250000,6.052761544912023,7.672027797423209,5.881330482310505,9.61281748332301,1,0,0,0
2024-01-07 14:00:00,14,6,1,Web,100000,0.0,1.2398517359501955,1.1408338722160023,0.2131621131080048,0,0,0,1
2024-01-07 14:00:00,14,6,1,Database,150000,0.0,5.834558061462756,0.0,0.0,0,1,0,0
2024-01-07 14:00:00,14,6,1,Media,200000,6.6190233718556835,0.9554958681900313,1.4887456614360843,0.8547604582321688,0,0,1,0
2024-01-07 14:00:00,14,6,1,Compute,250000,9.61281748332301,0.8827127891242076,1.6280041286389964,1.1061647759799926,1,0,0,0
2024-01-07 15:00:00,15,6,1,Web,100000,0.2131621131080048,0.5938154626689711,1.4638520088566145,0.8591983863892291,0,0,0,1
2024-01-07 15:00:00,15,6,1,Database,150000,0.0,3.3642080653677446,0.1815226351772279,0.0,0,1,0,0
2024-01-07 15:00:00,15,6,1,Media,200000,0.8547604582321688,1.7627273670316324,2.8238133394447162,3.524895814249432,0,0,1,0
2024-01-07 15:00:00,15,6,1,Compute,250000,1.1061647759799926,1.5975660654604587,2.8440996163291294,3.5383557513602586,1,0,0,0
2024-01-07 16:00:00,16,6,1,Web,100000,0.8591983863892291,4.50726079906012,0.0,0.0,0,0,0,1
2024-01-07 16:00:00,16,6,1,Database,150000,0.0,2.1216341346868632,2.9003997956023317,3.7051813432226632,0,1,0,0
2024-01-07 16:00:00,16,6,1,Media,200000,3.524895814249432,6.182098885439873,5.033499098648837,7.944267332657673,0,0,1,0
2024-01-07 16:00:00,16,6,1,Compute,250000,3.5383557513602586,0.5399249369133795,2.31527905205559,2.4807146228131796,1,0,0,0
2024-01-07 17:00:00,17,6,1,Web,100000,0.0,1.0360194258077182,1.242750027287241,0.4169944232504821,0,0,0,1
2024-01-07 17:00:00,17,6,1,Database,150000,3.7051813432226632,0.45005358282476393,1.6385998764487182,1.1815815049154361,0,1,0,0
2024-01-07 17:00:00,17,6,1,Media,200000,7.944267332657673,1.869814240507884,2.8773567761828422,3.6319826877256842,0,0,1,0
2024-01-07 17:00:00,17,6,1,Compute,250000,2.4807146228131796,5.2160587561238545,0.0,0.0,1,0,0,0
2024-01-07 18:00:00,18,6,1,Web,100000,0.4169944232504821,0.5172160485341067,1.9953238248559533,1.922142018387907,0,0,0,1
2024-01-07 18:00:00,18,6,1,Database,150000,1.1815815049154361,1.1954357879906303,1.2659087738657853,0.43619929974956984,0,1,0,0
2024-01-07 18:00:00,18,6,1,Media,200000,3.6319826877256842,5.5675189784703365,4.726209145164068,7.329687425688136,0,0,1,0
2024-01-07 18:00:00,18,6,1,Compute,250000,0.0,0.5465621410170736,1.7960794526925634,1.4423154240871265,1,0,0,0
2024-01-07 19:00:00,19,6,1,Web,100000,1.922142018387907,5.02770677296076,4.25056918706928,6.43263274281456,0,0,0,1
2024-01-07 19:00:00,19,6,1,Database,150000,0.43619929974956984,3.3352660329482213,0.19599365138698954,0.0,0,1,0,0
2024-01-07 19:00:00,19,6,1,Media,200000,7.329687425688136,1.7858214400105767,2.8353603759341883,3.547989887228377,0,0,1,0
2024-01-07 19:00:00,19,6,1,Compute,250000,1.4423154240871265,0.9822447309758865,2.5364389490868433,2.9230344168756868,1,0,0,0
2024-01-07 20:00:00,20,6,1,Web,100000,6.43263274281456,2.631185683196547,0.4451668985928263,0.0,0,0,0,1
2024-01-07 20:00:00,20,6,1,Database,150000,0.0,0.5562322835130212,2.1176988700154107,2.139779492048821,0,1,0,0
2024-01-07 20:00:00,20,6,1,Media,200000,3.547989887228377,3.661600450097001,3.7732498809774007,5.423768897314801,0,0,1,0
2024-01-07 20:00:00,20,6,1,Compute,250000,2.9230344168756868,0.995419052462002,1.5716509969700991,0.9934585126421982,1,0,0,0
2024-01-07 21:00:00,21,6,1,Web,100000,0.0,5.09993188711149,0.0,0.0,0,0,0,1
2024-01-07 21:00:00,21,6,1,Database,150000,2.139779492048821,0.07673241903453773,1.8252604583438314,1.5549026687056624,0,1,0,0
2024-01-07 21:00:00,21,6,1,Media,200000,5.423768897314801,2.7313132239797375,0.6008369835412313,0.0,0,0,1,0
2024-01-07 21:00:00,21,6,1,Compute,250000,0.9934585126421982,1.0510667555938473,1.5438271454041765,0.937810809510353,1,0,0,0
2024-01-07 22:00:00,22,6,1,Web,100000,0.0,0.2688072486575629,1.6263561158623185,1.1842066004006373,0,0,0,1
2024-01-07 22:00:00,22,6,1,Database,150000,1.5549026687056624,5.141000587648752,0.0,0.0,0,1,0,0
2024-01-07 22:00:00,22,6,1,Media,200000,0.0,4.871018957564234,0.0,0.0,0,0,1,0
2024-01-07 22:00:00,22,6,1,Compute,250000,0.937810809510353,1.4702444461787758,2.780438806688288,3.411034132078576,1,0,0,0
2024-01-07 23:00:00,23,6,1,Web,100000,1.1842066004006373,1.5922000281112412,0.9646597261354795,0.0,0,0,0,1
2024-01-07 23:00:00,23,6,1,Database,150000,0.0,7.718276965063901,0.0,0.0,0,1,0,0
2024-01-07 23:00:00,23,6,1,Media,200000,0.0,2.3785760494266053,3.131737680642203,4.140744496644405,0,0,1,0
2024-01-07 23:00:00,23,6,1,Compute,250000,3.411034132078576,0.8411532054249194,2.46589318631136,2.7819428913247197,1,0,0,0
2024-01-08 00:00:00,0,0,0,Web,100000,0.0,2.1656684117116516,0.6779255343352741,0.0,0,0,0,1
2024-01-08 00:00:00,0,0,0,Database,150000,0.0,3.9745345727769243,0.0,0.0,0,1,0,0
2024-01-08 00:00:00,0,0,0,Media,200000,4.140744496644405,2.531467628545211,3.2081834702015057,4.293636075763011,0,0,1,0
2024-01-08 00:00:00,0,0,0,Compute,250000,2.7819428913247197,1.0720958072834887,2.5813644872406445,3.0128854931832887,1,0,0,0
2024-01-08 01:00:00,1,0,0,Web,100000,0.0,7.17185078765442,5.32264119441611,8.57677675750822,0,0,0,1
2024-01-08 01:00:00,1,0,0,Database,150000,0.0,1.284609735777012,2.4818875961474065,2.868156944312812,0,1,0,0
2024-01-08 01:00:00,1,0,0,Media,200000,4.293636075763011,1.1871533633882445,2.5360263376230225,2.949321810606045,0,0,1,0
2024-01-08 01:00:00,1,0,0,Compute,250000,3.0128854931832887,0.5248277299278954,1.8069466582371525,1.4640498351763047,1,0,0,0
2024-01-08 02:00:00,2,0,0,Web,100000,8.57677675750822,2.474371541204573,2.9739015711911865,3.879297511058373,0,0,0,1
2024-01-08 02:00:00,2,0,0,Database,150000,2.868156944312812,1.8992995433466613,2.789232499932231,3.4828467518824615,0,1,0,0
2024-01-08 02:00:00,2,0,0,Media,200000,2.949321810606045,3.7792189652977846,3.8320591385777925,5.541387412515585,0,0,1,0
2024-01-08 02:00:00,2,0,0,Compute,250000,1.4640498351763047,1.5880126955140543,1.2753541754440731,0.400864869590146,1,0,0,0
2024-01-08 03:00:00,3,0,0,Web,100000,3.879297511058373,1.330266358434087,1.0956265609740565,0.12274749062411328,0,0,0,1
2024-01-08 03:00:00,3,0,0,Database,150000,3.4828467518824615,1.4613534523381404,1.1329499416920301,0.17028163540205976,0,1,0,0
2024-01-08 03:00:00,3,0,0,Media,200000,5.541387412515585,2.3964491031391675,3.140674207498484,4.158617550356968,0,0,1,0
2024-01-08 03:00:00,3,0,0,Compute,250000,0.400864869590146,4.519167260492396,4.304900213845098,6.459956946392196,1,0,0,0
2024-01-08 04:00:00,4,0,0,Web,100000,0.12274749062411328,1.400565419050102,1.060477030666049,0.05244843000809829,0,0,0,1
2024-01-08 04:00:00,4,0,0,Database,150000,0.17028163540205976,1.2983651229814739,1.2144441063703635,0.3332699647587263,0,1,0,0
2024-01-08 04:00:00,4,0,0,Media,200000,4.158617550356968,0.9662756112115976,2.425587461534699,2.728444058429398,0,0,1,0
2024-01-08 04:00:00,4,0,0,Compute,250000,6.459956946392196,0.7613284396409042,1.688696303380648,1.227549125463296,1,0,0,0
2024-01-08 05:00:00,5,0,0,Web,100000,0.05244843000809829,2.88020489902187,3.176818250099835,4.285130868875671,0,0,0,1
2024-01-08 05:00:00,5,0,0,Database,150000,0.3332699647587263,6.7793758114593405,0.0,0.0,0,1,0,0
2024-01-08 05:00:00,5,0,0,Media,200000,2.728444058429398,2.5041590803528835,0.7144140553546583,0.0,0,0,1,0
2024-01-08 05:00:00,5,0,0,Compute,250000,1.227549125463296,2.3712929414865376,0.8837140524578313,0.0,1,0,0,0
2024-01-08 06:00:00,6,0,0,Web,100000,4.285130868875671,6.985111976760635,0.0,0.0,0,0,0,1
2024-01-08 06:00:00,6,0,0,Database,150000,0.0,2.914959272708612,0.4061470315067941,0.0,0,1,0,0
2024-01-08 06:00:00,6,0,0,Media,200000,0.0,2.769512287139978,0.5817374519611109,0.0,0,0,1,0
2024-01-08 06:00:00,6,0,0,Compute,250000,0.0,0.627357903158691,1.7556815716217546,1.3615196619455092,1,0,0,0
2024-01-08 07:00:00,7,0,0,Web,100000,0.0,3.3629416145829905,3.4181866078803953,4.767867584436791,0,0,0,1
2024-01-08 07:00:00,7,0,0,Database,150000,0.0,0.7592258931743071,1.4840137212739468,0.8724091945658929,0,1,0,0
2024-01-08 07:00:00,7,0,0,Media,200000,0.0,3.116485100415661,0.4082510453232695,0.0,0,0,1,0
2024-01-08 07:00:00,7,0,0,Compute,250000,1.3615196619455092,0.19490756324278694,1.9719067415797067,1.7939700018614133,1,0,0,0
2024-01-08 08:00:00,8,0,0,Web,100000,4.767867584436791,3.171564803926248,3.322498202552024,4.576490773780048,0,0,0,1
2024-01-08 08:00:00,8,0,0,Database,150000,0.8724091945658929,2.9519203879469145,0.38766647388764297,0.0,0,1,0,0
2024-01-08 08:00:00,8,0,0,Media,200000,0.0,2.7557685913665457,0.5886092998478272,0.0,0,0,1,0
2024-01-08 08:00:00,8,0,0,Compute,250000,1.7939700018614133,1.6996908174248704,2.895161992311335,3.6404805033246705,1,0,0,0
2024-01-08 09:00:00,9,0,0,Web,100000,4.576490773780048,0.6886522867946016,1.4164335967937993,0.7643615622635986,0,0,0,1
2024-01-08 09:00:00,9,0,0,Database,150000,0.0,1.966498011730623,2.822831734124212,3.5500452202664228,0,1,0,0
2024-01-08 09:00:00,9,0,0,Media,200000,0.0,0.06498431498809028,1.934001438037055,1.7452720114341098,0,0,1,0
2024-01-08 09:00:00,9,0,0,Compute,250000,3.6404805033246705,2.1290348838709012,3.109834025534351,4.069824569770701,1,0,0,0
2024-01-08 10:00:00,10,0,0,Web,100000,0.7643615622635986,3.1292782817241225,0.1961205993290387,0.0,0,0,0,1
2024-01-08 10:00:00,10,0,0,Database,150000,3.5500452202664228,0.06029789196700232,1.833477721877599,1.5713371957731979,0,1,0,0
2024-01-08 10:00:00,10,0,0,Media,200000,1.7452720114341098,0.6561139826916704,1.638436604185265,1.1541423437305296,0,0,1,0
2024-01-08 10:00:00,10,0,0,Compute,250000,4.069824569770701,3.6717167119145917,0.23350216724380424,0.0,1,0,0,0
2024-01-08 11:00:00,11,0,0,Web,100000,0.0,4.714477783208266,0.0,0.0,0,0,0,1
2024-01-08 11:00:00,11,0,0,Database,150000,1.5713371957731979,2.0812910454261853,2.880228250971993,3.6648382539619853,0,1,0,0
2024-01-08 11:00:00,11,0,0,Media,200000,1.1541423437305296,1.0769010862561343,1.428043052403033,0.7333552401660659,0,0,1,0
2024-01-08 11:00:00,11,0,0,Compute,250000,0.0,3.0908847845441882,0.523918130929006,0.0,1,0,0,0
2024-01-08 12:00:00,12,0,0,Web,100000,0.0,0.3125807503721968,1.6044693650050017,1.1404330986860034,0,0,0,1
2024-01-08 12:00:00,12,0,0,Database,150000,3.6648382539619853,3.4081005116501077,3.5436329840839544,4.991647720185908,0,1,0,0
2024-01-08 12:00:00,12,0,0,Media,200000,0.7333552401660659,6.866257475717969,0.0,0.0,0,0,1,0
2024-01-08 12:00:00,12,0,0,Compute,250000,0.0,4.5139600093121794,0.0,0.0,1,0,0,0
2024-01-08 13:00:00,13,0,0,Web,100000,1.1404330986860034,2.7927032652880026,0.3644081075470986,0.0,0,0,0,1
2024-01-08 13:00:00,13,0,0,Database,150000,4.991647720185908,4.407580539763187,4.043372998140494,5.991127748298987,0,1,0,0
2024-01-08 13:00:00,13,0,0,Media,200000,0.0,0.8718048883600895,2.3783521001089447,2.6339733355778896,0,0,1,0
2024-01-08 13:00:00,13,0,0,Compute,250000,0.0,2.3259956609858805,3.2083144140918405,4.266785346885681,1,0,0,0
2024-01-08 14:00:00,14,0,0,Web,100000,0.0,3.4445266969808914,0.03849639170065422,0.0,0,0,0,1
2024-01-08 14:00:00,14,0,0,Database,150000,5.991127748298987,3.3826515654137785,0.17230088515421094,0.0,0,1,0,0
2024-01-08 14:00:00,14,0,0,Media,200000,2.6339733355778896,1.3674850897703312,2.6261922008140655,3.1296535369881315,0,0,1,0
2024-01-08 14:00:00,14,0,0,Compute,250000,4.266785346885681,0.19886693240853967,2.14475004980317,2.13965661830834,1,0,0,0
2024-01-08 15:00:00,15,0,0,Web,100000,0.0,1.6702603961945799,2.57184599868619,3.07518636604838,0,0,0,1
2024-01-08 15:00:00,15,0,0,Database,150000,0.0,0.5870569123875563,1.570098211667322,1.0445781753526437,0,1,0,0
2024-01-08 15:00:00,15,0,0,Media,200000,3.1296535369881315,0.858475118966081,2.3716872154119404,2.6206435661838814,0,0,1,0
2024-01-08 15:00:00,15,0,0,Compute,250000,2.13965661830834,0.4984011943175275,2.294517180757664,2.439190880217328,1,0,0,0
2024-01-08 16:00:00,16,0,0,Web,100000,3.07518636604838,2.357346106856976,2.915388854017388,3.7622720767107762,0,0,0,1
2024-01-08 16:00:00,16,0,0,Database,150000,1.0445781753526437,2.4450687854356117,3.062117120976706,4.028615993971412,0,1,0,0
2024-01-08 16:00:00,16,0,0,Media,200000,2.6206435661838814,4.88365992277751,0.0,0.0,0,0,1,0
2024-01-08 16:00:00,16,0,0,Compute,250000,2.439190880217328,6.765849605624767,0.0,0.0,1,0,0,0
2024-01-08 17:00:00,17,0,0,Web,100000,3.7622720767107762,3.0292801325567216,3.251355866867261,4.434206102410522,0,0,0,1
2024-01-08 17:00:00,17,0,0,Database,150000,4.028615993971412,3.5872192193880097,3.633192337952905,5.17076642792381,0,1,0,0
2024-01-08 17:00:00,17,0,0,Media,200000,0.0,3.0859129981422124,0.4235370964599938,0.0,0,0,1,0
2024-01-08 17:00:00,17,0,0,Compute,250000,0.0,5.603550159239086,0.0,0.0,1,0,0,0
2024-01-08 18:00:00,18,0,0,Web,100000,4.434206102410522,0.32114840262380273,1.8972900019008014,1.726074372477603,0,0,0,1
2024-01-08 18:00:00,18,0,0,Database,150000,5.17076642792381,2.816558618653788,3.2478620375857945,4.400105827189588,0,1,0,0
2024-01-08 18:00:00,18,0,0,Media,200000,0.0,5.416827506905144,4.650863409381472,7.178995954122944,0,0,1,0
2024-01-08 18:00:00,18,0,0,Compute,250000,0.0,1.5729366559065532,2.8317849115521767,3.513726341806353,1,0,0,0
2024-01-08 19:00:00,19,0,0,Web,100000,1.726074372477603,1.1391940293592848,1.1911627255114576,0.3138198196989155,0,0,0,1
2024-01-08 19:00:00,19,0,0,Database,150000,4.400105827189588,2.7034358043567877,0.5119087656827064,0.0,0,1,0,0
2024-01-08 19:00:00,19,0,0,Media,200000,7.178995954122944,0.05839781461416325,1.9716485632359817,1.8205662618319634,0,0,1,0
2024-01-08 19:00:00,19,0,0,Compute,250000,3.513726341806353,0.9218380512579691,1.6084414975721155,1.0670395138462312,1,0,0,0
2024-01-08 20:00:00,20,0,0,Web,100000,0.3138198196989155,3.069247656788648,0.22613591179677583,0.0,0,0,0,1
2024-01-08 20:00:00,20,0,0,Database,150000,0.0,6.17031089219206,4.92473817435493,7.75385810072786,0,1,0,0
2024-01-08 20:00:00,20,0,0,Media,200000,1.8205662618319634,5.379549145818594,4.632224228838197,7.141717593036393,0,0,1,0
2024-01-08 20:00:00,20,0,0,Compute,250000,1.0670395138462312,3.432189990268485,3.761411578733143,5.372979676168286,1,0,0,0
2024-01-08 21:00:00,21,0,0,Web,100000,0.0,2.7865951330295826,0.3674621736763086,0.0,0,0,0,1
2024-01-08 21:00:00,21,0,0,Database,150000,7.75385810072786,2.589101912494036,3.1341336845059184,4.172649121029837,0,1,0,0
2024-01-08 21:00:00,21,0,0,Media,200000,7.141717593036393,1.9429231680959056,2.9139112399768528,3.7050916153137057,0,0,1,0
2024-01-08 21:00:00,21,0,0,Compute,250000,5.372979676168286,1.351680812214359,2.7211569897060794,3.2924704981141595,1,0,0,0
2024-01-08 22:00:00,22,0,0,Web,100000,0.0,3.773039740733531,3.6232356709556655,5.177965710587332,0,0,0,1
2024-01-08 22:00:00,22,0,0,Database,150000,4.172649121029837,1.9301573681860322,2.8046614123519165,3.5137045767218322,0,1,0,0
2024-01-08 22:00:00,22,0,0,Media,200000,3.7050916153137057,2.2440866485152062,3.064492980186503,4.006255095733007,0,0,1,0
2024-01-08 22:00:00,22,0,0,Compute,250000,3.2924704981141595,1.9347627897188304,3.0126979784583154,3.8755524756186306,1,0,0,0
2024-01-08 23:00:00,23,0,0,Web,100000,5.177965710587332,1.0464181636085177,2.259924882393159,2.451344133462318,0,0,0,1
2024-01-08 23:00:00,23,0,0,Database,150000,3.5137045767218322,5.374877328744751,0.0,0.0,0,1,0,0
2024-01-08 23:00:00,23,0,0,Media,200000,4.006255095733007,0.2749071718338717,2.079903241845836,2.037075619051672,0,0,1,0
2024-01-08 23:00:00,23,0,0,Compute,250000,3.8755524756186306,1.6926198161495758,1.2230506151263123,0.29625774895462453,1,0,0,0
2024-01-09 00:00:00,0,1,0,Web,100000,2.451344133462318,3.863566812522261,0.0,0.0,0,0,0,1
2024-01-09 00:00:00,0,1,0,Database,150000,0.0,5.0694937975046725,4.374329627011236,6.653041006040472,0,1,0,0
2024-01-09 00:00:00,0,1,0,Media,200000,2.037075619051672,5.211029962259311,4.547964637058556,6.973198409477111,0,0,1,0
2024-01-09 00:00:00,0,1,0,Compute,250000,0.29625774895462453,4.101705740489036,4.096169453843418,6.042495426388836,1,0,0,0
2024-01-09 01:00:00,1,1,0,Web,100000,0.0,0.7896841901698238,2.131557895673812,2.194610160023624,0,0,0,1
2024-01-09 01:00:00,1,1,0,Database,150000,6.653041006040472,4.0759193024601705,3.877542379488985,5.65946651099597,0,1,0,0
2024-01-09 01:00:00,1,1,0,Media,200000,6.973198409477111,0.060203481407676625,1.9725513966327384,1.8223719286254767,0,0,1,0
2024-01-09 01:00:00,1,1,0,Compute,250000,6.042495426388836,0.6324357702955381,2.3615344687466693,2.5732254561953383,1,0,0,0
2024-01-09 02:00:00,2,1,0,Web,100000,2.194610160023624,3.3044580509881487,0.10853071469702558,0.0,0,0,0,1
2024-01-09 02:00:00,2,1,0,Database,150000,5.65946651099597,1.2150178530987201,2.4470916548082604,2.79856506163452,0,1,0,0
2024-01-09 02:00:00,2,1,0,Media,200000,1.8223719286254767,0.2052017248754513,2.045050518366626,1.9673701720932515,0,0,1,0
2024-01-09 02:00:00,2,1,0,Compute,250000,2.5732254561953383,3.9320002901055933,0.10336037814830346,0.0,1,0,0,0
2024-01-09 03:00:00,3,1,0,Web,100000,0.0,0.1776352750519907,1.6719421026651047,1.2753785740062096,0,0,0,1
2024-01-09 03:00:00,3,1,0,Database,150000,2.79856506163452,0.2632326311726254,1.7320103522747876,1.3684024565675745,0,1,0,0
2024-01-09 03:00:00,3,1,0,Media,200000,1.9673701720932515,5.41672743953612,4.65081337569696,7.17889588675392,0,0,1,0
2024-01-09 03:00:00,3,1,0,Compute,250000,0.0,2.7066839251424284,3.3986585461701146,4.647473611042229,1,0,0,0
2024-01-09 04:00:00,4,1,0,Web,100000,1.2753785740062096,0.05838025687659804,1.765905929027199,1.4633062267303982,0,0,0,1
2024-01-09 04:00:00,4,1,0,Database,150000,1.3684024565675745,0.7704058690054489,2.224785662761625,2.353953077541249,0,1,0,0
2024-01-09 04:00:00,4,1,0,Media,200000,7.17889588675392,0.15668107391479416,2.020790192886297,1.9188495211325942,0,0,1,0
2024-01-09 04:00:00,4,1,0,Compute,250000,4.647473611042229,0.6327858939888432,1.7529675762066785,1.356091671115357,1,0,0,0
2024-01-09 05:00:00,5,1,0,Web,100000,1.4633062267303982,3.27132553176706,0.12509697430756983,0.0,0,0,0,1
2024-01-09 05:00:00,5,1,0,Database,150000,2.353953077541249,0.4771995724229877,1.6250268816496063,1.1544355153172123,0,1,0,0
2024-01-09 05:00:00,5,1,0,Media,200000,1.9188495211325942,2.26233870955974,0.83532424075123,0.0,0,0,1,0
2024-01-09 05:00:00,5,1,0,Compute,250000,1.356091671115357,3.774990556371639,0.18186524501528067,0.0,1,0,0,0
2024-01-09 06:00:00,6,1,0,Web,100000,0.0,1.5577093832448041,2.5155704922113022,2.9626353530986043,0,0,0,1
2024-01-09 06:00:00,6,1,0,Database,150000,1.1544355153172123,1.1978379194019049,2.4385016879598527,2.781385127937705,0,1,0,0
2024-01-09 06:00:00,6,1,0,Media,200000,0.0,5.384166473706434,0.0,0.0,0,0,1,0
2024-01-09 06:00:00,6,1,0,Compute,250000,0.0,0.39209785208758163,1.8733115971573093,1.5967797130166186,1,0,0,0
2024-01-09 07:00:00,7,1,0,Web,100000,2.9626353530986043,3.0111480973019704,3.242289849239885,4.416074067155771,0,0,0,1
2024-01-09 07:00:00,7,1,0,Database,150000,2.781385127937705,3.2017151562911623,3.4404403064044815,4.785262364826963,0,1,0,0
2024-01-09 07:00:00,7,1,0,Media,200000,0.0,3.1015544682579157,3.493226890057858,4.863722915475716,0,0,1,0
2024-01-09 07:00:00,7,1,0,Compute,250000,1.5967797130166186,0.1407835603065794,2.11570836375219,2.08157324620638,1,0,0,0
2024-01-09 08:00:00,8,1,0,Web,100000,4.416074067155771,2.559179923509653,0.4811697784362734,0.0,0,0,0,1
2024-01-09 08:00:00,8,1,0,Database,150000,4.785262364826963,3.2751404216763818,0.22605645702290933,0.0,0,1,0,0
2024-01-09 08:00:00,8,1,0,Media,200000,4.863722915475716,1.0578586538532726,2.471378982855536,2.820027101071073,0,0,1,0
2024-01-09 08:00:00,8,1,0,Compute,250000,2.08157324620638,1.161884042697689,2.6262586049477448,3.1026737285974892,1,0,0,0
2024-01-09 09:00:00,9,1,0,Web,100000,0.0,3.886037274417396,3.679734437797598,5.290963244271197,0,0,0,1
2024-01-09 09:00:00,9,1,0,Database,150000,0.0,3.3239828906284505,3.5015741735731254,4.9075300991642505,0,1,0,0
2024-01-09 09:00:00,9,1,0,Media,200000,2.820027101071073,0.4207299091957163,1.756128640933242,1.3895264172264838,0,0,1,0
2024-01-09 09:00:00,9,1,0,Compute,250000,3.1026737285974892,3.756661576184808,0.19102973510869603,0.0,1,0,0,0
2024-01-09 10:00:00,10,1,0,Web,100000,5.290963244271197,0.9813637306348935,1.2700778748736532,0.47165011842330673,0,0,0,1
2024-01-09 10:00:00,10,1,0,Database,150000,4.9075300991642505,0.675737524033774,2.177451490275787,2.259284732569574,0,1,0,0
2024-01-09 10:00:00,10,1,0,Media,200000,1.3895264172264838,0.6302936757704122,1.651346757645894,1.179962650651788,0,0,1,0
2024-01-09 10:00:00,10,1,0,Compute,250000,0.0,1.7577262638351676,1.1904973912835164,0.23115130126903272,1,0,0,0
2024-01-09 11:00:00,11,1,0,Web,100000,0.47165011842330673,0.7826983845118967,2.1280649928448483,2.187624354365697,0,0,0,1
2024-01-09 11:00:00,11,1,0,Database,150000,2.259284732569574,1.5359171638340314,1.0956680859440846,0.09571792390616873,0,1,0,0
2024-01-09 11:00:00,11,1,0,Media,200000,1.179962650651788,1.908242190778322,1.012372500141939,0.0,0,0,1,0
2024-01-09 11:00:00,11,1,0,Compute,250000,0.23115130126903272,0.9584024425125187,2.5245178048551598,2.899192128412319,1,0,0,0
2024-01-09 12:00:00,12,1,0,Web,100000,2.187624354365697,1.2300216799898145,1.145748900196193,0.22299216906838581,0,0,0,1
2024-01-09 12:00:00,12,1,0,Database,150000,0.09571792390616873,0.7563571065372564,2.2177612815275287,2.3399043150730563,0,1,0,0
2024-01-09 12:00:00,12,1,0,Media,200000,0.0,0.8436560081585681,2.364277660008184,2.6058244553763683,0,0,1,0
2024-01-09 12:00:00,12,1,0,Compute,250000,2.899192128412319,3.4423309428769238,0.3481950517626382,0.0,1,0,0,0
2024-01-09 13:00:00,13,1,0,Web,100000,0.22299216906838581,1.4677673111984366,1.0268760845918816,0.0,0,0,0,1
2024-01-09 13:00:00,13,1,0,Database,150000,2.3399043150730563,4.3373747593515874,4.008270107934694,5.920921967887387,0,1,0,0
2024-01-09 13:00:00,13,1,0,Media,200000,2.6058244553763683,3.510282477805061,0.21135235662856955,0.0,0,0,1,0
2024-01-09 13:00:00,13,1,0,Compute,250000,0.0,6.374007286513794,0.0,0.0,1,0,0,0
2024-01-09 14:00:00,14,1,0,Web,100000,0.0,5.609579399329735,0.0,0.0,0,0,0,1
2024-01-09 14:00:00,14,1,0,Database,150000,5.920921967887387,0.1113737793322076,1.8952696179250041,1.6949209878680076,0,1,0,0
2024-01-09 14:00:00,14,1,0,Media,200000,0.0,0.11679577370029673,2.0008475427790486,1.878964220918097,0,0,1,0
2024-01-09 14:00:00,14,1,0,Compute,250000,0.0,0.37687650587756283,1.8809222702623187,1.6120010592266374,1,0,0,0
2024-01-09 15:00:00,15,1,0,Web,100000,0.0,3.6666134263877046,3.570022513782752,5.071539396241505,0,0,0,1
2024-01-09 15:00:00,15,1,0,Database,150000,1.6949209878680076,8.042547238911013,0.0,0.0,0,1,0,0
2024-01-09 15:00:00,15,1,0,Media,200000,1.878964220918097,1.211845562894671,2.5483724373762353,2.9740140101124712,0,0,1,0
2024-01-09 15:00:00,15,1,0,Compute,250000,1.6120010592266374,4.70835854501292,4.39949585610536,6.6491482309127194,1,0,0,0
2024-01-09 16:00:00,16,1,0,Web,100000,5.071539396241505,3.4073862342773418,0.057066623052429044,0.0,0,0,0,1
2024-01-09 16:00:00,16,1,0,Database,150000,0.0,1.1634634749718853,1.2818949303751577,0.46817161276831487,0,1,0,0
2024-01-09 16:00:00,16,1,0,Media,200000,2.9740140101124712,2.2827196912880625,0.8251337498870688,0.0,0,0,1,0
2024-01-09 16:00:00,16,1,0,Compute,250000,6.6491482309127194,2.707082077834786,0.7158194842837071,0.0,1,0,0,0
2024-01-09 17:00:00,17,1,0,Web,100000,0.0,1.00282995467132,1.2593447628554402,0.45018389438688033,0,0,0,1
2024-01-09 17:00:00,17,1,0,Database,150000,0.46817161276831487,4.306499790655715,3.9928326235867573,5.890046999191514,0,1,0,0
2024-01-09 17:00:00,17,1,0,Media,200000,0.0,5.536203966064761,4.710551638961281,7.298372413282561,0,0,1,0
2024-01-09 17:00:00,17,1,0,Compute,250000,0.0,1.0318616147226434,1.5534297158397785,0.957015950381557,1,0,0,0
2024-01-09 18:00:00,18,1,0,Web,100000,0.45018389438688033,5.739224581795611,4.606328091486706,7.14415055164941,0,0,0,1
2024-01-09 18:00:00,18,1,0,Database,150000,5.890046999191514,0.13077337055607458,1.9049694135369375,1.7143205790918747,0,1,0,0
2024-01-09 18:00:00,18,1,0,Media,200000,7.298372413282561,5.285117019705443,4.5850081657816215,7.047285466923243,0,0,1,0
2024-01-09 18:00:00,18,1,0,Compute,250000,0.957015950381557,0.3039398885626753,1.9173905789197625,1.684937676541525,1,0,0,0
2024-01-09 19:00:00,19,1,0,Web,100000,7.14415055164941,0.4172174177406329,1.9453245094592164,1.822143387594433,0,0,0,1
2024-01-09 19:00:00,19,1,0,Database,150000,1.7143205790918747,1.1204673575307038,2.399816407024252,2.704014566066504,0,1,0,0
2024-01-09 19:00:00,19,1,0,Media,200000,7.047285466923243,9.560604977704806,6.722752144781303,11.322773424922607,0,0,1,0
2024-01-09 19:00:00,19,1,0,Compute,250000,1.684937676541525,2.577900664136567,3.334266915667184,4.518690350036367,1,0,0,0
2024-01-09 20:00:00,20,1,0,Web,100000,1.822143387594433,2.145837529456591,0.6878409754628045,0.0,0,0,0,1
2024-01-09 20:00:00,20,1,0,Database,150000,2.704014566066504,2.9310375504297737,3.305101503473787,4.514584758965574,0,1,0,0
2024-01-09 20:00:00,20,1,0,Media,200000,11.322773424922607,1.1095415508552244,1.411722820103488,0.7007147755669758,0,0,1,0
2024-01-09 20:00:00,20,1,0,Compute,250000,4.518690350036367,1.4932944883058274,1.3227132790481866,0.4955830767983729,1,0,0,0
2024-01-09 21:00:00,21,1,0,Web,100000,0.0,2.7498480192785335,3.1116398102281666,4.154773989132334,0,0,0,1
2024-01-09 21:00:00,21,1,0,Database,150000,4.514584758965574,0.11730070291565836,1.8982330797167295,1.7008479114514585,0,1,0,0
2024-01-09 21:00:00,21,1,0,Media,200000,0.7007147755669758,0.8597716831376182,2.3723354974977093,2.6219401303554184,0,0,1,0
2024-01-09 21:00:00,21,1,0,Compute,250000,0.4955830767983729,0.06599960519807738,2.078316386197939,2.0067892910978777,1,0,0,0
2024-01-09 22:00:00,22,1,0,Web,100000,4.154773989132334,1.0337933194185043,2.253612460298152,2.4387192892723046,0,0,0,1
2024-01-09 22:00:00,22,1,0,Database,150000,1.7008479114514585,1.2989416319106477,2.489053544214224,2.882488840446448,0,1,0,0
2024-01-09 22:00:00,22,1,0,Media,200000,2.6219401303554184,5.8349447377184465,0.0,0.0,0,0,1,0
2024-01-09 22:00:00,22,1,0,Compute,250000,2.0067892910978777,2.0237619454308007,3.057197556314301,3.9645516313306013,1,0,0,0
2024-01-09 23:00:00,23,1,0,Web,100000,2.4387192892723046,2.970102199093102,0.27570864064454903,0.0,0,0,0,1
2024-01-09 23:00:00,23,1,0,Database,150000,2.882488840446448,4.350941346280434,0.0,0.0,0,1,0,0
2024-01-09 23:00:00,23,1,0,Media,200000,0.0,0.19927767117824732,1.8668547599419765,1.610978655243953,0,0,1,0
2024-01-09 23:00:00,23,1,0,Compute,250000,3.9645516313306013,0.2759869495455628,2.1833100583716814,2.2167766354453633,1,0,0,0
2024-01-10 00:00:00,0,2,0,Web,100000,0.0,2.104562433319042,0.7084785235315789,0.0,0,0,0,1
2024-01-10 00:00:00,0,2,0,Database,150000,0.0,2.517139512606123,3.098152484561962,4.100686721141924,0,1,0,0
2024-01-10 00:00:00,0,2,0,Media,200000,1.610978655243953,4.050569438714921,0.0,0.0,0,0,1,0
2024-01-10 00:00:00,0,2,0,Compute,250000,2.2167766354453633,1.244875185919877,1.4469229302411617,0.7440023791843233,1,0,0,0
2024-01-10 01:00:00,1,2,0,Web,100000,0.0,1.778666344401202,0.871426567990499,0.0,0,0,0,1
2024-01-10 01:00:00,1,2,0,Database,150000,4.100686721141924,0.1638057506202181,1.7817237925509912,1.467829337119982,0,1,0,0
2024-01-10 01:00:00,1,2,0,Media,200000,0.0,0.8606367935439163,2.372768052700858,2.6228052407617164,0,0,1,0
2024-01-10 01:00:00,1,2,0,Compute,250000,0.7440023791843233,3.047722788472834,0.5454991289646831,0.0,1,0,0,0
2024-01-10 02:00:00,2,2,0,Web,100000,0.0,2.1968919719708846,2.8351617865743424,3.601817941824685,0,0,0,1
2024-01-10 02:00:00,2,2,0,Database,150000,1.467829337119982,0.21305104460629917,1.94610825056205,1.7965982531420992,0,1,0,0
2024-01-10 02:00:00,2,2,0,Media,200000,2.6228052407617164,5.699882699537931,0.0,0.0,0,0,1,0
2024-01-10 02:00:00,2,2,0,Compute,250000,0.0,5.899818260793293,0.0,0.0,1,0,0,0
2024-01-10 03:00:00,3,2,0,Web,100000,3.601817941824685,0.0610018183901337,1.7302588309960332,1.3920120306680666,0,0,0,1
2024-01-10 03:00:00,3,2,0,Database,150000,1.7965982531420992,0.6869458929612623,1.5201537213804692,0.9446891947789378,0,1,0,0
2024-01-10 03:00:00,3,2,0,Media,200000,0.0,0.3343042803261005,1.7993414553680498,1.4759520460960998,0,0,1,0
2024-01-10 03:00:00,3,2,0,Compute,250000,0.0,0.10799130919285393,2.015364868604673,1.8808862559113464,1,0,0,0
2024-01-10 04:00:00,4,2,0,Web,100000,1.3920120306680666,0.7007234581327421,2.087077529655271,2.1056494279865423,0,0,0,1
2024-01-10 04:00:00,4,2,0,Database,150000,0.9446891947789378,2.866992769147099,3.27307911283245,4.450539977682899,0,1,0,0
2024-01-10 04:00:00,4,2,0,Media,200000,1.4759520460960998,3.3573586423548742,0.2878142743536629,0.0,0,0,1,0
2024-01-10 04:00:00,4,2,0,Compute,250000,1.8808862559113464,3.539958718304584,0.299381164048808,0.0,1,0,0,0
2024-01-10 05:00:00,5,2,0,Web,100000,2.1056494279865423,3.3040155132643476,0.10875198355892612,0.0,0,0,0,1
2024-01-10 05:00:00,5,2,0,Database,150000,4.450539977682899,0.8907939411083207,2.2849796988130606,2.474341149644121,0,1,0,0
2024-01-10 05:00:00,5,2,0,Media,200000,0.0,3.7588860755415365,3.8218926936996684,5.521054522759337,0,0,1,0
2024-01-10 05:00:00,5,2,0,Compute,250000,0.0,1.3180622543207317,1.4103293960407344,0.6708153107834687,1,0,0,0
2024-01-10 06:00:00,6,2,0,Web,100000,0.0,7.529143472081164,0.0,0.0,0,0,0,1
2024-01-10 06:00:00,6,2,0,Database,150000,2.474341149644121,5.136022527433327,0.0,0.0,0,1,0,0
2024-01-10 06:00:00,6,2,0,Media,200000,5.521054522759337,2.523154107990235,0.7049165415359826,0.0,0,0,1,0
2024-01-10 06:00:00,6,2,0,Compute,250000,0.6708153107834687,1.6972306020878445,1.220745222157178,0.29164696301635584,1,0,0,0
2024-01-10 07:00:00,7,2,0,Web,100000,0.0,1.2492098213663794,1.1361548295079102,0.20380402769182093,0,0,0,1
2024-01-10 07:00:00,7,2,0,Database,150000,0.0,0.1397873085449512,1.9094763825313759,1.7233345170807512,0,1,0,0
2024-01-10 07:00:00,7,2,0,Media,200000,0.0,0.9592829320695414,1.4868521294963295,0.8509733943526587,0,0,1,0
2024-01-10 07:00:00,7,2,0,Compute,250000,0.29164696301635584,3.1720627712324214,3.6313479692151107,5.112852457132222,1,0,0,0
2024-01-10 08:00:00,8,2,0,Web,100000,0.20380402769182093,2.052095856646306,0.734711811867947,0.0,0,0,0,1
2024-01-10 08:00:00,8,2,0,Database,150000,1.7233345170807512,2.610997818028829,0.5581277588466858,0.0,0,1,0,0
2024-01-10 08:00:00,8,2,0,Media,200000,0.8509733943526587,1.460670555163585,2.672784933510693,3.2228390023813853,0,0,1,0
2024-01-10 08:00:00,8,2,0,Compute,250000,5.112852457132222,4.630970149380558,0.0,0.0,1,0,0,0
2024-01-10 09:00:00,9,2,0,Web,100000,0.0,1.1931190555622067,2.333275328370003,2.598045025416007,0,0,0,1
2024-01-10 09:00:00,9,2,0,Database,150000,0.0,0.3317034907810006,2.0054344736494008,1.9152506993168006,0,1,0,0
2024-01-10 09:00:00,9,2,0,Media,200000,3.2228390023813853,0.4663714093567022,1.733307890852749,1.3438849170654978,0,0,1,0
2024-01-10 09:00:00,9,2,0,Compute,250000,0.0,4.788872261049987,4.439752714123894,6.729661946949787,1,0,0,0
2024-01-10 10:00:00,10,2,0,Web,100000,2.598045025416007,1.890666275486354,0.8154266024479231,0.0,0,0,0,1
2024-01-10 10:00:00,10,2,0,Database,150000,1.9152506993168006,6.204938451174436,4.942051953846118,7.788485659710235,0,1,0,0
2024-01-10 10:00:00,10,2,0,Media,200000,1.3438849170654978,0.7003382872864978,1.6163244518878512,1.1099180391357022,0,0,1,0
2024-01-10 10:00:00,10,2,0,Compute,250000,6.729661946949787,3.855093274512884,0.14181388594465805,0.0,1,0,0,0
2024-01-10 11:00:00,11,2,0,Web,100000,0.0,0.2338026825866759,1.853617141882238,1.638728652440476,0,0,0,1
2024-01-10 11:00:00,11,2,0,Database,150000,7.788485659710235,3.2527795405585045,0.23723689758184796,0.0,0,1,0,0
2024-01-10 11:00:00,11,2,0,Media,200000,1.1099180391357022,2.2793114830427004,0.8268378540097499,0.0,0,0,1,0
2024-01-10 11:00:00,11,2,0,Compute,250000,0.0,1.2151438396486736,2.652888503423237,3.1559335255484737,1,0,0,0
2024-01-10 12:00:00,12,2,0,Web,100000,1.638728652440476,1.6907902055525745,2.5821109033651872,3.0957161754063747,0,0,0,1
2024-01-10 12:00:00,12,2,0,Database,150000,0.0,1.8905470403649745,0.9183531476786131,0.0,0,1,0,0
2024-01-10 12:00:00,12,2,0,Media,200000,0.0,2.986259374741402,3.435579343299601,4.748427821959202,0,0,1,0
2024-01-10 12:00:00,12,2,0,Compute,250000,3.1559335255484737,3.496567213665602,3.793600190431701,5.437356899565402,1,0,0,0
2024-01-10 13:00:00,13,2,0,Web,100000,3.0957161754063747,4.332949209292074,3.9031904052349367,5.737875179145874,0,0,0,1
2024-01-10 13:00:00,13,2,0,Database,150000,0.0,1.6122841609793666,2.6457248087485836,3.1958313695151666,0,1,0,0
2024-01-10 13:00:00,13,2,0,Media,200000,4.748427821959202,4.114330075859296,3.999614693858548,5.876498523077096,0,0,1,0
2024-01-10 13:00:00,13,2,0,Compute,250000,5.437356899565402,5.666439223524374,0.0,0.0,1,0,0,0
2024-01-10 14:00:00,14,2,0,Web,100000,5.737875179145874,0.9777635854875877,1.271877947447306,0.4752502635706125,0,0,0,1
2024-01-10 14:00:00,14,2,0,Database,150000,3.1958313695151666,2.6250597085724787,0.5510968135748608,0.0,0,1,0,0
2024-01-10 14:00:00,14,2,0,Media,200000,5.876498523077096,0.3817215229843762,2.133310417421088,2.1438899702021765,0,0,1,0
2024-01-10 14:00:00,14,2,0,Compute,250000,0.0,1.738391597192412,1.2001647246048943,0.25048596791178834,1,0,0,0
2024-01-10 15:00:00,15,2,0,Web,100000,0.4752502635706125,0.5225174654513971,1.4995010074654014,0.9304963836068031,0,0,0,1
2024-01-10 15:00:00,15,2,0,Database,150000,0.0,5.670568580214349,4.674867018366075,7.254115788750148,0,1,0,0
2024-01-10 15:00:00,15,2,0,Media,200000,2.1438899702021765,0.5332033288633349,1.6998919310994327,1.2770529975588651,0,0,1,0
2024-01-10 15:00:00,15,2,0,Compute,250000,0.25048596791178834,1.2654208911728417,2.678027029185321,3.2062105770726417,1,0,0,0
2024-01-10 16:00:00,16,2,0,Web,100000,0.9304963836068031,0.7208519293749056,1.4003337755036471,0.7321619196832946,0,0,0,1
2024-01-10 16:00:00,16,2,0,Database,150000,7.254115788750148,0.251183803472701,1.9651746299952508,1.834731012008501,0,1,0,0
2024-01-10 16:00:00,16,2,0,Media,200000,1.2770529975588651,0.04209398091041437,1.9634966463841073,1.8042624281282145,0,0,1,0
2024-01-10 16:00:00,16,2,0,Compute,250000,3.2062105770726417,1.3690161375216785,2.7298246523597394,3.3098058234214784,1,0,0,0
2024-01-10 17:00:00,17,2,0,Web,100000,0.7321619196832946,3.519966546243731,3.4966990737107655,4.924892516097531,0,0,0,1
2024-01-10 17:00:00,17,2,0,Database,150000,1.834731012008501,4.966225932412189,4.322695694464994,6.5497731409479885,0,1,0,0
2024-01-10 17:00:00,17,2,0,Media,200000,1.8042624281282145,0.9529041853297006,2.4189017485937505,2.7150726325475008,0,0,1,0
2024-01-10 17:00:00,17,2,0,Compute,250000,3.3098058234214784,1.7926845977090065,2.941658882453403,3.733474283608807,1,0,0,0
2024-01-10 18:00:00,18,2,0,Web,100000,4.924892516097531,3.4766374671589007,0.022441006611649605,0.0,0,0,0,1
2024-01-10 18:00:00,18,2,0,Database,150000,6.5497731409479885,0.28767416684906166,1.7197895844365694,1.3439609208911385,0,1,0,0
2024-01-10 18:00:00,18,2,0,Media,200000,2.7150726325475008,2.844912334252967,3.3649058230553837,4.607080781470767,0,0,1,0
2024-01-10 18:00:00,18,2,0,Compute,250000,3.733474283608807,2.6219498548536593,3.35629151102573,4.562739540753459,1,0,0,0
2024-01-10 19:00:00,19,2,0,Web,100000,0.0,0.6588731379873506,2.0661523695825754,2.0637991078411506,0,0,0,1
2024-01-10 19:00:00,19,2,0,Database,150000,1.3439609208911385,2.6832258183060573,3.1811956374119292,4.266773026841857,0,1,0,0
2024-01-10 19:00:00,19,2,0,Media,200000,4.607080781470767,1.4963440665836567,2.6906216892207286,3.258512513801457,0,0,1,0
2024-01-10 19:00:00,19,2,0,Compute,250000,4.562739540753459,3.6249627143801644,3.8577979407889824,5.5657524002799645,1,0,0,0
2024-01-10 20:00:00,20,2,0,Web,100000,2.0637991078411506,0.8921214104735333,2.1827765058256667,2.2970473803273337,0,0,0,1
2024-01-10 20:00:00,20,2,0,Database,150000,4.266773026841857,1.091138886315304,1.3180572247034483,0.5404962014248962,0,1,0,0
2024-01-10 20:00:00,20,2,0,Media,200000,3.258512513801457,1.031567710401271,2.4582335111295355,2.793736157619071,0,0,1,0
2024-01-10 20:00:00,20,2,0,Compute,250000,5.5657524002799645,8.815827067160527,0.0,0.0,1,0,0,0
2024-01-10 21:00:00,21,2,0,Web,100000,2.2970473803273337,1.1727011487573484,2.323066374967574,2.5776271186111486,0,0,0,1
2024-01-10 21:00:00,21,2,0,Database,150000,0.5404962014248962,10.96928241524655,0.0,0.0,0,1,0,0
2024-01-10 21:00:00,21,2,0,Media,200000,2.793736157619071,5.194434161818454,0.0,0.0,0,0,1,0
2024-01-10 21:00:00,21,2,0,Compute,250000,0.0,1.3793497424251526,2.7349914548114764,3.3201394283249526,1,0,0,0
2024-01-10 22:00:00,22,2,0,Web,100000,2.5776271186111486,1.4566319514025858,2.4650317762901928,2.861557921256386,0,0,0,1
2024-01-10 22:00:00,22,2,0,Database,150000,0.0,3.511330280021991,0.10796152785010471,0.0,0,1,0,0
2024-01-10 22:00:00,22,2,0,Media,200000,0.0,2.160350065239016,0.886318562911592,0.0,0,0,1,0
2024-01-10 22:00:00,22,2,0,Compute,250000,3.3201394283249526,4.135666905444596,4.113150036321198,6.076456591344396,1,0,0,0
2024-01-10 23:00:00,23,2,0,Web,100000,2.861557921256386,1.4761343343202287,1.0226925730309857,0.0,0,0,0,1
2024-01-10 23:00:00,23,2,0,Database,150000,0.0,6.7528048768111555,5.215985166664478,8.336352085346956,0,1,0,0
2024-01-10 23:00:00,23,2,0,Media,200000,0.0,0.029803499131238448,1.9515918459654809,1.7804528272909617,0,0,1,0
2024-01-10 23:00:00,23,2,0,Compute,250000,6.076456591344396,1.2481524702460005,2.6693928187219003,3.1889421561458007,1,0,0,0
2024-01-11 00:00:00,0,3,0,Web,100000,0.0,4.874667135098023,4.174049368137911,6.279593104951823,0,0,0,1
2024-01-11 00:00:00,0,3,0,Database,150000,8.336352085346956,0.41712528818245864,2.0481453723501297,2.0006724967182588,0,1,0,0
2024-01-11 00:00:00,0,3,0,Media,200000,1.7804528272909617,3.0310758816746035,0.4509556546937983,0.0,0,0,1,0
2024-01-11 00:00:00,0,3,0,Compute,250000,3.1889421561458007,0.3532262946850704,1.892747375858565,1.63565127041913,1,0,0,0
2024-01-11 01:00:00,1,3,0,Web,100000,6.279593104951823,0.13087614817247278,1.6953216661048636,1.3221377008857274,0,0,0,1
2024-01-11 01:00:00,1,3,0,Database,150000,2.0006724967182588,4.118268896206897,0.0,0.0,0,1,0,0
2024-01-11 01:00:00,1,3,0,Media,200000,0.0,0.7915401536246701,1.570723518718765,1.01871617279753,0,0,1,0
2024-01-11 01:00:00,1,3,0,Compute,250000,1.63565127041913,2.25062022159451,0.9440504124038451,0.0,1,0,0,0
2024-01-11 02:00:00,2,3,0,Web,100000,1.3221377008857274,2.797117211164502,3.135274406171151,4.202043181018302,0,0,0,1
2024-01-11 02:00:00,2,3,0,Database,150000,0.0,0.12787956215796686,1.9035225093378838,1.711426770693767,0,1,0,0
2024-01-11 02:00:00,2,3,0,Media,200000,1.01871617279753,0.8724311870449101,1.530278002008645,0.9378251393772901,0,0,1,0
2024-01-11 02:00:00,2,3,0,Compute,250000,0.0,0.34258973146992877,1.8980656574661356,1.6462878336342714,1,0,0,0
2024-01-11 03:00:00,3,3,0,Web,100000,4.202043181018302,0.6934099948206983,2.083420797999249,2.0983359646744986,0,0,0,1
2024-01-11 03:00:00,3,3,0,Database,150000,1.711426770693767,1.8744865386715395,2.77682599759467,3.4580337472073395,0,1,0,0
2024-01-11 03:00:00,3,3,0,Media,200000,0.9378251393772901,3.023180625610344,0.45490328272592806,0.0,0,0,1,0
2024-01-11 03:00:00,3,3,0,Compute,250000,1.6462878336342714,3.1488068374660156,0.49495710446809227,0.0,1,0,0,0
2024-01-11 04:00:00,4,3,0,Web,100000,2.0983359646744986,3.33808158580979,3.405756593493795,4.74300755566359,0,0,0,1
2024-01-11 04:00:00,4,3,0,Database,150000,3.4580337472073395,1.261054556216392,1.2330993897529043,0.3705805315238082,0,1,0,0
2024-01-11 04:00:00,4,3,0,Media,200000,0.0,4.274570217392823,0.0,0.0,0,0,1,0
2024-01-11 04:00:00,4,3,0,Compute,250000,0.0,1.355482067751514,2.723057617474657,3.296271753651314,1,0,0,0
2024-01-11 05:00:00,5,3,0,Web,100000,4.74300755566359,1.4141533577002607,2.4437924794390304,2.8190793275540607,0,0,0,1
2024-01-11 05:00:00,5,3,0,Database,150000,0.3705805315238082,4.61618971137232,0.0,0.0,0,1,0,0
2024-01-11 05:00:00,5,3,0,Media,200000,0.0,0.7124890859930189,2.2986941989254097,2.474657533210819,0,0,1,0
2024-01-11 05:00:00,5,3,0,Compute,250000,3.296271753651314,2.230793216887321,3.160713192042561,4.171582902787121,1,0,0,0
2024-01-11 06:00:00,6,3,0,Web,100000,2.8190793275540607,1.1472032947209894,2.3103174479493944,2.5521292645747895,0,0,0,1
2024-01-11 06:00:00,6,3,0,Database,150000,0.0,1.919988390886386,2.799576923702093,3.503535599422186,0,1,0,0
2024-01-11 06:00:00,6,3,0,Media,200000,2.474657533210819,4.2368512338744475,0.0,0.0,0,0,1,0
2024-01-11 06:00:00,6,3,0,Compute,250000,4.171582902787121,1.0171644045907868,2.5538987858942934,2.957954090490587,1,0,0,0
2024-01-11 07:00:00,7,3,0,Web,100000,2.5521292645747895,0.9319032180135397,1.2948081311843302,0.5211106310446605,0,0,0,1
2024-01-11 07:00:00,7,3,0,Database,150000,3.503535599422186,1.4724144157761345,1.1274194599730332,0.15922067196406564,0,1,0,0
2024-01-11 07:00:00,7,3,0,Media,200000,0.0,2.6357107678613794,3.26030503985959,4.39787921507918,0,0,1,0
2024-01-11 07:00:00,7,3,0,Compute,250000,2.957954090490587,4.46186747162489,4.276250319411345,6.40265715752469,1,0,0,0
2024-01-11 08:00:00,8,3,0,Web,100000,0.5211106310446605,5.407154103403277,4.440292852290538,6.812080073257077,0,0,0,1
2024-01-11 08:00:00,8,3,0,Database,150000,0.15922067196406564,3.9684675541199153,3.8238165053188578,5.552014762655715,0,1,0,0
2024-01-11 08:00:00,8,3,0,Media,200000,4.39787921507918,0.3532464844927511,1.7898703532847247,1.457009841929449,0,0,1,0
2024-01-11 08:00:00,8,3,0,Compute,250000,6.40265715752469,1.0822044286812293,2.5864187979395146,3.0229941145810297,1,0,0,0
2024-01-11 09:00:00,9,3,0,Web,100000,6.812080073257077,2.324512554954931,2.8989720780663655,3.729438524808731,0,0,0,1
2024-01-11 09:00:00,9,3,0,Database,150000,5.552014762655715,0.3875777875005859,2.0333716220091933,1.971124996036386,0,1,0,0
2024-01-11 09:00:00,9,3,0,Media,200000,1.457009841929449,0.41633650333683314,2.150617907597317,2.1785049505546334,0,0,1,0
2024-01-11 09:00:00,9,3,0,Compute,250000,3.0229941145810297,2.495303335230746,3.2929682512142735,4.436093021130547,1,0,0,0
2024-01-11 10:00:00,10,3,0,Web,100000,3.729438524808731,0.20189187767999664,1.6598138013511017,1.2511219713782036,0,0,0,1
2024-01-11 10:00:00,10,3,0,Database,150000,1.971124996036386,2.2119047487231844,0.757674293499508,0.0,0,1,0,0
2024-01-11 10:00:00,10,3,0,Media,200000,2.1785049505546334,1.2674631371097755,1.3327620269762124,0.5427931893124247,0,0,1,0
2024-01-11 10:00:00,10,3,0,Compute,250000,4.436093021130547,1.9257750728034273,3.008204120000614,3.8665647587032277,1,0,0,0
2024-01-11 11:00:00,11,3,0,Web,100000,1.2511219713782036,0.033023813202067195,1.7532277071899336,1.4379497830558674,0,0,0,1
2024-01-11 11:00:00,11,3,0,Database,150000,0.0,1.0446738702072136,2.361919663362507,2.628221078743014,0,1,0,0
2024-01-11 11:00:00,11,3,0,Media,200000,0.5427931893124247,2.0342816662087695,2.959590489033285,3.7964501134265696,0,0,1,0
2024-01-11 11:00:00,11,3,0,Compute,250000,3.8665647587032277,1.148568328295029,1.4950763590535856,0.8403092368091714,1,0,0,0
2024-01-11 12:00:00,12,3,0,Web,100000,1.4379497830558674,2.292788430491618,2.883110015834709,3.6977144003454185,0,0,0,1
2024-01-11 12:00:00,12,3,0,Database,150000,2.628221078743014,1.1605717499773833,2.419868603247592,2.7441189585131833,0,1,0,0
2024-01-11 12:00:00,12,3,0,Media,200000,3.7964501134265696,3.7284832003366355,0.10225199536278229,0.0,0,0,1,0
2024-01-11 12:00:00,12,3,0,Compute,250000,0.8403092368091714,4.350958313160933,4.2207957401793665,6.291747999060733,1,0,0,0
2024-01-11 13:00:00,13,3,0,Web,100000,3.6977144003454185,1.5262781708729485,0.9976206547546258,0.0,0,0,0,1
2024-01-11 13:00:00,13,3,0,Database,150000,2.7441189585131833,4.989329969157752,0.0,0.0,0,1,0,0
2024-01-11 13:00:00,13,3,0,Media,200000,0.0,3.159175068361107,0.3869060613505466,0.0,0,0,1,0
2024-01-11 13:00:00,13,3,0,Compute,250000,6.291747999060733,3.0871794216371655,0.5257708123825173,0.0,1,0,0,0
2024-01-11 14:00:00,14,3,0,Web,100000,0.0,0.1805638955748004,1.8269977483763002,1.5854898654286007,0,0,0,1
2024-01-11 14:00:00,14,3,0,Database,150000,0.0,0.8455954562409115,1.4408289397406446,0.7860396314992886,0,1,0,0
2024-01-11 14:00:00,14,3,0,Media,200000,0.0,1.0345398425239787,1.4492236742691107,0.7757164838982216,0,0,1,0
2024-01-11 14:00:00,14,3,0,Compute,250000,0.0,1.8831498360496368,2.9868915016237185,3.8239395219494368,1,0,0,0
2024-01-11 15:00:00,15,3,0,Web,100000,1.5854898654286007,1.0436700231803113,2.2585508121790556,2.4485959930341115,0,0,0,1
2024-01-11 15:00:00,15,3,0,Database,150000,0.7860396314992886,0.9721875515350588,2.3256765040264296,2.555734760070859,0,1,0,0
2024-01-11 15:00:00,15,3,0,Media,200000,0.7757164838982216,1.253529311588278,2.569214311723039,3.015697758806078,0,0,1,0
2024-01-11 15:00:00,15,3,0,Compute,250000,3.8239395219494368,1.872447943608915,2.981540555403358,3.8132376295087154,1,0,0,0
2024-01-11 16:00:00,16,3,0,Web,100000,2.4485959930341115,6.347903964934529,0.0,0.0,0,0,0,1
2024-01-11 16:00:00,16,3,0,Database,150000,2.555734760070859,1.1173586963955837,1.3049473196633086,0.5142763913446164,0,1,0,0
2024-01-11 16:00:00,16,3,0,Media,200000,3.015697758806078,6.564674133070622,0.0,0.0,0,0,1,0
2024-01-11 16:00:00,16,3,0,Compute,250000,3.8132376295087154,0.13222371999558624,2.1114284435966932,2.0730134058953866,1,0,0,0
2024-01-11 17:00:00,17,3,0,Web,100000,0.0,0.037942856275235956,1.741788312053482,1.4150709927829643,0,0,0,1
2024-01-11 17:00:00,17,3,0,Database,150000,0.5142763913446164,3.1606407639712404,3.4199031102445208,4.74418797250704,0,1,0,0
2024-01-11 17:00:00,17,3,0,Media,200000,0.0,3.5869471177655625,3.7359232148116814,5.349115564983363,0,0,1,0
2024-01-11 17:00:00,17,3,0,Compute,250000,2.0730134058953866,0.632369084359302,2.361501125778551,2.573158770259102,1,0,0,0
2024-01-11 18:00:00,18,3,0,Web,100000,1.4150709927829643,1.5251271717928996,0.9981961542946503,0.0,0,0,0,1
2024-01-11 18:00:00,18,3,0,Database,150000,4.74418797250704,1.4795272772394137,2.579346366878607,3.0630744857752137,0,1,0,0
2024-01-11 18:00:00,18,3,0,Media,200000,5.349115564983363,1.6077968515751406,1.16259516974353,0.20245947484705962,0,0,1,0
2024-01-11 18:00:00,18,3,0,Compute,250000,2.573158770259102,0.028221893932246694,2.055249576234977,1.9606556711719536,1,0,0,0
2024-01-11 19:00:00,19,3,0,Web,100000,0.0,2.982452890484503,3.2279422458311515,4.387378860338304,0,0,0,1
2024-01-11 19:00:00,19,3,0,Database,150000,3.0630744857752137,1.6973579775704708,1.014947679075865,0.0,0,1,0,0
2024-01-11 19:00:00,19,3,0,Media,200000,0.20245947484705962,2.4410798573297026,3.1629895845937517,4.203248304547503,0,0,1,0
2024-01-11 19:00:00,19,3,0,Compute,250000,1.9606556711719536,2.0562480456791072,3.073440606438454,3.9970377315789074,1,0,0,0
2024-01-11 20:00:00,20,3,0,Web,100000,4.387378860338304,2.8884193909946645,0.3165500446937677,0.0,0,0,0,1
2024-01-11 20:00:00,20,3,0,Database,150000,0.0,2.945726324254403,3.312445890386102,4.529273532790203,0,1,0,0
2024-01-11 20:00:00,20,3,0,Media,200000,4.203248304547503,2.119742975716715,3.002321143787258,3.8819114229345155,0,0,1,0
2024-01-11 20:00:00,20,3,0,Compute,250000,3.9970377315789074,0.3298216017201723,2.210227384458986,2.2706112876199724,1,0,0,0
2024-01-11 21:00:00,21,3,0,Web,100000,0.0,2.3110143136851566,0.6052525833485216,0.0,0,0,0,1
2024-01-11 21:00:00,21,3,0,Database,150000,4.529273532790203,2.60166199532891,0.5627956701966452,0.0,0,1,0,0
2024-01-11 21:00:00,21,3,0,Media,200000,3.8819114229345155,1.6370316703112675,1.1479777603754664,0.17322465611093274,0,0,1,0
2024-01-11 21:00:00,21,3,0,Compute,250000,2.2706112876199724,1.65182732947808,2.87123024833794,3.59261701537788,1,0,0,0
2024-01-11 22:00:00,22,3,0,Web,100000,0.0,2.8909194418063935,0.3153000192879032,0.0,0,0,0,1
2024-01-11 22:00:00,22,3,0,Database,150000,0.0,1.3365806854618099,2.507873070989805,2.92012789399761,0,1,0,0
2024-01-11 22:00:00,22,3,0,Media,200000,0.17322465611093274,3.7493105262373776,0.09183833241241124,0.0,0,0,1,0
2024-01-11 22:00:00,22,3,0,Compute,250000,3.59261701537788,0.6362496929187468,1.7512356767417268,1.3526278721854534,1,0,0,0
2024-01-11 23:00:00,23,3,0,Web,100000,0.0,0.35298720332422584,1.9132094022510129,1.757913173178026,0,0,0,1
2024-01-11 23:00:00,23,3,0,Database,150000,2.92012789399761,7.35943437477895,5.519299915648375,8.94298158331475,0,1,0,0
2024-01-11 23:00:00,23,3,0,Media,200000,0.0,4.155990906163303,0.0,0.0,0,0,1,0
2024-01-11 23:00:00,23,3,0,Compute,250000,1.3526278721854534,4.4400876390726,4.2653604031352,6.3808773249724,1,0,0,0
2024-01-12 00:00:00,0,4,0,Web,100000,1.757913173178026,0.4735711815640401,1.97350139137092,1.8784971514178403,0,0,0,1
2024-01-12 00:00:00,0,4,0,Database,150000,8.94298158331475,1.2575596936500895,2.468362575083945,2.8411069021858895,0,1,0,0
2024-01-12 00:00:00,0,4,0,Media,200000,0.0,0.37908767976681357,2.131993495812307,2.1412561269846138,0,0,1,0
2024-01-12 00:00:00,0,4,0,Compute,250000,6.3808773249724,1.358224394187899,2.7244287806928495,3.2990140800876993,1,0,0,0
2024-01-12 01:00:00,1,4,0,Web,100000,1.8784971514178403,0.48509925268825316,1.5182101138469735,0.967914596369947,0,0,0,1
2024-01-12 01:00:00,1,4,0,Database,150000,2.8411069021858895,4.386194483974575,4.032679970246187,5.969741692510374,0,1,0,0
2024-01-12 01:00:00,1,4,0,Media,200000,2.1412561269846138,1.3934573722763672,1.2697649093929164,0.416798954145833,0,0,1,0
2024-01-12 01:00:00,1,4,0,Compute,250000,3.2990140800876993,3.4207476561399432,3.755690411668872,5.361537342039743,1,0,0,0
2024-01-12 02:00:00,2,4,0,Web,100000,0.967914596369947,1.9571453002412686,0.7821870900704657,0.0,0,0,0,1
2024-01-12 02:00:00,2,4,0,Database,150000,5.969741692510374,0.20479947880606086,1.76122692845807,1.4268356089341392,0,1,0,0
2024-01-12 02:00:00,2,4,0,Media,200000,0.416798954145833,3.2399315964728577,0.3465277972946712,0.0,0,0,1,0
2024-01-12 02:00:00,2,4,0,Compute,250000,5.361537342039743,1.3891151006447597,2.7398741339212798,3.32990478654456,1,0,0,0
2024-01-12 03:00:00,3,4,0,Web,100000,0.0,4.359421810381802,3.916426705779801,5.764347780235601,0,0,0,1
2024-01-12 03:00:00,3,4,0,Database,150000,1.4268356089341392,0.2561124790647622,1.7355704283287192,1.3755226086754377,0,1,0,0
2024-01-12 03:00:00,3,4,0,Media,200000,0.0,0.6147010357139285,1.6591430776741358,1.1955552907082716,0,0,1,0
2024-01-12 03:00:00,3,4,0,Compute,250000,3.32990478654456,3.3678948288059805,0.38541310879810986,0.0,1,0,0,0
2024-01-12 04:00:00,4,4,0,Web,100000,5.764347780235601,0.7119219002591243,1.404798790061538,0.7410919487990759,0,0,0,1
2024-01-12 04:00:00,4,4,0,Database,150000,1.3755226086754377,4.8024267187667835,0.0,0.0,0,1,0,0
2024-01-12 04:00:00,4,4,0,Media,200000,1.1955552907082716,2.7626778997586814,0.5851546456517593,0.0,0,0,1,0
2024-01-12 04:00:00,4,4,0,Compute,250000,0.0,0.7044020779296062,2.3975176225637034,2.6451917638294065,1,0,0,0
2024-01-12 05:00:00,5,4,0,Web,100000,0.7410919487990759,3.9810835328263883,3.727257567002094,5.386009502680189,0,0,0,1
2024-01-12 05:00:00,5,4,0,Database,150000,0.0,8.45167652329071,6.065420989904255,10.03522373182651,0,1,0,0
2024-01-12 05:00:00,5,4,0,Media,200000,0.0,1.7837991948149021,1.0745939981236492,0.026457131607298123,0,0,1,0
2024-01-12 05:00:00,5,4,0,Compute,250000,2.6451917638294065,4.329944409538521,4.21028878836816,6.27073409543832,1,0,0,0
2024-01-12 06:00:00,6,4,0,Web,100000,5.386009502680189,0.7553013808071437,2.114366490992472,2.1602273506609437,0,0,0,1
2024-01-12 06:00:00,6,4,0,Database,150000,10.03522373182651,0.4777868798413276,1.6247332279404365,1.1538482078988725,0,1,0,0
2024-01-12 06:00:00,6,4,0,Media,200000,0.026457131607298123,1.3218272947806566,2.6033633033192283,3.0839957419984567,0,0,1,0
2024-01-12 06:00:00,6,4,0,Compute,250000,6.27073409543832,0.20979339064207755,2.150213278919939,2.150583076541878,1,0,0,0
2024-01-12 07:00:00,7,4,0,Web,100000,2.1602273506609437,0.3552311164388555,1.9143313588083277,1.7601570862926557,0,0,0,1
2024-01-12 07:00:00,7,4,0,Database,150000,1.1538482078988725,1.2490434280822076,1.2391049538199965,0.3825916596579926,0,1,0,0
2024-01-12 07:00:00,7,4,0,Media,200000,3.0839957419984567,4.218372918998752,0.0,0.0,0,0,1,0
2024-01-12 07:00:00,7,4,0,Compute,250000,2.150583076541878,4.654919547168445,0.0,0.0,1,0,0,0
2024-01-12 08:00:00,8,4,0,Web,100000,1.7601570862926557,1.983778589445881,2.7286050953118406,3.388704559299681,0,0,0,1
2024-01-12 08:00:00,8,4,0,Database,150000,0.3825916596579926,0.8541442098593401,1.4365545629314302,0.7774908778808599,0,1,0,0
2024-01-12 08:00:00,8,4,0,Media,200000,0.0,1.8123106385707,1.06033827624575,0.0,0,0,1,0
2024-01-12 08:00:00,8,4,0,Compute,250000,0.0,0.0495608197716607,2.0700969934847304,1.990350505671461,1,0,0,0
2024-01-12 09:00:00,9,4,0,Web,100000,3.388704559299681,2.4088406983490827,2.9411361497634414,3.813766668202883,0,0,0,1
2024-01-12 09:00:00,9,4,0,Database,150000,0.7774908778808599,0.5651357686813946,2.1221506125995977,2.1486829772171947,0,1,0,0
2024-01-12 09:00:00,9,4,0,Media,200000,0.0,1.9922087495251022,0.970389220768549,0.0,0,0,1,0
2024-01-12 09:00:00,9,4,0,Compute,250000,1.990350505671461,3.702922806549049,3.896777986873425,5.6437124924488495,1,0,0,0
2024-01-12 10:00:00,10,4,0,Web,100000,3.813766668202883,4.761600448547096,4.117516024862448,6.166526418400895,0,0,0,1
2024-01-12 10:00:00,10,4,0,Database,150000,2.1486829772171947,1.50771390557076,2.59343968104428,3.09126111410656,0,1,0,0
2024-01-12 10:00:00,10,4,0,Media,200000,0.0,2.9450344736344705,3.4149668927461354,4.7072029208522705,0,0,1,0
2024-01-12 10:00:00,10,4,0,Compute,250000,5.6437124924488495,3.749923930043633,3.9202785486207166,5.690713615943434,1,0,0,0
2024-01-12 11:00:00,11,4,0,Web,100000,6.166526418400895,3.414341888815741,3.4438867449967705,4.819267858669541,0,0,0,1
2024-01-12 11:00:00,11,4,0,Database,150000,3.09126111410656,1.866341470940071,2.772753463728936,3.4498886794758707,0,1,0,0
2024-01-12 11:00:00,11,4,0,Media,200000,4.7072029208522705,1.8190850808268486,2.8519921963423243,3.5812535280446487,0,0,1,0
2024-01-12 11:00:00,11,4,0,Compute,250000,5.690713615943434,1.5830256596417078,2.8368294134197543,3.523815345541508,1,0,0,0
2024-01-12 12:00:00,12,4,0,Web,100000,4.819267858669541,3.3160569632433305,0.10273125856943466,0.0,0,0,0,1
2024-01-12 12:00:00,12,4,0,Database,150000,3.4498886794758707,2.126213410180957,2.902689433349379,3.709760618716757,0,1,0,0
2024-01-12 12:00:00,12,4,0,Media,200000,3.5812535280446487,4.0914858529818625,0.0,0.0,0,0,1,0
2024-01-12 12:00:00,12,4,0,Compute,250000,3.523815345541508,2.4078423049773647,0.8654393707124177,0.0,1,0,0,0
2024-01-12 13:00:00,13,4,0,Web,100000,0.0,3.934739143026462,3.7040853721021314,5.339665112880263,0,0,0,1
2024-01-12 13:00:00,13,4,0,Database,150000,3.709760618716757,2.5447044276847923,3.1119349421012963,4.128251636220592,0,1,0,0
2024-01-12 13:00:00,13,4,0,Media,200000,0.0,4.486238808659788,4.1855690602587945,6.248407255877588,0,0,1,0
2024-01-12 13:00:00,13,4,0,Compute,250000,0.0,0.8390670906640767,1.6498269778690617,1.1498104744401236,1,0,0,0
2024-01-12 14:00:00,14,4,0,Web,100000,5.339665112880263,3.4807904634325024,0.02036450847484872,0.0,0,0,0,1
2024-01-12 14:00:00,14,4,0,Database,150000,4.128251636220592,0.7453555308132285,1.490948902454486,0.8862795569269716,0,1,0,0
2024-01-12 14:00:00,14,4,0,Media,200000,6.248407255877588,0.3301378313239226,2.1075185715908615,2.092306278541723,0,0,1,0
2024-01-12 14:00:00,14,4,0,Compute,250000,1.1498104744401236,0.2610100886222291,2.1758216279100147,2.2017997745220295,1,0,0,0
2024-01-12 15:00:00,15,4,0,Web,100000,0.0,3.4250853758723045,3.4492584885250523,4.8300113457261045,0,0,0,1
2024-01-12 15:00:00,15,4,0,Database,150000,0.8862795569269716,1.1078552146125367,1.309699060554832,0.5237798731276635,0,1,0,0
2024-01-12 15:00:00,15,4,0,Media,200000,2.092306278541723,1.0801473550109728,2.4825233334343864,2.842315802228773,0,0,1,0
2024-01-12 15:00:00,15,4,0,Compute,250000,2.2017997745220295,2.989925387906018,0.5743978292480911,0.0,1,0,0,0
2024-01-12 16:00:00,16,4,0,Web,100000,4.8300113457261045,1.3749957737336391,2.4242136874557194,2.7799217435874395,0,0,0,1
2024-01-12 16:00:00,16,4,0,Database,150000,0.5237798731276635,0.03336959015911023,1.8562675233384553,1.6169167986949102,0,1,0,0
2024-01-12 16:00:00,16,4,0,Media,200000,2.842315802228773,2.2734839544557524,0.8297516183032239,0.0,0,0,1,0
2024-01-12 16:00:00,16,4,0,Compute,250000,0.0,0.7315320261267584,1.703594510137721,1.2573455389774417,1,0,0,0
2024-01-12 17:00:00,17,4,0,Web,100000,2.7799217435874395,0.5765711791478649,1.4724741506171675,0.8764426699103353,0,0,0,1
2024-01-12 17:00:00,17,4,0,Database,150000,1.6169167986949102,0.8345093276134885,1.446372004054356,0.7971257601267115,0,1,0,0
2024-01-12 17:00:00,17,4,0,Media,200000,0.0,5.338067666405251,4.611483489131525,7.10023611362305,0,0,1,0
2024-01-12 17:00:00,17,4,0,Compute,250000,1.2573455389774417,0.31938194652583884,1.9096695499381808,1.6694956185783614,1,0,0,0
2024-01-12 18:00:00,18,4,0,Web,100000,0.8764426699103353,0.7557322701342132,1.3828936051239933,0.697281578923987,0,0,0,1
2024-01-12 18:00:00,18,4,0,Database,150000,0.7971257601267115,6.316396812432625,0.0,0.0,0,1,0,0
2024-01-12 18:00:00,18,4,0,Media,200000,7.10023611362305,2.706665995540632,0.6131605977607841,0.0,0,0,1,0
2024-01-12 18:00:00,18,4,0,Compute,250000,1.6694956185783614,0.8132642129712585,1.662728416715471,1.1756133521329417,1,0,0,0
2024-01-12 19:00:00,19,4,0,Web,100000,0.697281578923987,2.0816019681321283,0.7199587561250358,0.0,0,0,0,1
2024-01-12 19:00:00,19,4,0,Database,150000,0.0,4.169166719735591,3.9241660881266958,5.75271392827139,0,1,0,0
2024-01-12 19:00:00,19,4,0,Media,200000,0.0,0.5188572657908559,1.7070649626356722,1.2913990606313444,0,0,1,0
2024-01-12 19:00:00,19,4,0,Compute,250000,1.1756133521329417,3.889376687556957,3.9900049273773788,5.830166373456757,1,0,0,0
2024-01-12 20:00:00,20,4,0,Web,100000,0.0,0.20915784175330407,1.841294721465552,1.6140838116071043,0,0,0,1
2024-01-12 20:00:00,20,4,0,Database,150000,5.75271392827139,0.1357274488669299,1.9074464526923651,1.71927465740273,0,1,0,0
2024-01-12 20:00:00,20,4,0,Media,200000,1.2913990606313444,0.2904332827397028,1.8212769541612488,1.5198230436824973,0,0,1,0
2024-01-12 20:00:00,20,4,0,Compute,250000,5.830166373456757,0.035432694466577395,2.063032930832189,1.9762223803663777,1,0,0,0
2024-01-12 21:00:00,21,4,0,Web,100000,1.6140838116071043,5.1804289487517785,4.3269302749647895,6.585354918605578,0,0,0,1
2024-01-12 21:00:00,21,4,0,Database,150000,1.71927465740273,6.982876119855855,0.0,0.0,0,1,0,0
2024-01-12 21:00:00,21,4,0,Media,200000,1.5198230436824973,6.028681172918237,0.0,0.0,0,0,1,0
2024-01-12 21:00:00,21,4,0,Compute,250000,1.9762223803663777,1.6535564327705417,1.2425823068158293,0.3353211323336587,1,0,0,0
2024-01-12 22:00:00,22,4,0,Web,100000,6.585354918605578,0.06762758541490665,1.7705295932963534,1.4725535552687068,0,0,0,1
2024-01-12 22:00:00,22,4,0,Database,150000,0.0,2.094357213894237,2.886761335206019,3.6779044224300375,0,1,0,0
2024-01-12 22:00:00,22,4,0,Media,200000,0.0,1.4433055336846257,2.664102422771213,3.2054739809024255,0,0,1,0
2024-01-12 22:00:00,22,4,0,Compute,250000,0.3353211323336587,1.1767816782439107,1.4809696840791449,0.8120958868602897,1,0,0,0
2024-01-12 23:00:00,23,4,0,Web,100000,1.4725535552687068,3.0811750193274867,3.2773033102526434,4.486100989181287,0,0,0,1
2024-01-12 23:00:00,23,4,0,Database,150000,3.6779044224300375,3.114630149060393,3.3968978027890966,4.698177357596193,0,1,0,0
2024-01-12 23:00:00,23,4,0,Media,200000,3.2054739809024255,0.5762174334168966,2.2305583726373484,2.338385880634697,0,0,1,0
2024-01-12 23:00:00,23,4,0,Compute,250000,0.8120958868602897,2.9120166570627237,3.5013249121302623,4.852806342962524,1,0,0,0
2024-01-13 00:00:00,0,5,1,Web,100000,4.486100989181287,0.8419797298985864,2.1577056655381934,2.2469056997523866,0,0,0,1
2024-01-13 00:00:00,0,5,1,Database,150000,4.698177357596193,1.708493019950851,1.009380157885675,0.0,0,1,0,0
2024-01-13 00:00:00,0,5,1,Media,200000,2.338385880634697,2.117494456602214,3.001196884230007,3.879662903820014,0,0,1,0
2024-01-13 00:00:00,0,5,1,Compute,250000,4.852806342962524,0.35588330733823315,2.2232582372680167,2.296672993238033,1,0,0,0
2024-01-13 01:00:00,1,5,1,Web,100000,2.2469056997523866,0.028063479865660785,1.7507475405217303,1.432989449719461,0,0,0,1
2024-01-13 01:00:00,1,5,1,Database,150000,0.0,4.442904656170923,4.061035056344362,6.026451864706723,0,1,0,0
2024-01-13 01:00:00,1,5,1,Media,200000,3.879662903820014,7.37666032522246,0.0,0.0,0,0,1,0
2024-01-13 01:00:00,1,5,1,Compute,250000,2.296672993238033,4.27709645008091,0.0,0.0,1,0,0,0
2024-01-13 02:00:00,2,5,1,Web,100000,1.432989449719461,3.5852552187253104,0.0,0.0,0,0,0,1
2024-01-13 02:00:00,2,5,1,Database,150000,6.026451864706723,1.113825882308617,1.3067137267067919,0.5178092054315833,0,1,0,0
2024-01-13 02:00:00,2,5,1,Media,200000,0.0,0.7878684489002904,1.572559371080955,1.0223878775219097,0,0,1,0
2024-01-13 02:00:00,2,5,1,Compute,250000,0.0,4.546020882921343,0.0,0.0,1,0,0,0
2024-01-13 03:00:00,3,5,1,Web,100000,0.0,2.979518036534679,0.27100072192376046,0.0,0,0,0,1
2024-01-13 03:00:00,3,5,1,Database,150000,0.5178092054315833,2.60656897517291,0.5603421802746451,0.0,0,1,0,0
2024-01-13 03:00:00,3,5,1,Media,200000,1.0223878775219097,7.396316215829876,5.640607763843838,9.158484663047677,0,0,1,0
2024-01-13 03:00:00,3,5,1,Compute,250000,0.0,5.42926978284364,4.759951475020721,7.37005946874344,1,0,0,0
2024-01-13 04:00:00,4,5,1,Web,100000,0.0,1.259292192656148,1.131113643863026,0.1937216564020523,0,0,0,1
2024-01-13 04:00:00,4,5,1,Database,150000,0.0,1.114793810522597,1.3062297625998018,0.5168412772176032,0,1,0,0
2024-01-13 04:00:00,4,5,1,Media,200000,9.158484663047677,3.4716559311670823,0.2306656299475589,0.0,0,0,1,0
2024-01-13 04:00:00,4,5,1,Compute,250000,7.37005946874344,5.748435179278,0.0,0.0,1,0,0,0
2024-01-13 05:00:00,5,5,1,Web,100000,0.1937216564020523,0.3746844988277721,1.573417490777214,1.078329350230428,0,0,0,1
2024-01-13 05:00:00,5,5,1,Database,150000,0.5168412772176032,3.017599889334277,0.3548267231939617,0.0,0,1,0,0
2024-01-13 05:00:00,5,5,1,Media,200000,0.0,0.2785955345882293,1.8271958282369853,1.5316607918339709,0,0,1,0
2024-01-13 05:00:00,5,5,1,Compute,250000,0.0,4.824661486732633,0.0,0.0,1,0,0,0
2024-01-13 06:00:00,6,5,1,Web,100000,1.078329350230428,2.3099673145329733,0.6057760829246133,0.0,0,0,0,1
2024-01-13 06:00:00,6,5,1,Database,150000,0.0,0.4699252255106926,2.0745453410142467,2.0534724340464927,0,1,0,0
2024-01-13 06:00:00,6,5,1,Media,200000,1.5316607918339709,1.1226727329540123,2.5037860224059063,2.8848411801718123,0,0,1,0
2024-01-13 06:00:00,6,5,1,Compute,250000,0.0,1.2764598158282436,2.683546491513022,3.217249501728044,1,0,0,0
2024-01-13 07:00:00,7,5,1,Web,100000,0.0,3.9855108920733118,0.0,0.0,0,0,0,1
2024-01-13 07:00:00,7,5,1,Database,150000,2.0534724340464927,2.588101130008885,3.133633293263343,4.171648338544685,0,1,0,0
2024-01-13 07:00:00,7,5,1,Media,200000,2.8848411801718123,2.4246790294077507,0.7541540808272247,0.0,0,0,1,0
2024-01-13 07:00:00,7,5,1,Compute,250000,3.217249501728044,1.9226176834241195,3.00662542531096,3.8634073693239195,1,0,0,0
2024-01-13 08:00:00,8,5,1,Web,100000,0.0,0.05595996945677944,1.7327797554627102,1.3970538796014207,0,0,0,1
2024-01-13 08:00:00,8,5,1,Database,150000,4.171648338544685,4.153206436836044,0.0,0.0,0,1,0,0
2024-01-13 08:00:00,8,5,1,Media,200000,0.0,0.9726370533457639,1.4801750688582183,0.8376192730764362,0,0,1,0
2024-01-13 08:00:00,8,5,1,Compute,250000,3.8634073693239195,1.1201351657935028,2.6053841664956514,3.060924851693303,1,0,0,0
2024-01-13 09:00:00,9,5,1,Web,100000,1.3970538796014207,1.8629400810259973,2.6681858411018986,3.2678660508797974,0,0,0,1
2024-01-13 09:00:00,9,5,1,Database,150000,0.0,0.4470076319354558,1.6401228518933724,1.1846274558047443,0,1,0,0
2024-01-13 09:00:00,9,5,1,Media,200000,0.8376192730764362,4.619380611405359,4.252139961631579,6.3815490586231585,0,0,1,0
2024-01-13 09:00:00,9,5,1,Compute,250000,3.060924851693303,3.0465762525618767,3.5686047098798386,4.987365938461677,1,0,0,0
2024-01-13 10:00:00,10,5,1,Web,100000,3.2678660508797974,0.7940062888014584,1.3637565957903708,0.6590075602567418,0,0,0,1
2024-01-13 10:00:00,10,5,1,Database,150000,1.1846274558047443,2.2744093760130335,2.976787416265417,3.857956584548834,0,1,0,0
2024-01-13 10:00:00,10,5,1,Media,200000,6.3815490586231585,5.825424395166761,4.85516185351228,7.58759284238456,0,0,1,0
2024-01-13 10:00:00,10,5,1,Compute,250000,4.987365938461677,5.905497741951281,4.99806545457454,7.846287427851081,1,0,0,0
2024-01-13 11:00:00,11,5,1,Web,100000,0.6590075602567418,3.7080435820696924,0.0,0.0,0,0,0,1
2024-01-13 11:00:00,11,5,1,Database,150000,3.857956584548834,2.803643273073652,0.4618050313242743,0.0,0,1,0,0
2024-01-13 11:00:00,11,5,1,Media,200000,7.58759284238456,4.478800299803753,4.181849805830776,6.240968747021553,0,0,1,0
2024-01-13 11:00:00,11,5,1,Compute,250000,7.846287427851081,3.1988870921151116,0.4699169771435443,0.0,1,0,0,0
2024-01-13 12:00:00,12,5,1,Web,100000,0.0,3.9916673394772366,0.0,0.0,0,0,0,1
2024-01-13 12:00:00,12,5,1,Database,150000,0.0,1.4826263316993407,1.1223135020114299,0.1490087560408595,0,1,0,0
2024-01-13 12:00:00,12,5,1,Media,200000,6.240968747021553,1.2847240680259573,2.584811689941879,3.0468925152437576,0,0,1,0
2024-01-13 12:00:00,12,5,1,Compute,250000,0.0,0.3312340594354891,1.9037434934833555,1.657643505668711,1,0,0,0
2024-01-13 13:00:00,13,5,1,Web,100000,0.0,1.9757348008189763,0.7728923397816119,0.0,0,0,0,1
2024-01-13 13:00:00,13,5,1,Database,150000,0.1490087560408595,2.0466813247757267,0.8402860054732368,0.0,0,1,0,0
2024-01-13 13:00:00,13,5,1,Media,200000,3.0468925152437576,2.161055132840326,0.885966029110937,0.0,0,0,1,0
2024-01-13 13:00:00,13,5,1,Compute,250000,1.657643505668711,2.6625728255790277,0.7380741104115862,0.0,1,0,0,0
2024-01-13 14:00:00,14,5,1,Web,100000,0.0,6.868942571430385,5.1711870863040925,8.273868541284186,0,0,0,1
2024-01-13 14:00:00,14,5,1,Database,150000,0.0,0.9165771531588648,2.2978713048383326,2.500124361694665,0,1,0,0
2024-01-13 14:00:00,14,5,1,Media,200000,0.0,2.6843211028164156,3.284610207337108,4.446489550034216,0,0,1,0
2024-01-13 14:00:00,14,5,1,Compute,250000,0.0,1.4912763439589714,1.3237223512216145,0.497601221145229,1,0,0,0
2024-01-13 15:00:00,15,5,1,Web,100000,8.273868541284186,0.5819139711603466,1.4698027546109267,0.8710998778978536,0,0,0,1
2024-01-13 15:00:00,15,5,1,Database,150000,2.500124361694665,2.164705883713265,0.7812737260044678,0.0,0,1,0,0
2024-01-13 15:00:00,15,5,1,Media,200000,4.446489550034216,7.979168944359806,0.0,0.0,0,0,1,0
2024-01-13 15:00:00,15,5,1,Compute,250000,0.497601221145229,4.158071770145799,0.0,0.0,1,0,0,0
2024-01-13 16:00:00,16,5,1,Web,100000,0.8710998778978536,5.455899979543385,0.0,0.0,0,0,0,1
2024-01-13 16:00:00,16,5,1,Database,150000,0.0,6.773395273457022,0.0,0.0,0,1,0,0
2024-01-13 16:00:00,16,5,1,Media,200000,0.0,3.610120862496508,0.16143316428284593,0.0,0,0,1,0
2024-01-13 16:00:00,16,5,1,Compute,250000,0.0,3.998910977747092,4.044772072472446,5.939700663646892,1,0,0,0
2024-01-13 17:00:00,17,5,1,Web,100000,0.0,0.15735244271526325,1.6820835188334684,1.295661406342937,0,0,0,1
2024-01-13 17:00:00,17,5,1,Database,150000,0.0,3.8957352265657224,3.7874503415417617,5.479282435101522,0,1,0,0
2024-01-13 17:00:00,17,5,1,Media,200000,0.0,1.256991670304826,2.570945491081313,3.019160117522626,0,0,1,0
2024-01-13 17:00:00,17,5,1,Compute,250000,5.939700663646892,2.3717204167476775,3.231176791972739,4.312510102647478,1,0,0,0
2024-01-13 18:00:00,18,5,1,Web,100000,1.295661406342937,2.7267349255159252,0.3973922774331373,0.0,0,0,0,1
2024-01-13 18:00:00,18,5,1,Database,150000,5.479282435101522,1.5958968021802125,2.6375311293490062,3.1794440107160122,0,1,0,0
2024-01-13 18:00:00,18,5,1,Media,200000,3.019160117522626,2.2101866418252376,3.0475429768415188,3.972355089043038,0,0,1,0
2024-01-13 18:00:00,18,5,1,Compute,250000,4.312510102647478,1.7539858163032789,1.1923676150494606,0.23489174880092145,1,0,0,0
2024-01-13 19:00:00,19,5,1,Web,100000,0.0,1.7026650514506991,2.5880483263142495,3.1075910213044993,0,0,0,1
2024-01-13 19:00:00,19,5,1,Database,150000,3.1794440107160122,1.722607215326699,2.7008863359222497,3.306154423862499,0,1,0,0
2024-01-13 19:00:00,19,5,1,Media,200000,3.972355089043038,1.6727018029924487,1.1301426940348758,0.1375545234297515,0,0,1,0
2024-01-13 19:00:00,19,5,1,Compute,250000,0.23489174880092145,3.392349236415185,0.37318590499350757,0.0,1,0,0,0
2024-01-13 20:00:00,20,5,1,Web,100000,3.1075910213044993,3.5764289352970167,0.0,0.0,0,0,0,1
2024-01-13 20:00:00,20,5,1,Database,150000,3.306154423862499,0.28356056536658536,1.981363010942193,1.8671077739023856,0,1,0,0
2024-01-13 20:00:00,20,5,1,Media,200000,0.1375545234297515,1.0050735459701445,2.4449864289139724,2.7672419931879446,0,0,1,0
2024-01-13 20:00:00,20,5,1,Compute,250000,0.0,2.4016214309759434,0.8685498077131284,0.0,1,0,0,0
2024-01-13 21:00:00,21,5,1,Web,100000,0.0,0.10379996358049592,1.788615782379148,1.5087259334342962,0,0,0,1
2024-01-13 21:00:00,21,5,1,Database,150000,1.8671077739023856,1.7356550480176562,2.7074102522677284,3.3192022565534565,0,1,0,0
2024-01-13 21:00:00,21,5,1,Media,200000,2.7672419931879446,1.8786160835981025,2.8817576977279513,3.6407845308159024,0,0,1,0
2024-01-13 21:00:00,21,5,1,Compute,250000,0.0,4.679684299969666,4.385158733583733,6.620473985869466,1,0,0,0
2024-01-13 22:00:00,22,5,1,Web,100000,1.5087259334342962,3.85498643619633,3.664209018687065,5.25991240605013,0,0,0,1
2024-01-13 22:00:00,22,5,1,Database,150000,3.3192022565534565,3.027918237871832,0.34966754892518415,0.0,0,1,0,0
2024-01-13 22:00:00,22,5,1,Media,200000,3.6407845308159024,5.074802568216268,4.479850940037034,6.8369710154340675,0,0,1,0
2024-01-13 22:00:00,22,5,1,Compute,250000,6.620473985869466,1.6169734532693443,1.260873796566428,0.37190411183485605,1,0,0,0
2024-01-13 23:00:00,23,5,1,Web,100000,5.25991240605013,3.1586623769654825,3.3160469890716415,4.563588346819283,0,0,0,1
2024-01-13 23:00:00,23,5,1,Database,150000,0.0,0.22800381775546655,1.9535846371366334,1.8115510262912666,0,1,0,0
2024-01-13 23:00:00,23,5,1,Media,200000,6.8369710154340675,1.2604920749731028,1.3362475580445488,0.5497642514490975,0,0,1,0
2024-01-13 23:00:00,23,5,1,Compute,250000,0.37190411183485605,5.447134518926998,0.0,0.0,1,0,0,0
2024-01-14 00:00:00,0,6,1,Web,100000,4.563588346819283,0.5387374702512445,1.4913910050654777,0.9142763788069557,0,0,0,1
2024-01-14 00:00:00,0,6,1,Database,150000,1.8115510262912666,4.702193645519027,0.0,0.0,0,1,0,0
2024-01-14 00:00:00,0,6,1,Media,200000,0.5497642514490975,2.9259416471305166,3.4054204794941585,4.688110094348317,0,0,1,0
2024-01-14 00:00:00,0,6,1,Compute,250000,0.0,4.574421911019944,4.332527539108872,6.515211596919744,1,0,0,0
2024-01-14 01:00:00,1,6,1,Web,100000,0.9142763788069557,2.4147769074922705,0.5533712864449647,0.0,0,0,0,1
2024-01-14 01:00:00,1,6,1,Database,150000,0.0,0.9299561671600134,2.304560811838907,2.5135033756958136,0,1,0,0
2024-01-14 01:00:00,1,6,1,Media,200000,4.688110094348317,2.200218505626126,0.8663843427180371,0.0,0,0,1,0
2024-01-14 01:00:00,1,6,1,Compute,250000,6.515211596919744,1.909498130012569,1.1146114581948157,0.07937943509163126,1,0,0,0
2024-01-14 02:00:00,2,6,1,Web,100000,0.0,2.347528051198314,2.910479826188057,3.7524540210521145,0,0,0,1
2024-01-14 02:00:00,2,6,1,Database,150000,2.5135033756958136,0.13965872513243754,1.7937973052948815,1.4919763626077625,0,1,0,0
2024-01-14 02:00:00,2,6,1,Media,200000,0.0,5.242988065395235,4.563943688626518,7.005156512613035,0,0,1,0
2024-01-14 02:00:00,2,6,1,Compute,250000,0.07937943509163126,1.470741375710963,1.3339898353456188,0.5181361893932372,1,0,0,0
2024-01-14 03:00:00,3,6,1,Web,100000,3.7524540210521145,3.0220529370256672,3.2477422691017335,4.426978906879468,0,0,0,1
2024-01-14 03:00:00,3,6,1,Database,150000,1.4919763626077625,0.3162841784755459,1.9977248174966733,1.899831387011346,0,1,0,0
2024-01-14 03:00:00,3,6,1,Media,200000,7.005156512613035,2.4113779688348993,3.1481386403463496,4.1735464160527,0,0,1,0
2024-01-14 03:00:00,3,6,1,Compute,250000,0.5181361893932372,1.3655169115920403,1.38660206740508,0.6233606535121601,1,0,0,0
2024-01-14 04:00:00,4,6,1,Web,100000,4.426978906879468,0.17272045225694813,1.674399514062626,1.2802933968012522,0,0,0,1
2024-01-14 04:00:00,4,6,1,Database,150000,1.899831387011346,0.37054057749900426,1.678356379111598,1.261094510241196,0,1,0,0
2024-01-14 04:00:00,4,6,1,Media,200000,4.1735464160527,2.532215284139561,0.7003859534613195,0.0,0,0,1,0
2024-01-14 04:00:00,4,6,1,Compute,250000,0.6233606535121601,2.0102885433474578,3.050460855272629,3.9510782292472584,1,0,0,0
2024-01-14 05:00:00,5,6,1,Web,100000,1.2802933968012522,1.9747909563372927,2.7241112787575466,3.379716926191093,0,0,0,1
2024-01-14 05:00:00,5,6,1,Database,150000,1.261094510241196,1.8047080243189002,2.7419367404183506,3.3882552328547,0,1,0,0
2024-01-14 05:00:00,5,6,1,Media,200000,0.0,4.634940901355134,4.259920106606467,6.397109348572934,0,0,1,0
2024-01-14 05:00:00,5,6,1,Compute,250000,3.9510782292472584,4.37207834331111,4.231355755254455,6.31286802921091,1,0,0,0
2024-01-14 06:00:00,6,6,1,Web,100000,3.379716926191093,1.1488780091496062,1.186320735616297,0.30413583990859405,0,0,0,1
2024-01-14 06:00:00,6,6,1,Database,150000,3.3882552328547,1.1432008949047348,2.4111831757112676,2.726748103440535,0,1,0,0
2024-01-14 06:00:00,6,6,1,Media,200000,6.397109348572934,1.894846007376838,1.0190705918426812,0.0,0,0,1,0
2024-01-14 06:00:00,6,6,1,Compute,250000,6.31286802921091,0.09410988794586636,2.0923715275718333,2.0348995738456668,1,0,0,0
2024-01-14 07:00:00,7,6,1,Web,100000,0.30413583990859405,1.8232922869587942,0.849113596711703,0.0,0,0,0,1
2024-01-14 07:00:00,7,6,1,Database,150000,2.726748103440535,4.884254867010354,4.281710161764077,6.467802075546153,0,1,0,0
2024-01-14 07:00:00,7,6,1,Media,200000,0.0,1.1151383906310885,2.5000188512444446,2.877306837848889,0,0,1,0
2024-01-14 07:00:00,7,6,1,Compute,250000,2.0348995738456668,0.6781313239154664,1.730294861243367,1.3107462411887338,1,0,0,0
2024-01-14 08:00:00,8,6,1,Web,100000,0.0,3.6048996551713306,3.5391656281745654,5.009825625025131,0,0,0,1
2024-01-14 08:00:00,8,6,1,Database,150000,6.467802075546153,6.535890168988435,0.0,0.0,0,1,0,0
2024-01-14 08:00:00,8,6,1,Media,200000,2.877306837848889,6.06635172419807,0.0,0.0,0,0,1,0
2024-01-14 08:00:00,8,6,1,Compute,250000,1.3107462411887338,2.4115599052615218,3.251096536229661,4.352349591161322,1,0,0,0
2024-01-14 09:00:00,9,6,1,Web,100000,5.009825625025131,0.20544928395430417,1.839440442566052,1.6103752538081044,0,0,0,1
2024-01-14 09:00:00,9,6,1,Database,150000,0.0,0.7753828403844819,2.227274148451141,2.358930048920282,0,1,0,0
2024-01-14 09:00:00,9,6,1,Media,200000,0.0,4.003232249557846,0.0,0.0,0,0,1,0
2024-01-14 09:00:00,9,6,1,Compute,250000,4.352349591161322,0.09374507215329861,2.022487987124451,1.8951324929509017,1,0,0,0
2024-01-14 10:00:00,10,6,1,Web,100000,1.6103752538081044,6.034572170806226,4.754001885992013,7.439498140660026,0,0,0,1
2024-01-14 10:00:00,10,6,1,Database,150000,2.358930048920282,2.4966427989897886,3.0879041277537946,4.080190007525589,0,1,0,0
2024-01-14 10:00:00,10,6,1,Media,200000,0.0,0.5331635750306363,2.209031443444218,2.2953320222484366,0,0,1,0
2024-01-14 10:00:00,10,6,1,Compute,250000,1.8951324929509017,1.3412056699170132,1.3987576882425936,0.6476718951871872,1,0,0,0
2024-01-14 11:00:00,11,6,1,Web,100000,7.439498140660026,1.2077624952103816,1.1568784925859092,0.2452513538478187,0,0,0,1
2024-01-14 11:00:00,11,6,1,Database,150000,4.080190007525589,6.411637607202253,0.0,0.0,0,1,0,0
2024-01-14 11:00:00,11,6,1,Media,200000,2.2953320222484366,0.7969652023656817,2.340932257111741,2.5591336495834818,0,0,1,0
2024-01-14 11:00:00,11,6,1,Compute,250000,0.6476718951871872,2.5604932650477616,3.325563216122781,4.501282950947562,1,0,0,0
2024-01-14 12:00:00,12,6,1,Web,100000,0.2452513538478187,4.750901921114045,0.0,0.0,0,0,0,1
2024-01-14 12:00:00,12,6,1,Database,150000,0.0,2.008294616522648,0.8594793595997763,0.0,0,1,0,0
2024-01-14 12:00:00,12,6,1,Media,200000,2.5591336495834818,3.496437836302466,0.21827467737986694,0.0,0,0,1,0
2024-01-14 12:00:00,12,6,1,Compute,250000,4.501282950947562,2.9200975240284905,0.6093117611868548,0.0,1,0,0,0
2024-01-14 13:00:00,13,6,1,Web,100000,0.0,0.18448882006790066,1.8289602106228504,1.5894147899217008,0,0,0,1
2024-01-14 13:00:00,13,6,1,Database,150000,0.0,6.277250404567623,0.0,0.0,0,1,0,0
2024-01-14 13:00:00,13,6,1,Media,200000,0.0,1.866855254673392,2.875877283265596,3.6290237018911924,0,0,1,0
2024-01-14 13:00:00,13,6,1,Compute,250000,0.0,2.2856091494032467,3.1881211583005236,4.226398835303047,1,0,0,0
2024-01-14 14:00:00,14,6,1,Web,100000,1.5894147899217008,0.7773517037129375,1.3720838883346311,0.6756621453452627,0,0,0,1
2024-01-14 14:00:00,14,6,1,Database,150000,0.0,7.466169469555825,0.0,0.0,0,1,0,0
2024-01-14 14:00:00,14,6,1,Media,200000,3.6290237018911924,3.0132998176093686,0.45984368672641573,0.0,0,0,1,0
2024-01-14 14:00:00,14,6,1,Compute,250000,4.226398835303047,3.7227497419102895,3.906691454554045,5.66353942781009,1,0,0,0
2024-01-14 15:00:00,15,6,1,Web,100000,0.6756621453452627,8.358026781787917,0.0,0.0,0,0,0,1
2024-01-14 15:00:00,15,6,1,Database,150000,0.0,1.066614176182758,1.3303195797697214,0.5650209115574423,0,1,0,0
2024-01-14 15:00:00,15,6,1,Media,200000,0.0,3.5640462750039767,0.18447045802911166,0.0,0,0,1,0
2024-01-14 15:00:00,15,6,1,Compute,250000,5.66353942781009,2.4377548443567094,3.264194005777255,4.37854453025651,1,0,0,0
2024-01-14 16:00:00,16,6,1,Web,100000,0.0,2.049385796032584,0.736066842174808,0.0,0,0,0,1
2024-01-14 16:00:00,16,6,1,Database,150000,0.5650209115574423,1.2359060018090346,2.4575357291634177,2.8194532103448346,0,1,0,0
2024-01-14 16:00:00,16,6,1,Media,200000,0.0,1.7204251971094793,2.8026622544836397,3.482593644327279,0,0,1,0
2024-01-14 16:00:00,16,6,1,Compute,250000,4.37854453025651,5.532721458792261,4.81167731299503,7.47351114469206,1,0,0,0
2024-01-14 17:00:00,17,6,1,Web,100000,0.0,0.6328697706283106,1.4443248548769447,0.8201440784298896,0,0,0,1
2024-01-14 17:00:00,17,6,1,Database,150000,2.8194532103448346,1.152177048470034,2.415671252493917,2.7357242570058338,0,1,0,0
2024-01-14 17:00:00,17,6,1,Media,200000,3.482593644327279,4.479210376984509,0.0,0.0,0,0,1,0
2024-01-14 17:00:00,17,6,1,Compute,250000,7.47351114469206,3.595284629483432,3.8429588983406164,5.536074315383233,1,0,0,0
2024-01-14 18:00:00,18,6,1,Web,100000,0.8201440784298896,2.3055704838162936,0.6079744982829531,0.0,0,0,0,1
2024-01-14 18:00:00,18,6,1,Database,150000,2.7357242570058338,1.7063064318654368,1.010473451928382,0.0,0,1,0,0
2024-01-14 18:00:00,18,6,1,Media,200000,0.0,0.0907873241498322,1.921099933456184,1.719469002272368,0,0,1,0
2024-01-14 18:00:00,18,6,1,Compute,250000,5.536074315383233,4.712696975621749,0.0,0.0,1,0,0,0
2024-01-14 19:00:00,19,6,1,Web,100000,0.0,0.7103540263890139,2.091892813783407,2.115279996242814,0,0,0,1
2024-01-14 19:00:00,19,6,1,Database,150000,0.0,2.9264427583772323,3.3028041074475167,4.509989966913032,0,1,0,0
2024-01-14 19:00:00,19,6,1,Media,200000,1.719469002272368,0.9028454100940747,2.3938723609759376,2.665013857311875,0,0,1,0
2024-01-14 19:00:00,19,6,1,Compute,250000,0.0,4.790736632138375,0.0,0.0,1,0,0,0
2024-01-14 20:00:00,20,6,1,Web,100000,2.115279996242814,0.39547182259117875,1.5630238288955107,1.0575420264670214,0,0,0,1
2024-01-14 20:00:00,20,6,1,Database,150000,4.509989966913032,2.250130648540672,2.9646480525292365,3.833677857076472,0,1,0,0
2024-01-14 20:00:00,20,6,1,Media,200000,2.665013857311875,5.658010237499924,0.0,0.0,0,0,1,0
2024-01-14 20:00:00,20,6,1,Compute,250000,0.0,3.2483419810553418,0.4451895326734292,0.0,1,0,0,0
2024-01-14 21:00:00,21,6,1,Web,100000,1.0575420264670214,2.65367475184676,3.06355317651228,4.058600721700561,0,0,0,1
2024-01-14 21:00:00,21,6,1,Database,150000,3.833677857076472,0.8343302421940596,2.2567478493559303,2.4178774507298595,0,1,0,0
2024-01-14 21:00:00,21,6,1,Media,200000,0.0,1.2599586859824616,2.572428998920131,3.0221271332002617,0,0,1,0
2024-01-14 21:00:00,21,6,1,Compute,250000,0.0,5.6025283624721345,4.846580764834967,7.543318048371934,1,0,0,0
2024-01-14 22:00:00,22,6,1,Web,100000,4.058600721700561,1.429702275120808,2.4515669381493037,2.834628244974608,0,0,0,1
2024-01-14 22:00:00,22,6,1,Database,150000,2.4178774507298595,1.997707970901738,2.8384367137097692,3.5812551794375382,0,1,0,0
2024-01-14 22:00:00,22,6,1,Media,200000,3.0221271332002617,8.156280521257179,6.02058991655749,9.91844896847498,0,0,1,0
2024-01-14 22:00:00,22,6,1,Compute,250000,7.543318048371934,0.6654576138736721,1.7366317162642642,1.323419951230528,1,0,0,0
2024-01-14 23:00:00,23,6,1,Web,100000,2.834628244974608,2.417692230457685,0.5519136249622574,0.0,0,0,0,1
2024-01-14 23:00:00,23,6,1,Database,150000,3.5812551794375382,1.3074331343435983,2.4932992954306994,2.8909803428793985,0,1,0,0
2024-01-14 23:00:00,23,6,1,Media,200000,9.91844896847498,1.3410170277688847,2.6129581698133424,3.1031854749866845,0,0,1,0
2024-01-14 23:00:00,23,6,1,Compute,250000,1.323419951230528,1.6041901154408247,1.2672654654806879,0.38468744966337565,1,0,0,0
2024-01-15 00:00:00,0,0,0,Web,100000,0.0,3.1212349982667424,0.2001422410577287,0.0,0,0,0,1
2024-01-15 00:00:00,0,0,0,Database,150000,2.8909803428793985,6.953577205872434,5.316371331195117,8.537124414408234,0,1,0,0
2024-01-15 00:00:00,0,0,0,Media,200000,3.1031854749866845,1.0045743507662688,2.4447368313120346,2.766742797984069,0,0,1,0
2024-01-15 00:00:00,0,0,0,Compute,250000,0.38468744966337565,2.2209000838084267,0.9589104812968867,0.0,1,0,0,0
2024-01-15 01:00:00,1,0,0,Web,100000,0.0,2.7718348464409956,3.122633223809398,4.176760816294796,0,0,0,1
2024-01-15 01:00:00,1,0,0,Database,150000,8.537124414408234,0.35147939428620345,1.6878869707179986,1.2801556934539966,0,1,0,0
2024-01-15 01:00:00,1,0,0,Media,200000,2.766742797984069,0.7826882785556938,1.575149456253253,1.0275680478665064,0,0,1,0
2024-01-15 01:00:00,1,0,0,Compute,250000,0.0,1.71086255534568,2.90074786127174,3.65165224124548,1,0,0,0
2024-01-15 02:00:00,2,0,0,Web,100000,4.176760816294796,3.8996907442972697,0.0,0.0,0,0,0,1
2024-01-15 02:00:00,2,0,0,Database,150000,1.2801556934539966,1.0819255513537172,2.3805455039357586,2.665472759889517,0,1,0,0
2024-01-15 02:00:00,2,0,0,Media,200000,1.0275680478665064,5.762908362797456,4.823903837327628,7.525076810015256,0,0,1,0
2024-01-15 02:00:00,2,0,0,Compute,250000,3.65165224124548,1.4225769261941323,2.756605046695966,3.3633666120939325,1,0,0,0
2024-01-15 03:00:00,3,0,0,Web,100000,0.0,1.1526802509525935,1.1844196147148032,0.3003335981056068,0,0,0,1
2024-01-15 03:00:00,3,0,0,Database,150000,2.665472759889517,1.545359780886926,1.0909467774176373,0.08627530685327423,0,1,0,0
2024-01-15 03:00:00,3,0,0,Media,200000,7.525076810015256,1.255063859637528,1.3389616657123362,0.5551924667846722,0,0,1,0
2024-01-15 03:00:00,3,0,0,Compute,250000,3.3633666120939325,0.7859319737455431,1.6763945363283286,1.202945591358657,1,0,0,0
2024-01-15 04:00:00,4,0,0,Web,100000,0.3003335981056068,1.157463537877016,1.182027971252592,0.29555031118118436,0,0,0,1
2024-01-15 04:00:00,4,0,0,Database,150000,0.08627530685327423,2.7729782628259003,3.2260718596718503,4.3565254713617,0,1,0,0
2024-01-15 04:00:00,4,0,0,Media,200000,0.5551924667846722,5.22367124922915,0.0,0.0,0,0,1,0
2024-01-15 04:00:00,4,0,0,Compute,250000,1.202945591358657,2.610044090838602,3.350338629018201,4.550833776738402,1,0,0,0
2024-01-15 05:00:00,5,0,0,Web,100000,0.29555031118118436,1.1631035150298834,1.1792079826761583,0.2899103340283169,0,0,0,1
2024-01-15 05:00:00,5,0,0,Database,150000,4.3565254713617,1.1548872966883168,2.417026376603059,2.7384345052241166,0,1,0,0
2024-01-15 05:00:00,5,0,0,Media,200000,0.0,3.405007670204791,0.2639897604287045,0.0,0,0,1,0
2024-01-15 05:00:00,5,0,0,Compute,250000,4.550833776738402,4.009937140150509,4.050285153674155,5.950726826050309,1,0,0,0
2024-01-15 06:00:00,6,0,0,Web,100000,0.2899103340283169,3.760948820117819,3.6171902106478093,5.165874789971619,0,0,0,1
2024-01-15 06:00:00,6,0,0,Database,150000,2.7384345052241166,2.902815516852421,3.2909904866851107,4.486362725388221,0,1,0,0
2024-01-15 06:00:00,6,0,0,Media,200000,0.0,4.568308266982818,0.0,0.0,0,0,1,0
2024-01-15 06:00:00,6,0,0,Compute,250000,5.950726826050309,2.5114071528003583,3.301020159999079,4.452196838700159,1,0,0,0
2024-01-15 07:00:00,7,0,0,Web,100000,5.165874789971619,1.2386092025093267,2.3560204018435633,2.643535172363127,0,0,0,1
2024-01-15 07:00:00,7,0,0,Database,150000,4.486362725388221,4.839857680999903,0.0,0.0,0,1,0,0
2024-01-15 07:00:00,7,0,0,Media,200000,0.0,0.09693609091464647,1.9180255500737768,1.7133202355075536,0,0,1,0
2024-01-15 07:00:00,7,0,0,Compute,250000,4.452196838700159,1.1176474067019877,2.604140286949894,3.058437092601788,1,0,0,0
2024-01-15 08:00:00,8,0,0,Web,100000,2.643535172363127,1.6922697610716526,2.582850681124726,3.0971957309254528,0,0,0,1
2024-01-15 08:00:00,8,0,0,Database,150000,0.0,0.5558280404487671,2.117496748483284,2.1393752489845674,0,1,0,0
2024-01-15 08:00:00,8,0,0,Media,200000,1.7133202355075536,0.897738190144339,2.3913187510010694,2.6599066373621394,0,0,1,0
2024-01-15 08:00:00,8,0,0,Compute,250000,3.058437092601788,4.444878116361487,4.267755641779644,6.3856678022612865,1,0,0,0
2024-01-15 09:00:00,9,0,0,Web,100000,3.0971957309254528,3.7021456693342394,3.58778863525602,5.10707163918804,0,0,0,1
2024-01-15 09:00:00,9,0,0,Database,150000,2.1393752489845674,8.62520880095043,0.0,0.0,0,1,0,0
2024-01-15 09:00:00,9,0,0,Media,200000,2.6599066373621394,0.976359604115246,1.4783137934734771,0.8338967223069541,0,0,1,0
2024-01-15 09:00:00,9,0,0,Compute,250000,6.3856678022612865,0.5179970222340539,1.8103620120840733,1.4708805428701464,1,0,0,0
2024-01-15 10:00:00,10,0,0,Web,100000,5.10707163918804,5.280339657783114,0.0,0.0,0,0,0,1
2024-01-15 10:00:00,10,0,0,Database,150000,0.0,0.3065931142991365,1.9928792854084685,1.8901403228349367,0,1,0,0
2024-01-15 10:00:00,10,0,0,Media,200000,0.8338967223069541,3.7703172568337195,3.82760828434576,5.53248570405152,0,0,1,0
2024-01-15 10:00:00,10,0,0,Compute,250000,1.4708805428701464,3.283747518373971,0.4274867640141147,0.0,1,0,0,0
2024-01-15 11:00:00,11,0,0,Web,100000,0.0,1.033246755671817,2.2533391784248087,2.438172725525617,0,0,0,1
2024-01-15 11:00:00,11,0,0,Database,150000,1.8901403228349367,2.7715143714915134,0.4778694821153435,0.0,0,1,0,0
2024-01-15 11:00:00,11,0,0,Media,200000,5.53248570405152,2.0397800106412305,0.9466035902104848,0.0,0,0,1,0
2024-01-15 11:00:00,11,0,0,Compute,250000,0.0,4.456224842112306,4.273429004655053,6.397014528012106,1,0,0,0
2024-01-15 12:00:00,12,0,0,Web,100000,2.438172725525617,1.6517173999376749,0.9349010402222626,0.0,0,0,0,1
2024-01-15 12:00:00,12,0,0,Database,150000,0.0,1.410681406634074,2.5449234315759375,2.994228615169874,0,1,0,0
2024-01-15 12:00:00,12,0,0,Media,200000,0.0,5.637698287785161,0.0,0.0,0,0,1,0
2024-01-15 12:00:00,12,0,0,Compute,250000,6.397014528012106,5.610996623786841,4.85081489549232,7.551786309686641,1,0,0,0
2024-01-15 13:00:00,13,0,0,Web,100000,0.0,1.832001278521697,2.6527164398497485,3.236927248375497,0,0,0,1
2024-01-15 13:00:00,13,0,0,Database,150000,2.994228615169874,0.571543467552985,1.5778549340846078,1.060091620187215,0,1,0,0
2024-01-15 13:00:00,13,0,0,Media,200000,0.0,1.7506834696018843,2.817791390729842,3.5128519168196846,0,0,1,0
2024-01-15 13:00:00,13,0,0,Compute,250000,7.551786309686641,4.253502226445631,0.0,0.0,1,0,0,0
2024-01-15 14:00:00,14,0,0,Web,100000,3.236927248375497,3.571636164860171,3.5225338830189856,4.976562134713971,0,0,0,1
2024-01-15 14:00:00,14,0,0,Database,150000,1.060091620187215,0.9959982660914904,1.365627534815355,0.6356368216487096,0,1,0,0
2024-01-15 14:00:00,14,0,0,Media,200000,3.5128519168196846,0.6362524847475041,1.6483673531573482,1.174003841674696,0,0,1,0
2024-01-15 14:00:00,14,0,0,Compute,250000,0.0,1.4990107844986533,1.3198551309517734,0.489866780605547,1,0,0,0
2024-01-15 15:00:00,15,0,0,Web,100000,4.976562134713971,1.7659981478389541,0.877760666271623,0.0,0,0,0,1
2024-01-15 15:00:00,15,0,0,Database,150000,0.6356368216487096,2.1080557744874255,2.893610615502613,3.691602983023226,0,1,0,0
2024-01-15 15:00:00,15,0,0,Media,200000,1.174003841674696,0.7917644899148686,2.3383319008863346,2.553932937132669,0,0,1,0
2024-01-15 15:00:00,15,0,0,Compute,250000,0.489866780605547,1.97928836381132,3.03496076550456,3.92007804971112,1,0,0,0
2024-01-15 16:00:00,16,0,0,Web,100000,0.0,0.050428008058914356,1.7355457361616429,1.402585840999286,0,0,0,1
2024-01-15 16:00:00,16,0,0,Database,150000,3.691602983023226,1.563643372833743,2.621404414675772,3.147190581369543,0,1,0,0
2024-01-15 16:00:00,16,0,0,Media,200000,2.553932937132669,1.2805901713773151,1.3261985098424427,0.5296661550448851,0,0,1,0
2024-01-15 16:00:00,16,0,0,Compute,250000,3.92007804971112,6.7132394638308455,5.401936315514323,8.654029149730645,1,0,0,0
2024-01-15 17:00:00,17,0,0,Web,100000,1.402585840999286,4.727835188893696,0.0,0.0,0,0,0,1
2024-01-15 17:00:00,17,0,0,Database,150000,3.147190581369543,3.806855910291153,3.743010683404477,5.390403118826953,0,1,0,0
2024-01-15 17:00:00,17,0,0,Media,200000,0.5296661550448851,4.127766291765113,4.006332801811457,5.889934738982912,0,0,1,0
2024-01-15 17:00:00,17,0,0,Compute,250000,8.654029149730645,2.580520357498981,0.7791003444516096,0.0,1,0,0,0
2024-01-15 18:00:00,18,0,0,Web,100000,0.0,6.711864771270121,5.09264818622396,8.116790741123921,0,0,0,1
2024-01-15 18:00:00,18,0,0,Database,150000,5.390403118826953,3.0105147884381545,3.3448401224779776,4.594061996973955,0,1,0,0
2024-01-15 18:00:00,18,0,0,Media,200000,5.889934738982912,2.9374609600709345,3.4111801359643676,4.699629407288735,0,0,1,0
2024-01-15 18:00:00,18,0,0,Compute,250000,0.0,0.10811050067983005,2.099371833938815,2.04890018657963,1,0,0,0
2024-01-15 19:00:00,19,0,0,Web,100000,8.116790741123921,0.6757224142582293,1.4228985330619852,0.7772914347999709,0,0,0,1
2024-01-15 19:00:00,19,0,0,Database,150000,4.594061996973955,0.6522704207210243,1.5374914575005882,0.9793646670191758,0,1,0,0
2024-01-15 19:00:00,19,0,0,Media,200000,4.699629407288735,1.1956357285607517,2.5402675202092757,2.957804175778552,0,0,1,0
2024-01-15 19:00:00,19,0,0,Compute,250000,2.04890018657963,4.227602764703889,4.159117965950845,6.1683924506036885,1,0,0,0
2024-01-15 20:00:00,20,0,0,Web,100000,0.7772914347999709,0.5679865931864588,2.0207090971821295,1.972912563040259,0,0,0,1
2024-01-15 20:00:00,20,0,0,Database,150000,0.9793646670191758,2.7583748090140707,0.48443926335406484,0.0,0,1,0,0
2024-01-15 20:00:00,20,0,0,Media,200000,2.957804175778552,2.497325126757139,3.1911122193074695,4.2594935739749396,0,0,1,0
2024-01-15 20:00:00,20,0,0,Compute,250000,6.1683924506036885,2.7874961787865766,3.4390646729921883,4.728285864686377,1,0,0,0
2024-01-15 21:00:00,21,0,0,Web,100000,1.972912563040259,1.9880225249455583,2.7307270630616793,3.3929484947993584,0,0,0,1
2024-01-15 21:00:00,21,0,0,Database,150000,0.0,2.2605406591771477,2.969853057847474,3.8440878677129477,0,1,0,0
2024-01-15 21:00:00,21,0,0,Media,200000,4.2594935739749396,0.8368283300756242,1.5480794304932881,0.973427996346576,0,0,1,0
2024-01-15 21:00:00,21,0,0,Compute,250000,4.728285864686377,2.8110114409939384,0.6638548027041309,0.0,1,0,0,0
2024-01-15 22:00:00,22,0,0,Web,100000,3.3929484947993584,2.6286242315245394,0.44644762442883024,0.0,0,0,0,1
2024-01-15 22:00:00,22,0,0,Database,150000,3.8440878677129477,4.930433684975774,0.0,0.0,0,1,0,0
2024-01-15 22:00:00,22,0,0,Media,200000,0.973427996346576,0.7348897742400492,2.309894543048925,2.4970582214578494,0,0,1,0
2024-01-15 22:00:00,22,0,0,Compute,250000,0.0,0.27439028928198084,1.9321653785601098,1.7144872758222194,1,0,0,0
2024-01-15 23:00:00,23,0,0,Web,100000,0.0,1.3440070531913264,1.088756213595437,0.1090067958668739,0,0,0,1
2024-01-15 23:00:00,23,0,0,Database,150000,0.0,8.890900412637409,0.0,0.0,0,1,0,0
2024-01-15 23:00:00,23,0,0,Media,200000,2.4970582214578494,3.765996348684707,0.08349542118874664,0.0,0,0,1,0
2024-01-15 23:00:00,23,0,0,Compute,250000,1.7144872758222194,3.3865658938117003,3.73859953050475,5.327355579711501,1,0,0,0
2024-01-16 00:00:00,0,1,0,Web,100000,0.1090067958668739,2.017921939791593,0.7517987702953035,0.0,0,0,0,1
2024-01-16 00:00:00,0,1,0,Database,150000,0.0,1.1058189725727243,2.3924922145452623,2.6893661811085243,0,1,0,0
2024-01-16 00:00:00,0,1,0,Media,200000,0.0,4.196100229527969,0.0,0.0,0,0,1,0
2024-01-16 00:00:00,0,1,0,Compute,250000,5.327355579711501,4.3401603866798935,4.215396776938847,6.280950072579693,1,0,0,0
2024-01-16 01:00:00,1,1,0,Web,100000,0.0,0.4561269197662292,1.5326962803079853,0.996886929291971,0,0,0,1
2024-01-16 01:00:00,1,1,0,Database,150000,2.6893661811085243,0.8941651290528055,2.286665292785303,2.4777123375886054,0,1,0,0
2024-01-16 01:00:00,1,1,0,Media,200000,0.0,7.0013833152472555,5.443141313552528,8.763551762465056,0,0,1,0
2024-01-16 01:00:00,1,1,0,Compute,250000,6.280950072579693,4.573364241370411,4.331998704284105,6.514153927270211,1,0,0,0
2024-01-16 02:00:00,2,1,0,Web,100000,0.996886929291971,0.9437408034633733,1.2888893384594133,0.5092730455948269,0,0,0,1
2024-01-16 02:00:00,2,1,0,Database,150000,2.4777123375886054,1.8037044942132778,0.9617744207544614,0.0,0,1,0,0
2024-01-16 02:00:00,2,1,0,Media,200000,8.763551762465056,1.0006789741607955,1.4661541084507024,0.8095773522614047,0,0,1,0
2024-01-16 02:00:00,2,1,0,Compute,250000,6.514153927270211,1.5537386850318071,2.8221859261148037,3.494528370931607,1,0,0,0
2024-01-16 03:00:00,3,1,0,Web,100000,0.5092730455948269,0.3397163423548134,1.5909015690136934,1.1132975067033868,0,0,0,1
2024-01-16 03:00:00,3,1,0,Database,150000,0.0,1.2097763746126151,1.2587384805547928,0.42185871312758505,0,1,0,0
2024-01-16 03:00:00,3,1,0,Media,200000,0.8095773522614047,4.425587691729327,4.155243501793564,6.187756138947127,0,0,1,0
2024-01-16 03:00:00,3,1,0,Compute,250000,3.494528370931607,0.3666736149357106,1.886023715733245,1.6222039501684895,1,0,0,0
2024-01-16 04:00:00,4,1,0,Web,100000,1.1132975067033868,6.922811218714158,5.198121409945979,8.327737188567959,0,0,0,1
2024-01-16 04:00:00,4,1,0,Database,150000,0.42185871312758505,0.296271630858719,1.9877185436882598,1.879818839394519,0,1,0,0
2024-01-16 04:00:00,4,1,0,Media,200000,6.187756138947127,5.3799991222763826,4.632449217067091,7.142167569494182,0,0,1,0
2024-01-16 04:00:00,4,1,0,Compute,250000,1.6222039501684895,1.0960022077340803,2.59331768746594,3.0367918936338807,1,0,0,0
2024-01-16 05:00:00,5,1,0,Web,100000,8.327737188567959,2.9129256593505435,3.193178630264172,4.317851629204344,0,0,0,1
2024-01-16 05:00:00,5,1,0,Database,150000,1.879818839394519,2.197877094155373,0.7646881207834137,0.0,0,1,0,0
2024-01-16 05:00:00,5,1,0,Media,200000,7.142167569494182,2.585321607364435,0.6738327918488825,0.0,0,0,1,0
2024-01-16 05:00:00,5,1,0,Compute,250000,3.0367918936338807,1.4031618046471626,2.7468974859224815,3.3439514905469627,1,0,0,0
2024-01-16 06:00:00,6,1,0,Web,100000,4.317851629204344,2.9897036669981456,3.231567634087973,4.3946296368519455,0,0,0,1
2024-01-16 06:00:00,6,1,0,Database,150000,0.0,0.1448134456035886,1.9119894510606945,1.7283606541393888,0,1,0,0
2024-01-16 06:00:00,6,1,0,Media,200000,0.0,3.8832239448532913,0.02488162310445441,0.0,0,0,1,0
2024-01-16 06:00:00,6,1,0,Compute,250000,3.3439514905469627,4.104819038470182,0.01695100396600946,0.0,1,0,0,0
2024-01-16 07:00:00,7,1,0,Web,100000,4.3946296368519455,4.305453146160924,0.0,0.0,0,0,0,1
2024-01-16 07:00:00,7,1,0,Database,150000,1.7283606541393888,5.3269102784203435,0.0,0.0,0,1,0,0
2024-01-16 07:00:00,7,1,0,Media,200000,0.0,0.35250001794346253,2.1186996649006313,2.114668465161263,0,0,1,0
2024-01-16 07:00:00,7,1,0,Compute,250000,0.0,3.3991757047262756,3.744904435962038,5.339965390626076,1,0,0,0
2024-01-16 08:00:00,8,1,0,Web,100000,0.0,0.06429130037662631,1.7286140900027869,1.388722548681574,0,0,0,1
2024-01-16 08:00:00,8,1,0,Database,150000,0.0,6.805288211615758,0.0,0.0,0,1,0,0
2024-01-16 08:00:00,8,1,0,Media,200000,2.114668465161263,0.5963253206058461,1.668330935228177,1.2139310058163542,0,0,1,0
2024-01-16 08:00:00,8,1,0,Compute,250000,5.339965390626076,0.5124409295000213,1.8131400584510895,1.476436635604179,1,0,0,0
2024-01-16 09:00:00,9,1,0,Web,100000,1.388722548681574,6.312040190278519,4.892735895728159,7.716966160132319,0,0,0,1
2024-01-16 09:00:00,9,1,0,Database,150000,0.0,4.395457678360869,0.0,0.0,0,1,0,0
2024-01-16 09:00:00,9,1,0,Media,200000,1.2139310058163542,1.1960767473997873,1.3684552218312065,0.6141795790224129,0,0,1,0
2024-01-16 09:00:00,9,1,0,Compute,250000,1.476436635604179,5.141601981235893,4.6161175742168465,7.082391667135693,1,0,0,0
2024-01-16 10:00:00,10,1,0,Web,100000,7.716966160132319,1.3739789636418442,2.423705282409822,2.778904933495644,0,0,0,1
2024-01-16 10:00:00,10,1,0,Database,150000,0.0,1.7139831601514741,2.6965743083346374,3.297530368687274,0,1,0,0
2024-01-16 10:00:00,10,1,0,Media,200000,0.6141795790224129,0.3677972506738346,2.1263482812658174,2.1299656978916346,0,0,1,0
2024-01-16 10:00:00,10,1,0,Compute,250000,7.082391667135693,1.0138745555739936,2.552253861385897,2.954664241473794,1,0,0,0
2024-01-16 11:00:00,11,1,0,Web,100000,2.778904933495644,2.356872530437808,2.915152065807804,3.7617985002916083,0,0,0,1
2024-01-16 11:00:00,11,1,0,Database,150000,3.297530368687274,2.452502896280499,0.6373752197208506,0.0,0,1,0,0
2024-01-16 11:00:00,11,1,0,Media,200000,2.1299656978916346,2.6582196763267993,3.2715594940923,4.420388123544599,0,0,1,0
2024-01-16 11:00:00,11,1,0,Compute,250000,2.954664241473794,4.143052990258818,0.0,0.0,1,0,0,0
2024-01-16 12:00:00,12,1,0,Web,100000,3.7617985002916083,1.0091478580968145,2.241289729637307,2.414073827950615,0,0,0,1
2024-01-16 12:00:00,12,1,0,Database,150000,0.0,0.5602668294611814,2.119716142989491,2.1438140379969814,0,1,0,0
2024-01-16 12:00:00,12,1,0,Media,200000,4.420388123544599,1.8729232041785238,1.0300319934418383,0.0,0,0,1,0
2024-01-16 12:00:00,12,1,0,Compute,250000,0.0,0.09209976557914021,2.02331064041153,1.89677779952506,1,0,0,0
2024-01-16 13:00:00,13,1,0,Web,100000,2.414073827950615,1.8916643975988594,0.8149275413916703,0.0,0,0,0,1
2024-01-16 13:00:00,13,1,0,Database,150000,2.1438140379969814,3.239147920187433,0.24405270776738375,0.0,0,1,0,0
2024-01-16 13:00:00,13,1,0,Media,200000,0.0,1.0848881644431332,1.4240495133095337,0.7253681619790671,0,0,1,0
2024-01-16 13:00:00,13,1,0,Compute,250000,1.89677779952506,3.3360098457171845,0.40135560034250783,0.0,1,0,0,0
2024-01-16 14:00:00,14,1,0,Web,100000,0.0,0.9924363318819444,2.232933966529872,2.3973623017357446,0,0,0,1
2024-01-16 14:00:00,14,1,0,Database,150000,0.0,3.4743004220592906,0.12647645683145492,0.0,0,1,0,0
2024-01-16 14:00:00,14,1,0,Media,200000,0.7253681619790671,2.159975008575354,3.022437160216577,3.9221434557931545,0,0,1,0
2024-01-16 14:00:00,14,1,0,Compute,250000,0.0,3.56848114338866,0.28511995150677016,0.0,1,0,0,0
2024-01-16 15:00:00,15,1,0,Web,100000,2.3973623017357446,1.7229286863452191,0.8992953970184905,0.0,0,0,0,1
2024-01-16 15:00:00,15,1,0,Database,150000,0.0,1.8978541642477371,0.9146995857372318,0.0,0,1,0,0
2024-01-16 15:00:00,15,1,0,Media,200000,3.9221434557931545,3.9994841262267165,3.9421917190422584,5.7616525734445165,0,0,1,0
2024-01-16 15:00:00,15,1,0,Compute,250000,0.0,1.0149137764519756,2.552773471824888,2.9557034623517757,1,0,0,0
2024-01-16 16:00:00,16,1,0,Web,100000,0.0,0.6592453472353828,1.4311370665734087,0.7937685018228174,0,0,0,1
2024-01-16 16:00:00,16,1,0,Database,150000,0.0,1.52020226281137,2.5996838596645855,3.10374947134717,0,1,0,0
2024-01-16 16:00:00,16,1,0,Media,200000,5.7616525734445165,6.3456209815912645,0.0,0.0,0,0,1,0
2024-01-16 16:00:00,16,1,0,Compute,250000,2.9557034623517757,0.15344470852492234,1.992638168938639,1.835432856579278,1,0,0,0
2024-01-16 17:00:00,17,1,0,Web,100000,0.7937685018228174,6.016586473016488,4.7450090370971445,7.421512442870288,0,0,0,1
2024-01-16 17:00:00,17,1,0,Database,150000,3.10374947134717,0.4210834588102177,2.050124457664009,2.0046306673460177,0,1,0,0
2024-01-16 17:00:00,17,1,0,Media,200000,0.0,0.2277834471102065,2.0563413794840035,1.9899518943280068,0,0,1,0
2024-01-16 17:00:00,17,1,0,Compute,250000,1.835432856579278,1.6684290785287883,2.8795311228632943,3.6092187644285882,1,0,0,0
2024-01-16 18:00:00,18,1,0,Web,100000,7.421512442870288,2.7108596695452367,3.0921456353615184,4.1157856393990375,0,0,0,1
2024-01-16 18:00:00,18,1,0,Database,150000,2.0046306673460177,6.0164440182717795,0.0,0.0,0,1,0,0
2024-01-16 18:00:00,18,1,0,Media,200000,1.9899518943280068,5.071023384975281,0.0,0.0,0,0,1,0
2024-01-16 18:00:00,18,1,0,Compute,250000,3.6092187644285882,0.6549178128606397,2.37277549002922,2.59570749876044,1,0,0,0
2024-01-16 19:00:00,19,1,0,Web,100000,4.1157856393990375,2.168673625294729,0.6764229275437355,0.0,0,0,0,1
2024-01-16 19:00:00,19,1,0,Database,150000,0.0,3.9601197262619423,3.8196425913898713,5.543666934797742,0,1,0,0
2024-01-16 19:00:00,19,1,0,Media,200000,0.0,0.9695671092578716,1.4817100409021644,0.8406892171643285,0,0,1,0
2024-01-16 19:00:00,19,1,0,Compute,250000,2.59570749876044,5.827636146741554,0.0,0.0,1,0,0,0
2024-01-16 20:00:00,20,1,0,Web,100000,0.0,3.828085690134191,0.0,0.0,0,0,0,1
2024-01-16 20:00:00,20,1,0,Database,150000,5.543666934797742,8.273071998493926,0.0,0.0,0,1,0,0
2024-01-16 20:00:00,20,1,0,Media,200000,0.8406892171643285,0.7264205514509376,1.6032833198056313,1.0838357749712624,0,0,1,0
2024-01-16 20:00:00,20,1,0,Compute,250000,0.0,0.58919632139535,1.774762362503425,1.3996812437088502,1,0,0,0
2024-01-16 21:00:00,21,1,0,Web,100000,0.0,1.2974320689478933,1.1120437057171535,0.155581780110307,0,0,0,1
2024-01-16 21:00:00,21,1,0,Database,150000,0.0,3.260681056691416,3.4699232566046083,4.844228265227216,0,1,0,0
2024-01-16 21:00:00,21,1,0,Media,200000,1.0838357749712624,3.619603449152281,3.7522513805050406,5.381771896370081,0,0,1,0
2024-01-16 21:00:00,21,1,0,Compute,250000,1.3996812437088502,0.5352092096705335,1.8017559183658334,1.4536683554336667,1,0,0,0
2024-01-16 22:00:00,22,1,0,Web,100000,0.155581780110307,6.428124942032768,0.0,0.0,0,0,0,1
2024-01-16 22:00:00,22,1,0,Database,150000,4.844228265227216,1.8758886810789754,2.777527068798388,3.4594358896147757,0,1,0,0
2024-01-16 22:00:00,22,1,0,Media,200000,5.381771896370081,1.6901246251279265,2.787511968492863,3.452293072345727,0,0,1,0
2024-01-16 22:00:00,22,1,0,Compute,250000,1.4536683554336667,0.9522186500730351,2.521425908635418,2.8930083359728354,1,0,0,0
2024-01-16 23:00:00,23,1,0,Web,100000,0.0,2.968483187526547,3.2209573943521734,4.3734091573803475,0,0,0,1
2024-01-16 23:00:00,23,1,0,Database,150000,3.4594358896147757,3.51852822898532,0.10436255336844025,0.0,0,1,0,0
2024-01-16 23:00:00,23,1,0,Media,200000,3.452293072345727,6.050310098157617,4.967604705007709,7.812478545375416,0,0,1,0
2024-01-16 23:00:00,23,1,0,Compute,250000,2.8930083359728354,2.902327199027804,0.618196923687198,0.0,1,0,0,0
2024-01-17 00:00:00,0,2,0,Web,100000,4.3734091573803475,2.271712721204764,2.872572161191282,3.6766386910585642,0,0,0,1
2024-01-17 00:00:00,0,2,0,Database,150000,0.0,5.086087022842255,0.0,0.0,0,1,0,0
2024-01-17 00:00:00,0,2,0,Media,200000,7.812478545375416,2.8148380014123524,0.5590745948249238,0.0,0,0,1,0
2024-01-17 00:00:00,0,2,0,Compute,250000,0.0,4.573149879778208,4.331891523488004,6.513939565678008,1,0,0,0
2024-01-17 01:00:00,1,2,0,Web,100000,3.6766386910585642,0.8067434086047497,1.3573880358887251,0.6462704404534505,0,0,0,1
2024-01-17 01:00:00,1,2,0,Database,150000,0.0,2.543811755000594,3.111488605759197,4.127358963536394,0,1,0,0
2024-01-17 01:00:00,1,2,0,Media,200000,0.0,0.7349101057599382,2.3099047088088693,2.4970785529777384,0,0,1,0
2024-01-17 01:00:00,1,2,0,Compute,250000,6.513939565678008,0.3389184076027181,1.8999013193997412,1.6499591575014823,1,0,0,0
2024-01-17 02:00:00,2,2,0,Web,100000,0.6462704404534505,4.115594914400269,3.7945132577890344,5.5205208842540685,0,0,0,1
2024-01-17 02:00:00,2,2,0,Database,150000,4.127358963536394,0.7340204135579009,1.4966164610821497,0.8976146741822991,0,1,0,0
2024-01-17 02:00:00,2,2,0,Media,200000,2.4970785529777384,5.366258262292612,0.0,0.0,0,0,1,0
2024-01-17 02:00:00,2,2,0,Compute,250000,1.6499591575014823,2.433764215457315,0.8524784154724425,0.0,1,0,0,0
2024-01-17 03:00:00,3,2,0,Web,100000,5.5205208842540685,1.6776191257072826,2.5755253634425412,3.0825450955610827,0,0,0,1
2024-01-17 03:00:00,3,2,0,Database,150000,0.8976146741822991,1.2105712586897244,2.444868357603762,2.794118467225524,0,1,0,0
2024-01-17 03:00:00,3,2,0,Media,200000,0.0,4.725218690308515,0.0,0.0,0,0,1,0
2024-01-17 03:00:00,3,2,0,Compute,250000,0.0,2.197071497826803,0.9708247742876985,0.0,1,0,0,0
2024-01-17 04:00:00,4,2,0,Web,100000,3.0825450955610827,1.76920798720894,0.8761557465866301,0.0,0,0,0,1
2024-01-17 04:00:00,4,2,0,Database,150000,2.794118467225524,1.1204527219448752,1.3034003068886628,0.5111823657953249,0,1,0,0
2024-01-17 04:00:00,4,2,0,Media,200000,0.0,4.151784705406855,0.0,0.0,0,0,1,0
2024-01-17 04:00:00,4,2,0,Compute,250000,0.0,1.9091572639606358,1.1147818912207823,0.07972030114356454,1,0,0,0
2024-01-17 05:00:00,5,2,0,Web,100000,0.0,2.209875395380782,0.6558220425007089,0.0,0,0,0,1
2024-01-17 05:00:00,5,2,0,Database,150000,0.5111823657953249,2.338643718887958,3.0089045877028795,3.922190927423758,0,1,0,0
2024-01-17 05:00:00,5,2,0,Media,200000,0.0,2.4514078725729314,3.168153592215366,4.213576319790731,0,0,1,0
2024-01-17 05:00:00,5,2,0,Compute,250000,0.07972030114356454,0.46147531386864793,1.838622866266776,1.5274022512355523,1,0,0,0
2024-01-17 06:00:00,6,2,0,Web,100000,0.0,1.2001633272143946,1.1606780765839027,0.25285052184380574,0,0,0,1
2024-01-17 06:00:00,6,2,0,Database,150000,3.922190927423758,0.4438168757195402,2.0614911661186706,2.0273640842553404,0,1,0,0
2024-01-17 06:00:00,6,2,0,Media,200000,4.213576319790731,2.4737692619689247,0.7296089645466377,0.0,0,0,1,0
2024-01-17 06:00:00,6,2,0,Compute,250000,1.5274022512355523,3.464540186104523,0.33709043014883866,0.0,1,0,0,0
2024-01-17 07:00:00,7,2,0,Web,100000,0.25285052184380574,2.8447075663793506,0.3384059570014246,0.0,0,0,0,1
2024-01-17 07:00:00,7,2,0,Database,150000,2.0273640842553404,1.9284834315165702,0.8993849521028152,0.0,0,1,0,0
2024-01-17 07:00:00,7,2,0,Media,200000,0.0,3.514465338979013,0.20926092604159363,0.0,0,0,1,0
2024-01-17 07:00:00,7,2,0,Compute,250000,0.0,0.5102226167908243,2.300427891994312,2.4510123026906245,1,0,0,0
2024-01-17 08:00:00,8,2,0,Web,100000,0.0,2.213190960953325,2.8433112810655627,3.6181169308071253,0,0,0,1
2024-01-17 08:00:00,8,2,0,Database,150000,0.0,4.785338841996926,0.0,0.0,0,1,0,0
2024-01-17 08:00:00,8,2,0,Media,200000,0.0,0.09943007325030004,1.9921646925540502,1.8615985204681003,0,0,1,0
2024-01-17 08:00:00,8,2,0,Compute,250000,2.4510123026906245,0.6838513254012067,1.7274348605004968,1.3050262397029935,1,0,0,0
2024-01-17 09:00:00,9,2,0,Web,100000,3.6181169308071253,1.0485699962126087,2.2610007986952043,2.453495966066409,0,0,0,1
2024-01-17 09:00:00,9,2,0,Database,150000,0.0,0.06286024391296419,1.8321965459046181,1.568774843827236,0,1,0,0
2024-01-17 09:00:00,9,2,0,Media,200000,1.8615985204681003,4.384841779397093,0.0,0.0,0,0,1,0
2024-01-17 09:00:00,9,2,0,Compute,250000,1.3050262397029935,3.811211836173696,0.163754605114252,0.0,1,0,0,0
2024-01-17 10:00:00,10,2,0,Web,100000,2.453495966066409,0.11231466635711818,1.792873133767459,1.5172406362109183,0,0,0,1
2024-01-17 10:00:00,10,2,0,Database,150000,1.568774843827236,3.110386698838728,3.394776077678264,4.693933907374528,0,1,0,0
2024-01-17 10:00:00,10,2,0,Media,200000,0.0,6.6666060527312085,0.0,0.0,0,0,1,0
2024-01-17 10:00:00,10,2,0,Compute,250000,0.0,1.0612236790069398,2.5759284231023702,3.00201336490674,1,0,0,0
2024-01-17 11:00:00,11,2,0,Web,100000,1.5172406362109183,3.5929099554651294,3.5331707783214648,4.997835925318929,0,0,0,1
2024-01-17 11:00:00,11,2,0,Database,150000,4.693933907374528,0.4831215682208393,1.6220658837506807,1.1485135195193608,0,1,0,0
2024-01-17 11:00:00,11,2,0,Media,200000,0.0,1.6746514276815223,2.779775369769661,3.4368198748993226,0,0,1,0
2024-01-17 11:00:00,11,2,0,Compute,250000,3.00201336490674,2.133251182295606,1.002734932053297,0.0,1,0,0,0
2024-01-17 12:00:00,12,2,0,Web,100000,4.997835925318929,0.38214253743283044,1.5696884714746848,1.0708713116253699,0,0,0,1
2024-01-17 12:00:00,12,2,0,Database,150000,1.1485135195193608,4.886784494526655,0.0,0.0,0,1,0,0
2024-01-17 12:00:00,12,2,0,Media,200000,3.4368198748993226,7.057073864858822,0.0,0.0,0,0,1,0
2024-01-17 12:00:00,12,2,0,Compute,250000,0.0,2.8523413432780256,3.4714872552379132,4.793131029177826,1,0,0,0
2024-01-17 13:00:00,13,2,0,Web,100000,1.0708713116253699,2.9790287227755257,0.2712453788033371,0.0,0,0,0,1
2024-01-17 13:00:00,13,2,0,Database,150000,0.0,1.3906274746124916,1.1683129305548545,0.24100761312770858,0,1,0,0
2024-01-17 13:00:00,13,2,0,Media,200000,0.0,4.18337069941278,0.0,0.0,0,0,1,0
2024-01-17 13:00:00,13,2,0,Compute,250000,4.793131029177826,4.253953048853828,0.0,0.0,1,0,0,0
2024-01-17 14:00:00,14,2,0,Web,100000,0.0,0.5455570398860491,1.4879812202480753,0.9074568091721511,0,0,0,1
2024-01-17 14:00:00,14,2,0,Database,150000,0.24100761312770858,2.212775522009139,0.7572389068565306,0.0,0,1,0,0
2024-01-17 14:00:00,14,2,0,Media,200000,0.0,1.1579569335862956,2.521428122722048,2.9201253808040954,0,0,1,0
2024-01-17 14:00:00,14,2,0,Compute,250000,0.0,1.3816591965409757,2.7361461818693877,3.322448882440776,1,0,0,0
2024-01-17 15:00:00,15,2,0,Web,100000,0.9074568091721511,0.9865928785760215,2.2300122398769107,2.391518848429822,0,0,0,1
2024-01-17 15:00:00,15,2,0,Database,150000,0.0,0.7398463123875311,2.209505884452666,2.3233935209233314,0,1,0,0
2024-01-17 15:00:00,15,2,0,Media,200000,2.9201253808040954,4.757348554397859,4.321123933127829,6.519517001615658,0,0,1,0
2024-01-17 15:00:00,15,2,0,Compute,250000,3.322448882440776,3.226825246736858,0.45594789983267114,0.0,1,0,0,0
2024-01-17 16:00:00,16,2,0,Web,100000,2.391518848429822,0.18884853821095324,1.6663354710856233,1.264165310847247,0,0,0,1
2024-01-17 16:00:00,16,2,0,Database,150000,2.3233935209233314,3.422113401160966,3.5506394288393834,5.005660609696767,0,1,0,0
2024-01-17 16:00:00,16,2,0,Media,200000,6.519517001615658,3.817663367616309,3.8512813397370547,5.579831814834109,0,0,1,0
2024-01-17 16:00:00,16,2,0,Compute,250000,0.0,4.289334887635919,0.0,0.0,1,0,0,0
2024-01-17 17:00:00,17,2,0,Web,100000,1.264165310847247,0.9611102645698097,1.280204607906195,0.49190358448839044,0,0,0,1
2024-01-17 17:00:00,17,2,0,Database,150000,5.005660609696767,4.098407227203982,3.8887863418608912,5.681954435739781,0,1,0,0
2024-01-17 17:00:00,17,2,0,Media,200000,5.579831814834109,1.5482812551993959,2.716590283528598,3.3104497024171957,0,0,1,0
2024-01-17 17:00:00,17,2,0,Compute,250000,0.0,0.6098330340415182,2.3502331006196595,2.5506227199413187,1,0,0,0
2024-01-17 18:00:00,18,2,0,Web,100000,0.49190358448839044,0.6770980199061701,1.422210730238015,0.7759158291520301,0,0,0,1
2024-01-17 18:00:00,18,2,0,Database,150000,5.681954435739781,1.1754467167254363,1.275903309498382,0.45618837101476384,0,1,0,0
2024-01-17 18:00:00,18,2,0,Media,200000,3.3104497024171957,0.8887011288731725,2.3868002203654863,2.650869576090973,0,0,1,0
2024-01-17 18:00:00,18,2,0,Compute,250000,2.5506227199413187,0.7811663145556501,1.678777365923275,1.20771125054855,1,0,0,0
2024-01-17 19:00:00,19,2,0,Web,100000,0.7759158291520301,0.15177980273553254,1.6848698388233336,1.3012340463226677,0,0,0,1
2024-01-17 19:00:00,19,2,0,Database,150000,0.45618837101476384,0.25984005794731213,1.9695027572325563,1.8433872664831121,0,1,0,0
2024-01-17 19:00:00,19,2,0,Media,200000,2.650869576090973,2.0582585250826972,0.9373643329897514,0.0,0,0,1,0
2024-01-17 19:00:00,19,2,0,Compute,250000,1.20771125054855,1.620432061246515,2.8555326142221578,3.5612217471463152,1,0,0,0
2024-01-17 20:00:00,20,2,0,Web,100000,1.3012340463226677,8.766777884848459,6.12010474301313,10.17170385470226,0,0,0,1
2024-01-17 20:00:00,20,2,0,Database,150000,1.8433872664831121,5.355003857580425,0.0,0.0,0,1,0,0
2024-01-17 20:00:00,20,2,0,Media,200000,0.0,0.9960815121721397,2.44049041201497,2.75824995938994,0,0,1,0
2024-01-17 20:00:00,20,2,0,Compute,250000,3.5612217471463152,2.3046142054589165,0.9170534204716418,0.0,1,0,0,0
2024-01-17 21:00:00,21,2,0,Web,100000,10.17170385470226,1.75625167215995,2.614841636668875,3.16117764201375,0,0,0,1
2024-01-17 21:00:00,21,2,0,Database,150000,0.0,0.16371635958578276,1.9214409080517916,1.747263568121583,0,1,0,0
2024-01-17 21:00:00,21,2,0,Media,200000,2.75824995938994,2.3096082617295903,3.0972537867936953,4.07177670894739,0,0,1,0
2024-01-17 21:00:00,21,2,0,Compute,250000,0.0,3.5505636691285383,3.8205984181631694,5.491353355028338,1,0,0,0
2024-01-17 22:00:00,22,2,0,Web,100000,3.16117764201375,0.6013072929067439,2.037369447042272,2.006233262760544,0,0,0,1
2024-01-17 22:00:00,22,2,0,Database,150000,1.747263568121583,3.4202008048447343,3.5496831306812675,5.003748013380535,0,1,0,0
2024-01-17 22:00:00,22,2,0,Media,200000,4.07177670894739,7.056937620968232,0.0,0.0,0,0,1,0
2024-01-17 22:00:00,22,2,0,Compute,250000,5.491353355028338,4.79540083335027,4.443017000274034,6.736190519250069,1,0,0,0
2024-01-17 23:00:00,23,2,0,Web,100000,2.006233262760544,1.1492303952792204,2.3113309982285104,2.5541563651330206,0,0,0,1
2024-01-17 23:00:00,23,2,0,Database,150000,5.003748013380535,3.2575740068377455,3.468369731677773,4.841121215373546,0,1,0,0
2024-01-17 23:00:00,23,2,0,Media,200000,0.0,3.6836711741267645,0.1246580084677178,0.0,0,0,1,0
2024-01-17 23:00:00,23,2,0,Compute,250000,6.736190519250069,2.5163535844182072,0.8111837309919965,0.0,1,0,0,0
2024-01-18 00:00:00,0,3,0,Web,100000,2.5541563651330206,0.4618588220365224,1.9676452116071612,1.8667847918903226,0,0,0,1
2024-01-18 00:00:00,0,3,0,Database,150000,4.841121215373546,0.07515760761458905,1.8260478640538058,1.556477480125611,0,1,0,0
2024-01-18 00:00:00,0,3,0,Media,200000,0.0,0.8732497036321687,2.3790745077449844,2.635418150849969,0,0,1,0
2024-01-18 00:00:00,0,3,0,Compute,250000,0.0,3.2775894223920985,3.6841112947949495,5.218379108291899,1,0,0,0
2024-01-18 01:00:00,1,3,0,Web,100000,1.8667847918903226,5.319704885510748,0.0,0.0,0,0,0,1
2024-01-18 01:00:00,1,3,0,Database,150000,1.556477480125611,2.945501154754127,3.312333305635964,4.529048363289927,0,1,0,0
2024-01-18 01:00:00,1,3,0,Media,200000,2.635418150849969,0.04888966947598105,1.9668944906668906,1.8110581166937811,0,0,1,0
2024-01-18 01:00:00,1,3,0,Compute,250000,5.218379108291899,0.6353895229758432,1.7516657617131786,1.353488042128357,1,0,0,0
2024-01-18 02:00:00,2,3,0,Web,100000,0.0,4.437389642756871,0.0,0.0,0,0,0,1
2024-01-18 02:00:00,2,3,0,Database,150000,4.529048363289927,1.533189944732795,2.606177700625298,3.116737153268595,0,1,0,0
2024-01-18 02:00:00,2,3,0,Media,200000,1.8110581166937811,7.266367492695312,0.0,0.0,0,0,1,0
2024-01-18 02:00:00,2,3,0,Compute,250000,1.353488042128357,1.969225973318338,3.0299295702580693,3.9100156592181383,1,0,0,0
2024-01-18 03:00:00,3,3,0,Web,100000,0.0,4.500361446021176,0.0,0.0,0,0,0,1
2024-01-18 03:00:00,3,3,0,Database,150000,3.116737153268595,0.1844176774546221,1.9317915669862114,1.7679648859904222,0,1,0,0
2024-01-18 03:00:00,3,3,0,Media,200000,0.0,0.38155045158596124,1.7757183697381196,1.428705874836239,0,0,1,0
2024-01-18 03:00:00,3,3,0,Compute,250000,3.9100156592181383,3.532658381483851,3.8116457743408256,5.473448067383651,1,0,0,0
2024-01-18 04:00:00,4,3,0,Web,100000,0.0,0.5600094466438704,1.4807550168691648,0.8930044024143298,0,0,0,1
2024-01-18 04:00:00,4,3,0,Database,150000,1.7679648859904222,2.1064596230391968,0.8103968563415018,0.0,0,1,0,0
2024-01-18 04:00:00,4,3,0,Media,200000,1.428705874836239,1.5438520275158092,1.1945675817731956,0.26640429890639106,0,0,1,0
2024-01-18 04:00:00,4,3,0,Compute,250000,5.473448067383651,3.8426922458661905,3.9666627065319955,5.783481931765991,1,0,0,0
2024-01-18 05:00:00,5,3,0,Web,100000,0.8930044024143298,1.632934847144881,2.5531832241613404,3.0378608169986814,0,0,0,1
2024-01-18 05:00:00,5,3,0,Database,150000,0.0,1.180933884171684,1.2731597257752583,0.45070120356851606,0,1,0,0
2024-01-18 05:00:00,5,3,0,Media,200000,0.26640429890639106,0.7333831994957403,1.59980199578323,1.07687312692646,0,0,1,0
2024-01-18 05:00:00,5,3,0,Compute,250000,5.783481931765991,4.725575211358541,0.0,0.0,1,0,0,0
2024-01-18 06:00:00,6,3,0,Web,100000,3.0378608169986814,1.1894665421568231,2.3314490716673113,2.5943925120106233,0,0,0,1
2024-01-18 06:00:00,6,3,0,Database,150000,0.45070120356851606,5.303491062688598,0.0,0.0,0,1,0,0
2024-01-18 06:00:00,6,3,0,Media,200000,1.07687312692646,2.279433337108568,3.0821663244831843,4.041601784326368,0,0,1,0
2024-01-18 06:00:00,6,3,0,Compute,250000,0.0,0.4099087170759975,2.2502709421368987,2.350698402975798,1,0,0,0
2024-01-18 07:00:00,7,3,0,Web,100000,2.5943925120106233,7.184899338323968,5.329165469750883,8.589825308177767,0,0,0,1
2024-01-18 07:00:00,7,3,0,Database,150000,0.0,3.3244506007751173,0.20140136747354154,0.0,0,1,0,0
2024-01-18 07:00:00,7,3,0,Media,200000,4.041601784326368,0.3320302127240988,1.8004784891690506,1.4782261136981014,0,0,1,0
2024-01-18 07:00:00,7,3,0,Compute,250000,2.350698402975798,5.418907042371388,4.754770104784594,7.359696728271188,1,0,0,0
2024-01-18 08:00:00,8,3,0,Web,100000,8.589825308177767,3.5982128604764427,3.5358222308271214,5.0031388303302435,0,0,0,1
2024-01-18 08:00:00,8,3,0,Database,150000,0.0,2.1126800943418993,0.8072866206901506,0.0,0,1,0,0
2024-01-18 08:00:00,8,3,0,Media,200000,1.4782261136981014,0.6959462247225432,2.290422768290172,2.4581146719403435,0,0,1,0
2024-01-18 08:00:00,8,3,0,Compute,250000,7.359696728271188,0.0300420088474617,2.060337588022631,1.970831694747262,1,0,0,0
2024-01-18 09:00:00,9,3,0,Web,100000,5.0031388303302435,0.8699115417846716,2.1716715714812356,2.274837511638472,0,0,0,1
2024-01-18 09:00:00,9,3,0,Database,150000,0.0,2.120085247556689,0.8035840440827557,0.0,0,1,0,0
2024-01-18 09:00:00,9,3,0,Media,200000,2.4581146719403435,0.29200514770440356,1.8204910216788983,1.5182511787177966,0,0,1,0
2024-01-18 09:00:00,9,3,0,Compute,250000,1.970831694747262,4.8182010654323415,0.0,0.0,1,0,0,0
2024-01-18 10:00:00,10,3,0,Web,100000,2.274837511638472,0.42941429520644614,1.951422948192123,1.8343402650602463,0,0,0,1
2024-01-18 10:00:00,10,3,0,Database,150000,0.0,1.3741059598676963,2.5266357081927486,2.957653168403496,0,1,0,0
2024-01-18 10:00:00,10,3,0,Media,200000,1.5182511787177966,0.7063021775338519,1.613342506764174,1.1039541488883482,0,0,1,0
2024-01-18 10:00:00,10,3,0,Compute,250000,0.0,4.869196611356563,0.0,0.0,1,0,0,0
2024-01-18 11:00:00,11,3,0,Web,100000,1.8343402650602463,2.9896395281565873,3.231535564667194,4.394565498010388,0,0,0,1
2024-01-18 11:00:00,11,3,0,Database,150000,2.957653168403496,1.117619053580607,2.398392255049204,2.701166262116407,0,1,0,0
2024-01-18 11:00:00,11,3,0,Media,200000,1.1039541488883482,2.2020892327051302,0.8654489791785349,0.0,0,0,1,0
2024-01-18 11:00:00,11,3,0,Compute,250000,0.0,0.8658452801163918,1.6364378831429043,1.1230322849878083,1,0,0,0
2024-01-18 12:00:00,12,3,0,Web,100000,4.394565498010388,4.526052147947717,0.0,0.0,0,0,0,1
2024-01-18 12:00:00,12,3,0,Database,150000,2.701166262116407,3.100274322935913,0.31348950639314377,0.0,0,1,0,0
2024-01-18 12:00:00,12,3,0,Media,200000,0.0,1.6374779786736184,1.147754606194291,0.1727783477485818,0,0,1,0
2024-01-18 12:00:00,12,3,0,Compute,250000,1.1230322849878083,3.7093063764426533,3.899969771820227,5.650096062342453,1,0,0,0
2024-01-18 13:00:00,13,3,0,Web,100000,0.0,1.942554112264627,0.7894826840587865,0.0,0,0,0,1
2024-01-18 13:00:00,13,3,0,Database,150000,0.0,1.9446849175884762,2.8119251870531383,3.5282321261242764,0,1,0,0
2024-01-18 13:00:00,13,3,0,Media,200000,0.1727783477485818,1.6389925481869394,1.1469973214376306,0.17126377823526084,0,0,1,0
2024-01-18 13:00:00,13,3,0,Compute,250000,5.650096062342453,0.7678866221578245,2.4292598946778123,2.708676308057625,1,0,0,0
2024-01-18 14:00:00,14,3,0,Web,100000,0.0,0.4482304460336065,1.5366445171742966,1.0047834030245937,0,0,0,1
2024-01-18 14:00:00,14,3,0,Database,150000,3.5282321261242764,2.64321373988043,3.1611895981991154,4.2267609484162305,0,1,0,0
2024-01-18 14:00:00,14,3,0,Media,200000,0.17126377823526084,1.6284779542578736,1.1522546184021634,0.18177837216432668,0,0,1,0
2024-01-18 14:00:00,14,3,0,Compute,250000,2.708676308057625,4.741628689609523,0.0,0.0,1,0,0,0
2024-01-18 15:00:00,15,3,0,Web,100000,1.0047834030245937,4.169891033693099,0.0,0.0,0,0,0,1
2024-01-18 15:00:00,15,3,0,Database,150000,4.2267609484162305,1.6196764214304722,1.0537884571458642,0.011958666309727972,0,1,0,0
2024-01-18 15:00:00,15,3,0,Media,200000,0.18177837216432668,3.7712238516363583,0.08088166971292088,0.0,0,0,1,0
2024-01-18 15:00:00,15,3,0,Compute,250000,0.0,1.254679986640854,2.6726565769193273,3.1954696725406544,1,0,0,0
2024-01-18 16:00:00,16,3,0,Web,100000,0.0,1.4213484341764335,1.0500855231028834,0.031665414881766774,0,0,0,1
2024-01-18 16:00:00,16,3,0,Database,150000,0.011958666309727972,7.147863589681495,5.413514523099647,8.731410798217295,0,1,0,0
2024-01-18 16:00:00,16,3,0,Media,200000,0.0,5.237187725013596,0.0,0.0,0,0,1,0
2024-01-18 16:00:00,16,3,0,Compute,250000,3.1954696725406544,0.6349434757316036,2.362788321464702,2.575733161631404,1,0,0,0
2024-01-18 17:00:00,17,3,0,Web,100000,0.031665414881766774,3.4079030101192065,0.05680823513149669,0.0,0,0,0,1
2024-01-18 17:00:00,17,3,0,Database,150000,8.731410798217295,1.504247960750236,1.1115026874859824,0.12738712698996424,0,1,0,0
2024-01-18 17:00:00,17,3,0,Media,200000,0.0,0.44830235962383247,2.1666008357408164,2.2104708068416326,0,0,1,0
2024-01-18 17:00:00,17,3,0,Compute,250000,2.575733161631404,7.000158064225061,0.0,0.0,1,0,0,0
2024-01-18 18:00:00,18,3,0,Web,100000,0.0,0.7345222899662824,2.1039769455720414,2.1394482598200826,0,0,0,1
2024-01-18 18:00:00,18,3,0,Database,150000,0.12738712698996424,5.732766326424703,4.705965891471251,7.316313534960503,0,1,0,0
2024-01-18 18:00:00,18,3,0,Media,200000,2.2104708068416326,1.3843588347079787,1.2743141781771108,0.42589749171422153,0,0,1,0
2024-01-18 18:00:00,18,3,0,Compute,250000,0.0,0.8034675100187284,2.4470503386082645,2.7442571959185287,1,0,0,0
2024-01-18 19:00:00,19,3,0,Web,100000,2.1394482598200826,3.0988090189783977,3.2861203100780987,4.503734988832198,0,0,0,1
2024-01-18 19:00:00,19,3,0,Database,150000,7.316313534960503,0.5159044396831897,1.6056744480195055,1.1157306480570104,0,1,0,0
2024-01-18 19:00:00,19,3,0,Media,200000,0.42589749171422153,1.7669245051966498,1.0830313429327751,0.04333182122555046,0,0,1,0
2024-01-18 19:00:00,19,3,0,Compute,250000,2.7442571959185287,6.851253150767457,0.0,0.0,1,0,0,0
2024-01-18 20:00:00,20,3,0,Web,100000,4.503734988832198,1.94701609778712,2.71022384948246,3.35194206764092,0,0,0,1
2024-01-18 20:00:00,20,3,0,Database,150000,1.1157306480570104,0.36354916878889165,1.6818520834666544,1.2680859189513085,0,1,0,0
2024-01-18 20:00:00,20,3,0,Media,200000,0.04333182122555046,3.062095493766685,0.4354458486477575,0.0,0,0,1,0
2024-01-18 20:00:00,20,3,0,Compute,250000,0.0,0.40383407043528063,2.2472336188165407,2.344623756335081,1,0,0,0
2024-01-18 21:00:00,21,3,0,Web,100000,3.35194206764092,1.7750850100207443,0.8732172351807279,0.0,0,0,0,1
2024-01-18 21:00:00,21,3,0,Database,150000,1.2680859189513085,1.609322332948777,1.0589655013867119,0.02231275479142325,0,1,0,0
2024-01-18 21:00:00,21,3,0,Media,200000,0.0,1.8429174079283246,2.8639083598930624,3.6050858551461245,0,0,1,0
2024-01-18 21:00:00,21,3,0,Compute,250000,2.344623756335081,4.039191173573734,0.04976493641423341,0.0,1,0,0,0
2024-01-18 22:00:00,22,3,0,Web,100000,0.0,3.165989797823475,3.3197106995006376,4.570915767677276,0,0,0,1
2024-01-18 22:00:00,22,3,0,Database,150000,0.02231275479142325,4.2171024289574115,0.0,0.0,0,1,0,0
2024-01-18 22:00:00,22,3,0,Media,200000,3.6050858551461245,2.0121481646679915,0.9604195131971044,0.0,0,0,1,0
2024-01-18 22:00:00,22,3,0,Compute,250000,0.0,5.792882521801932,4.941757844499866,7.733672207701732,1,0,0,0
2024-01-18 23:00:00,23,3,0,Web,100000,4.570915767677276,3.4061082245294663,3.439769912853633,4.811034194383266,0,0,0,1
2024-01-18 23:00:00,23,3,0,Database,150000,0.0,0.31685591708852057,1.9980106868031606,1.9004031256243206,0,1,0,0
2024-01-18 23:00:00,23,3,0,Media,200000,0.0,2.845634586105849,0.5436763024781754,0.0,0,0,1,0
2024-01-18 23:00:00,23,3,0,Compute,250000,7.733672207701732,1.6118608597018798,1.2634300933501603,0.3770167054023206,1,0,0,0
2024-01-19 00:00:00,0,4,0,Web,100000,4.811034194383266,0.2438698833592892,1.8586507422685445,1.6487958532130893,0,0,0,1
2024-01-19 00:00:00,0,4,0,Database,150000,1.9004031256243206,0.13661363662099527,1.907889546569398,1.7201608451567953,0,1,0,0
2024-01-19 00:00:00,0,4,0,Media,200000,0.0,0.2966567284800885,1.818165231291056,1.5135995979421115,0,0,1,0
2024-01-19 00:00:00,0,4,0,Compute,250000,0.3770167054023206,0.11654148185475299,2.0110897822737237,1.8723360832494473,1,0,0,0
2024-01-19 01:00:00,1,4,0,Web,100000,1.6487958532130893,0.6671692687175422,1.4271751058323288,0.785844580340658,0,0,0,1
2024-01-19 01:00:00,1,4,0,Database,150000,1.7201608451567953,4.349980146522239,0.0,0.0,0,1,0,0
2024-01-19 01:00:00,1,4,0,Media,200000,1.5135995979421115,1.5735761660846985,1.1797055124887508,0.23668016033750172,0,0,1,0
2024-01-19 01:00:00,1,4,0,Compute,250000,1.8723360832494473,2.7679161015627396,3.42927463438027,4.70870578746254,1,0,0,0
2024-01-19 02:00:00,2,4,0,Web,100000,0.785844580340658,4.129046832255553,0.0,0.0,0,0,0,1
2024-01-19 02:00:00,2,4,0,Database,150000,0.0,0.5927104742200355,1.5672714307510824,1.0389246135201646,0,1,0,0
2024-01-19 02:00:00,2,4,0,Media,200000,0.23668016033750172,2.483305725914732,0.724840732573734,0.0,0,0,1,0
2024-01-19 02:00:00,2,4,0,Compute,250000,4.70870578746254,0.3580952277965339,2.224364197497167,2.2988849136963343,1,0,0,0
2024-01-19 03:00:00,3,4,0,Web,100000,0.0,1.1899434828026545,1.1657879987897728,0.2630703662555458,0,0,0,1
2024-01-19 03:00:00,3,4,0,Database,150000,1.0389246135201646,4.456224934526207,4.0676951955220035,6.039772143062007,0,1,0,0
2024-01-19 03:00:00,3,4,0,Media,200000,0.0,1.5437934021729613,2.7143463570153807,3.305961849390761,0,0,1,0
2024-01-19 03:00:00,3,4,0,Compute,250000,2.2988849136963343,3.959453436933834,0.08963380473418314,0.0,1,0,0,0
2024-01-19 04:00:00,4,4,0,Web,100000,0.2630703662555458,2.0377279744432957,2.755579787810548,3.442653944297096,0,0,0,1
2024-01-19 04:00:00,4,4,0,Database,150000,6.039772143062007,2.347999508388389,0.6896269136669058,0.0,0,1,0,0
2024-01-19 04:00:00,4,4,0,Media,200000,3.305961849390761,1.755033053734801,1.0889770686636997,0.05522327268739935,0,0,1,0
2024-01-19 04:00:00,4,4,0,Compute,250000,0.0,0.9655009999235654,2.528067083560683,2.9062906858233655,1,0,0,0
2024-01-19 05:00:00,5,4,0,Web,100000,3.442653944297096,1.4992861987926043,1.011116640794798,0.0,0,0,0,1
2024-01-19 05:00:00,5,4,0,Database,150000,0.0,2.7026113885710656,3.1908884225444334,4.286158597106866,0,1,0,0
2024-01-19 05:00:00,5,4,0,Media,200000,0.05522327268739935,2.347574124142386,0.792706533459907,0.0,0,0,1,0
2024-01-19 05:00:00,5,4,0,Compute,250000,2.9062906858233655,1.8808835973762899,1.1289187245129553,0.10799396772791048,1,0,0,0
2024-01-19 06:00:00,6,4,0,Web,100000,0.0,1.9931566202465267,0.7641814300678367,0.0,0,0,0,1
2024-01-19 06:00:00,6,4,0,Database,150000,4.286158597106866,1.7209601846673168,1.0031465755274418,0.0,0,1,0,0
2024-01-19 06:00:00,6,4,0,Media,200000,0.0,3.3216186062456385,3.6032589590517192,5.083787053463439,0,0,1,0
2024-01-19 06:00:00,6,4,0,Compute,250000,0.10799396772791048,1.9104328204331094,3.0005329938154546,3.8512225063329097,1,0,0,0
2024-01-19 07:00:00,7,4,0,Web,100000,0.0,5.153875801638414,4.313653701408107,6.558801771492213,0,0,0,1
2024-01-19 07:00:00,7,4,0,Database,150000,0.0,6.826976551299964,5.253071003908882,8.410523759835764,0,1,0,0
2024-01-19 07:00:00,7,4,0,Media,200000,5.083787053463439,3.1161950353992194,0.40839607783149035,0.0,0,0,1,0
2024-01-19 07:00:00,7,4,0,Compute,250000,3.8512225063329097,0.23530132158406666,2.1629672443909334,2.176091007483867,1,0,0,0
2024-01-19 08:00:00,8,4,0,Web,100000,6.558801771492213,3.5526448895324987,0.0,0.0,0,0,0,1
2024-01-19 08:00:00,8,4,0,Database,150000,8.410523759835764,2.3568617228470012,0.6851958064375996,0.0,0,1,0,0
2024-01-19 08:00:00,8,4,0,Media,200000,0.0,1.9142914703692082,1.009347860346496,0.0,0,0,1,0
2024-01-19 08:00:00,8,4,0,Compute,250000,2.176091007483867,3.195508562017023,0.4716062421925886,0.0,1,0,0,0
2024-01-19 09:00:00,9,4,0,Web,100000,0.0,3.1797057582974406,0.17090686104237962,0.0,0,0,0,1
2024-01-19 09:00:00,9,4,0,Database,150000,0.0,0.4568970751629645,1.635178130279618,1.1747380125772355,0,1,0,0
2024-01-19 09:00:00,9,4,0,Media,200000,0.0,3.674199194761421,0.12939399815038954,0.0,0,0,1,0
2024-01-19 09:00:00,9,4,0,Compute,250000,0.0,2.5504248170150983,3.3205289921064494,4.491214502914898,1,0,0,0
2024-01-19 10:00:00,10,4,0,Web,100000,0.0,2.7773045518547423,0.37210746426372876,0.0,0,0,0,1
2024-01-19 10:00:00,10,4,0,Database,150000,1.1747380125772355,8.452750849891375,6.065958153204588,10.036298058427176,0,1,0,0
2024-01-19 10:00:00,10,4,0,Media,200000,0.0,1.3781972924953856,1.2773949492834074,0.43205903392681466,0,0,1,0
2024-01-19 10:00:00,10,4,0,Compute,250000,4.491214502914898,0.24009686535335664,2.1653650162755786,2.180886551253157,1,0,0,0
2024-01-19 11:00:00,11,4,0,Web,100000,0.0,3.9100674930003056,0.0,0.0,0,0,0,1
2024-01-19 11:00:00,11,4,0,Database,150000,10.036298058427176,5.142319213985118,4.410742335251459,6.725866422520918,0,1,0,0
2024-01-19 11:00:00,11,4,0,Media,200000,0.43205903392681466,3.3825459820109485,3.633722646934374,5.144714429228749,0,0,1,0
2024-01-19 11:00:00,11,4,0,Compute,250000,2.180886551253157,0.9147915518105375,2.502712359504169,2.8555812377103376,1,0,0,0
2024-01-19 12:00:00,12,4,0,Web,100000,0.0,4.064451585940897,0.0,0.0,0,0,0,1
2024-01-19 12:00:00,12,4,0,Database,150000,6.725866422520918,0.6560445727760608,2.167605014646931,2.239591781311861,0,1,0,0
2024-01-19 12:00:00,12,4,0,Media,200000,5.144714429228749,3.3883370776539645,0.2723250567041178,0.0,0,0,1,0
2024-01-19 12:00:00,12,4,0,Compute,250000,2.8555812377103376,4.411109730022282,4.250871448610042,6.351899415922082,1,0,0,0
2024-01-19 13:00:00,13,4,0,Web,100000,0.0,2.451628135161718,2.962529868169759,3.8565541050155185,0,0,0,1
2024-01-19 13:00:00,13,4,0,Database,150000,2.239591781311861,0.31036105506540834,1.9947632557916044,1.8939082636012086,0,1,0,0
2024-01-19 13:00:00,13,4,0,Media,200000,0.0,7.333170929344168,0.0,0.0,0,0,1,0
2024-01-19 13:00:00,13,4,0,Compute,250000,6.351899415922082,2.9742918755792918,0.5822145854114542,0.0,1,0,0,0
2024-01-19 14:00:00,14,4,0,Web,100000,3.8565541050155185,2.087327334401817,2.7803794677898086,3.4922533042556174,0,0,0,1
2024-01-19 14:00:00,14,4,0,Database,150000,1.8939082636012086,3.6626950147716673,3.670930235644734,5.246242223307467,0,1,0,0
2024-01-19 14:00:00,14,4,0,Media,200000,0.0,3.3515533740785943,3.6182263429681973,5.113721821296394,0,0,1,0
2024-01-19 14:00:00,14,4,0,Compute,250000,0.0,4.800082946326566,0.0,0.0,1,0,0,0
2024-01-19 15:00:00,15,4,0,Web,100000,3.4922533042556174,0.9287008600409122,2.201066230609356,2.3336268298947127,0,0,0,1
2024-01-19 15:00:00,15,4,0,Database,150000,5.246242223307467,3.0705895890509884,3.3748775227843946,4.654136797586789,0,1,0,0
2024-01-19 15:00:00,15,4,0,Media,200000,5.113721821296394,4.999050636348936,0.0,0.0,0,0,1,0
2024-01-19 15:00:00,15,4,0,Compute,250000,0.0,0.04775748572190904,2.0454817803401455,1.9411200793822911,1,0,0,0
2024-01-19 16:00:00,16,4,0,Web,100000,2.3336268298947127,0.8455711345275687,2.1595013678526844,2.250497104381369,0,0,0,1
2024-01-19 16:00:00,16,4,0,Database,150000,4.654136797586789,0.9263376941424047,1.400457820789898,0.7052973935977953,0,1,0,0
2024-01-19 16:00:00,16,4,0,Media,200000,0.0,5.5805295058058055,0.0,0.0,0,0,1,0
2024-01-19 16:00:00,16,4,0,Compute,250000,1.9411200793822911,1.0011382698233862,1.5687913882894071,0.9877392952808142,1,0,0,0
2024-01-19 17:00:00,17,4,0,Web,100000,2.250497104381369,1.0059602303672721,1.257779625007464,0.4470536186909282,0,0,0,1
2024-01-19 17:00:00,17,4,0,Database,150000,0.7052973935977953,0.4682611532454626,1.629496091238369,1.1633739344947376,0,1,0,0
2024-01-19 17:00:00,17,4,0,Media,200000,0.0,1.7144582158774087,1.1092644875923958,0.09579811054479159,0,0,1,0
2024-01-19 17:00:00,17,4,0,Compute,250000,0.9877392952808142,1.353080399326602,1.3928203235377992,0.6357971657775983,1,0,0,0
2024-01-19 18:00:00,18,4,0,Web,100000,0.4470536186909282,0.1431627866431337,1.6891783468695332,1.3098510624150665,0,0,0,1
2024-01-19 18:00:00,18,4,0,Database,150000,1.1633739344947376,1.3514077545113334,2.515286605514567,2.9349549630471334,0,1,0,0
2024-01-19 18:00:00,18,4,0,Media,200000,0.09579811054479159,0.9373242281722015,1.4978314814449993,0.8729320982499986,0,0,1,0
2024-01-19 18:00:00,18,4,0,Compute,250000,0.6357971657775983,1.2529907247062058,1.4428651608479974,0.7358868403979946,1,0,0,0
2024-01-19 19:00:00,19,4,0,Web,100000,1.3098510624150665,0.30110605436557425,1.8872688277716871,1.7060320242193745,0,0,0,1
2024-01-19 19:00:00,19,4,0,Database,150000,2.9349549630471334,5.786791717287745,0.0,0.0,0,1,0,0
2024-01-19 19:00:00,19,4,0,Media,200000,0.8729320982499986,1.4551493212815743,2.670024316569687,3.2173177684993743,0,0,1,0
2024-01-19 19:00:00,19,4,0,Compute,250000,0.7358868403979946,0.025733230971076423,2.056493907715562,1.9631443341331238,1,0,0,0
2024-01-19 20:00:00,20,4,0,Web,100000,1.7060320242193745,0.14312451939488546,1.8082780602863426,1.5480504892486857,0,0,0,1
2024-01-19 20:00:00,20,4,0,Database,150000,0.0,2.9062468623855917,3.292706159451696,4.489794070921392,0,1,0,0
2024-01-19 20:00:00,20,4,0,Media,200000,3.2173177684993743,5.882490529746945,0.0,0.0,0,0,1,0
2024-01-19 20:00:00,20,4,0,Compute,250000,1.9631443341331238,5.945545549179092,0.0,0.0,1,0,0,0
2024-01-19 21:00:00,21,4,0,Web,100000,1.5480504892486857,0.8454554755727586,2.1594435383752795,2.2503814454265587,0,0,0,1
2024-01-19 21:00:00,21,4,0,Database,150000,4.489794070921392,0.04539450498774732,1.8409294153672267,1.5862405827524528,0,1,0,0
2024-01-19 21:00:00,21,4,0,Media,200000,0.0,0.5345747691779966,2.2097370405178984,2.2967432163957966,0,0,1,0
2024-01-19 21:00:00,21,4,0,Compute,250000,0.0,1.4104251651195368,1.364147940641332,0.5784523999846636,1,0,0,0
2024-01-19 22:00:00,22,4,0,Web,100000,2.2503814454265587,2.0171049623219934,2.7452682817498966,3.422030932175794,0,0,0,1
2024-01-19 22:00:00,22,4,0,Database,150000,1.5862405827524528,2.82196046857556,3.25056296254668,4.40550767711136,0,1,0,0
2024-01-19 22:00:00,22,4,0,Media,200000,2.2967432163957966,1.4759908214567812,2.6804450666572905,3.2381592686745813,0,0,1,0
2024-01-19 22:00:00,22,4,0,Compute,250000,0.5784523999846636,0.8065293148159494,1.6660958657931255,1.1823482502882507,1,0,0,0
2024-01-19 23:00:00,23,4,0,Web,100000,3.422030932175794,6.347112102445409,0.0,0.0,0,0,0,1
2024-01-19 23:00:00,23,4,0,Database,150000,4.40550767711136,2.331752563713584,3.0054590101156924,3.9152997722493845,0,1,0,0
2024-01-19 23:00:00,23,4,0,Media,200000,3.2381592686745813,3.6892299382549782,3.7870646250563893,5.451398385472778,0,0,1,0
2024-01-19 23:00:00,23,4,0,Compute,250000,1.1823482502882507,1.95771917555414,3.02417617137597,3.8985088614539403,1,0,0,0
2024-01-20 00:00:00,0,5,1,Web,100000,0.0,2.6629712217047197,0.4292741293387401,0.0,0,0,0,1
2024-01-20 00:00:00,0,5,1,Database,150000,3.9152997722493845,2.0454271206054733,2.862296288561637,3.6289743291412737,0,1,0,0
2024-01-20 00:00:00,0,5,1,Media,200000,5.451398385472778,2.605633063486536,3.2452661876721685,4.367801510704337,0,0,1,0
2024-01-20 00:00:00,0,5,1,Compute,250000,3.8985088614539403,4.7004926829994575,4.395562925098629,6.641282368899257,1,0,0,0
2024-01-20 01:00:00,1,5,1,Web,100000,0.0,2.6523737122860727,0.4345728840480636,0.0,0,0,0,1
2024-01-20 01:00:00,1,5,1,Database,150000,3.6289743291412737,0.7034076932346154,1.5119228212437925,0.9282273945055847,0,1,0,0
2024-01-20 01:00:00,1,5,1,Media,200000,4.367801510704337,2.265860093032565,3.0753797024451828,4.028028540250365,0,0,1,0
2024-01-20 01:00:00,1,5,1,Compute,250000,6.641282368899257,0.19627415391667336,2.143453660557237,2.1370638398164736,1,0,0,0
2024-01-20 02:00:00,2,5,1,Web,100000,0.0,3.376026745756024,0.07274636731308792,0.0,0,0,0,1
2024-01-20 02:00:00,2,5,1,Database,150000,0.9282273945055847,1.267892794682309,2.473529125600055,2.851440003218109,0,1,0,0
2024-01-20 02:00:00,2,5,1,Media,200000,4.028028540250365,1.7600288410477,2.82246407645275,3.5221972882655,0,0,1,0
2024-01-20 02:00:00,2,5,1,Compute,250000,2.1370638398164736,0.28793262859520596,2.1892828978965033,2.2287223144950064,1,0,0,0
2024-01-20 03:00:00,3,5,1,Web,100000,0.0,0.6827987211420324,2.078115161159916,2.0877246909958327,0,0,0,1
2024-01-20 03:00:00,3,5,1,Database,150000,2.851440003218109,0.8001616446593904,1.463545845531405,0.8314734430808096,0,1,0,0
2024-01-20 03:00:00,3,5,1,Media,200000,3.5221972882655,4.458880746750379,4.171890029304089,6.221049193968178,0,0,1,0
2024-01-20 03:00:00,3,5,1,Compute,250000,2.2287223144950064,2.7261204907402297,0.7063002778309853,0.0,1,0,0,0
2024-01-20 04:00:00,4,5,1,Web,100000,2.0877246909958327,1.7860062278935367,0.8677566262443317,0.0,0,0,0,1
2024-01-20 04:00:00,4,5,1,Database,150000,0.8314734430808096,0.05700048018477686,1.8680829683512887,1.640547688720577,0,1,0,0
2024-01-20 04:00:00,4,5,1,Media,200000,6.221049193968178,2.6609060227048777,3.272902667281339,4.423074469922678,0,0,1,0
2024-01-20 04:00:00,4,5,1,Compute,250000,0.0,4.51616344988581,0.0,0.0,1,0,0,0
2024-01-20 05:00:00,5,5,1,Web,100000,0.0,3.9549341888985174,0.0,0.0,0,0,0,1
2024-01-20 05:00:00,5,5,1,Database,150000,1.640547688720577,6.137229462806354,0.0,0.0,0,1,0,0
2024-01-20 05:00:00,5,5,1,Media,200000,4.423074469922678,0.12212961536201236,2.0035144636099065,1.8842980625798125,0,0,1,0
2024-01-20 05:00:00,5,5,1,Compute,250000,0.0,3.3789613912218317,0.37987982759018424,0.0,1,0,0,0
2024-01-20 06:00:00,6,5,1,Web,100000,0.0,1.1776942696559503,1.1719126053631248,0.27531957940225005,0,0,0,1
2024-01-20 06:00:00,6,5,1,Database,150000,0.0,2.008178509277324,2.843671982897562,3.591725717813124,0,1,0,0
2024-01-20 06:00:00,6,5,1,Media,200000,1.8842980625798125,1.9486721019507398,0.9921575445557302,0.0,0,0,1,0
2024-01-20 06:00:00,6,5,1,Compute,250000,0.0,0.7178900078322937,2.4042615875150473,2.6586796937320942,1,0,0,0
2024-01-20 07:00:00,7,5,1,Web,100000,0.27531957940225005,0.9220576628573661,1.299730908762417,0.5309561862008341,0,0,0,1
2024-01-20 07:00:00,7,5,1,Database,150000,3.591725717813124,2.0403868848915105,2.859776170704656,3.6239340934273105,0,1,0,0
2024-01-20 07:00:00,7,5,1,Media,200000,0.0,1.4494281416462265,2.667163726752013,3.2115965888640265,0,0,1,0
2024-01-20 07:00:00,7,5,1,Compute,250000,2.6586796937320942,2.0998450281260297,1.0194380091380852,0.0,1,0,0,0
2024-01-20 08:00:00,8,5,1,Web,100000,0.5309561862008341,0.5299991998035579,1.495760140289321,0.9230146492546423,0,0,0,1
2024-01-20 08:00:00,8,5,1,Database,150000,3.6239340934273105,3.155274132763683,3.417219794640742,4.7388213412994835,0,1,0,0
2024-01-20 08:00:00,8,5,1,Media,200000,3.2115965888640265,1.2041745503644912,2.5445369311111454,2.9663429975822915,0,0,1,0
2024-01-20 08:00:00,8,5,1,Compute,250000,0.0,4.214930112855595,0.0,0.0,1,0,0,0
2024-01-20 09:00:00,9,5,1,Web,100000,0.9230146492546423,1.990898123116348,2.7321648621470738,3.395824092970148,0,0,0,1
2024-01-20 09:00:00,9,5,1,Database,150000,4.7388213412994835,3.2778758069109144,0.224688764405643,0.0,0,1,0,0
2024-01-20 09:00:00,9,5,1,Media,200000,2.9663429975822915,4.261583149485218,4.073241230671509,6.0237515967030175,0,0,1,0
2024-01-20 09:00:00,9,5,1,Compute,250000,0.0,3.096340459125275,3.5934868131615376,5.037130145025075,1,0,0,0
2024-01-20 10:00:00,10,5,1,Web,100000,3.395824092970148,0.8937003673574023,2.1835659842676014,2.2986263372112026,0,0,0,1
2024-01-20 10:00:00,10,5,1,Database,150000,0.0,0.4957424699107802,2.0874539632142906,2.0792896784465804,0,1,0,0
2024-01-20 10:00:00,10,5,1,Media,200000,6.0237515967030175,0.65114070768446,1.6409232416888702,1.15911561873774,0,0,1,0
2024-01-20 10:00:00,10,5,1,Compute,250000,5.037130145025075,2.059615793802284,3.075124480500042,4.000405479702084,1,0,0,0
2024-01-20 11:00:00,11,5,1,Web,100000,2.2986263372112026,1.136378447988385,1.1925705161969076,0.31663540106981536,0,0,0,1
2024-01-20 11:00:00,11,5,1,Database,150000,2.0792896784465804,0.7307535515218816,2.204959504019841,2.314300760057682,0,1,0,0
2024-01-20 11:00:00,11,5,1,Media,200000,1.15911561873774,2.639847039160553,3.2623731755091767,4.402015486378353,0,0,1,0
2024-01-20 11:00:00,11,5,1,Compute,250000,4.000405479702084,1.709463570178969,1.2146287381116156,0.2794139949252312,1,0,0,0
2024-01-20 12:00:00,12,5,1,Web,100000,0.31663540106981536,1.8726221595742838,0.8244486604039581,0.0,0,0,0,1
2024-01-20 12:00:00,12,5,1,Database,150000,2.314300760057682,3.607140381775577,0.06005647697331162,0.0,0,1,0,0
2024-01-20 12:00:00,12,5,1,Media,200000,4.402015486378353,3.2174621779807167,0.3577625065407417,0.0,0,0,1,0
2024-01-20 12:00:00,12,5,1,Compute,250000,0.2794139949252312,5.509229873926707,0.0,0.0,1,0,0,0
2024-01-20 13:00:00,13,5,1,Web,100000,0.0,2.2135303066487886,2.8434809539132946,3.618456276502589,0,0,0,1
2024-01-20 13:00:00,13,5,1,Database,150000,0.0,5.450787565850512,4.564976511184156,7.034334774386312,0,1,0,0
2024-01-20 13:00:00,13,5,1,Media,200000,0.0,4.300030770013117,4.092465040935458,6.0621992172309165,0,0,1,0
2024-01-20 13:00:00,13,5,1,Compute,250000,0.0,4.902297405481749,0.0,0.0,1,0,0,0
2024-01-20 14:00:00,14,5,1,Web,100000,3.618456276502589,2.1986079542707997,2.8360197777243,3.6035339241246,0,0,0,1
2024-01-20 14:00:00,14,5,1,Database,150000,7.034334774386312,4.29036298937287,3.9847642229453353,5.873910197908669,0,1,0,0
2024-01-20 14:00:00,14,5,1,Media,200000,6.0621992172309165,1.394473881818192,1.269256654622004,0.41578244460400815,0,0,1,0
2024-01-20 14:00:00,14,5,1,Compute,250000,0.0,0.32838623155234836,2.2095096993750745,2.2691759174521486,1,0,0,0
2024-01-20 15:00:00,15,5,1,Web,100000,3.6035339241246,6.047723092016212,0.0,0.0,0,0,0,1
2024-01-20 15:00:00,15,5,1,Database,150000,5.873910197908669,0.8242524435321245,2.2517089500249625,2.407799652067925,0,1,0,0
2024-01-20 15:00:00,15,5,1,Media,200000,0.41578244460400815,3.214723127906352,0.35913203157792406,0.0,0,0,1,0
2024-01-20 15:00:00,15,5,1,Compute,250000,2.2691759174521486,0.6229489933367436,2.356791080267272,2.5637386792365437,1,0,0,0
2024-01-20 16:00:00,16,5,1,Web,100000,0.0,4.707652706168841,0.0,0.0,0,0,0,1
2024-01-20 16:00:00,16,5,1,Database,150000,2.407799652067925,1.6526186130349878,2.665892034776394,3.236165821570788,0,1,0,0
2024-01-20 16:00:00,16,5,1,Media,200000,0.0,3.097581965882269,3.4912406388700346,4.85975041310007,0,0,1,0
2024-01-20 16:00:00,16,5,1,Compute,250000,2.5637386792365437,2.3735835247477026,0.8825687608272488,0.0,1,0,0,0
2024-01-20 17:00:00,17,5,1,Web,100000,0.0,3.434811683833503,0.043353898274348435,0.0,0,0,0,1
2024-01-20 17:00:00,17,5,1,Database,150000,3.236165821570788,6.492113067252144,0.0,0.0,0,1,0,0
2024-01-20 17:00:00,17,5,1,Media,200000,4.85975041310007,0.8232845418277311,1.5548513246172346,0.986971784594469,0,0,1,0
2024-01-20 17:00:00,17,5,1,Compute,250000,0.0,1.7688257424470153,1.1849476519775926,0.22005182265718504,1,0,0,0
2024-01-20 18:00:00,18,5,1,Web,100000,0.0,4.677102176646365,0.0,0.0,0,0,0,1
2024-01-20 18:00:00,18,5,1,Database,150000,0.0,1.383100208538715,2.531132832528258,2.966647417074515,0,1,0,0
2024-01-20 18:00:00,18,5,1,Media,200000,0.986971784594469,1.3739550851961475,1.2795160529330265,0.43630124122605274,0,0,1,0
2024-01-20 18:00:00,18,5,1,Compute,250000,0.22005182265718504,3.251251815537897,0.44373461543215154,0.0,1,0,0,0
2024-01-20 19:00:00,19,5,1,Web,100000,0.0,1.6877611565235413,0.9168791619293294,0.0,0,0,0,1
2024-01-20 19:00:00,19,5,1,Database,150000,2.966647417074515,3.2379575563910468,3.4585615064544237,4.821504764926847,0,1,0,0
2024-01-20 19:00:00,19,5,1,Media,200000,0.43630124122605274,1.8328547708678669,2.8588770413628337,3.595023218085667,0,0,1,0
2024-01-20 19:00:00,19,5,1,Compute,250000,0.0,0.41412212409766946,1.8622994611522654,1.5747554410065308,1,0,0,0
2024-01-20 20:00:00,20,5,1,Web,100000,0.0,1.8813589949967577,2.677395298087279,3.286284964850558,0,0,0,1
2024-01-20 20:00:00,20,5,1,Database,150000,4.821504764926847,3.5067798087624165,0.11023676347989197,0.0,0,1,0,0
2024-01-20 20:00:00,20,5,1,Media,200000,3.595023218085667,0.1211542417832916,2.003026776820546,1.8833226890010917,0,0,1,0
2024-01-20 20:00:00,20,5,1,Compute,250000,1.5747554410065308,0.4660109310616116,2.278322049129706,2.406800616961412,1,0,0,0
2024-01-20 21:00:00,21,5,1,Web,100000,3.286284964850558,1.4335534650983808,1.0439830076419097,0.019460383959819527,0,0,0,1
2024-01-20 21:00:00,21,5,1,Database,150000,0.0,1.3304189474744537,2.504792201996127,2.913966156010254,0,1,0,0
2024-01-20 21:00:00,21,5,1,Media,200000,1.8833226890010917,2.3653443035355535,0.7838214437633233,0.0,0,0,1,0
2024-01-20 21:00:00,21,5,1,Compute,250000,2.406800616961412,1.5535060629305537,2.822069615064177,3.494295748830354,1,0,0,0
2024-01-20 22:00:00,22,5,1,Web,100000,0.019460383959819527,1.6796202541960759,2.576525927686938,3.084546224049876,0,0,0,1
2024-01-20 22:00:00,22,5,1,Database,150000,2.913966156010254,8.775523581693397,0.0,0.0,0,1,0,0
2024-01-20 22:00:00,22,5,1,Media,200000,0.0,3.594961050132553,3.7399301809951764,5.357129497350353,0,0,1,0
2024-01-20 22:00:00,22,5,1,Compute,250000,3.494295748830354,9.166941635660462,0.0,0.0,1,0,0,0
2024-01-20 23:00:00,23,5,1,Web,100000,3.084546224049876,1.872191016270576,0.8246642320558121,0.0,0,0,0,1
2024-01-20 23:00:00,23,5,1,Database,150000,0.0,3.100088042375465,3.3896267494466326,4.683635250911265,0,1,0,0
2024-01-20 23:00:00,23,5,1,Media,200000,5.357129497350353,0.9759041153595219,1.4785415378513391,0.8343522110626782,0,0,1,0
2024-01-20 23:00:00,23,5,1,Compute,250000,0.0,4.422601887010827,0.0,0.0,1,0,0,0
2024-01-21 00:00:00,0,6,1,Web,100000,0.0,3.3052551247522115,0.10813217781499418,0.0,0,0,0,1
2024-01-21 00:00:00,0,6,1,Database,150000,4.683635250911265,3.104761178564059,3.39196331754093,4.688308387099859,0,1,0,0
2024-01-21 00:00:00,0,6,1,Media,200000,0.8343522110626782,5.788557531248115,0.0,0.0,0,0,1,0
2024-01-21 00:00:00,0,6,1,Compute,250000,0.0,3.4110172424882514,3.750825204843026,5.351806928388052,1,0,0,0
2024-01-21 01:00:00,1,6,1,Web,100000,0.0,0.189350236729068,1.666084621826566,1.2636636123291323,0,0,0,1
2024-01-21 01:00:00,1,6,1,Database,150000,4.688308387099859,3.6012299309295,0.06301170239635012,0.0,0,1,0,0
2024-01-21 01:00:00,1,6,1,Media,200000,0.0,1.7733891565102733,1.0797990172759635,0.036867169911926956,0,0,1,0
2024-01-21 01:00:00,1,6,1,Compute,250000,5.351806928388052,3.0757169629071237,0.5315020417475382,0.0,1,0,0,0
2024-01-21 02:00:00,2,6,1,Web,100000,1.2636636123291323,2.622719542177786,3.048075571677793,4.027645512031587,0,0,0,1
2024-01-21 02:00:00,2,6,1,Database,150000,0.0,2.2213273688907145,2.9502464127042574,3.8048745774265145,0,1,0,0
2024-01-21 02:00:00,2,6,1,Media,200000,0.036867169911926956,5.18152734123034,0.0,0.0,0,0,1,0
2024-01-21 02:00:00,2,6,1,Compute,250000,0.0,1.2348202951602023,1.451950375620999,0.754057269943998,1,0,0,0
2024-01-21 03:00:00,3,6,1,Web,100000,4.027645512031587,2.6136009266350313,0.4539592768735843,0.0,0,0,0,1
2024-01-21 03:00:00,3,6,1,Database,150000,3.8048745774265145,3.9045738449803107,3.7918696507490557,5.488121053516111,0,1,0,0
2024-01-21 03:00:00,3,6,1,Media,200000,0.0,4.074341293981464,0.0,0.0,0,0,1,0
2024-01-21 03:00:00,3,6,1,Compute,250000,0.754057269943998,4.836731253657242,4.463682210427521,6.777520939557042,1,0,0,0
2024-01-21 04:00:00,4,6,1,Web,100000,0.0,0.1239281581530127,1.6987956611145936,1.3290856909051876,0,0,0,1
2024-01-21 04:00:00,4,6,1,Database,150000,5.488121053516111,3.509847158742463,0.10870308848986876,0.0,0,1,0,0
2024-01-21 04:00:00,4,6,1,Media,200000,0.0,2.0558664916300335,0.9385603497160833,0.0,0,0,1,0
2024-01-21 04:00:00,4,6,1,Compute,250000,6.777520939557042,2.4289004619075514,0.8549102922473244,0.0,1,0,0,0
2024-01-21 05:00:00,5,6,1,Web,100000,1.3290856909051876,3.847899145648718,0.0,0.0,0,0,0,1
2024-01-21 05:00:00,5,6,1,Database,150000,0.0,0.308524518793327,1.9938449876555637,1.8920717273291272,0,1,0,0
2024-01-21 05:00:00,5,6,1,Media,200000,0.0,3.7077905916777296,0.11259829969223523,0.0,0,0,1,0
2024-01-21 05:00:00,5,6,1,Compute,250000,0.0,6.565142565816767,0.0,0.0,1,0,0,0
2024-01-21 06:00:00,6,6,1,Web,100000,0.0,1.1630733521467194,1.1792230641177404,0.28994049691148094,0,0,0,1
2024-01-21 06:00:00,6,6,1,Database,150000,1.8920717273291272,5.432612528855848,0.0,0.0,0,1,0,0
2024-01-21 06:00:00,6,6,1,Media,200000,0.0,2.280526543804761,0.8262303236287196,0.0,0,0,1,0
2024-01-21 06:00:00,6,6,1,Compute,250000,0.0,2.7513526054122672,0.6936842204949665,0.0,1,0,0,0
2024-01-21 07:00:00,7,6,1,Web,100000,0.28994049691148094,2.6376921556796424,0.4419136623512787,0.0,0,0,0,1
2024-01-21 07:00:00,7,6,1,Database,150000,0.0,6.026933244372661,4.853049350445231,7.610480452908461,0,1,0,0
2024-01-21 07:00:00,7,6,1,Media,200000,0.0,0.19327864111091228,2.039088976484356,1.9554470883287125,0,0,1,0
2024-01-21 07:00:00,7,6,1,Compute,250000,0.0,0.7601569665881964,2.425395066892998,2.7009466524879966,1,0,0,0
2024-01-21 08:00:00,8,6,1,Web,100000,0.0,5.353238828629084,0.0,0.0,0,0,0,1
2024-01-21 08:00:00,8,6,1,Database,150000,7.610480452908461,1.9859333405129658,0.8706599976046174,0.0,0,1,0,0
2024-01-21 08:00:00,8,6,1,Media,200000,1.9554470883287125,0.6699518294267359,2.277425570642268,2.432120276644536,0,0,1,0
2024-01-21 08:00:00,8,6,1,Compute,250000,2.7009466524879966,3.097630678341219,0.5205451840304907,0.0,1,0,0,0
2024-01-21 09:00:00,9,6,1,Web,100000,0.0,2.748232470156156,3.110832035666978,4.153158440009957,0,0,0,1
2024-01-21 09:00:00,9,6,1,Database,150000,0.0,3.63213369730529,0.0475598192084552,0.0,0,1,0,0
2024-01-21 09:00:00,9,6,1,Media,200000,2.432120276644536,0.8831423471977268,1.5249224219322368,0.9271139792244734,0,0,1,0
2024-01-21 09:00:00,9,6,1,Compute,250000,0.0,1.782198859528876,1.1782610934366622,0.2066787055753243,1,0,0,0
2024-01-21 10:00:00,10,6,1,Web,100000,4.153158440009957,0.5170059177479479,1.9952187594628739,1.9219318876017482,0,0,0,1
2024-01-21 10:00:00,10,6,1,Database,150000,0.0,1.945514155168478,0.8908695902768613,0.0,0,1,0,0
2024-01-21 10:00:00,10,6,1,Media,200000,0.9271139792244734,0.836724820815012,1.5481311851235942,0.9735315056071882,0,0,1,0
2024-01-21 10:00:00,10,6,1,Compute,250000,0.2066787055753243,0.7324342149361566,1.7031434157330219,1.2564433501680436,1,0,0,0
2024-01-21 11:00:00,11,6,1,Web,100000,1.9219318876017482,2.227207211776103,0.6471561343030485,0.0,0,0,0,1
2024-01-21 11:00:00,11,6,1,Database,150000,0.0,1.479325545093538,2.579245500805669,3.062872753629338,0,1,0,0
2024-01-21 11:00:00,11,6,1,Media,200000,0.9735315056071882,0.7392090641144758,2.312054187986138,2.501377511332276,0,0,1,0
2024-01-21 11:00:00,11,6,1,Compute,250000,1.2564433501680436,0.2898857753617019,1.9244176355202491,1.6989917897424984,1,0,0,0
2024-01-21 12:00:00,12,6,1,Web,100000,0.0,1.3154189399880745,1.1030502701970628,0.13759490907012584,0,0,0,1
2024-01-21 12:00:00,12,6,1,Database,150000,3.062872753629338,2.4136760311621908,3.0464207438399957,3.997223239697991,0,1,0,0
2024-01-21 12:00:00,12,6,1,Media,200000,2.501377511332276,0.731546671044744,1.600720260008728,1.0787096553774562,0,0,1,0
2024-01-21 12:00:00,12,6,1,Compute,250000,1.6989917897424984,0.9441358030800115,1.5972926216610943,1.0447417620241888,1,0,0,0
2024-01-21 13:00:00,13,6,1,Web,100000,0.13759490907012584,0.33811402926657796,1.905772815222189,1.7430399991203782,0,0,0,1
2024-01-21 13:00:00,13,6,1,Database,150000,3.997223239697991,5.113803988514753,4.396484722516276,6.697351197050552,0,1,0,0
2024-01-21 13:00:00,13,6,1,Media,200000,1.0787096553774562,4.045112563665812,0.0,0.0,0,0,1,0
2024-01-21 13:00:00,13,6,1,Compute,250000,1.0447417620241888,2.3336146187682636,3.212123892983032,4.274404304668064,1,0,0,0
2024-01-21 14:00:00,14,6,1,Web,100000,1.7430399991203782,5.703557423316515,0.0,0.0,0,0,0,1
2024-01-21 14:00:00,14,6,1,Database,150000,6.697351197050552,0.6758634142880718,2.1775144354029363,2.259410622823872,0,1,0,0
2024-01-21 14:00:00,14,6,1,Media,200000,0.0,4.749292422428392,4.317095867143096,6.511460869646192,0,0,1,0
2024-01-21 14:00:00,14,6,1,Compute,250000,4.274404304668064,1.4900495130041216,2.790341340100961,3.4308391989039215,1,0,0,0
2024-01-21 15:00:00,15,6,1,Web,100000,0.0,0.5359191752215784,2.004675388199689,1.9408451450753788,0,0,0,1
2024-01-21 15:00:00,15,6,1,Database,150000,2.259410622823872,1.7053923460114266,1.010930494855387,0.0,0,1,0,0
2024-01-21 15:00:00,15,6,1,Media,200000,6.511460869646192,0.11718554106786272,2.0010424264628313,1.879353988285663,0,0,1,0
2024-01-21 15:00:00,15,6,1,Compute,250000,3.4308391989039215,0.7802323858122688,1.6792443302949658,1.2086451792919313,1,0,0,0
2024-01-21 16:00:00,16,6,1,Web,100000,1.9408451450753788,2.381973763396266,0.5697728584929669,0.0,0,0,0,1
2024-01-21 16:00:00,16,6,1,Database,150000,0.0,0.8936707860268095,1.4167912748476956,0.7379643017133906,0,1,0,0
2024-01-21 16:00:00,16,6,1,Media,200000,1.879353988285663,0.6191874214815186,2.2520433666696595,2.381355868699319,0,0,1,0
2024-01-21 16:00:00,16,6,1,Compute,250000,1.2086451792919313,2.325695145194121,0.9065129506040397,0.0,1,0,0,0
2024-01-21 17:00:00,17,6,1,Web,100000,0.0,2.4428894016562523,0.5393150393629738,0.0,0,0,0,1
2024-01-21 17:00:00,17,6,1,Database,150000,0.7379643017133906,4.104774252378723,0.0,0.0,0,1,0,0
2024-01-21 17:00:00,17,6,1,Media,200000,2.381355868699319,1.1962190178688883,2.5405591648633443,2.9583874650866884,0,0,1,0
2024-01-21 17:00:00,17,6,1,Compute,250000,0.0,1.6600137255033813,2.875323446350591,3.6008034114031817,1,0,0,0
2024-01-21 18:00:00,18,6,1,Web,100000,0.0,0.7190252723117524,2.0962284367447763,2.1239512421655524,0,0,0,1
2024-01-21 18:00:00,18,6,1,Database,150000,0.0,2.9195554177881973,3.299360437152999,4.503102626323997,0,1,0,0
2024-01-21 18:00:00,18,6,1,Media,200000,2.9583874650866884,0.2876468508443826,2.0862730813510915,2.0498152980621827,0,0,1,0
2024-01-21 18:00:00,18,6,1,Compute,250000,3.6008034114031817,1.2000767516994701,2.6453549594486354,3.1408664375992705,1,0,0,0
2024-01-21 19:00:00,19,6,1,Web,100000,2.1239512421655524,0.9355562165148884,2.204493908846344,2.3404821863686887,0,0,0,1
2024-01-21 19:00:00,19,6,1,Database,150000,4.503102626323997,0.2986639978568236,1.7142946689326886,1.3329710898833764,0,1,0,0
2024-01-21 19:00:00,19,6,1,Media,200000,2.0498152980621827,1.616509423991142,1.158238883535529,0.1937469024310583,0,0,1,0
2024-01-21 19:00:00,19,6,1,Compute,250000,3.1408664375992705,6.666501786977934,5.378567477087866,8.607291472877733,1,0,0,0
2024-01-21 20:00:00,20,6,1,Web,100000,2.3404821863686887,1.3798968791627255,1.0708113006097373,0.07311696989547478,0,0,0,1
2024-01-21 20:00:00,20,6,1,Database,150000,1.3329710898833764,2.021677072963509,0.8527881313793457,0.0,0,1,0,0
2024-01-21 20:00:00,20,6,1,Media,200000,0.1937469024310583,1.326073409952521,2.605486360905161,3.0882418571703214,0,0,1,0
2024-01-21 20:00:00,20,6,1,Compute,250000,8.607291472877733,0.7796071854872154,2.435120176342508,2.720396871387016,1,0,0,0
2024-01-21 21:00:00,21,6,1,Web,100000,0.07311696989547478,4.238418582433183,0.0,0.0,0,0,0,1
2024-01-21 21:00:00,21,6,1,Database,150000,0.0,3.3920787032934157,3.5356220799056084,4.975625911829216,0,1,0,0
2024-01-21 21:00:00,21,6,1,Media,200000,3.0882418571703214,0.3066276656546999,1.8131797627037503,1.5036286607675002,0,0,1,0
2024-01-21 21:00:00,21,6,1,Compute,250000,2.720396871387016,3.3568372252493615,0.39094191057641936,0.0,1,0,0,0
2024-01-21 22:00:00,22,6,1,Web,100000,0.0,3.590396282663822,3.531913941920811,4.995322252517623,0,0,0,1
2024-01-21 22:00:00,22,6,1,Database,150000,4.975625911829216,1.901070654390662,2.790118055454231,3.484617862926462,0,1,0,0
2024-01-21 22:00:00,22,6,1,Media,200000,1.5036286607675002,3.817669915445942,0.057658637808128965,0.0,0,0,1,0
2024-01-21 22:00:00,22,6,1,Compute,250000,0.0,5.355592460375373,4.723112813786587,7.296382146275173,1,0,0,0
2024-01-21 23:00:00,23,6,1,Web,100000,4.995322252517623,2.0004360447007783,2.736933822939289,3.405362014554578,0,0,0,1
2024-01-21 23:00:00,23,6,1,Database,150000,3.484617862926462,0.05463228647733839,1.8363105246224312,1.5770028012628616,0,1,0,0
2024-01-21 23:00:00,23,6,1,Media,200000,0.0,4.794700356467539,4.339799834162669,6.556868803685338,0,0,1,0
2024-01-21 23:00:00,23,6,1,Compute,250000,7.296382146275173,0.5019372910911217,2.296285229144461,2.442726976990922,1,0,0,0
2024-01-22 00:00:00,0,0,0,Web,100000,3.405362014554578,0.10829316491429594,1.706613157733952,1.3447206841439043,0,0,0,1
2024-01-22 00:00:00,0,0,0,Database,150000,1.5770028012628616,2.004944287668167,0.8611545240270168,0.0,0,1,0,0
2024-01-22 00:00:00,0,0,0,Media,200000,6.556868803685338,1.769595257523436,2.827247284690618,3.531763704741236,0,0,1,0
2024-01-22 00:00:00,0,0,0,Compute,250000,2.442726976990922,1.4538528415741399,2.7722430043859703,3.3946425274739402,1,0,0,0
2024-01-22 01:00:00,1,0,0,Web,100000,1.3447206841439043,0.06808435927133386,1.770757980224567,1.4730103291251342,0,0,0,1
2024-01-22 01:00:00,1,0,0,Database,150000,0.0,2.3940030012050086,0.6666251672585959,0.0,0,1,0,0
2024-01-22 01:00:00,1,0,0,Media,200000,3.531763704741236,0.4138335021004216,2.149366406979111,2.1760019493182217,0,0,1,0
2024-01-22 01:00:00,1,0,0,Compute,250000,3.3946425274739402,0.23344029688861365,1.9526403747567933,1.7554372682155865,1,0,0,0
2024-01-22 02:00:00,2,0,0,Web,100000,1.4730103291251342,4.024466895804804,0.0,0.0,0,0,0,1
2024-01-22 02:00:00,2,0,0,Database,150000,0.0,4.439480993574757,0.0,0.0,0,1,0,0
2024-01-22 02:00:00,2,0,0,Media,200000,2.1760019493182217,1.7195040760315086,2.8022016939446543,3.4816725232493084,0,0,1,0
2024-01-22 02:00:00,2,0,0,Compute,250000,1.7554372682155865,7.829708884757268,0.0,0.0,1,0,0,0
2024-01-22 03:00:00,3,0,0,Web,100000,0.0,0.6402755204859799,2.05685356083189,2.04520149033978,0,0,0,1
2024-01-22 03:00:00,3,0,0,Database,150000,0.0,1.4582931128636736,1.1344801114292635,0.17334197487652658,0,1,0,0
2024-01-22 03:00:00,3,0,0,Media,200000,3.4816725232493084,3.94878376024193,3.916841536049865,5.71095220745973,0,0,1,0
2024-01-22 03:00:00,3,0,0,Compute,250000,0.0,1.5044485670638272,1.3171362396691866,0.4844289980403731,1,0,0,0
2024-01-22 04:00:00,4,0,0,Web,100000,2.04520149033978,2.002496582357888,2.737964091767844,3.4074225522116883,0,0,0,1
2024-01-22 04:00:00,4,0,0,Database,150000,0.17334197487652658,1.214785463315575,1.2562339362033128,0.41684962442462514,0,1,0,0
2024-01-22 04:00:00,4,0,0,Media,200000,5.71095220745973,0.36528840006063035,2.125093855959215,2.1274568472784305,0,0,1,0
2024-01-22 04:00:00,4,0,0,Compute,250000,0.4844289980403731,2.2345535323623533,3.162593349780077,4.175343218262154,1,0,0,0
2024-01-22 05:00:00,5,0,0,Web,100000,3.4074225522116883,1.4117110885759405,1.0549041959031298,0.04130276048225978,0,0,0,1
2024-01-22 05:00:00,5,0,0,Database,150000,0.41684962442462514,3.013708593097412,3.3464370248076065,4.597255801633212,0,1,0,0
2024-01-22 05:00:00,5,0,0,Media,200000,2.1274568472784305,3.0051375709216495,0.4639248100702753,0.0,0,0,1,0
2024-01-22 05:00:00,5,0,0,Compute,250000,4.175343218262154,0.9078224672773373,2.4992278172375686,2.848612153177138,1,0,0,0
2024-01-22 06:00:00,6,0,0,Web,100000,0.04130276048225978,2.791963107965758,3.1326973545717793,4.1968890778195584,0,0,0,1
2024-01-22 06:00:00,6,0,0,Database,150000,4.597255801633212,2.0041564149732047,2.8416609357455025,3.5877036235090047,0,1,0,0
2024-01-22 06:00:00,6,0,0,Media,200000,0.0,5.773378569808432,4.829138940833116,7.535547017026231,0,0,1,0
2024-01-22 06:00:00,6,0,0,Compute,250000,2.848612153177138,2.3143618915341815,0.9121795774340093,0.0,1,0,0,0
2024-01-22 07:00:00,7,0,0,Web,100000,4.1968890778195584,4.161491693647964,0.0,0.0,0,0,0,1
2024-01-22 07:00:00,7,0,0,Database,150000,3.5877036235090047,3.007049265087558,0.3601020353173212,0.0,0,1,0,0
2024-01-22 07:00:00,7,0,0,Media,200000,7.535547017026231,2.005371639247511,2.9451354755526555,3.7675400864653112,0,0,1,0
2024-01-22 07:00:00,7,0,0,Compute,250000,0.0,1.5178127424103358,2.804222954804068,3.4586024283101358,1,0,0,0
2024-01-22 08:00:00,8,0,0,Web,100000,0.0,0.3308139185444473,1.9021227598611237,1.7357398883982476,0,0,0,1
2024-01-22 08:00:00,8,0,0,Database,150000,0.0,3.3929150869235896,0.16716912439930542,0.0,0,1,0,0
2024-01-22 08:00:00,8,0,0,Media,200000,3.7675400864653112,2.324645819589382,3.104772565723591,4.086814266807182,0,0,1,0
2024-01-22 08:00:00,8,0,0,Compute,250000,3.4586024283101358,3.698158272553821,0.22028138692418953,0.0,1,0,0,0
2024-01-22 09:00:00,9,0,0,Web,100000,1.7357398883982476,3.5008926867328993,3.4871621439553495,4.9058186565867,0,0,0,1
2024-01-22 09:00:00,9,0,0,Database,150000,0.0,8.596359209021795,6.137762332769798,10.179906417557596,0,1,0,0
2024-01-22 09:00:00,9,0,0,Media,200000,4.086814266807182,1.1233973793168515,2.5041483455873257,2.8855658265346515,0,0,1,0
2024-01-22 09:00:00,9,0,0,Compute,250000,0.0,1.7733683465754295,2.932000756886615,3.71415803247523,1,0,0,0
2024-01-22 10:00:00,10,0,0,Web,100000,4.9058186565867,1.5026232462888782,1.009448117046661,0.0,0,0,0,1
2024-01-22 10:00:00,10,0,0,Database,150000,10.179906417557596,5.454683902862649,0.0,0.0,0,1,0,0
2024-01-22 10:00:00,10,0,0,Media,200000,2.8855658265346515,1.832202028692867,1.0503925811846666,0.0,0,0,1,0
2024-01-22 10:00:00,10,0,0,Compute,250000,3.71415803247523,3.302729662898448,0.4179956917518761,0.0,1,0,0,0
2024-01-22 11:00:00,11,0,0,Web,100000,0.0,4.365057668847247,0.0,0.0,0,0,0,1
2024-01-22 11:00:00,11,0,0,Database,150000,0.0,5.191123765589148,4.435144611053474,6.774670974124947,0,1,0,0
2024-01-22 11:00:00,11,0,0,Media,200000,0.0,0.842631493679519,2.3637654027686597,2.604799940897319,0,0,1,0
2024-01-22 11:00:00,11,0,0,Compute,250000,0.0,1.163106681444151,2.6268699243209754,3.1038963673439515,1,0,0,0
2024-01-22 12:00:00,12,0,0,Web,100000,0.0,0.9511110351909485,1.2852042225956257,0.5019028138672517,0,0,0,1
2024-01-22 12:00:00,12,0,0,Database,150000,6.774670974124947,0.5426571869325091,1.5922980743948458,1.088977900807691,0,1,0,0
2024-01-22 12:00:00,12,0,0,Media,200000,2.604799940897319,2.9176959863202,3.401297649089,4.679864433538,0,0,1,0
2024-01-22 12:00:00,12,0,0,Compute,250000,3.1038963673439515,0.12105529568784631,2.008832875357177,1.867822269416354,1,0,0,0
2024-01-22 13:00:00,13,0,0,Web,100000,0.5019028138672517,1.6161257536763982,2.5447786774270993,3.0210517235301984,0,0,0,1
2024-01-22 13:00:00,13,0,0,Database,150000,1.088977900807691,0.6120568331372476,1.5575982512924764,1.0195782546029526,0,1,0,0
2024-01-22 13:00:00,13,0,0,Media,200000,4.679864433538,1.0505026117983416,1.4412422896319295,0.7597537146238587,0,0,1,0
2024-01-22 13:00:00,13,0,0,Compute,250000,1.867822269416354,4.244786436407787,0.0,0.0,1,0,0,0
2024-01-22 14:00:00,14,0,0,Web,100000,3.0210517235301984,5.957291126703585,0.0,0.0,0,0,0,1
2024-01-22 14:00:00,14,0,0,Database,150000,1.0195782546029526,0.8087296428014054,1.4592618464603975,0.8229054449387947,0,1,0,0
2024-01-22 14:00:00,14,0,0,Media,200000,0.7597537146238587,0.19353401558189806,2.039216663719849,1.9557024627996982,0,0,1,0
2024-01-22 14:00:00,14,0,0,Compute,250000,0.0,3.8824340497285728,0.1281434983368137,0.0,1,0,0,0
2024-01-22 15:00:00,15,0,0,Web,100000,0.0,0.12746853470609865,1.6970254728380507,1.3255453143521017,0,0,0,1
2024-01-22 15:00:00,15,0,0,Database,150000,0.8229054449387947,0.18530162857370608,1.9322335425457533,1.7688488371095061,0,1,0,0
2024-01-22 15:00:00,15,0,0,Media,200000,1.9557024627996982,6.492067957780338,0.0,0.0,0,0,1,0
2024-01-22 15:00:00,15,0,0,Compute,250000,0.0,2.7694179180407033,0.6846515641807485,0.0,1,0,0,0
2024-01-22 16:00:00,16,0,0,Web,100000,1.3255453143521017,1.2458356208086057,2.359633610993203,2.650761590662406,0,0,0,1
2024-01-22 16:00:00,16,0,0,Database,150000,1.7688488371095061,1.1852201277894316,2.432192792153616,2.7687673363252316,0,1,0,0
2024-01-22 16:00:00,16,0,0,Media,200000,0.0,3.4850686888014817,0.2239592511303592,0.0,0,0,1,0
2024-01-22 16:00:00,16,0,0,Compute,250000,0.0,0.4993880911014048,2.2950106291496026,2.440177777001205,1,0,0,0
2024-01-22 17:00:00,17,0,0,Web,100000,2.650761590662406,3.0912656156836165,3.2823486084307083,4.496191585537417,0,0,0,1
2024-01-22 17:00:00,17,0,0,Database,150000,2.7687673363252316,2.3552628165748946,3.0172141365463476,3.938810025110695,0,1,0,0
2024-01-22 17:00:00,17,0,0,Media,200000,0.0,0.3099013006440037,1.8115429452090983,1.5003550257781963,0,0,1,0
2024-01-22 17:00:00,17,0,0,Compute,250000,2.440177777001205,1.4279728795750772,1.3553740834135617,0.5609046855291231,1,0,0,0
2024-01-22 18:00:00,18,0,0,Web,100000,4.496191585537417,1.9120773926057133,0.8047210438882434,0.0,0,0,0,1
2024-01-22 18:00:00,18,0,0,Database,150000,3.938810025110695,1.4275032883311713,2.553334372424486,3.0110504968669716,0,1,0,0
2024-01-22 18:00:00,18,0,0,Media,200000,1.5003550257781963,0.609355859030864,2.247127585444332,2.371524306248664,0,0,1,0
2024-01-22 18:00:00,18,0,0,Compute,250000,0.5609046855291231,1.9122559579088012,3.0014445625533006,3.8530456438086014,1,0,0,0
2024-01-22 19:00:00,19,0,0,Web,100000,0.0,0.4196653789656559,1.946548490071728,1.8245913488194563,0,0,0,1
2024-01-22 19:00:00,19,0,0,Database,150000,3.0110504968669716,2.4803357906445256,3.0797506235811634,4.063882999180326,0,1,0,0
2024-01-22 19:00:00,19,0,0,Media,200000,2.371524306248664,0.30782153847530047,2.09636042516655,2.0699899856931006,0,0,1,0
2024-01-22 19:00:00,19,0,0,Compute,250000,3.8530456438086014,2.378110087997259,3.23437162759753,4.318899773897059,1,0,0,0
2024-01-22 20:00:00,20,0,0,Web,100000,1.8245913488194563,2.6365122507021166,3.0549719259399586,4.041438220555917,0,0,0,1
2024-01-22 20:00:00,20,0,0,Database,150000,4.063882999180326,2.43762383027664,0.6448147527227801,0.0,0,1,0,0
2024-01-22 20:00:00,20,0,0,Media,200000,2.0699899856931006,5.448476080214438,0.0,0.0,0,0,1,0
2024-01-22 20:00:00,20,0,0,Compute,250000,4.318899773897059,4.6545225076458605,4.37257783742183,6.59531219354566,1,0,0,0
2024-01-22 21:00:00,21,0,0,Web,100000,4.041438220555917,0.7940201317389851,2.1337258664583927,2.198946101592785,0,0,0,1
2024-01-22 21:00:00,21,0,0,Database,150000,0.0,5.167501626090565,0.0,0.0,0,1,0,0
2024-01-22 21:00:00,21,0,0,Media,200000,0.0,2.165502431258333,0.8837423799019335,0.0,0,0,1,0
2024-01-22 21:00:00,21,0,0,Compute,250000,6.59531219354566,2.339666816711685,3.2151499919547426,4.280456502611486,1,0,0,0
2024-01-22 22:00:00,22,0,0,Web,100000,2.198946101592785,0.8630744330008789,1.3292225236906605,0.5899394160573213,0,0,0,1
2024-01-22 22:00:00,22,0,0,Database,150000,0.0,1.5602281975595813,1.0835125690813097,0.07140689018061885,0,1,0,0
2024-01-22 22:00:00,22,0,0,Media,200000,0.0,4.2266895205411,4.055794416199451,5.9888579677589,0,0,1,0
2024-01-22 22:00:00,22,0,0,Compute,250000,4.280456502611486,3.165905378753631,0.48640783382428454,0.0,1,0,0,0
2024-01-22 23:00:00,23,0,0,Web,100000,0.5899394160573213,2.4185040128667015,0.5515077337577492,0.0,0,0,0,1
2024-01-22 23:00:00,23,0,0,Database,150000,0.07140689018061885,0.6582033647470026,2.1686844106324017,2.2417505732828027,0,1,0,0
2024-01-22 23:00:00,23,0,0,Media,200000,5.9888579677589,1.195408735763847,2.540154023810824,2.9575771829816473,0,0,1,0
2024-01-22 23:00:00,23,0,0,Compute,250000,0.0,1.5130730426243946,2.8018531049110975,3.4538627285241947,1,0,0,0
2024-01-23 00:00:00,0,1,0,Web,100000,0.0,2.7577580733090405,3.11559483724342,4.162684043162841,0,0,0,1
2024-01-23 00:00:00,0,1,0,Database,150000,2.2417505732828027,0.6197798016467505,2.1494726290822754,2.2033270101825506,0,1,0,0
2024-01-23 00:00:00,0,1,0,Media,200000,2.9575771829816473,1.4921957564174275,2.688547534137614,3.2543642036352276,0,0,1,0
2024-01-23 00:00:00,0,1,0,Compute,250000,3.4538627285241947,0.8016717175474496,1.6685246644273755,1.1872058475567506,1,0,0,0
2024-01-23 01:00:00,1,1,0,Web,100000,4.162684043162841,0.21213884931234273,1.8427852252450714,1.617064819166143,0,0,0,1
2024-01-23 01:00:00,1,1,0,Database,150000,2.2033270101825506,0.34664647976310325,2.0129059681404518,1.9301936882989033,0,1,0,0
2024-01-23 01:00:00,1,1,0,Media,200000,3.2543642036352276,0.6693383470593083,2.277118829458554,2.4315067942771087,0,0,1,0
2024-01-23 01:00:00,1,1,0,Compute,250000,1.1872058475567506,2.341663362350482,3.2161482647741413,4.282453048250282,1,0,0,0
2024-01-23 02:00:00,2,1,0,Web,100000,1.617064819166143,1.6894809854366932,2.5814562933072467,3.094406955290493,0,0,0,1
2024-01-23 02:00:00,2,1,0,Database,150000,1.9301936882989033,0.1566949483027493,1.917930202410275,1.7402421568385493,0,1,0,0
2024-01-23 02:00:00,2,1,0,Media,200000,2.4315067942771087,2.4514218944253194,0.7407826483184403,0.0,0,0,1,0
2024-01-23 02:00:00,2,1,0,Compute,250000,4.282453048250282,0.22705771379032863,2.1588454404940647,2.167847399690129,1,0,0,0
2024-01-23 03:00:00,3,1,0,Web,100000,3.094406955290493,0.1080972942894318,1.706711093046384,1.3449165547687685,0,0,0,1
2024-01-23 03:00:00,3,1,0,Database,150000,1.7402421568385493,0.603588679041795,2.1413770677797976,2.187135887577595,0,1,0,0
2024-01-23 03:00:00,3,1,0,Media,200000,0.0,6.6436198610234065,5.264259586440604,8.405788308241206,0,0,1,0
2024-01-23 03:00:00,3,1,0,Compute,250000,2.167847399690129,1.5953622752259062,1.271679385588147,0.3935152898782941,1,0,0,0
2024-01-23 04:00:00,4,1,0,Web,100000,1.3449165547687685,1.2909109969782786,2.3821712990780393,2.6958369668320787,0,0,0,1
2024-01-23 04:00:00,4,1,0,Database,150000,2.187135887577595,3.229430141335094,3.454297798926447,4.812977349870894,0,1,0,0
2024-01-23 04:00:00,4,1,0,Media,200000,8.405788308241206,0.31804968190034866,2.1014744968790744,2.080218129118149,0,0,1,0
2024-01-23 04:00:00,4,1,0,Compute,250000,0.3935152898782941,7.037579297118696,5.564106232158248,8.978368983018497,1,0,0,0
2024-01-23 05:00:00,5,1,0,Web,100000,2.6958369668320787,1.1581618147966302,1.181678832792785,0.29485203426157014,0,0,0,1
2024-01-23 05:00:00,5,1,0,Database,150000,4.812977349870894,0.9963116065623411,2.337738531540071,2.579858815098141,0,1,0,0
2024-01-23 05:00:00,5,1,0,Media,200000,2.080218129118149,2.420461174281146,0.7562630083905271,0.0,0,0,1,0
2024-01-23 05:00:00,5,1,0,Compute,250000,8.978368983018497,1.0786181450320795,1.5300514506850604,0.9102594200721208,1,0,0,0
2024-01-23 06:00:00,6,1,0,Web,100000,0.29485203426157014,0.7708456707921737,2.122138635984987,2.1757716406459737,0,0,0,1
2024-01-23 06:00:00,6,1,0,Database,150000,2.579858815098141,2.562956126525389,3.121060791521595,4.1465033350611895,0,1,0,0
2024-01-23 06:00:00,6,1,0,Media,200000,0.0,0.9813284416729225,2.4331138767653613,2.7434968888907227,0,0,1,0
2024-01-23 06:00:00,6,1,0,Compute,250000,0.9102594200721208,3.8013884876064075,3.946010827402104,5.742178173506208,1,0,0,0
2024-01-23 07:00:00,7,1,0,Web,100000,2.1757716406459737,0.30893987138021517,1.6062898045009923,1.144073977677985,0,0,0,1
2024-01-23 07:00:00,7,1,0,Database,150000,4.1465033350611895,1.0205495291192161,1.3533519033014922,0.611085558620984,0,1,0,0
2024-01-23 07:00:00,7,1,0,Media,200000,2.7434968888907227,8.13599926144036,6.01044928664908,9.89816770865816,0,0,1,0
2024-01-23 07:00:00,7,1,0,Compute,250000,5.742178173506208,1.2067568879282924,2.648695027563046,3.1475465738280928,1,0,0,0
2024-01-23 08:00:00,8,1,0,Web,100000,1.144073977677985,2.1824885775378426,0.6695154514221786,0.0,0,0,0,1
2024-01-23 08:00:00,8,1,0,Database,150000,0.611085558620984,2.1068352263464063,0.8102090546878971,0.0,0,1,0,0
2024-01-23 08:00:00,8,1,0,Media,200000,9.89816770865816,2.8520836831962213,0.5404517539329894,0.0,0,0,1,0
2024-01-23 08:00:00,8,1,0,Compute,250000,3.1475465738280928,2.8337520071725635,3.462192587185182,4.774541693072364,1,0,0,0
2024-01-23 09:00:00,9,1,0,Web,100000,0.0,1.1171758182819256,1.2021718310501373,0.3358380307762747,0,0,0,1
2024-01-23 09:00:00,9,1,0,Database,150000,0.0,0.4061313665716568,2.0426484115447288,1.9896785751074568,0,1,0,0
2024-01-23 09:00:00,9,1,0,Media,200000,0.0,0.21456996291700614,1.859208614072597,1.595686363505194,0,0,1,0
2024-01-23 09:00:00,9,1,0,Compute,250000,4.774541693072364,2.2185211634250037,3.154577165311402,4.159310849324804,1,0,0,0
2024-01-23 10:00:00,10,1,0,Web,100000,0.3358380307762747,2.56427621825426,0.47862163106396993,0.0,0,0,0,1
2024-01-23 10:00:00,10,1,0,Database,150000,1.9896785751074568,3.2507607980312465,0.23824626884547695,0.0,0,1,0,0
2024-01-23 10:00:00,10,1,0,Media,200000,1.595686363505194,0.6969358611469828,2.2909175865023914,2.459104308364783,0,0,1,0
2024-01-23 10:00:00,10,1,0,Compute,250000,4.159310849324804,1.8269217937018911,2.9587774804498457,3.767711479601691,1,0,0,0
2024-01-23 11:00:00,11,1,0,Web,100000,0.0,1.0216408788951223,2.247536240036461,2.4265668487489225,0,0,0,1
2024-01-23 11:00:00,11,1,0,Database,150000,0.0,2.4524051268941824,0.637424104414009,0.0,0,1,0,0
2024-01-23 11:00:00,11,1,0,Media,200000,2.459104308364783,2.0564984658763814,2.9706988888670907,3.818666913094182,0,0,1,0
2024-01-23 11:00:00,11,1,0,Compute,250000,3.767711479601691,2.2556267208891025,0.9415471627565488,0.0,1,0,0,0
2024-01-23 12:00:00,12,1,0,Web,100000,2.4265668487489225,1.58865987396135,0.966429803210425,0.0,0,0,0,1
2024-01-23 12:00:00,12,1,0,Database,150000,0.0,2.8559045137682064,0.435674410976997,0.0,0,1,0,0
2024-01-23 12:00:00,12,1,0,Media,200000,3.818666913094182,3.9275189855582924,3.9062091487080464,5.6896874327760925,0,0,1,0
2024-01-23 12:00:00,12,1,0,Compute,250000,0.0,1.9243085626842475,3.007470864941024,3.8650982485840477,1,0,0,0
2024-01-23 13:00:00,13,1,0,Web,100000,0.0,1.8390240666388202,2.65622783390831,3.2439500364926204,0,0,0,1
2024-01-23 13:00:00,13,1,0,Database,150000,0.0,3.765678203029551,3.7224218297736757,5.349225411565351,0,1,0,0
2024-01-23 13:00:00,13,1,0,Media,200000,5.6896874327760925,8.461991684318368,6.173445498088085,10.22416013153617,0,0,1,0
2024-01-23 13:00:00,13,1,0,Compute,250000,3.8650982485840477,5.151722251332667,0.0,0.0,1,0,0,0
2024-01-23 14:00:00,14,1,0,Web,100000,3.2439500364926204,2.2391736822335244,0.6411728990743377,0.0,0,0,0,1
2024-01-23 14:00:00,14,1,0,Database,150000,5.349225411565351,1.8725691921257714,0.9273420717982146,0.0,0,1,0,0
2024-01-23 14:00:00,14,1,0,Media,200000,10.22416013153617,2.576502806750278,0.6782421921559609,0.0,0,0,1,0
2024-01-23 14:00:00,14,1,0,Compute,250000,0.0,3.256793682413338,0.44096368199443114,0.0,1,0,0,0
2024-01-23 15:00:00,15,1,0,Web,100000,0.0,0.9230031317682968,1.2992581743069516,0.5300107172899033,0,0,0,1
2024-01-23 15:00:00,15,1,0,Database,150000,0.0,3.673855085470415,0.026699125125892786,0.0,0,1,0,0
2024-01-23 15:00:00,15,1,0,Media,200000,0.0,1.0291710422144396,2.45703517703612,2.7913394894322394,0,0,1,0
2024-01-23 15:00:00,15,1,0,Compute,250000,0.0,0.1791389038880439,2.1348860355429222,2.119928589787844,1,0,0,0
2024-01-23 16:00:00,16,1,0,Web,100000,0.5300107172899033,1.467129933893166,2.470280767535483,2.872055903746966,0,0,0,1
2024-01-23 16:00:00,16,1,0,Database,150000,0.0,1.5472292945169577,2.613197375517379,3.1307765030527577,0,1,0,0
2024-01-23 16:00:00,16,1,0,Media,200000,2.7913394894322394,1.8330644998822294,2.8589819058700146,3.5952329471000297,0,0,1,0
2024-01-23 16:00:00,16,1,0,Compute,250000,2.119928589787844,1.144270750073847,1.4972251481641767,0.8446068150303534,1,0,0,0
2024-01-23 17:00:00,17,1,0,Web,100000,2.872055903746966,6.387474147503203,4.930452874340501,7.792400117357003,0,0,0,1
2024-01-23 17:00:00,17,1,0,Database,150000,3.1307765030527577,0.7273372890484932,2.203251372783147,2.3108844975842935,0,1,0,0
2024-01-23 17:00:00,17,1,0,Media,200000,3.5952329471000297,5.611498197476585,0.0,0.0,0,0,1,0
2024-01-23 17:00:00,17,1,0,Compute,250000,0.8446068150303534,3.0311711769008522,0.553774934750674,0.0,1,0,0,0
2024-01-23 18:00:00,18,1,0,Web,100000,7.792400117357003,5.245552906685647,0.0,0.0,0,0,0,1
2024-01-23 18:00:00,18,1,0,Database,150000,2.3108844975842935,0.07604782705612198,1.8776066417869612,1.659595035591922,0,1,0,0
2024-01-23 18:00:00,18,1,0,Media,200000,0.0,0.3894596117622009,1.7717637896499996,1.4207967146599993,0,0,1,0
2024-01-23 18:00:00,18,1,0,Compute,250000,0.0,1.4293210333005735,1.3547000065508135,0.5595565318036269,1,0,0,0
2024-01-23 19:00:00,19,1,0,Web,100000,0.0,6.056822276803743,4.765126938990772,7.461748246657542,0,0,0,1
2024-01-23 19:00:00,19,1,0,Database,150000,1.659595035591922,1.6709925618329324,2.6750790091753665,3.2545397703687327,0,1,0,0
2024-01-23 19:00:00,19,1,0,Media,200000,1.4207967146599993,2.202339023941203,3.043619167899502,3.9645074711590036,0,0,1,0
2024-01-23 19:00:00,19,1,0,Compute,250000,0.5595565318036269,2.8172644034285095,0.6607283214868453,0.0,1,0,0,0
2024-01-23 20:00:00,20,1,0,Web,100000,7.461748246657542,3.0214786135952365,0.2500204333934817,0.0,0,0,0,1
2024-01-23 20:00:00,20,1,0,Database,150000,3.2545397703687327,0.13446043689306425,1.9068129467054324,1.7180076454288644,0,1,0,0
2024-01-23 20:00:00,20,1,0,Media,200000,3.9645074711590036,0.5430653585588775,2.213982335208339,2.3052338057766777,0,0,1,0
2024-01-23 20:00:00,20,1,0,Compute,250000,0.0,5.592978640945572,0.0,0.0,1,0,0,0
2024-01-23 21:00:00,21,1,0,Web,100000,0.0,0.5649650081508022,1.4782772361156988,0.888048840907398,0,0,0,1
2024-01-23 21:00:00,21,1,0,Database,150000,1.7180076454288644,0.06626018822271441,1.8727128223702574,1.6498073967585145,0,1,0,0
2024-01-23 21:00:00,21,1,0,Media,200000,2.3052338057766777,0.6694914369155868,1.6317478770733067,1.1407648895066134,0,0,1,0
2024-01-23 21:00:00,21,1,0,Compute,250000,0.0,2.464215176642229,0.8372529348799855,0.0,1,0,0,0
2024-01-23 22:00:00,22,1,0,Web,100000,0.888048840907398,1.6426494853656202,0.93943499750829,0.0,0,0,0,1
2024-01-23 22:00:00,22,1,0,Database,150000,1.6498073967585145,0.5546215203205881,1.5863159077008062,1.077013567419612,0,1,0,0
2024-01-23 22:00:00,22,1,0,Media,200000,1.1407648895066134,0.29644401043234325,2.0906716611450715,2.0586124576501437,0,0,1,0
2024-01-23 22:00:00,22,1,0,Compute,250000,0.0,1.8384186872539041,2.964525927225852,3.779208373153704,1,0,0,0
2024-01-23 23:00:00,23,1,0,Web,100000,0.0,3.2666125544548135,3.370022077816307,4.671538524308614,0,0,0,1
2024-01-23 23:00:00,23,1,0,Database,150000,1.077013567419612,0.9070871101839494,1.4100831127691256,0.7245479775562507,0,1,0,0
2024-01-23 23:00:00,23,1,0,Media,200000,2.0586124576501437,1.3925125279482737,1.2702373315569633,0.4177437984739265,0,0,1,0
2024-01-23 23:00:00,23,1,0,Compute,250000,3.779208373153704,1.3370109602051188,2.7138220637014596,3.277800646104919,1,0,0,0
2024-01-24 00:00:00,0,2,0,Web,100000,4.671538524308614,1.8565786888347628,2.6650051450062815,3.2615046586885628,0,0,0,1
2024-01-24 00:00:00,0,2,0,Database,150000,0.7245479775562507,1.3266452393788568,1.200304048171672,0.30498984836134335,0,1,0,0
2024-01-24 00:00:00,0,2,0,Media,200000,0.4177437984739265,2.3952243705007166,3.1400618411792585,4.157392817718517,0,0,1,0
2024-01-24 00:00:00,0,2,0,Compute,250000,3.277800646104919,2.962799963070119,3.5267165651339596,4.90358964896992,1,0,0,0
2024-01-24 01:00:00,1,2,0,Web,100000,3.2615046586885628,3.8991033365782193,3.6862674688780097,5.304029306432019,0,0,0,1
2024-01-24 01:00:00,1,2,0,Database,150000,0.30498984836134335,5.3590066597616675,4.519086058139734,6.942553868297467,0,1,0,0
2024-01-24 01:00:00,1,2,0,Media,200000,4.157392817718517,2.6232923555805168,0.6548474177408417,0.0,0,0,1,0
2024-01-24 01:00:00,1,2,0,Compute,250000,4.90358964896992,0.06573856759973357,2.078185867398767,2.0065282534995337,1,0,0,0
2024-01-24 02:00:00,2,2,0,Web,100000,5.304029306432019,0.057877029458180414,1.7656543153179902,1.4628029993119807,0,0,0,1
2024-01-24 02:00:00,2,2,0,Database,150000,6.942553868297467,0.31826464519972275,1.7044943452612389,1.3133704425404773,0,1,0,0
2024-01-24 02:00:00,2,2,0,Media,200000,0.0,1.9718326984326084,0.9805772463147959,0.0,0,0,1,0
2024-01-24 02:00:00,2,2,0,Compute,250000,2.0065282534995337,4.480729949295415,0.0,0.0,1,0,0,0
2024-01-24 03:00:00,3,2,0,Web,100000,1.4628029993119807,0.30208227768921136,1.8877569394335056,1.7070082475430115,0,0,0,1
2024-01-24 03:00:00,3,2,0,Database,150000,1.3133704425404773,2.3291109182459375,0.6990712087381314,0.0,0,1,0,0
2024-01-24 03:00:00,3,2,0,Media,200000,0.0,0.28202438184507495,2.0834618468514376,2.044192829062875,0,0,1,0
2024-01-24 03:00:00,3,2,0,Compute,250000,0.0,2.4061745646987602,0.86627324085172,0.0,1,0,0,0
2024-01-24 04:00:00,4,2,0,Web,100000,1.7070082475430115,3.323018977135224,0.09925025162348788,0.0,0,0,0,1
2024-01-24 04:00:00,4,2,0,Database,150000,0.0,0.7269390207328931,2.2030522386253466,2.310486229268693,0,1,0,0
2024-01-24 04:00:00,4,2,0,Media,200000,2.044192829062875,0.47680852002168783,2.180853915939744,2.238976967239488,0,0,1,0
2024-01-24 04:00:00,4,2,0,Compute,250000,0.0,1.761889853564999,2.9262615103813996,3.702679539464799,1,0,0,0
2024-01-24 05:00:00,5,2,0,Web,100000,0.0,6.581635238855076,5.027533420016438,7.986561208708876,0,0,0,1
2024-01-24 05:00:00,5,2,0,Database,150000,2.310486229268693,0.8559125332347405,2.2675389948762703,2.4394597417705404,0,1,0,0
2024-01-24 05:00:00,5,2,0,Media,200000,2.238976967239488,1.4792892407945888,2.6820942763261946,3.241457688012389,0,0,1,0
2024-01-24 05:00:00,5,2,0,Compute,250000,3.702679539464799,3.2567279262041757,0.4409965600990122,0.0,1,0,0,0
2024-01-24 06:00:00,6,2,0,Web,100000,7.986561208708876,3.884766261211323,0.0,0.0,0,0,0,1
2024-01-24 06:00:00,6,2,0,Database,150000,2.4394597417705404,4.772532279922202,4.225848868220001,6.356079488458001,0,1,0,0
2024-01-24 06:00:00,6,2,0,Media,200000,3.241457688012389,2.794483279402111,0.5692519558300446,0.0,0,0,1,0
2024-01-24 06:00:00,6,2,0,Compute,250000,0.0,3.155876154008126,0.4914224461970371,0.0,1,0,0,0
2024-01-24 07:00:00,7,2,0,Web,100000,0.0,0.14134070325185893,1.6900893885651704,1.3116731458063413,0,0,0,1
2024-01-24 07:00:00,7,2,0,Database,150000,6.356079488458001,0.2946211797343651,1.7163160779939177,1.337013908005835,0,1,0,0
2024-01-24 07:00:00,7,2,0,Media,200000,0.0,2.731563458932075,0.6007118660650625,0.0,0,0,1,0
2024-01-24 07:00:00,7,2,0,Compute,250000,0.0,0.9389635957415,1.5998787253303501,1.0499139693627002,1,0,0,0
2024-01-24 08:00:00,8,2,0,Web,100000,1.3116731458063413,3.712171092552513,3.5928013468651567,5.117097062406313,0,0,0,1
2024-01-24 08:00:00,8,2,0,Database,150000,1.337013908005835,2.442024766097593,0.6426142848123038,0.0,0,1,0,0
2024-01-24 08:00:00,8,2,0,Media,200000,0.0,4.205061392700715,0.0,0.0,0,0,1,0
2024-01-24 08:00:00,8,2,0,Compute,250000,1.0499139693627002,2.8518248023015764,3.4712289847496884,4.792614488201377,1,0,0,0
2024-01-24 09:00:00,9,2,0,Web,100000,5.117097062406313,1.5009346754163102,2.487183138297055,2.9058606452701103,0,0,0,1
2024-01-24 09:00:00,9,2,0,Database,150000,0.0,1.885599801548185,0.9208267670870078,0.0,0,1,0,0
2024-01-24 09:00:00,9,2,0,Media,200000,0.0,4.770544987982954,0.0,0.0,0,0,1,0
2024-01-24 09:00:00,9,2,0,Compute,250000,4.792614488201377,2.2579140089178895,0.9404035187421553,0.0,1,0,0,0
2024-01-24 10:00:00,10,2,0,Web,100000,2.9058606452701103,0.18815725015001392,1.666681115116093,1.2648565989081864,0,0,0,1
2024-01-24 10:00:00,10,2,0,Database,150000,0.0,3.521060209253657,3.6001128328857286,5.104607417789457,0,1,0,0
2024-01-24 10:00:00,10,2,0,Media,200000,0.0,3.133789864211171,0.39959866342551464,0.0,0,0,1,0
2024-01-24 10:00:00,10,2,0,Compute,250000,0.0,0.27760358413662034,1.93055873113279,1.7112739809675799,1,0,0,0
2024-01-24 11:00:00,11,2,0,Web,100000,1.2648565989081864,2.0494779192868937,2.761454760232347,3.454403889140694,0,0,0,1
2024-01-24 11:00:00,11,2,0,Database,150000,5.104607417789457,7.167845959967962,0.0,0.0,0,1,0,0
2024-01-24 11:00:00,11,2,0,Media,200000,0.0,3.125402443418899,3.50515087763835,4.8875708906367,0,0,1,0
2024-01-24 11:00:00,11,2,0,Compute,250000,1.7112739809675799,3.571395656221512,0.28366269509034403,0.0,1,0,0,0
2024-01-24 12:00:00,12,2,0,Web,100000,3.454403889140694,1.0200304199730037,2.246731010575402,2.424956389826804,0,0,0,1
2024-01-24 12:00:00,12,2,0,Database,150000,0.0,0.7640933884344322,2.2216294224761164,2.3476405969702325,0,1,0,0
2024-01-24 12:00:00,12,2,0,Media,200000,4.8875708906367,3.2778031139937345,3.5813512129257674,5.039971561211535,0,0,1,0
2024-01-24 12:00:00,12,2,0,Compute,250000,0.0,1.676817082282821,2.8837251247403106,3.617606768182621,1,0,0,0
2024-01-24 13:00:00,13,2,0,Web,100000,2.424956389826804,7.155915414792143,0.0,0.0,0,0,0,1
2024-01-24 13:00:00,13,2,0,Database,150000,2.3476405969702325,2.378381681070174,0.6744358273260131,0.0,0,1,0,0
2024-01-24 13:00:00,13,2,0,Media,200000,5.039971561211535,0.4386593276620402,2.16177931975992,2.2008277748798406,0,0,1,0
2024-01-24 13:00:00,13,2,0,Compute,250000,3.617606768182621,0.6089835979615609,1.7648687242203196,1.3798939671426393,1,0,0,0
2024-01-24 14:00:00,14,2,0,Web,100000,0.0,1.4568761288725114,2.4651538650251554,2.8618020987263115,0,0,0,1
2024-01-24 14:00:00,14,2,0,Database,150000,0.0,2.392143606611316,3.0356545315645587,3.975690815147116,0,1,0,0
2024-01-24 14:00:00,14,2,0,Media,200000,2.2008277748798406,1.8493991488912374,2.867149230374519,3.6115675961090377,0,0,1,0
2024-01-24 14:00:00,14,2,0,Compute,250000,1.3798939671426393,0.6668687672655956,1.7359261395683023,1.3220087978386046,1,0,0,0
2024-01-24 15:00:00,15,2,0,Web,100000,2.8618020987263115,5.563054972963641,0.0,0.0,0,0,0,1
2024-01-24 15:00:00,15,2,0,Database,150000,3.975690815147116,1.390487686166652,1.1683828247777743,0.2411474015735482,0,1,0,0
2024-01-24 15:00:00,15,2,0,Media,200000,3.6115675961090377,1.2731483840190656,2.5790238479384326,3.035316831236866,0,0,1,0
2024-01-24 15:00:00,15,2,0,Compute,250000,1.3220087978386046,3.2953856972536326,0.4216676745742838,0.0,1,0,0,0
2024-01-24 16:00:00,16,2,0,Web,100000,0.0,1.917868129966929,2.6956498655723644,3.322794099820729,0,0,0,1
2024-01-24 16:00:00,16,2,0,Database,150000,0.2411474015735482,2.7492238314041133,3.214194643960957,4.332771039939914,0,1,0,0
2024-01-24 16:00:00,16,2,0,Media,200000,3.035316831236866,0.4046448684897277,2.144772090173764,2.166813315707528,0,0,1,0
2024-01-24 16:00:00,16,2,0,Compute,250000,0.0,9.215383538539387,0.0,0.0,1,0,0,0
2024-01-24 17:00:00,17,2,0,Web,100000,3.322794099820729,3.85830902773761,0.0,0.0,0,0,0,1
2024-01-24 17:00:00,17,2,0,Database,150000,4.332771039939914,5.682611415270445,4.680888435894123,7.266158623806245,0,1,0,0
2024-01-24 17:00:00,17,2,0,Media,200000,2.166813315707528,1.6636573186873342,1.134664936187433,0.146599007734866,0,0,1,0
2024-01-24 17:00:00,17,2,0,Compute,250000,0.0,5.976473608989188,0.0,0.0,1,0,0,0
2024-01-24 18:00:00,18,2,0,Web,100000,0.0,3.729786104533017,3.6016088528554087,5.134712074386817,0,0,0,1
2024-01-24 18:00:00,18,2,0,Database,150000,7.266158623806245,0.06411071423321857,1.8716380853755095,1.6476579227690187,0,1,0,0
2024-01-24 18:00:00,18,2,0,Media,200000,0.146599007734866,3.338865406475376,3.6118823591665885,5.101033853693177,0,0,1,0
2024-01-24 18:00:00,18,2,0,Compute,250000,0.0,0.8549199652602958,2.472776566229048,2.795709651160096,1,0,0,0
2024-01-24 19:00:00,19,2,0,Web,100000,5.134712074386817,1.3997213482387065,2.4365764747082532,2.8046473180925067,0,0,0,1
2024-01-24 19:00:00,19,2,0,Database,150000,1.6476579227690187,1.1130716827457499,2.396118569631775,2.69661889128155,0,1,0,0
2024-01-24 19:00:00,19,2,0,Media,200000,5.101033853693177,2.1165088753652,3.0007040936115,3.878677322583,0,0,1,0
2024-01-24 19:00:00,19,2,0,Compute,250000,2.795709651160096,6.856335285270496,5.473484226234148,8.797124971170296,1,0,0,0
2024-01-24 20:00:00,20,2,0,Web,100000,2.8046473180925067,2.937062947479764,3.205247274328782,4.341988917333564,0,0,0,1
2024-01-24 20:00:00,20,2,0,Database,150000,2.69661889128155,4.765061893138805,0.0,0.0,0,1,0,0
2024-01-24 20:00:00,20,2,0,Media,200000,3.878677322583,1.3640284854389104,2.6244638986483553,3.1261969326567103,0,0,1,0
2024-01-24 20:00:00,20,2,0,Compute,250000,8.797124971170296,3.448486243911853,3.7695597055548267,5.389275929811653,1,0,0,0
2024-01-24 21:00:00,21,2,0,Web,100000,4.341988917333564,3.6321463592106378,3.5527889801942187,5.037072329064438,0,0,0,1
2024-01-24 21:00:00,21,2,0,Database,150000,0.0,1.3038588887794986,1.211697223471351,0.32777619896070154,0,1,0,0
2024-01-24 21:00:00,21,2,0,Media,200000,3.1261969326567103,3.518877275166583,3.7018882935121917,5.281045722384383,0,0,1,0
2024-01-24 21:00:00,21,2,0,Compute,250000,5.389275929811653,2.8072711382558153,3.448952152726808,4.7480608241556155,1,0,0,0
2024-01-24 22:00:00,22,2,0,Web,100000,5.037072329064438,7.741596250511391,5.607513925844595,9.14652222036519,0,0,0,1
2024-01-24 22:00:00,22,2,0,Database,150000,0.32777619896070154,2.2740491483477343,0.726602093687233,0.0,0,1,0,0
2024-01-24 22:00:00,22,2,0,Media,200000,5.281045722384383,1.5462456688034758,1.1933707611293622,0.26401065761872444,0,0,1,0
2024-01-24 22:00:00,22,2,0,Compute,250000,4.7480608241556155,0.9424010849820618,1.5981599807100693,1.0464764801221385,1,0,0,0
2024-01-24 23:00:00,23,2,0,Web,100000,9.14652222036519,1.4947103897185259,1.013404545331837,0.0,0,0,0,1
2024-01-24 23:00:00,23,2,0,Database,150000,0.0,2.694106188893009,0.5165735734145958,0.0,0,1,0,0
2024-01-24 23:00:00,23,2,0,Media,200000,0.26401065761872444,8.31207045662343,0.0,0.0,0,0,1,0
2024-01-24 23:00:00,23,2,0,Compute,250000,1.0464764801221385,1.3281423607716023,1.405289342815299,0.660735204332598,1,0,0,0
2024-01-25 00:00:00,0,3,0,Web,100000,0.0,1.1321181187019134,2.3027748599398565,2.5370440885557137,0,0,0,1
2024-01-25 00:00:00,0,3,0,Database,150000,0.0,1.503709476119932,1.1117719298011344,0.12792561162026805,0,1,0,0
2024-01-25 00:00:00,0,3,0,Media,200000,0.0,5.830187490189529,4.857543401023665,7.592355937407329,0,0,1,0
2024-01-25 00:00:00,0,3,0,Compute,250000,0.660735204332598,0.06417137774978773,2.077402272473794,2.004961063649588,1,0,0,0
2024-01-25 01:00:00,1,3,0,Web,100000,2.5370440885557137,3.8971311051546063,3.685281353166203,5.302057075008406,0,0,0,1
2024-01-25 01:00:00,1,3,0,Database,150000,0.12792561162026805,0.808305177792105,2.243735317154953,2.391852386327905,0,1,0,0
2024-01-25 01:00:00,1,3,0,Media,200000,7.592355937407329,2.503265869281974,3.194082590569887,4.265434316499774,0,0,1,0
2024-01-25 01:00:00,1,3,0,Compute,250000,2.004961063649588,0.8617686014028868,2.4762008843003436,2.802558287302687,1,0,0,0
2024-01-25 02:00:00,2,3,0,Web,100000,5.302057075008406,4.1303978353128885,3.801914718245344,5.535323805166689,0,0,0,1
2024-01-25 02:00:00,2,3,0,Database,150000,2.391852386327905,0.19186198999940215,1.9355137232586013,1.7754091985352023,0,1,0,0
2024-01-25 02:00:00,2,3,0,Media,200000,4.265434316499774,1.5124060638685572,2.698652687863179,3.2745745110863576,0,0,1,0
2024-01-25 02:00:00,2,3,0,Compute,250000,2.802558287302687,1.123042740552331,2.6068379538750657,3.063832426452131,1,0,0,0
2024-01-25 03:00:00,3,3,0,Web,100000,5.535323805166689,0.8889003139841564,1.316309583199022,0.5641135350740438,0,0,0,1
2024-01-25 03:00:00,3,3,0,Database,150000,1.7754091985352023,1.2389908963762304,2.4590781764470155,2.8225381049120304,0,1,0,0
2024-01-25 03:00:00,3,3,0,Media,200000,3.2745745110863576,6.727202678195247,5.306050995026523,8.489371125413047,0,0,1,0
2024-01-25 03:00:00,3,3,0,Compute,250000,3.063832426452131,0.8352347658885261,1.651743140256837,1.1536427992156741,1,0,0,0
2024-01-25 04:00:00,4,3,0,Web,100000,0.5641135350740438,1.282438618161945,2.377935109669872,2.687364588015745,0,0,0,1
2024-01-25 04:00:00,4,3,0,Database,150000,2.8225381049120304,3.7973807922105283,3.7382731243641647,5.380928000746328,0,1,0,0
2024-01-25 04:00:00,4,3,0,Media,200000,8.489371125413047,3.4448037824350406,3.6648515471464203,5.206972229652841,0,0,1,0
2024-01-25 04:00:00,4,3,0,Compute,250000,1.1536427992156741,0.05919319276029575,2.074913179979048,1.999982878660096,1,0,0,0
2024-01-25 05:00:00,5,3,0,Web,100000,2.687364588015745,7.1742100484742855,0.0,0.0,0,0,0,1
2024-01-25 05:00:00,5,3,0,Database,150000,5.380928000746328,1.5741523955475987,2.6266589260326993,3.1576996040833984,0,1,0,0
2024-01-25 05:00:00,5,3,0,Media,200000,5.206972229652841,6.682466715471358,0.0,0.0,0,0,1,0
2024-01-25 05:00:00,5,3,0,Compute,250000,1.999982878660096,4.433855632425893,4.262244399811847,6.374645318325693,1,0,0,0
2024-01-25 06:00:00,6,3,0,Web,100000,0.0,0.5324655531819816,2.002948577179891,1.9373915230357819,0,0,0,1
2024-01-25 06:00:00,6,3,0,Database,150000,3.1576996040833984,3.0230659992181668,3.3511157278679837,4.606613207753967,0,1,0,0
2024-01-25 06:00:00,6,3,0,Media,200000,0.0,2.7303773541453533,0.6013049184584234,0.0,0,0,1,0
2024-01-25 06:00:00,6,3,0,Compute,250000,6.374645318325693,4.681566359502363,0.0,0.0,1,0,0,0
2024-01-25 07:00:00,7,3,0,Web,100000,1.9373915230357819,0.8063070920257015,2.139869346601751,2.2112330618795015,0,0,0,1
2024-01-25 07:00:00,7,3,0,Database,150000,4.606613207753967,0.12485425947062592,1.8011995381257873,1.5067808282695743,0,1,0,0
2024-01-25 07:00:00,7,3,0,Media,200000,0.0,1.4986664180736973,1.2171603864942515,0.311589908348503,0,0,1,0
2024-01-25 07:00:00,7,3,0,Compute,250000,0.0,0.27802778180049126,2.184330474499146,2.2188174677002914,1,0,0,0
2024-01-25 08:00:00,8,3,0,Web,100000,2.2112330618795015,8.326351615698979,5.89989160843839,9.73127758555278,0,0,0,1
2024-01-25 08:00:00,8,3,0,Database,150000,1.5067808282695743,2.527620581709373,3.103393019113587,4.111167790245173,0,1,0,0
2024-01-25 08:00:00,8,3,0,Media,200000,0.311589908348503,3.1725397571921565,3.5287195345249787,4.934708204409957,0,0,1,0
2024-01-25 08:00:00,8,3,0,Compute,250000,2.2188174677002914,2.5558546142622665,3.3232438907300335,4.496644300162067,1,0,0,0
2024-01-25 09:00:00,9,3,0,Web,100000,9.73127758555278,4.462430371158779,3.967930986168289,5.867356341012579,0,0,0,1
2024-01-25 09:00:00,9,3,0,Database,150000,4.111167790245173,0.5942589583044346,1.566497188708883,1.0373761294357653,0,1,0,0
2024-01-25 09:00:00,9,3,0,Media,200000,4.934708204409957,6.188327862628081,0.0,0.0,0,0,1,0
2024-01-25 09:00:00,9,3,0,Compute,250000,4.496644300162067,0.5898023386202293,1.7744593538909854,1.399075226483971,1,0,0,0
2024-01-25 10:00:00,10,3,0,Web,100000,5.867356341012579,2.4592510695917054,2.9663413353847528,3.8641770394455057,0,0,0,1
2024-01-25 10:00:00,10,3,0,Database,150000,1.0373761294357653,2.9334451249474207,0.39690410538738985,0.0,0,1,0,0
2024-01-25 10:00:00,10,3,0,Media,200000,0.0,0.553141791070191,1.6899226999960046,1.257114535352009,0,0,1,0
2024-01-25 10:00:00,10,3,0,Compute,250000,1.399075226483971,2.0993531686091393,1.0196839388965304,0.0,1,0,0,0
2024-01-25 11:00:00,11,3,0,Web,100000,3.8641770394455057,4.530131695131591,4.0017816481546955,5.935057664985392,0,0,0,1
2024-01-25 11:00:00,11,3,0,Database,150000,0.0,2.272414985821891,2.975790221169846,3.8559621943576916,0,1,0,0
2024-01-25 11:00:00,11,3,0,Media,200000,1.257114535352009,1.978665801534077,2.9317825566959383,3.7408342487518773,0,0,1,0
2024-01-25 11:00:00,11,3,0,Compute,250000,0.0,1.888847878965114,2.989740523081457,3.829637564864914,1,0,0,0
2024-01-25 12:00:00,12,3,0,Web,100000,5.935057664985392,0.13579169725858084,1.6928638915618095,1.3172221517996194,0,0,0,1
2024-01-25 12:00:00,12,3,0,Database,150000,3.8559621943576916,0.6167127871847106,2.1479391218512554,2.2002599957205105,0,1,0,0
2024-01-25 12:00:00,12,3,0,Media,200000,3.7408342487518773,3.5795976811991523,0.17669475493152387,0.0,0,0,1,0
2024-01-25 12:00:00,12,3,0,Compute,250000,3.829637564864914,6.583369875853903,0.0,0.0,1,0,0,0
2024-01-25 13:00:00,13,3,0,Web,100000,1.3172221517996194,0.47428733063727224,1.9738594659075361,1.8792133004910725,0,0,0,1
2024-01-25 13:00:00,13,3,0,Database,150000,2.2002599957205105,0.9960147084186332,2.3375900824682168,2.5795619169544333,0,1,0,0
2024-01-25 13:00:00,13,3,0,Media,200000,0.0,3.6518376448783325,3.7683684783680667,5.414006092096133,0,0,1,0
2024-01-25 13:00:00,13,3,0,Compute,250000,0.0,4.738051387849303,4.414342277523552,6.678841073749103,1,0,0,0
2024-01-25 14:00:00,14,3,0,Web,100000,1.8792133004910725,4.734039394599041,4.103735497888421,6.13896536445284,0,0,0,1
2024-01-25 14:00:00,14,3,0,Database,150000,2.5795619169544333,3.018114719483833,0.35456930811918363,0.0,0,1,0,0
2024-01-25 14:00:00,14,3,0,Media,200000,5.414006092096133,1.080839044451508,1.426074073305346,0.7294172819706923,0,0,1,0
2024-01-25 14:00:00,14,3,0,Compute,250000,6.678841073749103,1.4650468272463388,2.7778399972220695,3.4058365131461388,1,0,0,0
2024-01-25 15:00:00,15,3,0,Web,100000,6.13896536445284,7.619757972828732,5.546594787003266,9.024683942682532,0,0,0,1
2024-01-25 15:00:00,15,3,0,Database,150000,0.0,4.464341550743948,4.071753503630874,6.047888759279748,0,1,0,0
2024-01-25 15:00:00,15,3,0,Media,200000,0.7294172819706923,3.3822354255973406,3.6335673687275705,5.144403872815141,0,0,1,0
2024-01-25 15:00:00,15,3,0,Compute,250000,3.4058365131461388,1.1874078062500717,1.4756566200760644,0.8014697588541286,1,0,0,0
2024-01-25 16:00:00,16,3,0,Web,100000,9.024683942682532,2.6736428330675737,0.4239383236573131,0.0,0,0,0,1
2024-01-25 16:00:00,16,3,0,Database,150000,6.047888759279748,2.3907675897519183,3.0349665231348597,3.9743147982877183,0,1,0,0
2024-01-25 16:00:00,16,3,0,Media,200000,5.144403872815141,3.32602773230528,0.30347972937846013,0.0,0,0,1,0
2024-01-25 16:00:00,16,3,0,Compute,250000,0.8014697588541286,0.7393529925431078,1.6996840269295461,1.2495245725610924,1,0,0,0
2024-01-25 17:00:00,17,3,0,Web,100000,0.0,0.36837778660796794,1.576570846887116,1.0846360624502323,0,0,0,1
2024-01-25 17:00:00,17,3,0,Database,150000,3.9743147982877183,4.802780206970624,4.240972831744212,6.386327415506424,0,1,0,0
2024-01-25 17:00:00,17,3,0,Media,200000,0.0,1.0881358484812327,1.4224256712904837,0.7221204779409676,0,0,1,0
2024-01-25 17:00:00,17,3,0,Compute,250000,1.2495245725610924,7.341792855320047,0.0,0.0,1,0,0,0
2024-01-25 18:00:00,18,3,0,Web,100000,1.0846360624502323,1.537377882589605,2.5054047418837024,2.942303852443405,0,0,0,1
2024-01-25 18:00:00,18,3,0,Database,150000,6.386327415506424,2.121109498913979,0.8030719184041106,0.0,0,1,0,0
2024-01-25 18:00:00,18,3,0,Media,200000,0.7221204779409676,0.15193701291544046,2.01841816238662,1.9141054601332406,0,0,1,0
2024-01-25 18:00:00,18,3,0,Compute,250000,0.0,0.2841580421285709,1.9272815021368146,1.7047195229756293,1,0,0,0
2024-01-25 19:00:00,19,3,0,Web,100000,2.942303852443405,0.8451559270555048,1.3381817766633475,0.6078579220026954,0,0,0,1
2024-01-25 19:00:00,19,3,0,Database,150000,0.0,2.3950656849563114,3.037115570737056,3.9786128934921114,0,1,0,0
2024-01-25 19:00:00,19,3,0,Media,200000,1.9141054601332406,4.622638574660322,0.0,0.0,0,0,1,0
2024-01-25 19:00:00,19,3,0,Compute,250000,1.7047195229756293,1.5750866144652809,1.2818172159684598,0.41379095063891946,1,0,0,0
2024-01-25 20:00:00,20,3,0,Web,100000,0.6078579220026954,2.0761576789543437,2.774794640066072,3.481083648808144,0,0,0,1
2024-01-25 20:00:00,20,3,0,Database,150000,3.9786128934921114,1.8662982656353047,0.930477535043448,0.0,0,1,0,0
2024-01-25 20:00:00,20,3,0,Media,200000,0.0,4.8504640674121156,0.0,0.0,0,0,1,0
2024-01-25 20:00:00,20,3,0,Compute,250000,0.41379095063891946,2.029709969372407,3.060171568285104,3.9704996552722074,1,0,0,0
2024-01-25 21:00:00,21,3,0,Web,100000,3.481083648808144,3.393327830926817,3.4333797160523085,4.798253800780618,0,0,0,1
2024-01-25 21:00:00,21,3,0,Database,150000,0.0,0.159029562531219,1.7841118865954908,1.4726055252089811,0,1,0,0
2024-01-25 21:00:00,21,3,0,Media,200000,0.0,5.906580735010798,0.0,0.0,0,0,1,0
2024-01-25 21:00:00,21,3,0,Compute,250000,3.9704996552722074,2.1419531796986484,3.1162931734482244,4.082742865598449,1,0,0,0
2024-01-25 22:00:00,22,3,0,Web,100000,4.798253800780618,5.003707583861265,0.0,0.0,0,0,0,1
2024-01-25 22:00:00,22,3,0,Database,150000,1.4726055252089811,0.9504417701466971,2.314803613332249,2.533988978682497,0,1,0,0
2024-01-25 22:00:00,22,3,0,Media,200000,0.0,2.6864354138286792,0.6232758886167604,0.0,0,0,1,0
2024-01-25 22:00:00,22,3,0,Compute,250000,4.082742865598449,3.5035617969030954,0.31757962474955237,0.0,1,0,0,0
2024-01-25 23:00:00,23,3,0,Web,100000,0.0,1.3497739908412707,1.0858727447704646,0.1032398582169296,0,0,0,1
2024-01-25 23:00:00,23,3,0,Database,150000,2.533988978682497,0.5739366088839795,1.5766583634191105,1.0576984788562207,0,1,0,0
2024-01-25 23:00:00,23,3,0,Media,200000,0.0,1.9566686907615447,0.9881592501503278,0.0,0,0,1,0
2024-01-25 23:00:00,23,3,0,Compute,250000,0.0,1.790153774247652,2.940393470722726,3.7309434601474525,1,0,0,0
2024-01-26 00:00:00,0,4,0,Web,100000,0.1032398582169296,1.3622520749787015,1.0796337027017493,0.09076177407949881,0,0,0,1
2024-01-26 00:00:00,0,4,0,Database,150000,1.0576984788562207,2.9646165546176655,3.321891005567733,4.5481637631534655,0,1,0,0
2024-01-26 00:00:00,0,4,0,Media,200000,0.0,0.8675634365326382,2.3762313741952195,2.6297318837504386,0,0,1,0
2024-01-26 00:00:00,0,4,0,Compute,250000,3.7309434601474525,2.116715559391124,1.011002743505538,0.0,1,0,0,0
2024-01-26 01:00:00,1,4,0,Web,100000,0.09076177407949881,2.6218635910990575,0.44982794464157116,0.0,0,0,0,1
2024-01-26 01:00:00,1,4,0,Database,150000,4.5481637631534655,4.966532836744516,0.0,0.0,0,1,0,0
2024-01-26 01:00:00,1,4,0,Media,200000,2.6297318837504386,0.8962434732026672,2.3905713925302337,2.6584119204204675,0,0,1,0
2024-01-26 01:00:00,1,4,0,Compute,250000,0.0,1.0878065813562745,1.525457232522963,0.9010709837479258,1,0,0,0
2024-01-26 02:00:00,2,4,0,Web,100000,0.0,7.140630523792743,0.0,0.0,0,0,0,1
2024-01-26 02:00:00,2,4,0,Database,150000,0.0,1.6311885579104004,1.0480323889059,0.00044652982979975775,0,1,0,0
2024-01-26 02:00:00,2,4,0,Media,200000,2.6584119204204675,2.727146027367056,0.602920581847572,0.0,0,0,1,0
2024-01-26 02:00:00,2,4,0,Compute,250000,0.9010709837479258,4.751076716114182,4.420854941655991,6.691866402013981,1,0,0,0
2024-01-26 03:00:00,3,4,0,Web,100000,0.0,5.132379775282129,0.0,0.0,0,0,0,1
2024-01-26 03:00:00,3,4,0,Database,150000,0.00044652982979975775,4.348096338804361,0.0,0.0,0,1,0,0
2024-01-26 03:00:00,3,4,0,Media,200000,0.0,3.3539528689192992,3.61942609038855,5.116121316137099,0,0,1,0
2024-01-26 03:00:00,3,4,0,Compute,250000,6.691866402013981,4.09433341199409,4.092483289595945,6.03512309789389,1,0,0,0
2024-01-26 04:00:00,4,4,0,Web,100000,0.0,2.2589927557791243,0.6312633623015378,0.0,0,0,0,1
2024-01-26 04:00:00,4,4,0,Database,150000,0.0,1.920301408028933,0.9034759638466339,0.0,0,1,0,0
2024-01-26 04:00:00,4,4,0,Media,200000,5.116121316137099,1.8727501292621385,2.8788247205599693,3.6349185764799383,0,0,1,0
2024-01-26 04:00:00,4,4,0,Compute,250000,6.03512309789389,7.005343330438131,0.0,0.0,1,0,0,0
2024-01-26 05:00:00,5,4,0,Web,100000,0.0,5.607624993118868,0.0,0.0,0,0,0,1
2024-01-26 05:00:00,5,4,0,Database,150000,0.0,0.8662441421543355,1.4305045967839325,0.7653909455858645,0,1,0,0
2024-01-26 05:00:00,5,4,0,Media,200000,3.6349185764799383,4.673715637989578,4.279307474923689,6.435884085207378,0,0,1,0
2024-01-26 05:00:00,5,4,0,Compute,250000,0.0,1.3312342041024188,1.403743421149891,0.6576433610017816,1,0,0,0
2024-01-26 06:00:00,6,4,0,Web,100000,0.0,0.3268543148076638,1.900142957992732,1.731780284661464,0,0,0,1
2024-01-26 06:00:00,6,4,0,Database,150000,0.7653909455858645,3.4254117572942357,3.552288606906018,5.008958965830036,0,1,0,0
2024-01-26 06:00:00,6,4,0,Media,200000,6.435884085207378,6.344698139436638,5.114798725647219,8.106866586654439,0,0,1,0
2024-01-26 06:00:00,6,4,0,Compute,250000,0.6576433610017816,1.7545893590471378,1.1920658436775313,0.23428820605706258,1,0,0,0
2024-01-26 07:00:00,7,4,0,Web,100000,1.731780284661464,0.07455411080247817,1.723482684789861,1.378459738255722,0,0,0,1
2024-01-26 07:00:00,7,4,0,Database,150000,5.008958965830036,5.490209603630728,4.584687530074264,7.073756812166527,0,1,0,0
2024-01-26 07:00:00,7,4,0,Media,200000,8.106866586654439,4.5906417651764855,0.0,0.0,0,0,1,0
2024-01-26 07:00:00,7,4,0,Compute,250000,0.23428820605706258,3.106787151263665,3.5987101592307327,5.047576837163465,1,0,0,0
2024-01-26 08:00:00,8,4,0,Web,100000,1.378459738255722,3.0789905366859744,0.2212644718481127,0.0,0,0,0,1
2024-01-26 08:00:00,8,4,0,Database,150000,7.073756812166527,0.33146104091167017,2.005313248714735,1.9150082494474703,0,1,0,0
2024-01-26 08:00:00,8,4,0,Media,200000,0.0,0.7519010818030227,1.5905430546295887,1.0583552446191775,0,0,1,0
2024-01-26 08:00:00,8,4,0,Compute,250000,5.047576837163465,2.8980787417058878,0.6203211523481562,0.0,1,0,0,0
2024-01-26 09:00:00,9,4,0,Web,100000,0.0,2.973349722577025,0.27408487890258737,0.0,0,0,0,1
2024-01-26 09:00:00,9,4,0,Database,150000,1.9150082494474703,0.8532870323634635,2.266226244440632,2.4368342408992634,0,1,0,0
2024-01-26 09:00:00,9,4,0,Media,200000,1.0583552446191775,3.0106619240902464,3.4477806179740234,4.772830371308046,0,0,1,0
2024-01-26 09:00:00,9,4,0,Compute,250000,0.0,0.4132525491677096,1.8627342486172453,1.5756250159364906,1,0,0,0
2024-01-26 10:00:00,10,4,0,Web,100000,0.0,0.2343834158018491,1.8539075084898244,1.6393093856556493,0,0,0,1
2024-01-26 10:00:00,10,4,0,Database,150000,2.4368342408992634,1.7375661384753416,2.708365797496571,3.3211133470111416,0,1,0,0
2024-01-26 10:00:00,10,4,0,Media,200000,4.772830371308046,2.9389002586410795,0.4970434662105603,0.0,0,0,1,0
2024-01-26 10:00:00,10,4,0,Compute,250000,1.5756250159364906,2.2431214648409687,3.1668773160193844,4.183911150740769,1,0,0,0
2024-01-26 11:00:00,11,4,0,Web,100000,1.6393093856556493,2.482073230781441,2.9777524159796203,3.886999200635241,0,0,0,1
2024-01-26 11:00:00,11,4,0,Database,150000,3.3211133470111416,7.834922835853431,5.757044146185615,9.418470044389231,0,1,0,0
2024-01-26 11:00:00,11,4,0,Media,200000,0.0,1.1523565112809468,1.3903153398906267,0.6578998151412534,0,0,1,0
2024-01-26 11:00:00,11,4,0,Compute,250000,4.183911150740769,1.398289344606583,1.3702158508978086,0.5905882204976174,1,0,0,0
2024-01-26 12:00:00,12,4,0,Web,100000,3.886999200635241,2.3309415543234366,2.9021865777506184,3.735867524177237,0,0,0,1
2024-01-26 12:00:00,12,4,0,Database,150000,9.418470044389231,2.481356446338615,3.0802609514282078,4.064903654874415,0,1,0,0
2024-01-26 12:00:00,12,4,0,Media,200000,0.6578998151412534,1.629305399732336,1.1518408956649322,0.18095092668986434,0,0,1,0
2024-01-26 12:00:00,12,4,0,Compute,250000,0.5905882204976174,1.2335319703923466,1.4525945380049268,0.7553455947118537,1,0,0,0
2024-01-26 13:00:00,13,4,0,Web,100000,3.735867524177237,1.6474364542563213,2.5604340277170605,3.0523624241101217,0,0,0,1
2024-01-26 13:00:00,13,4,0,Database,150000,4.064903654874415,2.506796661806184,0.6102283369580082,0.0,0,1,0,0
2024-01-26 13:00:00,13,4,0,Media,200000,0.18095092668986434,1.2556459036472447,1.3386706437074778,0.5546104227749555,0,0,1,0
2024-01-26 13:00:00,13,4,0,Compute,250000,0.7553455947118537,0.2928222417075039,2.191727704452652,2.233611927607304,1,0,0,0
2024-01-26 14:00:00,14,4,0,Web,100000,3.0523624241101217,3.011859994068974,3.2426457976233873,4.4167859639227744,0,0,0,1
2024-01-26 14:00:00,14,4,0,Database,150000,0.0,1.8378397881408224,0.9447067737906891,0.0,0,1,0,0
2024-01-26 14:00:00,14,4,0,Media,200000,0.5546104227749555,5.551197325694216,0.0,0.0,0,0,1,0
2024-01-26 14:00:00,14,4,0,Compute,250000,2.233611927607304,5.773836342156833,0.0,0.0,1,0,0,0
2024-01-26 15:00:00,15,4,0,Web,100000,4.4167859639227744,3.8022831397206,0.0,0.0,0,0,0,1
2024-01-26 15:00:00,15,4,0,Database,150000,0.0,3.9635470942020117,0.0,0.0,0,1,0,0
2024-01-26 15:00:00,15,4,0,Media,200000,0.0,0.48787621546192705,1.7225554878001366,1.322380110960273,0,0,1,0
2024-01-26 15:00:00,15,4,0,Compute,250000,0.0,3.590684400395015,0.27401832300359263,0.0,1,0,0,0
2024-01-26 16:00:00,16,4,0,Web,100000,0.0,2.132308819065812,0.6946053306581939,0.0,0,0,0,1
2024-01-26 16:00:00,16,4,0,Database,150000,0.0,2.346301594548349,0.6904758705869256,0.0,0,1,0,0
2024-01-26 16:00:00,16,4,0,Media,200000,1.322380110960273,1.3455675221461803,1.29370983445801,0.46468880427602,0,0,1,0
2024-01-26 16:00:00,16,4,0,Compute,250000,0.0,3.9915569341715673,4.041095050684683,5.9323466200713675,1,0,0,0
2024-01-26 17:00:00,17,4,0,Web,100000,0.0,2.00988670789375,2.741659154535775,3.41481267774755,0,0,0,1
2024-01-26 17:00:00,17,4,0,Database,150000,0.0,0.07243218543021163,1.8757988209740062,1.6559793939660117,0,1,0,0
2024-01-26 17:00:00,17,4,0,Media,200000,0.46468880427602,1.4071227813447145,1.262932204858743,0.4031335450774858,0,0,1,0
2024-01-26 17:00:00,17,4,0,Compute,250000,5.9323466200713675,1.3237419094712637,1.4074895684654685,0.6651356556329366,1,0,0,0
2024-01-26 18:00:00,18,4,0,Web,100000,3.41481267774755,1.0072833494580486,2.240357475317924,2.412209319311849,0,0,0,1
2024-01-26 18:00:00,18,4,0,Database,150000,1.6559793939660117,1.7765511596590706,2.7278583080884355,3.360098368194871,0,1,0,0
2024-01-26 18:00:00,18,4,0,Media,200000,0.4031335450774858,2.746896457904001,0.5930453665790996,0.0,0,0,1,0
2024-01-26 18:00:00,18,4,0,Compute,250000,0.6651356556329366,0.13348620644489445,2.1120596868213473,2.0742758923446947,1,0,0,0
2024-01-26 19:00:00,19,4,0,Web,100000,2.412209319311849,6.118902645591281,0.0,0.0,0,0,0,1
2024-01-26 19:00:00,19,4,0,Database,150000,3.360098368194871,0.659185292113991,2.1691753743158957,2.242732500649791,0,1,0,0
2024-01-26 19:00:00,19,4,0,Media,200000,0.0,2.310491665478258,3.0976954886680295,4.072660112696059,0,0,1,0
2024-01-26 19:00:00,19,4,0,Compute,250000,2.0742758923446947,0.8642498202448262,1.637235613078687,1.124627744859374,1,0,0,0
2024-01-26 20:00:00,20,4,0,Web,100000,0.0,5.473624928022517,4.473528264600159,6.878550897876316,0,0,0,1
2024-01-26 20:00:00,20,4,0,Database,150000,2.242732500649791,2.667759281910351,0.5297470269059248,0.0,0,1,0,0
2024-01-26 20:00:00,20,4,0,Media,200000,4.072660112696059,0.6763651855119838,2.280632248684892,2.4385336327297837,0,0,1,0
2024-01-26 20:00:00,20,4,0,Compute,250000,1.124627744859374,0.13151817960006643,2.003601433401067,1.8573593855041337,1,0,0,0
2024-01-26 21:00:00,21,4,0,Web,100000,6.878550897876316,0.32493694193242495,1.5982912692248874,1.1280769071257752,0,0,0,1
2024-01-26 21:00:00,21,4,0,Database,150000,0.0,0.36701044361644286,1.6801214460528788,1.2646246441237572,0,1,0,0
2024-01-26 21:00:00,21,4,0,Media,200000,2.4385336327297837,0.34535902963061504,2.1151291707442077,2.107527476848415,0,0,1,0
2024-01-26 21:00:00,21,4,0,Compute,250000,1.8573593855041337,2.5679201699932994,3.3292766685955497,4.5087098558931,1,0,0,0
2024-01-26 22:00:00,22,4,0,Web,100000,1.1280769071257752,4.157252648426433,3.8153421248021164,5.5621786182802335,0,0,0,1
2024-01-26 22:00:00,22,4,0,Database,150000,1.2646246441237572,0.03079467311467217,1.848229331303764,1.600840414625528,0,1,0,0
2024-01-26 22:00:00,22,4,0,Media,200000,2.107527476848415,2.469992156117099,3.17744573398745,4.2321606033349,0,0,1,0
2024-01-26 22:00:00,22,4,0,Compute,250000,4.5087098558931,2.1293447784025474,1.0046881339998264,0.0,1,0,0,0
2024-01-26 23:00:00,23,4,0,Web,100000,5.5621786182802335,2.321910297780899,2.8976709494793496,3.7268362676346993,0,0,0,1
2024-01-26 23:00:00,23,4,0,Database,150000,1.600840414625528,2.310018511083171,0.7086174123195148,0.0,0,1,0,0
2024-01-26 23:00:00,23,4,0,Media,200000,4.2321606033349,3.2960237478665966,3.5904615298621985,5.058192195084397,0,0,1,0
2024-01-26 23:00:00,23,4,0,Compute,250000,0.0,6.655966571781919,5.373299869489859,8.596756257681719,1,0,0,0
2024-01-27 00:00:00,0,5,1,Web,100000,3.7268362676346993,0.3902956035163754,1.5656119384329124,1.062718245541825,0,0,0,1
2024-01-27 00:00:00,0,5,1,Database,150000,0.0,6.601674412024426,0.0,0.0,0,1,0,0
2024-01-27 00:00:00,0,5,1,Media,200000,5.058192195084397,1.668262739336669,1.1323622258627657,0.14199358708553134,0,0,1,0
2024-01-27 00:00:00,0,5,1,Compute,250000,8.596756257681719,3.7196693424701097,3.905151254833955,5.66045902836991,1,0,0,0
2024-01-27 01:00:00,1,5,1,Web,100000,1.062718245541825,1.6832743006779347,2.5783529509278673,3.088200270531735,0,0,0,1
2024-01-27 01:00:00,1,5,1,Database,150000,0.0,0.7707847356272887,2.2249750960725447,2.3543319441630888,0,1,0,0
2024-01-27 01:00:00,1,5,1,Media,200000,0.14199358708553134,3.050049007466717,3.4674741596622587,4.812217454684517,0,0,1,0
2024-01-27 01:00:00,1,5,1,Compute,250000,5.66045902836991,1.4774042573474662,2.7840187122726334,3.4181939432472666,1,0,0,0
2024-01-27 02:00:00,2,5,1,Web,100000,3.088200270531735,3.677219501955609,3.5753255515667046,5.08214547180941,0,0,0,1
2024-01-27 02:00:00,2,5,1,Database,150000,2.3543319441630888,2.7823149695431564,3.2307402130304785,4.365862178078957,0,1,0,0
2024-01-27 02:00:00,2,5,1,Media,200000,4.812217454684517,4.589145297813077,4.237022304835438,6.351313745030876,0,0,1,0
2024-01-27 02:00:00,2,5,1,Compute,250000,3.4181939432472666,1.1004321913209631,2.5955326792593816,3.0412218772207633,1,0,0,0
2024-01-27 03:00:00,3,5,1,Web,100000,5.08214547180941,2.739822144084064,3.1066268726309323,4.144748113937864,0,0,0,1
2024-01-27 03:00:00,3,5,1,Database,150000,4.365862178078957,0.9454251588595562,1.3909140884313222,0.6862099288806438,0,1,0,0
2024-01-27 03:00:00,3,5,1,Media,200000,6.351313745030876,1.8284263742792177,1.0522804083914914,0.0,0,0,1,0
2024-01-27 03:00:00,3,5,1,Compute,250000,3.0412218772207633,5.1443468608591205,4.61749001402846,7.08513654675892,1,0,0,0
2024-01-27 04:00:00,4,5,1,Web,100000,4.144748113937864,0.672657968570264,2.073044784874032,2.0775839384240644,0,0,0,1
2024-01-27 04:00:00,4,5,1,Database,150000,0.6862099288806438,2.438685637189337,3.058925546853569,4.022232845725137,0,1,0,0
2024-01-27 04:00:00,4,5,1,Media,200000,0.0,0.39526398283637054,2.140081647347085,2.1574324300541705,0,0,1,0
2024-01-27 04:00:00,4,5,1,Compute,250000,7.08513654675892,1.783590892362093,1.1775650770200539,0.20528667274210743,1,0,0,0
2024-01-27 05:00:00,5,5,1,Web,100000,2.0775839384240644,0.056992617349403966,1.765212109263602,1.4619185872032041,0,0,0,1
2024-01-27 05:00:00,5,5,1,Database,150000,4.022232845725137,4.332025992905343,4.005595724711571,5.915573201441142,0,1,0,0
2024-01-27 05:00:00,5,5,1,Media,200000,2.1574324300541705,1.6897641624404722,2.7873317371491364,3.4519326096582725,0,0,1,0
2024-01-27 05:00:00,5,5,1,Compute,250000,0.20528667274210743,5.158463418793578,0.0,0.0,1,0,0,0
2024-01-27 06:00:00,6,5,1,Web,100000,1.4619185872032041,0.6697773093306642,1.425871085525768,0.783236539727536,0,0,0,1
2024-01-27 06:00:00,6,5,1,Database,150000,5.915573201441142,5.3709253177163365,4.525045387117069,6.954472526252136,0,1,0,0
2024-01-27 06:00:00,6,5,1,Media,200000,3.4519326096582725,0.6654345251520681,1.633776332955066,1.144821801270132,0,0,1,0
2024-01-27 06:00:00,6,5,1,Compute,250000,0.0,5.425480014804742,0.0,0.0,1,0,0,0
2024-01-27 07:00:00,7,5,1,Web,100000,0.783236539727536,5.703190595869831,4.588311098523816,7.1081165657236305,0,0,0,1
2024-01-27 07:00:00,7,5,1,Database,150000,6.954472526252136,2.071221469040578,2.8751934627791895,3.654768677576378,0,1,0,0
2024-01-27 07:00:00,7,5,1,Media,200000,1.144821801270132,0.23408251604060118,1.8494523375107996,1.576173810381599,0,0,1,0
2024-01-27 07:00:00,7,5,1,Compute,250000,0.0,1.1382971478484059,1.5002119492768973,0.8505804172557945,1,0,0,0
2024-01-27 08:00:00,8,5,1,Web,100000,7.1081165657236305,3.2710997289774064,3.3722656650776033,4.676025698831207,0,0,0,1
2024-01-27 08:00:00,8,5,1,Database,150000,3.654768677576378,1.6499941402807776,1.0386295977207114,0.0,0,1,0,0
2024-01-27 08:00:00,8,5,1,Media,200000,1.576173810381599,3.4688132131501646,3.6768562625039825,5.230981660367965,0,0,1,0
2024-01-27 08:00:00,8,5,1,Compute,250000,0.8505804172557945,1.6506297967749681,2.870631481986384,3.5914194826747683,1,0,0,0
2024-01-27 09:00:00,9,5,1,Web,100000,4.676025698831207,0.7580897160642498,2.115760658621025,2.16301568591805,0,0,0,1
2024-01-27 09:00:00,9,5,1,Database,150000,0.0,0.46058835560898603,2.0698769060633935,2.0441355641447863,0,1,0,0
2024-01-27 09:00:00,9,5,1,Media,200000,5.230981660367965,0.5489480497447343,1.6920195706587329,1.261308276677466,0,0,1,0
2024-01-27 09:00:00,9,5,1,Compute,250000,3.5914194826747683,3.160964300229997,3.625798733713899,5.101753986129798,1,0,0,0
2024-01-27 10:00:00,10,5,1,Web,100000,2.16301568591805,2.6200724359077023,0.45072352223724876,0.0,0,0,0,1
2024-01-27 10:00:00,10,5,1,Database,150000,2.0441355641447863,4.889819320092828,0.0,0.0,0,1,0,0
2024-01-27 10:00:00,10,5,1,Media,200000,1.261308276677466,1.867364308279624,2.876131810068712,3.629532755497424,0,0,1,0
2024-01-27 10:00:00,10,5,1,Compute,250000,5.101753986129798,1.9177589238036432,3.0041960455007217,3.858548609703443,1,0,0,0
2024-01-27 11:00:00,11,5,1,Web,100000,0.0,1.4647673971375001,2.4690994991576503,2.8696933669913003,0,0,0,1
2024-01-27 11:00:00,11,5,1,Database,150000,0.0,1.2472290484563164,2.4631972524870585,2.8307762569921167,0,1,0,0
2024-01-27 11:00:00,11,5,1,Media,200000,3.629532755497424,0.9856650746148435,1.4736610582236782,0.8245912518073566,0,0,1,0
2024-01-27 11:00:00,11,5,1,Compute,250000,3.858548609703443,2.3864920527587756,3.2385626099782883,4.327281738658576,1,0,0,0
2024-01-27 12:00:00,12,5,1,Web,100000,2.8696933669913003,0.16071831986582263,1.6804005802581887,1.2922955291923777,0,0,0,1
2024-01-27 12:00:00,12,5,1,Database,150000,2.8307762569921167,1.4853846220477342,1.1209343568372332,0.14625046569246591,0,1,0,0
2024-01-27 12:00:00,12,5,1,Media,200000,0.8245912518073566,0.9597178763683997,1.4866346573469003,0.8505384500538005,0,0,1,0
2024-01-27 12:00:00,12,5,1,Compute,250000,4.327281738658576,6.085963035929696,5.088298101563748,8.026752721829496,1,0,0,0
2024-01-27 13:00:00,13,5,1,Web,100000,1.2922955291923777,5.228972185738498,0.0,0.0,0,0,0,1
2024-01-27 13:00:00,13,5,1,Database,150000,0.14625046569246591,1.5234082524895967,2.6012868545036985,3.1069554610253967,0,1,0,0
2024-01-27 13:00:00,13,5,1,Media,200000,0.8505384500538005,5.061375222473352,0.0,0.0,0,0,1,0
2024-01-27 13:00:00,13,5,1,Compute,250000,8.026752721829496,0.34874395457111973,1.8949885459155402,1.6401336105330806,1,0,0,0
2024-01-27 14:00:00,14,5,1,Web,100000,0.0,1.3249263950647632,1.0982965426587183,0.12808745399343713,0,0,0,1
2024-01-27 14:00:00,14,5,1,Database,150000,3.1069554610253967,6.2791288296418335,0.0,0.0,0,1,0,0
2024-01-27 14:00:00,14,5,1,Media,200000,0.0,1.191156710903489,2.5380280113806446,2.953325158121289,0,0,1,0
2024-01-27 14:00:00,14,5,1,Compute,250000,1.6401336105330806,1.1641581261787877,1.4872814601117064,0.8247194389254127,1,0,0,0
2024-01-27 15:00:00,15,5,1,Web,100000,0.12808745399343713,6.321662967285932,0.0,0.0,0,0,0,1
2024-01-27 15:00:00,15,5,1,Database,150000,0.0,2.5427482119249563,3.1109568342213785,4.126295420460757,0,1,0,0
2024-01-27 15:00:00,15,5,1,Media,200000,2.953325158121289,4.329062473569005,4.106980892713402,6.0912309207868045,0,0,1,0
2024-01-27 15:00:00,15,5,1,Compute,250000,0.8247194389254127,4.494416966491916,4.292525066844858,6.435206652391716,1,0,0,0
2024-01-27 16:00:00,16,5,1,Web,100000,0.0,1.1009132615566135,2.287172431367207,2.5058392314104134,0,0,0,1
2024-01-27 16:00:00,16,5,1,Database,150000,4.126295420460757,0.16221835533354648,1.9206919059256735,1.7457655638693466,0,1,0,0
2024-01-27 16:00:00,16,5,1,Media,200000,6.0912309207868045,4.008513802289591,3.9467065570736954,5.770682249507391,0,0,1,0
2024-01-27 16:00:00,16,5,1,Compute,250000,6.435206652391716,5.071194695622496,4.580913931410148,7.0119843815222955,1,0,0,0
2024-01-27 17:00:00,17,5,1,Web,100000,2.5058392314104134,3.424750048229075,3.4490908247034375,4.829676018082875,0,0,0,1
2024-01-27 17:00:00,17,5,1,Database,150000,1.7457655638693466,2.8486567462916033,0.4392982947152986,0.0,0,1,0,0
2024-01-27 17:00:00,17,5,1,Media,200000,5.770682249507391,0.6280784992469657,2.256488905552383,2.390246946464766,0,0,1,0
2024-01-27 17:00:00,17,5,1,Compute,250000,7.0119843815222955,1.3425923724764859,2.716612769837143,3.283382058376286,1,0,0,0
2024-01-27 18:00:00,18,5,1,Web,100000,4.829676018082875,5.452894846353888,0.0,0.0,0,0,0,1
2024-01-27 18:00:00,18,5,1,Database,150000,0.0,1.4321259184645225,2.5556456874911615,3.0156731270003228,0,1,0,0
2024-01-27 18:00:00,18,5,1,Media,200000,2.390246946464766,6.843019417540368,5.363959364699084,8.605187864758168,0,0,1,0
2024-01-27 18:00:00,18,5,1,Compute,250000,3.283382058376286,1.9438524370045742,3.0172428021011872,3.884642122904374,1,0,0,0
2024-01-27 19:00:00,19,5,1,Web,100000,0.0,4.444283183927469,3.9588573925526345,5.849209153781269,0,0,0,1
2024-01-27 19:00:00,19,5,1,Database,150000,3.0156731270003228,0.5727881299883152,2.125976793253058,2.1563353385241153,0,1,0,0
2024-01-27 19:00:00,19,5,1,Media,200000,8.605187864758168,0.24369891155366444,1.8446441397542679,1.5665574148685357,0,0,1,0
2024-01-27 19:00:00,19,5,1,Compute,250000,3.884642122904374,1.1678581098451266,2.6292456385214633,3.108647795744927,1,0,0,0
2024-01-27 20:00:00,20,5,1,Web,100000,5.849209153781269,2.4715238835554976,0.5249977984133511,0.0,0,0,0,1
2024-01-27 20:00:00,20,5,1,Database,150000,2.1563353385241153,2.9153695013053658,0.4059419172084173,0.0,0,1,0,0
2024-01-27 20:00:00,20,5,1,Media,200000,1.5665574148685357,3.8229576111102967,3.8539284614840486,5.585126058328097,0,0,1,0
2024-01-27 20:00:00,20,5,1,Compute,250000,3.108647795744927,4.141070968201755,4.115852067699778,6.081860654101555,1,0,0,0
2024-01-27 21:00:00,21,5,1,Web,100000,0.0,2.997362886364251,0.26207829700897434,0.0,0,0,0,1
2024-01-27 21:00:00,21,5,1,Database,150000,0.0,2.928040353263793,3.3036029048907967,4.511587561799593,0,1,0,0
2024-01-27 21:00:00,21,5,1,Media,200000,5.585126058328097,0.2849238664202627,1.8240316623209687,1.5253324600019376,0,0,1,0
2024-01-27 21:00:00,21,5,1,Compute,250000,6.081860654101555,1.0434696630734919,2.567051415135646,2.984259348973292,1,0,0,0
2024-01-27 22:00:00,22,5,1,Web,100000,0.0,1.4046998579073904,2.439065729542595,2.8096258277611907,0,0,0,1
2024-01-27 22:00:00,22,5,1,Database,150000,4.511587561799593,3.007095343975155,3.343130400246478,4.590642552510955,0,1,0,0
2024-01-27 22:00:00,22,5,1,Media,200000,1.5253324600019376,0.2721985451917666,2.0785489285247833,2.034366992409567,0,0,1,0
2024-01-27 22:00:00,22,5,1,Compute,250000,2.984259348973292,4.254529925508009,4.172581546352904,6.195319611407808,1,0,0,0
2024-01-27 23:00:00,23,5,1,Web,100000,2.8096258277611907,0.9522824588819742,2.212857030029887,2.3572084287357744,0,0,0,1
2024-01-27 23:00:00,23,5,1,Database,150000,4.590642552510955,1.8965967570107978,2.7878811067642992,3.4801439655465978,0,1,0,0
2024-01-27 23:00:00,23,5,1,Media,200000,2.034366992409567,2.5238317142139395,0.7045777384241303,0.0,0,0,1,0
2024-01-27 23:00:00,23,5,1,Compute,250000,6.195319611407808,6.500020971716702,5.295327069457251,8.440810657616503,1,0,0,0
2024-01-28 00:00:00,0,6,1,Web,100000,2.3572084287357744,1.4335187092170993,2.4534751551974496,2.8384446790708995,0,0,0,1
2024-01-28 00:00:00,0,6,1,Database,150000,3.4801439655465978,2.1630362156374976,2.921100836077649,3.7465834241732976,0,1,0,0
2024-01-28 00:00:00,0,6,1,Media,200000,0.0,4.848601373236825,0.0,0.0,0,0,1,0
2024-01-28 00:00:00,0,6,1,Compute,250000,8.440810657616503,2.492150008839503,0.8232855187813486,0.0,1,0,0,0
2024-01-28 01:00:00,1,6,1,Web,100000,2.8384446790708995,3.7376950033583913,3.605563302268096,5.142620973212192,0,0,0,1
2024-01-28 01:00:00,1,6,1,Database,150000,3.7465834241732976,0.8847172944800141,2.2819413754989073,2.4682645030158143,0,1,0,0
2024-01-28 01:00:00,1,6,1,Media,200000,0.0,5.765383144088978,0.0,0.0,0,0,1,0
2024-01-28 01:00:00,1,6,1,Compute,250000,0.0,3.138913726553657,3.614773446875729,5.0797034124534575,1,0,0,0
2024-01-28 02:00:00,2,6,1,Web,100000,5.142620973212192,1.6553923526603704,0.9330635638609148,0.0,0,0,0,1
2024-01-28 02:00:00,2,6,1,Database,150000,2.4682645030158143,4.2579948972323365,3.9685801768750686,5.841542105768136,0,1,0,0
2024-01-28 02:00:00,2,6,1,Media,200000,0.0,0.287550975413299,1.8227181078244505,1.5227053510089013,0,0,1,0
2024-01-28 02:00:00,2,6,1,Compute,250000,5.0797034124534575,0.6381639976637897,2.364398582430795,2.57895368356359,1,0,0,0
2024-01-28 03:00:00,3,6,1,Web,100000,0.0,3.560907675377145,3.5171696382774726,4.965833645230946,0,0,0,1
2024-01-28 03:00:00,3,6,1,Database,150000,5.841542105768136,2.716522852166187,0.5053652417780068,0.0,0,1,0,0
2024-01-28 03:00:00,3,6,1,Media,200000,1.5227053510089013,3.002584363104019,0.46520141397909054,0.0,0,0,1,0
2024-01-28 03:00:00,3,6,1,Compute,250000,2.57895368356359,0.613539200796522,1.7625909228028391,1.3753383643076782,1,0,0,0
2024-01-28 04:00:00,4,6,1,Web,100000,4.965833645230946,2.5055623384658663,2.9894969698218334,3.9104883083196667,0,0,0,1
2024-01-28 04:00:00,4,6,1,Database,150000,0.0,4.016675697442672,0.0,0.0,0,1,0,0
2024-01-28 04:00:00,4,6,1,Media,200000,0.0,5.02814773926949,0.0,0.0,0,0,1,0
2024-01-28 04:00:00,4,6,1,Compute,250000,1.3753383643076782,2.495206720733577,3.2929199439656887,4.435996406633377,1,0,0,0
2024-01-28 05:00:00,5,6,1,Web,100000,3.9104883083196667,1.8329788773032114,0.8442703015394943,0.0,0,0,0,1
2024-01-28 05:00:00,5,6,1,Database,150000,0.0,1.2007219783630494,1.2632656786795757,0.43091310937715077,0,1,0,0
2024-01-28 05:00:00,5,6,1,Media,200000,0.0,5.594475145422698,0.0,0.0,0,0,1,0
2024-01-28 05:00:00,5,6,1,Compute,250000,4.435996406633377,2.060981882658146,1.038869581872027,0.0,1,0,0,0
2024-01-28 06:00:00,6,6,1,Web,100000,0.0,0.04674582949565191,1.737386825443274,1.4062680195625483,0,0,0,1
2024-01-28 06:00:00,6,6,1,Database,150000,0.43091310937715077,2.815177512470876,3.2471714844943387,4.398724721006676,0,1,0,0
2024-01-28 06:00:00,6,6,1,Media,200000,0.0,2.3377344383061165,0.7976263763780418,0.0,0,0,1,0
2024-01-28 06:00:00,6,6,1,Compute,250000,0.0,4.99617230029969,4.543402733748745,6.936961986199489,1,0,0,0
2024-01-28 07:00:00,7,6,1,Web,100000,1.4062680195625483,2.077712012141602,0.721903734120299,0.0,0,0,0,1
2024-01-28 07:00:00,7,6,1,Database,150000,4.398724721006676,2.073319344357724,0.8269669956822383,0.0,0,1,0,0
2024-01-28 07:00:00,7,6,1,Media,200000,0.0,4.636116595295607,4.260507953576703,6.398285042513407,0,0,1,0
2024-01-28 07:00:00,7,6,1,Compute,250000,6.936961986199489,0.6584243966939515,2.374528781945876,2.5992140825937518,1,0,0,0
2024-01-28 08:00:00,8,6,1,Web,100000,0.0,1.6801181266369298,0.9207006768726351,0.0,0,0,0,1
2024-01-28 08:00:00,8,6,1,Database,150000,0.0,0.48944333314398025,1.6189050012891102,1.1421917545962197,0,1,0,0
2024-01-28 08:00:00,8,6,1,Media,200000,6.398285042513407,4.0832646722283785,3.984081992043089,5.845433119446178,0,0,1,0
2024-01-28 08:00:00,8,6,1,Compute,250000,2.5992140825937518,4.422652398479245,4.256642782838522,6.363442084379045,1,0,0,0
2024-01-28 09:00:00,9,6,1,Web,100000,0.0,2.4744234774129676,0.5235480014846161,0.0,0,0,0,1
2024-01-28 09:00:00,9,6,1,Database,150000,1.1421917545962197,0.15134536983952465,1.787953982941338,1.4802897179006753,0,1,0,0
2024-01-28 09:00:00,9,6,1,Media,200000,5.845433119446178,0.2945144226049192,2.0897068672313597,2.0566828698227195,0,0,1,0
2024-01-28 09:00:00,9,6,1,Compute,250000,6.363442084379045,2.9827642711519924,0.5779783876251039,0.0,1,0,0,0
2024-01-28 10:00:00,10,6,1,Web,100000,0.0,0.19109909755218293,1.6652101914150086,1.2619147515060174,0,0,0,1
2024-01-28 10:00:00,10,6,1,Database,150000,1.4802897179006753,0.040012520957301456,1.859588988737551,1.6235597294931015,0,1,0,0
2024-01-28 10:00:00,10,6,1,Media,200000,2.0566828698227195,3.4446723764124068,3.6647858441351033,5.206840823630207,0,0,1,0
2024-01-28 10:00:00,10,6,1,Compute,250000,0.0,3.6463190245358024,3.8684760958668014,5.5871087104356025,1,0,0,0
2024-01-28 11:00:00,11,6,1,Web,100000,1.2619147515060174,1.0116721346792241,1.254923672851488,0.4413417143789762,0,0,0,1
2024-01-28 11:00:00,11,6,1,Database,150000,1.6235597294931015,0.665903371184635,1.5306749822687826,0.965731716555565,0,1,0,0
2024-01-28 11:00:00,11,6,1,Media,200000,5.206840823630207,2.0169208457691066,2.9509100788134535,3.7790892929869067,0,0,1,0
2024-01-28 11:00:00,11,6,1,Compute,250000,5.5871087104356025,1.7796092863832345,1.179555880009483,0.20926827872096587,1,0,0,0
2024-01-28 12:00:00,12,6,1,Web,100000,0.4413417143789762,1.7899643948144082,2.631697997996104,3.1948903646682085,0,0,0,1
2024-01-28 12:00:00,12,6,1,Database,150000,0.965731716555565,0.28776340170984416,1.7197449670061782,1.343871686030356,0,1,0,0
2024-01-28 12:00:00,12,6,1,Media,200000,3.7790892929869067,2.932239672818062,0.5003737591220689,0.0,0,0,1,0
2024-01-28 12:00:00,12,6,1,Compute,250000,0.20926827872096587,2.8945540782411396,0.6220834840805303,0.0,1,0,0,0
2024-01-28 13:00:00,13,6,1,Web,100000,3.1948903646682085,4.365220027695506,3.919325814436653,5.770145997549307,0,0,0,1
2024-01-28 13:00:00,13,6,1,Database,150000,1.343871686030356,0.49330837703209574,1.6169724793450524,1.1383267107081043,0,1,0,0
2024-01-28 13:00:00,13,6,1,Media,200000,0.0,4.9451062212971335,4.415002766577467,6.707274668514933,0,0,1,0
2024-01-28 13:00:00,13,6,1,Compute,250000,0.0,1.5649527217469303,1.286884162327635,0.42392484335727,1,0,0,0
2024-01-28 14:00:00,14,6,1,Web,100000,5.770145997549307,0.8976595429966802,2.18554557208724,2.3025855128504804,0,0,0,1
2024-01-28 14:00:00,14,6,1,Database,150000,1.1383267107081043,7.202074108656925,5.440619782587363,8.785621317192724,0,1,0,0
2024-01-28 14:00:00,14,6,1,Media,200000,6.707274668514933,3.1962041735920375,0.3683915087350813,0.0,0,0,1,0
2024-01-28 14:00:00,14,6,1,Compute,250000,0.42392484335727,5.71748743930153,0.0,0.0,1,0,0,0
2024-01-28 15:00:00,15,6,1,Web,100000,2.3025855128504804,3.8838143334638997,3.67862296732085,5.2887403033177005,0,0,0,1
2024-01-28 15:00:00,15,6,1,Database,150000,8.785621317192724,2.5044712557814206,0.6113910399703899,0.0,0,1,0,0
2024-01-28 15:00:00,15,6,1,Media,200000,0.0,0.08616303192090133,1.9234120795706495,1.7240932945012988,0,0,1,0
2024-01-28 15:00:00,15,6,1,Compute,250000,0.0,1.7817985709569546,1.178461237722623,0.20707899414724573,1,0,0,0
2024-01-28 16:00:00,16,6,1,Web,100000,5.2887403033177005,0.8285322824681483,2.150981941822974,2.2334582523219484,0,0,0,1
2024-01-28 16:00:00,16,6,1,Database,150000,0.0,2.8756525611594266,0.4258003872813869,0.0,0,1,0,0
2024-01-28 16:00:00,16,6,1,Media,200000,1.7240932945012988,0.5638642032521183,1.6845614939050408,1.2463921231700819,0,0,1,0
2024-01-28 16:00:00,16,6,1,Compute,250000,0.20707899414724573,1.3734899192718026,2.7320615432348014,3.3142796051716026,1,0,0,0
2024-01-28 17:00:00,17,6,1,Web,100000,2.2334582523219484,3.0489705984249857,0.23627444097860706,0.0,0,0,0,1
2024-01-28 17:00:00,17,6,1,Database,150000,0.0,2.1242960285398667,0.8014786535911669,0.0,0,1,0,0
2024-01-28 17:00:00,17,6,1,Media,200000,1.2463921231700819,1.0661924403977954,1.4333973753322025,0.7440638860244049,0,0,1,0
2024-01-28 17:00:00,17,6,1,Compute,250000,3.3142796051716026,4.310490242281035,0.0,0.0,1,0,0,0
2024-01-28 18:00:00,18,6,1,Web,100000,0.0,1.2917268879984392,1.1148962961918805,0.16128696105976115,0,0,0,1
2024-01-28 18:00:00,18,6,1,Database,150000,0.0,0.3804335593109055,2.029799507914353,1.9639807678467056,0,1,0,0
2024-01-28 18:00:00,18,6,1,Media,200000,0.7440638860244049,1.2226907643674856,1.3551482133473574,0.5875655620547147,0,0,1,0
2024-01-28 18:00:00,18,6,1,Compute,250000,0.0,0.8381734183973736,1.6502738140024134,1.1507041467068266,1,0,0,0
2024-01-28 19:00:00,19,6,1,Web,100000,0.16128696105976115,0.08374895232195606,1.718885264030122,1.3692648967362442,0,0,0,1
2024-01-28 19:00:00,19,6,1,Database,150000,1.9639807678467056,1.991274326899142,0.8679895044115293,0.0,0,1,0,0
2024-01-28 19:00:00,19,6,1,Media,200000,0.5875655620547147,2.0972316372028312,2.991065474530316,3.8594000844206313,0,0,1,0
2024-01-28 19:00:00,19,6,1,Compute,250000,1.1507041467068266,4.331978314007528,4.211305740602664,6.272767999907328,1,0,0,0
2024-01-28 20:00:00,20,6,1,Web,100000,1.3692648967362442,1.4171851161885456,1.0521671820968272,0.03582873286965471,0,0,0,1
2024-01-28 20:00:00,20,6,1,Database,150000,0.0,1.4796386340353214,2.579402045276561,3.063185842571121,0,1,0,0
2024-01-28 20:00:00,20,6,1,Media,200000,3.8594000844206313,0.7428954059061408,1.5950458925780298,1.0673609205160592,0,0,1,0
2024-01-28 20:00:00,20,6,1,Compute,250000,6.272767999907328,1.1205059747177142,2.605569570957757,3.0612956606175143,1,0,0,0
2024-01-28 21:00:00,21,6,1,Web,100000,0.03582873286965471,4.721382533211963,4.097407067194881,6.126308503065763,0,0,0,1
2024-01-28 21:00:00,21,6,1,Database,150000,3.063185842571121,1.5500225686564966,2.6145940125871485,3.133569777192297,0,1,0,0
2024-01-28 21:00:00,21,6,1,Media,200000,1.0673609205160592,5.344287556031243,0.0,0.0,0,0,1,0
2024-01-28 21:00:00,21,6,1,Compute,250000,3.0612956606175143,1.386030833943077,2.7383320005704386,3.326820519842877,1,0,0,0
2024-01-28 22:00:00,22,6,1,Web,100000,6.126308503065763,3.722635169529228,3.598033385353514,5.127561139383028,0,0,0,1
2024-01-28 22:00:00,22,6,1,Database,150000,3.133569777192297,0.688832449596508,1.5192104430628461,0.942802638143692,0,1,0,0
2024-01-28 22:00:00,22,6,1,Media,200000,0.0,3.010948357955697,3.4479238349067485,4.773116805173498,0,0,1,0
2024-01-28 22:00:00,22,6,1,Compute,250000,3.326820519842877,2.0943905630580377,1.0221652416720812,0.0,1,0,0,0
2024-01-28 23:00:00,23,6,1,Web,100000,5.127561139383028,4.480661418169022,0.0,0.0,0,0,0,1
2024-01-28 23:00:00,23,6,1,Database,150000,0.942802638143692,0.4475509961001205,2.0633582263089605,2.0310982046359207,0,1,0,0
2024-01-28 23:00:00,23,6,1,Media,200000,4.773116805173498,5.293474101841142,0.0,0.0,0,0,1,0
2024-01-28 23:00:00,23,6,1,Compute,250000,0.0,0.7433569782829753,1.6976820340596124,1.245520586821225,1,0,0,0
2024-01-29 00:00:00,0,0,0,Web,100000,0.0,3.884570727538709,3.6790011643582545,5.28949669739251,0,0,0,1
2024-01-29 00:00:00,0,0,0,Database,150000,2.0310982046359207,5.753332656841043,0.0,0.0,0,1,0,0
2024-01-29 00:00:00,0,0,0,Media,200000,0.0,3.8625343273438935,0.03522643185915331,0.0,0,0,1,0
2024-01-29 00:00:00,0,0,0,Compute,250000,1.245520586821225,3.1201406750869327,0.5092901856576337,0.0,1,0,0,0
2024-01-29 01:00:00,1,0,0,Web,100000,5.28949669739251,0.2140035187350799,1.65375798082356,1.2390103303231204,0,0,0,1
2024-01-29 01:00:00,1,0,0,Database,150000,0.0,1.1211942965408277,1.3030295195906865,0.5104407911993725,0,1,0,0
2024-01-29 01:00:00,1,0,0,Media,200000,0.0,4.221453084690462,4.053176198274131,5.983621531908262,0,0,1,0
2024-01-29 01:00:00,1,0,0,Compute,250000,0.0,2.887088926877292,3.4888610470375463,4.827878612777092,1,0,0,0
2024-01-29 02:00:00,2,0,0,Web,100000,1.2390103303231204,1.5098627778079938,2.491647189492897,2.914788747661794,0,0,0,1
2024-01-29 02:00:00,2,0,0,Database,150000,0.5104407911993725,0.4609348826338544,2.0700501695758273,2.0444820911696544,0,1,0,0
2024-01-29 02:00:00,2,0,0,Media,200000,5.983621531908262,1.203733270556682,2.544316291207241,2.965901717774482,0,0,1,0
2024-01-29 02:00:00,2,0,0,Compute,250000,4.827878612777092,2.6099910055423248,0.7643650204299377,0.0,1,0,0,0
2024-01-29 03:00:00,3,0,0,Web,100000,2.914788747661794,2.5956750002720366,3.0345533007249186,4.000600970125837,0,0,0,1
2024-01-29 03:00:00,3,0,0,Database,150000,2.0444820911696544,3.360176702679803,0.18353831652119879,0.0,0,1,0,0
2024-01-29 03:00:00,3,0,0,Media,200000,2.965901717774482,2.5301749213088924,3.2075371165833464,4.2923433685266925,0,0,1,0
2024-01-29 03:00:00,3,0,0,Compute,250000,0.0,3.5824714459586926,3.8365523065782465,5.523261131858493,1,0,0,0
2024-01-29 04:00:00,4,0,0,Web,100000,4.000600970125837,0.6566377458664615,2.0650346735221308,2.0615637157202618,0,0,0,1
2024-01-29 04:00:00,4,0,0,Database,150000,0.0,0.5526831164881275,1.5872851096170364,1.0789519712520725,0,1,0,0
2024-01-29 04:00:00,4,0,0,Media,200000,4.2923433685266925,1.22497366453122,2.5549364881945102,2.9871421117490202,0,0,1,0
2024-01-29 04:00:00,4,0,0,Compute,250000,5.523261131858493,8.60859904990422,0.0,0.0,1,0,0,0
2024-01-29 05:00:00,5,0,0,Web,100000,2.0615637157202618,0.9308185950585838,2.202125098118192,2.335744564912384,0,0,0,1
2024-01-29 05:00:00,5,0,0,Database,150000,1.0789519712520725,0.3641059331216211,1.6815737013002898,1.267529154618579,0,1,0,0
2024-01-29 05:00:00,5,0,0,Media,200000,2.9871421117490202,0.17592827877317305,1.8785294561445136,1.6343280476490272,0,0,1,0
2024-01-29 05:00:00,5,0,0,Compute,250000,0.0,2.1436414782956823,3.1171373227467414,4.0844311641954825,1,0,0,0
2024-01-29 06:00:00,6,0,0,Web,100000,2.335744564912384,0.24835070429638342,1.6365843880429083,1.2046631447618168,0,0,0,1
2024-01-29 06:00:00,6,0,0,Database,150000,1.267529154618579,3.444664509555674,0.14129441308326318,0.0,0,1,0,0
2024-01-29 06:00:00,6,0,0,Media,200000,1.6343280476490272,0.4482519520783341,1.742367619491933,1.362004374343866,0,0,1,0
2024-01-29 06:00:00,6,0,0,Compute,250000,4.0844311641954825,0.22671039184467343,2.158671779521237,2.1675000777444735,1,0,0,0
2024-01-29 07:00:00,7,0,0,Web,100000,1.2046631447618168,0.3688456743452382,1.9211386377615192,1.7737716441990385,0,0,0,1
2024-01-29 07:00:00,7,0,0,Database,150000,0.0,0.5098020414574042,2.0944837489876025,2.0933492499932043,0,1,0,0
2024-01-29 07:00:00,7,0,0,Media,200000,1.362004374343866,3.14215107435786,3.51352519310783,4.90431952157566,0,0,1,0
2024-01-29 07:00:00,7,0,0,Compute,250000,2.1675000777444735,3.2821475987046425,0.42828672384877886,0.0,1,0,0,0
2024-01-29 08:00:00,8,0,0,Web,100000,1.7737716441990385,0.5511453080967498,2.012288454637275,1.95607127795055,0,0,0,1
2024-01-29 08:00:00,8,0,0,Database,150000,2.0933492499932043,3.8938330354569226,3.7864992459873617,5.477380243992723,0,1,0,0
2024-01-29 08:00:00,8,0,0,Media,200000,4.90431952157566,5.227878430413786,0.0,0.0,0,0,1,0
2024-01-29 08:00:00,8,0,0,Compute,250000,0.0,0.5629839819423607,2.3268085745700806,2.503773667842161,1,0,0,0
2024-01-29 09:00:00,9,0,0,Web,100000,1.95607127795055,1.7801794455213302,0.8706700174304349,0.0,0,0,0,1
2024-01-29 09:00:00,9,0,0,Database,150000,5.477380243992723,1.1361750930215149,1.2955391213503429,0.4954599947186853,0,1,0,0
2024-01-29 09:00:00,9,0,0,Media,200000,0.0,2.738466449245466,0.597260370908367,0.0,0,0,1,0
2024-01-29 09:00:00,9,0,0,Compute,250000,2.503773667842161,0.5326960867035322,1.803012479849334,1.456181478400668,1,0,0,0
2024-01-29 10:00:00,10,0,0,Web,100000,0.0,5.547810782882913,4.5106211920303565,6.952736752736714,0,0,0,1
2024-01-29 10:00:00,10,0,0,Database,150000,0.4954599947186853,3.817335023133841,0.0,0.0,0,1,0,0
2024-01-29 10:00:00,10,0,0,Media,200000,0.0,3.532873947038682,0.200056622011759,0.0,0,0,1,0
2024-01-29 10:00:00,10,0,0,Compute,250000,1.456181478400668,3.9298476500927135,0.10443669815474332,0.0,1,0,0,0
2024-01-29 11:00:00,11,0,0,Web,100000,6.952736752736714,5.206298799486503,4.339865200332151,6.6112247693403035,0,0,0,1
2024-01-29 11:00:00,11,0,0,Database,150000,0.0,1.4110630561660609,1.1580951397780699,0.2205720315741393,0,1,0,0
2024-01-29 11:00:00,11,0,0,Media,200000,0.0,0.10096112064522264,1.9160130352084888,1.7092952057769775,0,0,1,0
2024-01-29 11:00:00,11,0,0,Compute,250000,0.0,1.232392762920919,1.4531641417406407,0.7564848021832813,1,0,0,0
2024-01-29 12:00:00,12,0,0,Web,100000,6.6112247693403035,2.8573125748114743,0.3321034527853628,0.0,0,0,0,1
2024-01-29 12:00:00,12,0,0,Database,150000,0.2205720315741393,0.7294958794455062,1.498878728138347,0.9021392082946939,0,1,0,0
2024-01-29 12:00:00,12,0,0,Media,200000,1.7092952057769775,7.39877475681188,5.64183703433484,9.16094320402968,0,0,1,0
2024-01-29 12:00:00,12,0,0,Compute,250000,0.7564848021832813,4.200256702524965,4.145444934861382,6.141046388424765,1,0,0,0
2024-01-29 13:00:00,13,0,0,Web,100000,0.0,2.5828573929790166,0.4693310437015916,0.0,0,0,0,1
2024-01-29 13:00:00,13,0,0,Database,150000,0.9021392082946939,1.9667662487872573,2.822965852652529,3.5503134573230573,0,1,0,0
2024-01-29 13:00:00,13,0,0,Media,200000,9.16094320402968,2.5186122576013292,0.7071874667304354,0.0,0,0,1,0
2024-01-29 13:00:00,13,0,0,Compute,250000,6.141046388424765,5.353146856140863,0.0,0.0,1,0,0,0
2024-01-29 14:00:00,14,0,0,Web,100000,0.0,3.0825766925960885,3.2780041468869445,4.487502662449889,0,0,0,1
2024-01-29 14:00:00,14,0,0,Database,150000,3.5503134573230573,3.5043224795328523,3.5917439680253267,5.087869688068652,0,1,0,0
2024-01-29 14:00:00,14,0,0,Media,200000,0.0,3.162200692745898,3.523550002301849,4.924369139963698,0,0,1,0
2024-01-29 14:00:00,14,0,0,Compute,250000,0.0,1.4336396872609183,1.352540679570641,0.555237877843282,1,0,0,0
2024-01-29 15:00:00,15,0,0,Web,100000,4.487502662449889,0.5243711416081587,1.4985741693870207,0.9286427074500415,0,0,0,1
2024-01-29 15:00:00,15,0,0,Database,150000,5.087869688068652,2.2733406005765695,2.976253028547185,3.8568878091123695,0,1,0,0
2024-01-29 15:00:00,15,0,0,Media,200000,4.924369139963698,1.1985320516465217,2.541715681752161,2.9607004988643215,0,0,1,0
2024-01-29 15:00:00,15,0,0,Compute,250000,0.555237877843282,1.204956353493333,1.4668823464544336,0.7839212116108674,1,0,0,0
2024-01-29 16:00:00,16,0,0,Web,100000,0.9286427074500415,4.8812593999566944,0.0,0.0,0,0,0,1
2024-01-29 16:00:00,16,0,0,Database,150000,3.8568878091123695,0.36566952202823677,2.0224174892730185,1.9492167305640369,0,1,0,0
2024-01-29 16:00:00,16,0,0,Media,200000,2.9607004988643215,3.26107285731054,3.57298608458417,5.02324130452834,0,0,1,0
2024-01-29 16:00:00,16,0,0,Compute,250000,0.7839212116108674,3.6168088067046713,0.26095611984876443,0.0,1,0,0,0
2024-01-29 17:00:00,17,0,0,Web,100000,0.0,1.9403220846301312,2.7068768429039656,3.3452480544839314,0,0,0,1
2024-01-29 17:00:00,17,0,0,Database,150000,1.9492167305640369,1.018669025003278,2.348917240760539,2.602216233539078,0,1,0,0
2024-01-29 17:00:00,17,0,0,Media,200000,5.02324130452834,2.274488729299201,3.0796940205785006,4.036657176517001,0,0,1,0
2024-01-29 17:00:00,17,0,0,Compute,250000,0.0,2.6399704387592213,3.365301802978511,4.5807601246590215,1,0,0,0
2024-01-29 18:00:00,18,0,0,Web,100000,3.3452480544839314,2.107439665378259,0.7070399075019704,0.0,0,0,0,1
2024-01-29 18:00:00,18,0,0,Database,150000,2.602216233539078,4.874922140097039,0.0,0.0,0,1,0,0
2024-01-29 18:00:00,18,0,0,Media,200000,4.036657176517001,1.624602516650838,1.1541923372056813,0.18565380977136225,0,0,1,0
2024-01-29 18:00:00,18,0,0,Compute,250000,4.5807601246590215,2.6914258921832217,3.391029529690511,4.632215578083022,1,0,0,0
2024-01-29 19:00:00,19,0,0,Web,100000,0.0,1.6500556501801131,0.9357319151010435,0.0,0,0,0,1
2024-01-29 19:00:00,19,0,0,Database,150000,0.0,2.1061739111751256,0.8105397122735374,0.0,0,1,0,0
2024-01-29 19:00:00,19,0,0,Media,200000,0.18565380977136225,5.488094965376115,0.0,0.0,0,0,1,0
2024-01-29 19:00:00,19,0,0,Compute,250000,4.632215578083022,5.281986603255017,4.686309885226409,7.222776289154817,1,0,0,0
2024-01-29 20:00:00,20,0,0,Web,100000,0.0,2.5011848638781298,2.987308232527965,3.90611083373193,0,0,0,1
2024-01-29 20:00:00,20,0,0,Database,150000,0.0,2.333731883426493,3.006448669972147,3.9172790919622935,0,1,0,0
2024-01-29 20:00:00,20,0,0,Media,200000,0.0,2.927220099940621,3.4060597058992106,4.689388547158421,0,0,1,0
2024-01-29 20:00:00,20,0,0,Compute,250000,7.222776289154817,1.754169024232405,2.9224010957151028,3.6949587101322052,1,0,0,0
2024-01-29 21:00:00,21,0,0,Web,100000,3.90611083373193,0.7570305051407872,1.3822444876207065,0.695983343917413,0,0,0,1
2024-01-29 21:00:00,21,0,0,Database,150000,3.9172790919622935,0.515336251968805,1.6059585418766977,1.1162988357713952,0,1,0,0
2024-01-29 21:00:00,21,0,0,Media,200000,4.689388547158421,1.3067370333785746,1.313125078841813,0.5035192930436256,0,0,1,0
2024-01-29 21:00:00,21,0,0,Compute,250000,3.6949587101322052,7.9282662028472,6.0094496850225,9.869055888747,1,0,0,0
2024-01-29 22:00:00,22,0,0,Web,100000,0.695983343917413,1.6917800335005277,2.582605817339164,3.0967060033543277,0,0,0,1
2024-01-29 22:00:00,22,0,0,Database,150000,1.1162988357713952,1.4154452636565038,1.1559040360328483,0.21618982408369636,0,1,0,0
2024-01-29 22:00:00,22,0,0,Media,200000,0.5035192930436256,1.4205342621010395,2.6527167869794197,3.1827027093188396,0,0,1,0
2024-01-29 22:00:00,22,0,0,Compute,250000,9.869055888747,3.0566506931711523,0.5410351766155239,0.0,1,0,0,0
2024-01-29 23:00:00,23,0,0,Web,100000,3.0967060033543277,4.5375640953698815,4.005497848273841,5.942490065223682,0,0,0,1
2024-01-29 23:00:00,23,0,0,Database,150000,0.21618982408369636,2.0072512270236205,0.8600010543492901,0.0,0,1,0,0
2024-01-29 23:00:00,23,0,0,Media,200000,3.1827027093188396,1.5273002374695974,2.7060997746636986,3.2894686846873977,0,0,1,0
2024-01-29 23:00:00,23,0,0,Compute,250000,0.0,3.2219768288316035,3.656304998014702,5.162766514731404,1,0,0,0
2024-01-30 00:00:00,0,1,0,Web,100000,5.942490065223682,1.1783495722171784,2.325890586697489,2.5832755420709788,0,0,0,1
2024-01-30 00:00:00,0,1,0,Database,150000,0.0,0.30745391506111464,1.9933096857894577,1.8910011235969146,0,1,0,0
2024-01-30 00:00:00,0,1,0,Media,200000,3.2894686846873977,0.05645019417024547,1.970674753014023,1.8186186413880456,0,0,1,0
2024-01-30 00:00:00,0,1,0,Compute,250000,5.162766514731404,0.1933672302635214,1.9726769080693394,1.795510334840679,1,0,0,0
2024-01-30 01:00:00,1,1,0,Web,100000,2.5832755420709788,1.7541394063847067,0.8836900369987467,0.0,0,0,0,1
2024-01-30 01:00:00,1,1,0,Database,150000,1.8910011235969146,1.372494228911313,1.1773795534054439,0.25914085882888727,0,1,0,0
2024-01-30 01:00:00,1,1,0,Media,200000,1.8186186413880456,4.462815060555005,4.173857186206403,6.224983507772805,0,0,1,0
2024-01-30 01:00:00,1,1,0,Compute,250000,1.795510334840679,0.34965383765767,1.8945336043722651,1.6392237274465302,1,0,0,0
2024-01-30 02:00:00,2,1,0,Web,100000,0.0,2.381432747750519,0.5700433663158404,0.0,0,0,0,1
2024-01-30 02:00:00,2,1,0,Database,150000,0.25914085882888727,1.5729367301867259,1.0771583027677374,0.0586983575534743,0,1,0,0
2024-01-30 02:00:00,2,1,0,Media,200000,6.224983507772805,3.3251559816938694,3.605027646775835,5.0873244289116695,0,0,1,0
2024-01-30 02:00:00,2,1,0,Compute,250000,1.6392237274465302,2.0508638390956353,3.070748503146718,3.991653524995436,1,0,0,0
2024-01-30 03:00:00,3,1,0,Web,100000,0.0,1.705031474298971,2.589231537738385,3.109957444152771,0,0,0,1
2024-01-30 03:00:00,3,1,0,Database,150000,0.0586983575534743,0.7966075363315744,1.465322899695313,0.8350275514086256,0,1,0,0
2024-01-30 03:00:00,3,1,0,Media,200000,5.0873244289116695,1.7441313501210354,2.8145153309894178,3.5062997973388352,0,0,1,0
2024-01-30 03:00:00,3,1,0,Compute,250000,3.991653524995436,1.954727314454144,1.0919968659740282,0.03415025065005639,1,0,0,0
2024-01-30 04:00:00,4,1,0,Web,100000,3.109957444152771,0.8028860336395236,1.3593167233713381,0.6501278154186766,0,0,0,1
2024-01-30 04:00:00,4,1,0,Database,150000,0.8350275514086256,2.933457401777436,3.3063114291476183,4.517004610313236,0,1,0,0
2024-01-30 04:00:00,4,1,0,Media,200000,3.5062997973388352,2.646876976359393,3.2658881441085965,4.409045423577194,0,0,1,0
2024-01-30 04:00:00,4,1,0,Compute,250000,0.03415025065005639,2.9697734774546096,0.5844737844737953,0.0,1,0,0,0
2024-01-30 05:00:00,5,1,0,Web,100000,0.6501278154186766,2.590623298327927,0.46544809102713636,0.0,0,0,0,1
2024-01-30 05:00:00,5,1,0,Database,150000,4.517004610313236,0.350150398042429,2.0146579272801146,1.933697606578229,0,1,0,0
2024-01-30 05:00:00,5,1,0,Media,200000,4.409045423577194,5.20244106361073,4.543670187734265,6.96460951082853,0,0,1,0
2024-01-30 05:00:00,5,1,0,Compute,250000,0.0,5.770739433009183,0.0,0.0,1,0,0,0
2024-01-30 06:00:00,6,1,0,Web,100000,0.0,0.8590427583137127,2.1662371797457562,2.263968728167513,0,0,0,1
2024-01-30 06:00:00,6,1,0,Database,150000,1.933697606578229,4.152173934321644,0.0,0.0,0,1,0,0
2024-01-30 06:00:00,6,1,0,Media,200000,6.96460951082853,1.9270369201788367,1.0029751354416818,0.0,0,0,1,0
2024-01-30 06:00:00,6,1,0,Compute,250000,0.0,1.1173291937949243,1.510695926303638,0.871548371309276,1,0,0,0
2024-01-30 07:00:00,7,1,0,Web,100000,2.263968728167513,1.285568969912873,1.1179752552346636,0.16744487914532735,0,0,0,1
2024-01-30 07:00:00,7,1,0,Database,150000,0.0,1.6254317585798255,1.0509107885711875,0.006203329160374693,0,1,0,0
2024-01-30 07:00:00,7,1,0,Media,200000,0.0,0.04566512073131045,1.9652822162945554,1.8078335679491107,0,0,1,0
2024-01-30 07:00:00,7,1,0,Compute,250000,0.871548371309276,1.6298106394939353,1.2544552034541325,0.359066925610265,1,0,0,0
2024-01-30 08:00:00,8,1,0,Web,100000,0.16744487914532735,4.411416094164658,0.0,0.0,0,0,0,1
2024-01-30 08:00:00,8,1,0,Database,150000,0.006203329160374693,2.3636527771705294,3.021409116844165,3.9471999857063294,0,1,0,0
2024-01-30 08:00:00,8,1,0,Media,200000,1.8078335679491107,2.2826604410488414,3.083779876453321,4.044828888266641,0,0,1,0
2024-01-30 08:00:00,8,1,0,Compute,250000,0.359066925610265,2.5535668696702065,3.3221000184340035,4.494356555570007,1,0,0,0
2024-01-30 09:00:00,9,1,0,Web,100000,0.0,4.646247428394446,0.0,0.0,0,0,0,1
2024-01-30 09:00:00,9,1,0,Database,150000,3.9471999857063294,0.9207983973546524,2.2999819269362263,2.5043456058904523,0,1,0,0
2024-01-30 09:00:00,9,1,0,Media,200000,4.044828888266641,2.05198050702297,2.9684399094403853,3.8141489542407703,0,0,1,0
2024-01-30 09:00:00,9,1,0,Compute,250000,4.494356555570007,3.117650144920955,0.5105354507406226,0.0,1,0,0,0
2024-01-30 10:00:00,10,1,0,Web,100000,0.0,0.05156368414858743,1.7624976426631938,1.4564896540023877,0,0,0,1
2024-01-30 10:00:00,10,1,0,Database,150000,2.5043456058904523,0.37284387553329723,1.6772047300944517,1.2587912122069027,0,1,0,0
2024-01-30 10:00:00,10,1,0,Media,200000,3.8141489542407703,5.550495915306992,4.717697613582396,7.312664362524791,0,0,1,0
2024-01-30 10:00:00,10,1,0,Compute,250000,0.0,5.797532050639919,4.94408260891886,7.738321736539719,1,0,0,0
2024-01-30 11:00:00,11,1,0,Web,100000,1.4564896540023877,5.0171131195928025,0.0,0.0,0,0,0,1
2024-01-30 11:00:00,11,1,0,Database,150000,1.2587912122069027,7.505824956786168,5.592495206651984,9.089372165321969,0,1,0,0
2024-01-30 11:00:00,11,1,0,Media,200000,7.312664362524791,2.7697211030621713,0.5816330440000144,0.0,0,0,1,0
2024-01-30 11:00:00,11,1,0,Compute,250000,7.738321736539719,2.966063822584477,3.528348494891139,4.906853508484278,1,0,0,0
2024-01-30 12:00:00,12,1,0,Web,100000,0.0,2.9355378821933926,3.2044847416855964,4.340463852047193,0,0,0,1
2024-01-30 12:00:00,12,1,0,Database,150000,9.089372165321969,3.01111462012762,0.3580693577972902,0.0,0,1,0,0
2024-01-30 12:00:00,12,1,0,Media,200000,0.0,1.5038473211194971,2.6943733164886488,3.2660157683372972,0,0,1,0
2024-01-30 12:00:00,12,1,0,Compute,250000,4.906853508484278,0.34664517240039183,1.8960379370009042,1.6422323927038085,1,0,0,0
2024-01-30 13:00:00,13,1,0,Web,100000,4.340463852047193,1.6870339534993721,2.580232777338586,3.0919599233531723,0,0,0,1
2024-01-30 13:00:00,13,1,0,Database,150000,0.0,0.7160608467440771,2.197613151630939,2.299608055279877,0,1,0,0
2024-01-30 13:00:00,13,1,0,Media,200000,3.2660157683372972,3.6130623957129404,3.7489808537853704,5.3752308429307405,0,0,1,0
2024-01-30 13:00:00,13,1,0,Compute,250000,1.6422323927038085,0.2502425690403868,2.1704378681190937,2.191032254940187,1,0,0,0
2024-01-30 14:00:00,14,1,0,Web,100000,3.0919599233531723,0.5276661478811336,1.4969266662505332,0.9253477011770666,0,0,0,1
2024-01-30 14:00:00,14,1,0,Database,150000,2.299608055279877,3.312236638773741,3.495701047645771,4.895783847309541,0,1,0,0
2024-01-30 14:00:00,14,1,0,Media,200000,5.3752308429307405,1.76523183417801,2.825065573017905,3.52740028139581,0,0,1,0
2024-01-30 14:00:00,14,1,0,Compute,250000,2.191032254940187,2.2194841225648636,3.155058644881332,4.160273808464664,1,0,0,0
2024-01-30 15:00:00,15,1,0,Web,100000,0.9253477011770666,2.0178039563779904,0.7518577620021047,0.0,0,0,0,1
2024-01-30 15:00:00,15,1,0,Database,150000,4.895783847309541,3.159832283797622,0.2837105259622892,0.0,0,1,0,0
2024-01-30 15:00:00,15,1,0,Media,200000,3.52740028139581,1.7272103693603047,1.1028884108509478,0.08304595706189555,0,0,1,0
2024-01-30 15:00:00,15,1,0,Compute,250000,4.160273808464664,1.886508096643966,1.1261064748791172,0.10236946846023431,1,0,0,0
2024-01-30 16:00:00,16,1,0,Web,100000,0.0,2.3826417455609428,2.9280366733693715,3.787567715414743,0,0,0,1
2024-01-30 16:00:00,16,1,0,Database,150000,0.0,2.951996090484355,3.315580773501078,4.535543299020155,0,1,0,0
2024-01-30 16:00:00,16,1,0,Media,200000,0.08304595706189555,0.4894348081994011,1.7217761914313996,1.320821518222799,0,0,1,0
2024-01-30 16:00:00,16,1,0,Compute,250000,0.10236946846023431,4.316800996075258,4.203717081636529,6.257590681975057,1,0,0,0
2024-01-30 17:00:00,17,1,0,Web,100000,3.787567715414743,4.129452120897589,3.8014418610376945,5.534378090751389,0,0,0,1
2024-01-30 17:00:00,17,1,0,Database,150000,4.535543299020155,0.7542406888038177,2.2167030726608092,2.337787897339618,0,1,0,0
2024-01-30 17:00:00,17,1,0,Media,200000,1.320821518222799,2.48971925423132,0.72163396841544,0.0,0,0,1,0
2024-01-30 17:00:00,17,1,0,Compute,250000,6.257590681975057,4.7501738879088204,4.42040352755331,6.69096357380862,1,0,0,0
2024-01-30 18:00:00,18,1,0,Web,100000,5.534378090751389,0.2070959926874247,1.6572117438473877,1.2459178563707756,0,0,0,1
2024-01-30 18:00:00,18,1,0,Database,150000,2.337787897339618,0.4025395288951238,2.0408524927064624,1.986086737430924,0,1,0,0
2024-01-30 18:00:00,18,1,0,Media,200000,0.0,1.042859016421906,1.445064087320147,0.7673973100002942,0,0,1,0
2024-01-30 18:00:00,18,1,0,Compute,250000,6.69096357380862,2.6934149184937923,0.7226530639542039,0.0,1,0,0,0
2024-01-30 19:00:00,19,1,0,Web,100000,1.2459178563707756,4.4299622305480755,0.0,0.0,0,0,0,1
2024-01-30 19:00:00,19,1,0,Database,150000,1.986086737430924,1.9226489102740643,2.8009071833959323,3.5061961188098643,0,1,0,0
2024-01-30 19:00:00,19,1,0,Media,200000,0.7673973100002942,2.374247101292061,0.7793700448850696,0.0,0,0,1,0
2024-01-30 19:00:00,19,1,0,Compute,250000,0.0,9.20263762659267,6.646635396895236,11.143427312492472,1,0,0,0
2024-01-30 20:00:00,20,1,0,Web,100000,0.0,3.282264687439637,0.11962739647128151,0.0,0,0,0,1
2024-01-30 20:00:00,20,1,0,Database,150000,3.5061961188098643,3.79619136454631,0.0,0.0,0,1,0,0
2024-01-30 20:00:00,20,1,0,Media,200000,0.0,1.5544600864425235,2.719679699150162,3.3166285336603236,0,0,1,0
2024-01-30 20:00:00,20,1,0,Compute,250000,11.143427312492472,4.611984376504086,4.351308771850944,6.552774062403886,1,0,0,0
2024-01-30 21:00:00,21,1,0,Web,100000,0.0,0.21781291043186493,1.8456222558048325,1.6227388802856653,0,0,0,1
2024-01-30 21:00:00,21,1,0,Database,150000,0.0,1.740771200164023,2.7099683283409117,3.324318408699823,0,1,0,0
2024-01-30 21:00:00,21,1,0,Media,200000,3.3166285336603236,5.5546861919783295,0.0,0.0,0,0,1,0
2024-01-30 21:00:00,21,1,0,Compute,250000,6.552774062403886,2.0565785766775,1.04107123486235,0.0,1,0,0,0
2024-01-30 22:00:00,22,1,0,Web,100000,1.6227388802856653,3.244891127014901,0.13831417668364954,0.0,0,0,0,1
2024-01-30 22:00:00,22,1,0,Database,150000,3.324318408699823,5.709181489445844,0.0,0.0,0,1,0,0
2024-01-30 22:00:00,22,1,0,Media,200000,0.0,0.3749846416738608,2.1299419767658305,2.137153088891661,0,0,1,0
2024-01-30 22:00:00,22,1,0,Compute,250000,0.0,6.752526804433501,0.0,0.0,1,0,0,0
2024-01-30 23:00:00,23,1,0,Web,100000,0.0,3.990631837864546,0.0,0.0,0,0,0,1
2024-01-30 23:00:00,23,1,0,Database,150000,0.0,1.6356253216424543,1.0458140070398732,0.0,0,1,0,0
2024-01-30 23:00:00,23,1,0,Media,200000,2.137153088891661,2.517901447455429,0.7075428718033856,0.0,0,0,1,0
2024-01-30 23:00:00,23,1,0,Compute,250000,0.0,1.2132694462234033,2.6519513067106018,3.154059132123203,1,0,0,0
2024-01-31 00:00:00,0,2,0,Web,100000,0.0,0.9407845153096399,2.20710805824372,2.34571048516344,0,0,0,1
2024-01-31 00:00:00,0,2,0,Database,150000,0.0,2.7054401774085703,3.1923028169631857,4.28898738594437,0,1,0,0
2024-01-31 00:00:00,0,2,0,Media,200000,0.0,2.281195137740234,3.0830472247990173,4.043363584958034,0,0,1,0
2024-01-31 00:00:00,0,2,0,Compute,250000,3.154059132123203,3.4464823076863422,3.7685577374420713,5.387271993586142,1,0,0,0
2024-01-31 01:00:00,1,2,0,Web,100000,2.34571048516344,0.029799139629362467,1.7458601703764187,1.4232147094288377,0,0,0,1
2024-01-31 01:00:00,1,2,0,Database,150000,4.28898738594437,0.9344446420522091,2.3068050492850047,2.5179918505880092,0,1,0,0
2024-01-31 01:00:00,1,2,0,Media,200000,4.043363584958034,1.558585045359774,2.721742178608787,3.320753492577574,0,0,1,0
2024-01-31 01:00:00,1,2,0,Compute,250000,5.387271993586142,0.4490140317752771,2.269823599486539,2.3898037176750773,1,0,0,0
2024-01-31 02:00:00,2,2,0,Web,100000,1.4232147094288377,1.2156268693534218,1.1529463055143891,0.2373869797047785,0,0,0,1
2024-01-31 02:00:00,2,2,0,Database,150000,2.5179918505880092,1.0213715426215106,1.3529408965503449,0.6102635451186894,0,1,0,0
2024-01-31 02:00:00,2,2,0,Media,200000,3.320753492577574,2.4767191345920962,0.7281340282350519,0.0,0,0,1,0
2024-01-31 02:00:00,2,2,0,Compute,250000,2.3898037176750773,1.288894429331689,2.6897637982647447,3.229684115231489,1,0,0,0
2024-01-31 03:00:00,3,2,0,Web,100000,0.2373869797047785,0.3060894618576666,1.6077150092622667,1.1469243872005337,0,0,0,1
2024-01-31 03:00:00,3,2,0,Database,150000,0.6102635451186894,2.0135651915124946,0.8568440721048529,0.0,0,1,0,0
2024-01-31 03:00:00,3,2,0,Media,200000,0.0,2.010778397575978,0.9611043967431111,0.0,0,0,1,0
2024-01-31 03:00:00,3,2,0,Compute,250000,3.229684115231489,3.6552401229505658,0.2417404617258172,0.0,1,0,0,0
2024-01-31 04:00:00,4,2,0,Web,100000,1.1469243872005337,2.960567963313799,3.2169997822457996,4.365493933167599,0,0,0,1
2024-01-31 04:00:00,4,2,0,Database,150000,0.0,0.2598969481975627,1.9695312023576816,1.8434441567333628,0,1,0,0
2024-01-31 04:00:00,4,2,0,Media,200000,0.0,2.6124439983220102,0.6602715963700949,0.0,0,0,1,0
2024-01-31 04:00:00,4,2,0,Compute,250000,0.0,2.4496871884082547,3.2701601778030276,4.390476874308055,1,0,0,0
2024-01-31 05:00:00,5,2,0,Web,100000,4.365493933167599,1.705390368985319,0.9080645556984406,0.0,0,0,0,1
2024-01-31 05:00:00,5,2,0,Database,150000,1.8434441567333628,4.243545820638898,0.0,0.0,0,1,0,0
2024-01-31 05:00:00,5,2,0,Media,200000,0.0,3.0877108072595987,3.4863050595586995,4.849879254477399,0,0,1,0
2024-01-31 05:00:00,5,2,0,Compute,250000,4.390476874308055,1.6353349083005393,1.2516930690508306,0.35354265680366104,1,0,0,0
2024-01-31 06:00:00,6,2,0,Web,100000,0.0,1.2507412102285687,1.1353891350768157,0.20227263882963165,0,0,0,1
2024-01-31 06:00:00,6,2,0,Database,150000,0.0,0.14758400064973246,1.9133747285837666,1.7311312091855324,0,1,0,0
2024-01-31 06:00:00,6,2,0,Media,200000,4.849879254477399,3.4518116079725445,3.6683554599151726,5.213980055190345,0,0,1,0
2024-01-31 06:00:00,6,2,0,Compute,250000,0.35354265680366104,0.08415581220113508,2.087394489699468,2.0249454981009354,1,0,0,0
2024-01-31 07:00:00,7,2,0,Web,100000,0.20227263882963165,3.6213953180378904,0.0,0.0,0,0,0,1
2024-01-31 07:00:00,7,2,0,Database,150000,1.7311312091855324,1.6556749519387408,2.6674202042282706,3.239222160474541,0,1,0,0
2024-01-31 07:00:00,7,2,0,Media,200000,5.213980055190345,1.4790131123873722,1.226987039337414,0.33124321403482804,0,0,1,0
2024-01-31 07:00:00,7,2,0,Compute,250000,2.0249454981009354,5.687815854190599,4.889224510694199,7.6286055400903985,1,0,0,0
2024-01-31 08:00:00,8,2,0,Web,100000,0.0,0.02740310559587051,1.7470581873931648,1.4256107434623297,0,0,0,1
2024-01-31 08:00:00,8,2,0,Database,150000,3.239222160474541,6.729150433298199,0.0,0.0,0,1,0,0
2024-01-31 08:00:00,8,2,0,Media,200000,0.33124321403482804,1.096138856069222,2.490519083963511,2.858307303287022,0,0,1,0
2024-01-31 08:00:00,8,2,0,Compute,250000,7.6286055400903985,5.857837316382885,4.974235241790343,7.798627002282685,1,0,0,0
2024-01-31 09:00:00,9,2,0,Web,100000,1.4256107434623297,4.751804805238369,4.1126182032080845,6.15673077509217,0,0,0,1
2024-01-31 09:00:00,9,2,0,Database,150000,0.0,5.516906805871896,4.598036131194848,7.1004540144076955,0,1,0,0
2024-01-31 09:00:00,9,2,0,Media,200000,2.858307303287022,3.08332449574659,0.42483134765780495,0.0,0,0,1,0
2024-01-31 09:00:00,9,2,0,Compute,250000,7.798627002282685,2.760501127532536,3.425567147365168,4.701290813432337,1,0,0,0
2024-01-31 10:00:00,10,2,0,Web,100000,6.15673077509217,2.190027558812335,0.6657459607849325,0.0,0,0,0,1
2024-01-31 10:00:00,10,2,0,Database,150000,7.1004540144076955,0.6969121378529735,2.188038797185387,2.2804593463887737,0,1,0,0
2024-01-31 10:00:00,10,2,0,Media,200000,0.0,3.842901225821397,0.04504298262040152,0.0,0,0,1,0
2024-01-31 10:00:00,10,2,0,Compute,250000,4.701290813432337,1.957411234250349,1.0906549060759256,0.03146633085385142,1,0,0,0
2024-01-31 11:00:00,11,2,0,Web,100000,0.0,2.052784031693046,0.734367724344577,0.0,0,0,0,1
2024-01-31 11:00:00,11,2,0,Database,150000,2.2804593463887737,2.7197097800300485,3.1994376182739246,4.303256988565849,0,1,0,0
2024-01-31 11:00:00,11,2,0,Media,200000,0.0,2.426201304611166,3.155550308234483,4.188369751828966,0,0,1,0
2024-01-31 11:00:00,11,2,0,Compute,250000,0.03146633085385142,0.8545031275946623,2.472568147396231,2.795292813494463,1,0,0,0
2024-01-31 12:00:00,12,2,0,Web,100000,0.0,4.075308193768357,0.0,0.0,0,0,0,1
2024-01-31 12:00:00,12,2,0,Database,150000,4.303256988565849,0.95896224145136,1.3841455471354203,0.67267284628884,0,1,0,0
2024-01-31 12:00:00,12,2,0,Media,200000,4.188369751828966,2.262393388430378,0.8352969013159111,0.0,0,0,1,0
2024-01-31 12:00:00,12,2,0,Compute,250000,2.795292813494463,2.633071209685673,3.3618521884417367,4.573860895585473,1,0,0,0
2024-01-31 13:00:00,13,2,0,Web,100000,0.0,3.5585984980537533,3.5160150496157767,4.963524467907554,0,0,0,1
2024-01-31 13:00:00,13,2,0,Database,150000,0.67267284628884,3.193200697694849,3.4361830771063246,4.776747906230649,0,1,0,0
2024-01-31 13:00:00,13,2,0,Media,200000,0.0,2.2897021978532615,0.8216424966044693,0.0,0,0,1,0
2024-01-31 13:00:00,13,2,0,Compute,250000,4.573860895585473,8.242643306470637,0.0,0.0,1,0,0,0
2024-01-31 14:00:00,14,2,0,Web,100000,4.963524467907554,5.3249296339923635,0.0,0.0,0,0,0,1
2024-01-31 14:00:00,14,2,0,Database,150000,4.776747906230649,4.288924873848825,3.9840451651833124,5.872472082384625,0,1,0,0
2024-01-31 14:00:00,14,2,0,Media,200000,0.0,1.2278087575616718,1.3525892167502642,0.5824475688605284,0,0,1,0
2024-01-31 14:00:00,14,2,0,Compute,250000,0.0,2.2762177943975375,0.9312516260023314,0.0,1,0,0,0
2024-01-31 15:00:00,15,2,0,Web,100000,0.0,4.9520248199109025,4.212728210544351,6.356950789764703,0,0,0,1
2024-01-31 15:00:00,15,2,0,Database,150000,5.872472082384625,3.8195237760671805,3.7493446162924906,5.403070984602981,0,1,0,0
2024-01-31 15:00:00,15,2,0,Media,200000,0.5824475688605284,0.09739010536155995,1.99114470860968,1.85955855257936,0,0,1,0
2024-01-31 15:00:00,15,2,0,Compute,250000,0.0,0.9042532127941216,1.6172339168040393,1.0846243523100787,1,0,0,0
2024-01-31 16:00:00,16,2,0,Web,100000,6.356950789764703,0.42034757804157563,1.5505859511703122,1.0326662710166246,0,0,0,1
2024-01-31 16:00:00,16,2,0,Database,150000,5.403070984602981,0.7055323347645982,2.1923488956411994,2.2890795433003985,0,1,0,0
2024-01-31 16:00:00,16,2,0,Media,200000,1.85955855257936,4.824185783561025,4.354542547709412,6.5863542307788245,0,0,1,0
2024-01-31 16:00:00,16,2,0,Compute,250000,1.0846243523100787,1.2914462123138801,2.69103968975584,3.2322358982136805,1,0,0,0
2024-01-31 17:00:00,17,2,0,Web,100000,1.0326662710166246,2.202131038719624,2.837781319948712,3.6070570085734244,0,0,0,1
2024-01-31 17:00:00,17,2,0,Database,150000,2.2890795433003985,3.5318542668127137,3.605509861665257,5.115401475348514,0,1,0,0
2024-01-31 17:00:00,17,2,0,Media,200000,6.5863542307788245,3.533071942675457,0.1999576241933716,0.0,0,0,1,0
2024-01-31 17:00:00,17,2,0,Compute,250000,3.2322358982136805,2.2886296170243283,3.1896313921110644,4.2294193029241285,1,0,0,0
2024-01-31 18:00:00,18,2,0,Web,100000,3.6070570085734244,0.9077502035870341,1.306884638397583,0.5452636454711661,0,0,0,1
2024-01-31 18:00:00,18,2,0,Database,150000,5.115401475348514,7.572329526920498,0.0,0.0,0,1,0,0
2024-01-31 18:00:00,18,2,0,Media,200000,0.0,6.408552565559636,0.0,0.0,0,0,1,0
2024-01-31 18:00:00,18,2,0,Compute,250000,4.2294193029241285,3.0783967741582567,0.5301621361219717,0.0,1,0,0,0
2024-01-31 19:00:00,19,2,0,Web,100000,0.5452636454711661,1.6177136253799442,2.545572613278872,3.0226395952337444,0,0,0,1
2024-01-31 19:00:00,19,2,0,Database,150000,0.0,0.3654426356230893,2.022304046070445,1.9489898441588893,0,1,0,0
2024-01-31 19:00:00,19,2,0,Media,200000,0.0,0.5771440611291919,2.231021686493496,2.339312508346992,0,0,1,0
2024-01-31 19:00:00,19,2,0,Compute,250000,0.0,5.876874387662276,4.983753777430039,7.817664073562076,1,0,0,0
2024-01-31 20:00:00,20,2,0,Web,100000,3.0226395952337444,3.831312784181637,0.0,0.0,0,0,0,1
2024-01-31 20:00:00,20,2,0,Database,150000,1.9489898441588893,0.10634400215337078,1.8104546667844148,1.5252910855868294,0,1,0,0
2024-01-31 20:00:00,20,2,0,Media,200000,2.339312508346992,0.9373505080436467,2.4111249099507237,2.699518955261447,0,0,1,0
2024-01-31 20:00:00,20,2,0,Compute,250000,7.817664073562076,2.2328632892172062,0.952928878592497,0.0,1,0,0,0
2024-01-31 21:00:00,21,2,0,Web,100000,0.0,0.10902417485102289,1.7912278880144115,1.5139501447048231,0,0,0,1
2024-01-31 21:00:00,21,2,0,Database,150000,1.5252910855868294,4.823891941855235,0.0,0.0,0,1,0,0
2024-01-31 21:00:00,21,2,0,Media,200000,2.699518955261447,4.253762591427284,4.0693309516425415,6.015931038645084,0,0,1,0
2024-01-31 21:00:00,21,2,0,Compute,250000,0.0,2.0688875971935015,1.0349167246043494,0.0,1,0,0,0
2024-01-31 22:00:00,22,2,0,Web,100000,1.5139501447048231,6.118244433937709,4.795838017557754,7.523170403791509,0,0,0,1
2024-01-31 22:00:00,22,2,0,Database,150000,0.0,0.12146691135456514,1.8028932121838177,1.510168176385635,0,1,0,0
2024-01-31 22:00:00,22,2,0,Media,200000,6.015931038645084,3.108204635799749,3.4965519738287747,4.870373083017549,0,0,1,0
2024-01-31 22:00:00,22,2,0,Compute,250000,0.0,0.18395254657566312,1.9773842499132686,1.804925018528537,1,0,0,0
2024-01-31 23:00:00,23,2,0,Web,100000,7.523170403791509,0.11627543638378945,1.7026220219992052,1.3367384126744108,0,0,0,1
2024-01-31 23:00:00,23,2,0,Database,150000,1.510168176385635,1.7761319392682233,0.9755606982269887,0.0,0,1,0,0
2024-01-31 23:00:00,23,2,0,Media,200000,4.870373083017549,0.3814157277010328,2.1331575197794166,2.143584174918833,0,0,1,0
2024-01-31 23:00:00,23,2,0,Compute,250000,1.804925018528537,0.9780400228443423,2.5343365950210712,2.9188297087441426,1,0,0,0
2024-02-01 00:00:00,0,3,0,Web,100000,1.3367384126744108,2.3768194663477398,0.57235000701723,0.0,0,0,0,1
2024-02-01 00:00:00,0,3,0,Database,150000,0.0,0.3991771871818526,1.664038074270174,1.2324579005583476,0,1,0,0
2024-02-01 00:00:00,0,3,0,Media,200000,2.143584174918833,1.8543405377735411,1.0393233266443296,0.0,0,0,1,0
2024-02-01 00:00:00,0,3,0,Compute,250000,2.9188297087441426,6.923036148446717,5.5068346578222584,8.863825834346517,1,0,0,0
2024-02-01 01:00:00,1,3,0,Web,100000,0.0,0.2932362493370556,1.6141416155225723,1.1597775997211446,0,0,0,1
2024-02-01 01:00:00,1,3,0,Database,150000,1.2324579005583476,4.659740394691878,4.169452925604839,6.243287603227677,0,1,0,0
2024-02-01 01:00:00,1,3,0,Media,200000,0.0,0.6109109320252649,1.6610381295184675,1.1993453943969352,0,0,1,0
2024-02-01 01:00:00,1,3,0,Compute,250000,8.863825834346517,0.8019068642069239,2.4462700157023622,2.742696550106724,1,0,0,0
2024-02-01 02:00:00,2,3,0,Web,100000,1.1597775997211446,3.9881361545380076,0.0,0.0,0,0,0,1
2024-02-01 02:00:00,2,3,0,Database,150000,6.243287603227677,1.365261715205794,1.1809958102582034,0.2663733725344062,0,1,0,0
2024-02-01 02:00:00,2,3,0,Media,200000,1.1993453943969352,0.6556479519699402,2.27027363191387,2.4178163991877404,0,0,1,0
2024-02-01 02:00:00,2,3,0,Compute,250000,2.742696550106724,4.7820554324818,4.4363442998398,6.7228451183816,1,0,0,0
2024-02-01 03:00:00,3,3,0,Web,100000,0.0,0.6899922726310135,2.081711936904407,2.094918242484814,0,0,0,1
2024-02-01 03:00:00,3,3,0,Database,150000,0.2663733725344062,4.1752050231811975,3.927185239849499,5.758752231716997,0,1,0,0
2024-02-01 03:00:00,3,3,0,Media,200000,2.4178163991877404,1.9462312702109608,2.9155652910343806,3.708399717428761,0,0,1,0
2024-02-01 03:00:00,3,3,0,Compute,250000,6.7228451183816,4.906247957996258,4.498440562597029,6.847037643896058,1,0,0,0
2024-02-01 04:00:00,4,3,0,Web,100000,2.094918242484814,0.20117059151736627,1.660174444432417,1.251843257540834,0,0,0,1
2024-02-01 04:00:00,4,3,0,Database,150000,5.758752231716997,7.194712071557613,5.4369387640377065,8.778259280093414,0,1,0,0
2024-02-01 04:00:00,4,3,0,Media,200000,3.708399717428761,1.480232548344569,1.2263773213588156,0.33002377807763117,0,0,1,0
2024-02-01 04:00:00,4,3,0,Compute,250000,6.847037643896058,2.323429442195207,0.9076458021034965,0.0,1,0,0,0
2024-02-01 05:00:00,5,3,0,Web,100000,1.251843257540834,3.6542024886693025,0.0,0.0,0,0,0,1
2024-02-01 05:00:00,5,3,0,Database,150000,8.778259280093414,7.017117954276411,5.348141705397105,8.600665162812211,0,1,0,0
2024-02-01 05:00:00,5,3,0,Media,200000,0.33002377807763117,2.482386657455893,3.1836429846568466,4.244555104673693,0,0,1,0
2024-02-01 05:00:00,5,3,0,Compute,250000,0.0,1.0264061397431254,1.5561574533295375,0.9624714253610749,1,0,0,0
2024-02-01 06:00:00,6,3,0,Web,100000,0.0,3.771112030222685,3.6222718157002425,5.176038000076485,0,0,0,1
2024-02-01 06:00:00,6,3,0,Database,150000,8.600665162812211,2.087120494955546,2.883142975736673,3.670667703491346,0,1,0,0
2024-02-01 06:00:00,6,3,0,Media,200000,4.244555104673693,5.922426353728971,4.903662832793385,7.684594800946771,0,0,1,0
2024-02-01 06:00:00,6,3,0,Compute,250000,0.9624714253610749,4.667542437821934,0.0,0.0,1,0,0,0
2024-02-01 07:00:00,7,3,0,Web,100000,5.176038000076485,0.8201242645449637,1.3506976079186181,0.6328895845132365,0,0,0,1
2024-02-01 07:00:00,7,3,0,Database,150000,3.670667703491346,1.4116080914306763,1.1578226221457621,0.22002699630952383,0,1,0,0
2024-02-01 07:00:00,7,3,0,Media,200000,7.684594800946771,5.945091968828005,0.0,0.0,0,0,1,0
2024-02-01 07:00:00,7,3,0,Compute,250000,0.0,3.205025553941282,3.647829360569541,5.145815239841083,1,0,0,0
2024-02-01 08:00:00,8,3,0,Web,100000,0.6328895845132365,0.8352336070122752,1.3431429366849623,0.617780242045925,0,0,0,1
2024-02-01 08:00:00,8,3,0,Database,150000,0.22002699630952383,2.2429375545618866,2.9610515055398436,3.826484763097687,0,1,0,0
2024-02-01 08:00:00,8,3,0,Media,200000,0.0,7.103359742591036,5.494129527224418,8.865528189808837,0,0,1,0
2024-02-01 08:00:00,8,3,0,Compute,250000,5.145815239841083,1.083775015085025,1.5274730156585878,0.9051025500191754,1,0,0,0
2024-02-01 09:00:00,9,3,0,Web,100000,0.617780242045925,1.2875028875736656,1.1170082964042671,0.1655109614845347,0,0,0,1
2024-02-01 09:00:00,9,3,0,Database,150000,3.826484763097687,0.3800364487741881,2.0296009526459944,1.963583657309988,0,1,0,0
2024-02-01 09:00:00,9,3,0,Media,200000,8.865528189808837,2.9857859985524287,3.4353426552051145,4.747954445770229,0,0,1,0
2024-02-01 09:00:00,9,3,0,Compute,250000,0.9051025500191754,1.7241830155326496,1.2072690154347754,0.2646945495715507,1,0,0,0
2024-02-01 10:00:00,10,3,0,Web,100000,0.1655109614845347,1.916928730998592,0.802295374691804,0.0,0,0,0,1
2024-02-01 10:00:00,10,3,0,Database,150000,1.963583657309988,3.1956117503262975,3.437388603422049,4.779158958862098,0,1,0,0
2024-02-01 10:00:00,10,3,0,Media,200000,4.747954445770229,1.1599619111163066,2.5224306114870534,2.9221303583341065,0,0,1,0
2024-02-01 10:00:00,10,3,0,Compute,250000,0.2646945495715507,6.158228728616662,0.0,0.0,1,0,0,0
2024-02-01 11:00:00,11,3,0,Web,100000,0.0,3.7002193380095245,0.0,0.0,0,0,0,1
2024-02-01 11:00:00,11,3,0,Database,150000,4.779158958862098,4.527751531083831,4.103458493800816,6.111298739619631,0,1,0,0
2024-02-01 11:00:00,11,3,0,Media,200000,2.9221303583341065,1.2298287888386377,2.5573640503482187,2.991997236056438,0,0,1,0
2024-02-01 11:00:00,11,3,0,Compute,250000,0.0,2.3106317327139467,0.9140446568441267,0.0,1,0,0,0
2024-02-01 12:00:00,12,3,0,Web,100000,0.0,0.5352729113071464,1.4931232845375269,0.9177409377510538,0,0,0,1
2024-02-01 12:00:00,12,3,0,Database,150000,6.111298739619631,0.0637539580072106,1.8714597072625057,1.6473011665430106,0,1,0,0
2024-02-01 12:00:00,12,3,0,Media,200000,2.991997236056438,2.2312440204426913,3.058071666150246,3.993412467660492,0,0,1,0
2024-02-01 12:00:00,12,3,0,Compute,250000,0.0,4.098834124178569,0.019943461111815886,0.0,1,0,0,0
2024-02-01 13:00:00,13,3,0,Web,100000,0.9177409377510538,2.546891355613574,0.48731406238431285,0.0,0,0,0,1
2024-02-01 13:00:00,13,3,0,Database,150000,1.6473011665430106,0.8429112041923665,2.2610383303550834,2.4264584127281665,0,1,0,0
2024-02-01 13:00:00,13,3,0,Media,200000,3.993412467660492,0.3235476810885509,1.8047197549868246,1.4867086453336493,0,0,1,0
2024-02-01 13:00:00,13,3,0,Compute,250000,0.0,1.7396214875123297,2.915127327355065,3.68041117341213,1,0,0,0
2024-02-01 14:00:00,14,3,0,Web,100000,0.0,3.7125661316809935,0.0,0.0,0,0,0,1
2024-02-01 14:00:00,14,3,0,Database,150000,2.4264584127281665,1.0954299684161635,2.387297712466982,2.6789771769519635,0,1,0,0
2024-02-01 14:00:00,14,3,0,Media,200000,1.4867086453336493,3.2987947977346166,3.5918470547962085,5.060963244952417,0,0,1,0
2024-02-01 14:00:00,14,3,0,Compute,250000,3.68041117341213,1.4844995810500503,2.787566374123925,3.4252892669498505,1,0,0,0
2024-02-01 15:00:00,15,3,0,Web,100000,0.0,0.44137915888697565,1.9574053800323878,1.846305128740776,0,0,0,1
2024-02-01 15:00:00,15,3,0,Database,150000,2.6789771769519635,0.3116947473001126,1.707779294211044,1.3199403404400876,0,1,0,0
2024-02-01 15:00:00,15,3,0,Media,200000,5.060963244952417,2.5285973979167053,0.7021948965727474,0.0,0,0,1,0
2024-02-01 15:00:00,15,3,0,Compute,250000,3.4252892669498505,0.24003971692156542,1.9493406647403175,1.7488378481826348,1,0,0,0
2024-02-01 16:00:00,16,3,0,Web,100000,1.846305128740776,3.803161498243418,3.638296549710609,5.208087468097219,0,0,0,1
2024-02-01 16:00:00,16,3,0,Database,150000,1.3199403404400876,0.3811294594025757,1.6730619381598124,1.2505056283376244,0,1,0,0
2024-02-01 16:00:00,16,3,0,Media,200000,0.0,2.6934559076474303,0.6197656417073849,0.0,0,0,1,0
2024-02-01 16:00:00,16,3,0,Compute,250000,1.7488378481826348,1.500785205898359,1.3189679202519207,0.48809235920584126,1,0,0,0
2024-02-01 17:00:00,17,3,0,Web,100000,5.208087468097219,0.6265948314299904,2.050013216303895,2.031520801283791,0,0,0,1
2024-02-01 17:00:00,17,3,0,Database,150000,1.2505056283376244,1.1445859311447408,1.29133370228873,0.48704915659545933,0,1,0,0
2024-02-01 17:00:00,17,3,0,Media,200000,0.0,1.479953788791622,2.682426550324711,3.242122236009422,0,0,1,0
2024-02-01 17:00:00,17,3,0,Compute,250000,0.48809235920584126,1.5925752218492912,2.841604194523546,3.5333649077490916,1,0,0,0
2024-02-01 18:00:00,18,3,0,Web,100000,2.031520801283791,2.6909934808161444,3.0822125409969723,4.095919450669944,0,0,0,1
2024-02-01 18:00:00,18,3,0,Database,150000,0.48704915659545933,4.2947223563972985,3.986943906457549,5.878269564933098,0,1,0,0
2024-02-01 18:00:00,18,3,0,Media,200000,3.242122236009422,3.011620112719282,3.4482597122885412,4.773788559937082,0,0,1,0
2024-02-01 18:00:00,18,3,0,Compute,250000,3.5333649077490916,2.8267611320460797,0.6559799571780602,0.0,1,0,0,0
2024-02-01 19:00:00,19,3,0,Web,100000,4.095919450669944,2.7346472793310164,0.39343610052559175,0.0,0,0,0,1
2024-02-01 19:00:00,19,3,0,Database,150000,5.878269564933098,0.2513583689816733,1.7379474833702637,1.3802767187585268,0,1,0,0
2024-02-01 19:00:00,19,3,0,Media,200000,4.773788559937082,1.3775700113204434,1.2777085898708784,0.4326863151017568,0,0,1,0
2024-02-01 19:00:00,19,3,0,Compute,250000,0.0,3.439024120485028,0.34984846295858607,0.0,1,0,0,0
2024-02-01 20:00:00,20,3,0,Web,100000,0.0,1.3491193221211828,1.0862000791305086,0.1038945269370175,0,0,0,1
2024-02-01 20:00:00,20,3,0,Database,150000,1.3802767187585268,1.4475827404593171,1.1398352976314419,0.18405234728088304,0,1,0,0
2024-02-01 20:00:00,20,3,0,Media,200000,0.4326863151017568,2.0395871588858174,0.9467000160881913,0.0,0,0,1,0
2024-02-01 20:00:00,20,3,0,Compute,250000,0.0,0.9714123980672168,1.5836543241674916,1.0174651670369834,1,0,0,0
2024-02-01 21:00:00,21,3,0,Web,100000,0.1038945269370175,3.559396490557193,3.5164140458674966,4.964322460410994,0,0,0,1
2024-02-01 21:00:00,21,3,0,Database,150000,0.18405234728088304,0.6217580633499177,2.150461759933859,2.2053052718857176,0,1,0,0
2024-02-01 21:00:00,21,3,0,Media,200000,0.0,7.439471167768608,5.662185239813204,9.201639614986409,0,0,1,0
2024-02-01 21:00:00,21,3,0,Compute,250000,1.0174651670369834,0.535568497661148,2.313100832429474,2.476358183560948,1,0,0,0
2024-02-01 22:00:00,22,3,0,Web,100000,4.964322460410994,0.8942412614139552,1.3136391094841224,0.558772587644245,0,0,0,1
2024-02-01 22:00:00,22,3,0,Database,150000,2.2053052718857176,0.036442587566798273,1.8578040220422993,1.6199897961025984,0,1,0,0
2024-02-01 22:00:00,22,3,0,Media,200000,9.201639614986409,0.79351987493282,2.33920959339531,2.55568832215062,0,0,1,0
2024-02-01 22:00:00,22,3,0,Compute,250000,2.476358183560948,1.329805811115391,2.7102194891565956,3.270595497015191,1,0,0,0
2024-02-01 23:00:00,23,3,0,Web,100000,0.558772587644245,6.2541779171792715,4.863804759178535,7.659103887033071,0,0,0,1
2024-02-01 23:00:00,23,3,0,Database,150000,1.6199897961025984,2.560005334534906,0.5836240005936473,0.0,0,1,0,0
2024-02-01 23:00:00,23,3,0,Media,200000,2.55568832215062,2.6011821141354066,3.2430407129966037,4.363350561353207,0,0,1,0
2024-02-01 23:00:00,23,3,0,Compute,250000,3.270595497015191,0.6472957324445715,2.3689644498211857,2.588085418344372,1,0,0,0
2024-02-02 00:00:00,0,4,0,Web,100000,7.659103887033071,4.737337167314053,0.0,0.0,0,0,0,1
2024-02-02 00:00:00,0,4,0,Database,150000,0.0,2.3361402858864895,3.0076528712021453,3.9196874944222895,0,1,0,0
2024-02-02 00:00:00,0,4,0,Media,200000,4.363350561353207,3.826914622013914,3.855906966935857,5.589083069231714,0,0,1,0
2024-02-02 00:00:00,0,4,0,Compute,250000,2.588085418344372,2.5955731509344893,0.7715739477338555,0.0,1,0,0,0
2024-02-02 01:00:00,1,4,0,Web,100000,0.0,0.05084554327811208,1.735336968552044,1.4021683057800882,0,0,0,1
2024-02-02 01:00:00,1,4,0,Database,150000,3.9196874944222895,5.200106725625311,0.0,0.0,0,1,0,0
2024-02-02 01:00:00,1,4,0,Media,200000,5.589083069231714,3.800463318655209,0.06626193620349552,0.0,0,0,1,0
2024-02-02 01:00:00,1,4,0,Compute,250000,0.0,3.168132672453958,3.629382919825879,5.108922358353758,1,0,0,0
2024-02-02 02:00:00,2,4,0,Web,100000,1.4021683057800882,1.4232934576245035,1.0491130113788483,0.029720391433696758,0,0,0,1
2024-02-02 02:00:00,2,4,0,Database,150000,0.0,3.3504528644163174,0.1884002356529415,0.0,0,1,0,0
2024-02-02 02:00:00,2,4,0,Media,200000,0.0,0.712425032977489,2.298662172417645,2.4745934801952894,0,0,1,0
2024-02-02 02:00:00,2,4,0,Compute,250000,5.108922358353758,1.5912812338952698,1.2737199062534654,0.39759633120893056,1,0,0,0
2024-02-02 03:00:00,3,4,0,Web,100000,0.029720391433696758,1.4365089129288082,1.042505283726696,0.016504936129392078,0,0,0,1
2024-02-02 03:00:00,3,4,0,Database,150000,0.0,2.2420220166269096,2.9605937365723554,3.8255692251627096,0,1,0,0
2024-02-02 03:00:00,3,4,0,Media,200000,2.4745934801952894,3.5092440164052396,0.21187158732848022,0.0,0,0,1,0
2024-02-02 03:00:00,3,4,0,Compute,250000,0.39759633120893056,2.7401395776476964,0.6992907343772519,0.0,1,0,0,0
2024-02-02 04:00:00,4,4,0,Web,100000,0.016504936129392078,0.48628391604880594,1.979857758613303,1.891209885902606,0,0,0,1
2024-02-02 04:00:00,4,4,0,Database,150000,3.8255692251627096,2.932273311846816,3.305719384182308,4.515820520382616,0,1,0,0
2024-02-02 04:00:00,4,4,0,Media,200000,0.0,3.738524844071749,3.8117120779647746,5.500693291289549,0,0,1,0
2024-02-02 04:00:00,4,4,0,Compute,250000,0.0,2.019229100687069,1.0597459728575656,0.0,1,0,0,0
2024-02-02 05:00:00,5,4,0,Web,100000,1.891209885902606,2.8361748403611435,3.154803220769472,4.2411008102149435,0,0,0,1
2024-02-02 05:00:00,5,4,0,Database,150000,4.515820520382616,2.3764708200134264,0.675391257854387,0.0,0,1,0,0
2024-02-02 05:00:00,5,4,0,Media,200000,5.500693291289549,5.5026719803226,4.6937856460902,7.2648404275404,0,0,1,0
2024-02-02 05:00:00,5,4,0,Compute,250000,0.0,3.425357015861385,0.35668201527040755,0.0,1,0,0,0
2024-02-02 06:00:00,6,4,0,Web,100000,4.2411008102149435,4.009480371977393,3.7414559865775963,5.414406341831192,0,0,0,1
2024-02-02 06:00:00,6,4,0,Database,150000,0.0,1.9935022600583718,0.8668755378319144,0.0,0,1,0,0
2024-02-02 06:00:00,6,4,0,Media,200000,7.2648404275404,6.063783303986001,4.9743413079219,7.8259517512038,0,0,1,0
2024-02-02 06:00:00,6,4,0,Compute,250000,0.0,1.7980061261596532,2.9443196466787267,3.738795812059453,1,0,0,0
2024-02-02 07:00:00,7,4,0,Web,100000,5.414406341831192,3.072093527826866,0.22471297627766695,0.0,0,0,0,1
2024-02-02 07:00:00,7,4,0,Database,150000,0.0,1.5907593782297205,1.06824697874624,0.040875709510479696,0,1,0,0
2024-02-02 07:00:00,7,4,0,Media,200000,7.8259517512038,2.367587555273425,3.1262434335656124,4.129756002491225,0,0,1,0
2024-02-02 07:00:00,7,4,0,Compute,250000,3.738795812059453,3.1819771924488838,3.636305179823342,5.122766878348684,1,0,0,0
2024-02-02 08:00:00,8,4,0,Web,100000,0.0,0.2361907147755878,1.642664382803306,1.2168231342826124,0,0,0,1
2024-02-02 08:00:00,8,4,0,Database,150000,0.040875709510479696,0.1580187824925992,1.9185921195051998,1.7415659910283994,0,1,0,0
2024-02-02 08:00:00,8,4,0,Media,200000,4.129756002491225,2.299103037534396,3.0920011746960983,4.061271484752196,0,0,1,0
2024-02-02 08:00:00,8,4,0,Compute,250000,5.122766878348684,0.4194392206346599,2.2550361939162302,2.36022890653446,1,0,0,0
2024-02-02 09:00:00,9,4,0,Web,100000,1.2168231342826124,3.904558517617327,0.0,0.0,0,0,0,1
2024-02-02 09:00:00,9,4,0,Database,150000,1.7415659910283994,2.462966013522742,0.6321436610997293,0.0,0,1,0,0
2024-02-02 09:00:00,9,4,0,Media,200000,4.061271484752196,0.7294037690571952,2.3071515404574976,2.4915722162749954,0,0,1,0
2024-02-02 09:00:00,9,4,0,Compute,250000,2.36022890653446,3.6704911890952805,3.8805621781465405,5.611280874995081,1,0,0,0
2024-02-02 10:00:00,10,4,0,Web,100000,0.0,4.871991212088344,4.172711406633072,6.276917181942144,0,0,0,1
2024-02-02 10:00:00,10,4,0,Database,150000,0.0,2.3626322019165507,3.0208988292171757,3.946179410452351,0,1,0,0
2024-02-02 10:00:00,10,4,0,Media,200000,2.4915722162749954,0.8859162227112912,2.385407767284546,2.6480846699290916,0,0,1,0
2024-02-02 10:00:00,10,4,0,Compute,250000,5.611280874995081,2.270485597549631,3.1805593823737155,4.211275283449432,1,0,0,0
2024-02-02 11:00:00,11,4,0,Web,100000,6.276917181942144,2.024296490222767,0.7486114950797165,0.0,0,0,0,1
2024-02-02 11:00:00,11,4,0,Database,150000,3.946179410452351,0.4837368203768425,1.621758257672679,1.1478982673633575,0,1,0,0
2024-02-02 11:00:00,11,4,0,Media,200000,2.6480846699290916,2.49643610362063,0.7182755437207851,0.0,0,0,1,0
2024-02-02 11:00:00,11,4,0,Compute,250000,4.211275283449432,3.7702717717253345,0.18422463733843286,0.0,1,0,0,0
2024-02-02 12:00:00,12,4,0,Web,100000,0.0,1.0246909745108148,2.2490612878443073,2.429616944364615,0,0,0,1
2024-02-02 12:00:00,12,4,0,Database,150000,1.1478982673633575,0.5805838593564308,2.1298746579371155,2.1641310678922308,0,1,0,0
2024-02-02 12:00:00,12,4,0,Media,200000,0.0,2.0870013931292384,2.9859503524935196,3.849169840347039,0,0,1,0
2024-02-02 12:00:00,12,4,0,Compute,250000,0.0,1.6623794322795418,2.8765062997386712,3.603169118179342,1,0,0,0
2024-02-02 13:00:00,13,4,0,Web,100000,2.429616944364615,0.751976753573786,2.112704177375793,2.1569027234275864,0,0,0,1
2024-02-02 13:00:00,13,4,0,Database,150000,2.1641310678922308,1.6938939366348629,2.686529696576332,3.2774411451706627,0,1,0,0
2024-02-02 13:00:00,13,4,0,Media,200000,3.849169840347039,0.1520932282846299,1.8904469813887852,1.6581630981375703,0,0,1,0
2024-02-02 13:00:00,13,4,0,Compute,250000,3.603169118179342,1.2627181252694017,2.676675646233601,3.203507811169202,1,0,0,0
2024-02-02 14:00:00,14,4,0,Web,100000,2.1569027234275864,2.2024771476612788,0.6595211663604605,0.0,0,0,0,1
2024-02-02 14:00:00,14,4,0,Database,150000,3.2774411451706627,1.1331617165195904,2.406163586518695,2.71670892505539,0,1,0,0
2024-02-02 14:00:00,14,4,0,Media,200000,1.6581630981375703,2.029296995460228,2.957098153659014,3.791465442678028,0,0,1,0
2024-02-02 14:00:00,14,4,0,Compute,250000,3.203507811169202,2.033088223818809,1.0528164112916956,0.0,1,0,0,0
2024-02-02 15:00:00,15,4,0,Web,100000,0.0,0.17954023658074017,1.8264859188792701,1.5844662064345405,0,0,0,1
2024-02-02 15:00:00,15,4,0,Database,150000,2.71670892505539,1.8948514684902789,0.9162009336159609,0.0,0,1,0,0
2024-02-02 15:00:00,15,4,0,Media,200000,3.791465442678028,1.6035640291505449,1.1647115809558277,0.2066922972716554,0,0,1,0
2024-02-02 15:00:00,15,4,0,Compute,250000,0.0,3.3988320049086638,0.3699445207467682,0.0,1,0,0,0
2024-02-02 16:00:00,16,4,0,Web,100000,1.5844662064345405,3.8213687151018667,3.6474001581398334,5.226294684955667,0,0,0,1
2024-02-02 16:00:00,16,4,0,Database,150000,0.0,3.2210994637623434,3.450132460140072,4.804646672298143,0,1,0,0
2024-02-02 16:00:00,16,4,0,Media,200000,0.2066922972716554,1.6363455022842115,2.760622407071006,3.3985139495020116,0,0,1,0
2024-02-02 16:00:00,16,4,0,Compute,250000,0.0,5.940631795433642,5.015632481315722,7.881421481333442,1,0,0,0
2024-02-02 17:00:00,17,4,0,Web,100000,5.226294684955667,0.591781029307375,1.4648692255374125,0.8612328197508252,0,0,0,1
2024-02-02 17:00:00,17,4,0,Database,150000,4.804646672298143,9.119331184934103,6.399248320725952,10.702878393469904,0,1,0,0
2024-02-02 17:00:00,17,4,0,Media,200000,3.3985139495020116,0.7066321856918611,1.6131775026851696,1.1036241407303389,0,0,1,0
2024-02-02 17:00:00,17,4,0,Compute,250000,7.881421481333442,0.7896239948702493,2.440128581034025,2.7304136807700496,1,0,0,0
2024-02-02 18:00:00,18,4,0,Web,100000,0.8612328197508252,1.2173776814228245,1.1520708994796878,0.23563616763537576,0,0,0,1
2024-02-02 18:00:00,18,4,0,Database,150000,10.702878393469904,1.141020619783115,2.4100930381504577,2.724567828318915,0,1,0,0
2024-02-02 18:00:00,18,4,0,Media,200000,1.1036241407303389,2.5308887232609334,3.207894017559367,4.2930571704787335,0,0,1,0
2024-02-02 18:00:00,18,4,0,Compute,250000,2.7304136807700496,0.3657931187614518,1.8864639638203742,1.6230844463427485,1,0,0,0
2024-02-02 19:00:00,19,4,0,Web,100000,0.23563616763537576,5.3542034809550625,4.413817541066431,6.759129450808862,0,0,0,1
2024-02-02 19:00:00,19,4,0,Database,150000,2.724567828318915,0.7414917935025821,2.2103286250101912,2.325039002038382,0,1,0,0
2024-02-02 19:00:00,19,4,0,Media,200000,4.2930571704787335,0.8355000979327973,2.3601997048952987,2.5976685451505976,0,0,1,0
2024-02-02 19:00:00,19,4,0,Compute,250000,1.6230844463427485,2.7510370231433523,0.6938420116294239,0.0,1,0,0,0
2024-02-02 20:00:00,20,4,0,Web,100000,6.759129450808862,1.2795411632533535,2.376486382215577,2.6844671331071535,0,0,0,1
2024-02-02 20:00:00,20,4,0,Database,150000,2.325039002038382,0.4261256020302968,1.650563866845952,1.2055094857099031,0,1,0,0
2024-02-02 20:00:00,20,4,0,Media,200000,2.5976685451505976,1.8487631276140608,1.0421120317240697,0.0,0,0,1,0
2024-02-02 20:00:00,20,4,0,Compute,250000,0.0,2.3534671640472915,0.8926269411774543,0.0,1,0,0,0
2024-02-02 21:00:00,21,4,0,Web,100000,2.6844671331071535,8.039334078872255,5.756382840025028,9.444260048726056,0,0,0,1
2024-02-02 21:00:00,21,4,0,Database,150000,1.2055094857099031,0.8144756901393061,1.4563888227914472,0.817159397600894,0,1,0,0
2024-02-02 21:00:00,21,4,0,Media,200000,0.0,4.3950002019460035,0.0,0.0,0,0,1,0
2024-02-02 21:00:00,21,4,0,Compute,250000,0.0,2.1187083187999174,1.0100063638011414,0.0,1,0,0,0
2024-02-02 22:00:00,22,4,0,Web,100000,9.444260048726056,0.17874745803084077,1.6713860111756795,1.2742663910273595,0,0,0,1
2024-02-02 22:00:00,22,4,0,Database,150000,0.817159397600894,1.664045037451655,2.671605246984728,3.2475922459874553,0,1,0,0
2024-02-02 22:00:00,22,4,0,Media,200000,0.0,1.6884335047781405,2.7866664083179704,3.4506019519959406,0,0,1,0
2024-02-02 22:00:00,22,4,0,Compute,250000,0.0,2.053887594931776,3.072260381064788,3.994677280831576,1,0,0,0
2024-02-02 23:00:00,23,4,0,Web,100000,1.2742663910273595,1.9586248595141889,0.7814473104340056,0.0,0,0,0,1
2024-02-02 23:00:00,23,4,0,Database,150000,3.2475922459874553,1.0453652701068366,2.3622653633123187,2.6289124786426363,0,1,0,0
2024-02-02 23:00:00,23,4,0,Media,200000,3.4506019519959406,2.652222331933935,0.6403824295641325,0.0,0,0,1,0
2024-02-02 23:00:00,23,4,0,Compute,250000,3.994677280831576,1.882972888644235,1.1278740788789827,0.10590467645996537,1,0,0,0
2024-02-03 00:00:00,0,5,1,Web,100000,0.0,2.7771708631029783,0.37217430863961076,0.0,0,0,0,1
2024-02-03 00:00:00,0,5,1,Database,150000,2.6289124786426363,3.5892105033970085,0.06902141616259594,0.0,0,1,0,0
2024-02-03 00:00:00,0,5,1,Media,200000,0.0,3.216672406176226,3.5507858590170134,4.9788408533940265,0,0,1,0
2024-02-03 00:00:00,0,5,1,Compute,250000,0.10590467645996537,2.089879042538863,3.090256104868332,4.0306687284386635,1,0,0,0
2024-02-03 01:00:00,1,5,1,Web,100000,0.0,2.9540400495365895,3.213735825357195,4.35896601939039,0,0,0,1
2024-02-03 01:00:00,1,5,1,Database,150000,0.0,0.1419831376750889,1.9105742970964448,1.725530346210889,0,1,0,0
2024-02-03 01:00:00,1,5,1,Media,200000,4.9788408533940265,2.3544670361976396,3.11968317402772,4.11663548341544,0,0,1,0
2024-02-03 01:00:00,1,5,1,Compute,250000,4.0306687284386635,5.307912153529835,0.0,0.0,1,0,0,0
2024-02-03 02:00:00,2,5,1,Web,100000,4.35896601939039,2.613306493738265,3.0433690474580324,4.018232463592065,0,0,0,1
2024-02-03 02:00:00,2,5,1,Database,150000,1.725530346210889,0.5554034296172906,2.1172844430675455,2.1389506381530907,0,1,0,0
2024-02-03 02:00:00,2,5,1,Media,200000,4.11663548341544,1.905372740049697,2.8951360259537484,3.667541187267497,0,0,1,0
2024-02-03 02:00:00,2,5,1,Compute,250000,0.0,1.1641138367480395,2.6273735019729196,3.10490352264784,1,0,0,0
2024-02-03 03:00:00,3,5,1,Web,100000,4.018232463592065,2.9852094032128598,0.26815503858467005,0.0,0,0,0,1
2024-02-03 03:00:00,3,5,1,Database,150000,2.1389506381530907,4.51816326577534,0.0,0.0,0,1,0,0
2024-02-03 03:00:00,3,5,1,Media,200000,3.667541187267497,2.1602064381510897,0.8863903764555552,0.0,0,0,1,0
2024-02-03 03:00:00,3,5,1,Compute,250000,3.10490352264784,1.7187957834209366,2.9047144753093685,3.659585469320737,1,0,0,0
2024-02-03 04:00:00,4,5,1,Web,100000,0.0,2.0943181851283863,2.783874893153093,3.4992441549821867,0,0,0,1
2024-02-03 04:00:00,4,5,1,Database,150000,0.0,4.127870771747789,0.0,0.0,0,1,0,0
2024-02-03 04:00:00,4,5,1,Media,200000,0.0,2.9673420420068437,0.4828225745276782,0.0,0,0,1,0
2024-02-03 04:00:00,4,5,1,Compute,250000,3.659585469320737,2.193750997424718,0.9724850244887411,0.0,1,0,0,0
2024-02-03 05:00:00,5,5,1,Web,100000,3.4992441549821867,1.095959120402647,1.2127801799897764,0.3570547286555532,0,0,0,1
2024-02-03 05:00:00,5,5,1,Database,150000,0.0,4.110196432160157,0.0,0.0,0,1,0,0
2024-02-03 05:00:00,5,5,1,Media,200000,0.0,4.290199238022598,0.0,0.0,0,0,1,0
2024-02-03 05:00:00,5,5,1,Compute,250000,0.0,2.489549828824862,0.8245856087886692,0.0,1,0,0,0
2024-02-03 06:00:00,6,5,1,Web,100000,0.3570547286555532,0.282805448277217,1.8781185247275085,1.6877314181310172,0,0,0,1
2024-02-03 06:00:00,6,5,1,Database,150000,0.0,3.565826958862672,0.08071318842976427,0.0,0,1,0,0
2024-02-03 06:00:00,6,5,1,Media,200000,0.0,0.3714544695174983,1.780766360772351,1.4388018569047019,0,0,1,0
2024-02-03 06:00:00,6,5,1,Compute,250000,0.0,3.1997023880276463,3.6451677776127234,5.1404920739274464,1,0,0,0
2024-02-03 07:00:00,7,5,1,Web,100000,1.6877314181310172,3.92938315184273,0.0,0.0,0,0,0,1
2024-02-03 07:00:00,7,5,1,Database,150000,0.0,0.6433812148338184,1.5419360604441912,0.9882538729063817,0,1,0,0
2024-02-03 07:00:00,7,5,1,Media,200000,1.4388018569047019,3.0983141408545176,3.491606726356159,4.860482588072318,0,0,1,0
2024-02-03 07:00:00,7,5,1,Compute,250000,5.1404920739274464,1.278849110693628,1.4299359678542862,0.7100284544105724,1,0,0,0
2024-02-03 08:00:00,8,5,1,Web,100000,0.0,1.7450530121774568,0.8882332341023716,0.0,0,0,0,1
2024-02-03 08:00:00,8,5,1,Database,150000,0.9882538729063817,3.514531382521621,3.596848419519711,5.098078591057421,0,1,0,0
2024-02-03 08:00:00,8,5,1,Media,200000,4.860482588072318,0.9426501765168435,1.4951685072726784,0.8676061499053567,0,0,1,0
2024-02-03 08:00:00,8,5,1,Compute,250000,0.7100284544105724,3.3375290152189034,3.714081091208352,5.278318701118704,1,0,0,0
2024-02-03 09:00:00,9,5,1,Web,100000,0.0,1.3109401129837963,2.392185857080798,2.7158660828375965,0,0,0,1
2024-02-03 09:00:00,9,5,1,Database,150000,5.098078591057421,1.0525778983317102,1.3373377186952453,0.5790571894084899,0,1,0,0
2024-02-03 09:00:00,9,5,1,Media,200000,0.8676061499053567,1.4631155313947912,2.6740074216262957,3.225283978612591,0,0,1,0
2024-02-03 09:00:00,9,5,1,Compute,250000,5.278318701118704,0.9853924811403134,2.5380128241690567,2.9261821670401136,1,0,0,0
2024-02-03 10:00:00,10,5,1,Web,100000,2.7158660828375965,3.086692402609622,3.280062001893711,4.491618372463423,0,0,0,1
2024-02-03 10:00:00,10,5,1,Database,150000,0.5790571894084899,1.6690805531972555,1.0290863912624726,0.0,0,1,0,0
2024-02-03 10:00:00,10,5,1,Media,200000,3.225283978612591,0.14766213994705907,2.01628072590243,1.9098305871648593,0,0,1,0
2024-02-03 10:00:00,10,5,1,Compute,250000,2.9261821670401136,0.2085909784161122,1.965065033993044,1.7802865866880881,1,0,0,0
2024-02-03 11:00:00,11,5,1,Web,100000,4.491618372463423,2.136488364521554,2.8049599828496774,3.5414143343753546,0,0,0,1
2024-02-03 11:00:00,11,5,1,Database,150000,0.0,3.0995815229347268,0.3138359063937368,0.0,0,1,0,0
2024-02-03 11:00:00,11,5,1,Media,200000,1.9098305871648593,3.0749750843157675,3.479937198086784,4.837143531533568,0,0,1,0
2024-02-03 11:00:00,11,5,1,Compute,250000,1.7802865866880881,1.4230302561134498,2.756831711655625,3.36381994201325,1,0,0,0
2024-02-03 12:00:00,12,5,1,Web,100000,3.5414143343753546,3.974819160501039,0.0,0.0,0,0,0,1
2024-02-03 12:00:00,12,5,1,Database,150000,0.0,3.648832416043701,3.663998936280751,5.232379624579501,0,1,0,0
2024-02-03 12:00:00,12,5,1,Media,200000,4.837143531533568,6.726323181995395,5.305611246926597,8.488491629213195,0,0,1,0
2024-02-03 12:00:00,12,5,1,Compute,250000,3.36381994201325,3.0295458482504234,3.560089507724112,4.970335534150224,1,0,0,0
2024-02-03 13:00:00,13,5,1,Web,100000,0.0,4.304998241281608,3.889214921229704,5.709924211135409,0,0,0,1
2024-02-03 13:00:00,13,5,1,Database,150000,5.232379624579501,0.28015808440996426,1.9796617704638824,1.8637052929457645,0,1,0,0
2024-02-03 13:00:00,13,5,1,Media,200000,8.488491629213195,5.008558698817731,0.0,0.0,0,0,1,0
2024-02-03 13:00:00,13,5,1,Compute,250000,4.970335534150224,5.556405293104775,0.0,0.0,1,0,0,0
2024-02-03 14:00:00,14,5,1,Web,100000,5.709924211135409,0.7892900712054753,2.1313608361916376,2.1942160410592755,0,0,0,1
2024-02-03 14:00:00,14,5,1,Database,150000,1.8637052929457645,1.7999803627921402,0.9636364864650302,0.0,0,1,0,0
2024-02-03 14:00:00,14,5,1,Media,200000,0.0,2.767772774584254,0.582607208238973,0.0,0,0,1,0
2024-02-03 14:00:00,14,5,1,Compute,250000,0.0,0.21228399150822605,1.963218527446987,1.7765935735959741,1,0,0,0
2024-02-03 15:00:00,15,5,1,Web,100000,2.1942160410592755,1.8707998031860646,2.6721157021819324,3.2757257730398646,0,0,0,1
2024-02-03 15:00:00,15,5,1,Database,150000,0.0,4.382316579888642,0.0,0.0,0,1,0,0
2024-02-03 15:00:00,15,5,1,Media,200000,0.0,1.3706768004433545,1.281155195309423,0.43957952597884575,0,0,1,0
2024-02-03 15:00:00,15,5,1,Compute,250000,1.7765935735959741,4.553655988963146,4.322144578080473,6.494445674862946,1,0,0,0
2024-02-03 16:00:00,16,5,1,Web,100000,3.2757257730398646,3.2499090802663235,0.13580520005793817,0.0,0,0,0,1
2024-02-03 16:00:00,16,5,1,Database,150000,0.0,2.6333275010970687,3.156246478807435,4.216874709632869,0,1,0,0
2024-02-03 16:00:00,16,5,1,Media,200000,0.43957952597884575,1.4782362242491818,1.2273754834065094,0.33202010217301847,0,0,1,0
2024-02-03 16:00:00,16,5,1,Compute,250000,6.494445674862946,1.6614252191520582,2.8760291931749293,3.6022149050518584,1,0,0,0
2024-02-03 17:00:00,17,5,1,Web,100000,0.0,3.3160264612108015,3.394729031194301,4.720952431064601,0,0,0,1
2024-02-03 17:00:00,17,5,1,Database,150000,4.216874709632869,2.2478892405572646,2.9635273485375326,3.831436449093065,0,1,0,0
2024-02-03 17:00:00,17,5,1,Media,200000,0.33202010217301847,2.7515227462438294,3.318211029050815,4.5136911934616295,0,0,1,0
2024-02-03 17:00:00,17,5,1,Compute,250000,3.6022149050518584,3.478824539826068,0.329948253288066,0.0,1,0,0,0
2024-02-03 18:00:00,18,5,1,Web,100000,4.720952431064601,3.3650230598260964,3.4192273305019483,4.769949029679896,0,0,0,1
2024-02-03 18:00:00,18,5,1,Database,150000,3.831436449093065,2.5821232835066597,0.5725650261077704,0.0,0,1,0,0
2024-02-03 18:00:00,18,5,1,Media,200000,4.5136911934616295,0.8026692363168152,2.343784274087308,2.5648376835346154,0,0,1,0
2024-02-03 18:00:00,18,5,1,Compute,250000,0.0,0.7987825005938807,2.4447078338958406,2.739572186493681,1,0,0,0
2024-02-03 19:00:00,19,5,1,Web,100000,4.769949029679896,1.479411616210943,2.4764216086943716,2.884337586064743,0,0,0,1
2024-02-03 19:00:00,19,5,1,Database,150000,0.0,1.0349139677827717,2.357039712150286,2.6184611763185717,0,1,0,0
2024-02-03 19:00:00,19,5,1,Media,200000,2.5648376835346154,2.5554738751763693,0.6887566579429154,0.0,0,0,1,0
2024-02-03 19:00:00,19,5,1,Compute,250000,2.739572186493681,4.073646176489349,0.032537434956426026,0.0,1,0,0,0
2024-02-03 20:00:00,20,5,1,Web,100000,2.884337586064743,2.641089979487506,3.057260790332653,4.046015949341307,0,0,0,1
2024-02-03 20:00:00,20,5,1,Database,150000,2.6184611763185717,0.5815476721589466,2.1303565643383737,2.1650948806947468,0,1,0,0
2024-02-03 20:00:00,20,5,1,Media,200000,0.0,3.472174462475653,3.678536887166727,5.234342909693454,0,0,1,0
2024-02-03 20:00:00,20,5,1,Compute,250000,0.0,0.15824274216580395,1.9902391521181981,1.8306348229383964,1,0,0,0
2024-02-03 21:00:00,21,5,1,Web,100000,4.046015949341307,4.239537021633081,0.0,0.0,0,0,0,1
2024-02-03 21:00:00,21,5,1,Database,150000,2.1650948806947468,2.9224329826145183,3.3007992195661595,4.505980191150319,0,1,0,0
2024-02-03 21:00:00,21,5,1,Media,200000,5.234342909693454,1.1351557685855211,1.3989157112383395,0.6751005578366791,0,0,1,0
2024-02-03 21:00:00,21,5,1,Compute,250000,1.8306348229383964,1.0500543118652637,2.570343739531532,2.990843997765064,1,0,0,0
2024-02-03 22:00:00,22,5,1,Web,100000,0.0,1.9664222250407577,0.7775486276707212,0.0,0,0,0,1
2024-02-03 22:00:00,22,5,1,Database,150000,4.505980191150319,4.9569490703032715,4.318057263410536,6.540496278839071,0,1,0,0
2024-02-03 22:00:00,22,5,1,Media,200000,0.6751005578366791,2.6537384121517906,0.6396243894552047,0.0,0,0,1,0
2024-02-03 22:00:00,22,5,1,Compute,250000,2.990843997765064,1.036333201920724,1.551193922240738,0.9525443631834762,1,0,0,0
2024-02-03 23:00:00,23,5,1,Web,100000,0.0,0.34639004769414916,1.9099108244359746,1.7513160175479494,0,0,0,1
2024-02-03 23:00:00,23,5,1,Database,150000,6.540496278839071,3.3005909208630744,0.21333120742956302,0.0,0,1,0,0
2024-02-03 23:00:00,23,5,1,Media,200000,0.0,1.0156025253649854,2.4502509186113928,2.7777709725827857,0,0,1,0
2024-02-03 23:00:00,23,5,1,Compute,250000,0.9525443631834762,4.859775372004671,4.475204269601235,6.80056505790447,1,0,0,0
2024-02-04 00:00:00,0,6,1,Web,100000,1.7513160175479494,1.4954304216833314,1.0130445293494343,0.0,0,0,0,1
2024-02-04 00:00:00,0,6,1,Database,150000,0.0,1.2094723966973766,2.4443189266075884,2.7930196052331766,0,1,0,0
2024-02-04 00:00:00,0,6,1,Media,200000,2.7777709725827857,8.272350097717865,0.0,0.0,0,0,1,0
2024-02-04 00:00:00,0,6,1,Compute,250000,6.80056505790447,0.14083154105672196,1.998944752672739,1.8480460240474783,1,0,0,0
2024-02-04 01:00:00,1,6,1,Web,100000,0.0,0.963170797380816,1.279174341500692,0.4898430516773842,0,0,0,1
2024-02-04 01:00:00,1,6,1,Database,150000,2.7930196052331766,2.4795367468333547,0.6238582944444229,0.0,0,1,0,0
2024-02-04 01:00:00,1,6,1,Media,200000,0.0,3.2683953484877963,3.5766473301727983,5.030563795705596,0,0,1,0
2024-02-04 01:00:00,1,6,1,Compute,250000,1.8480460240474783,1.0027749844736846,1.5679730309642579,0.9861025806305157,1,0,0,0
2024-02-04 02:00:00,2,6,1,Web,100000,0.4898430516773842,0.5564764008829624,1.4825215397496188,0.8965374481752378,0,0,0,1
2024-02-04 02:00:00,2,6,1,Database,150000,0.0,1.1556225639694135,1.2858153858763934,0.4760125237707866,0,1,0,0
2024-02-04 02:00:00,2,6,1,Media,200000,5.030563795705596,5.77449155489743,0.0,0.0,0,0,1,0
2024-02-04 02:00:00,2,6,1,Compute,250000,0.9861025806305157,3.420003259833083,0.3593588932845586,0.0,1,0,0,0
2024-02-04 03:00:00,3,6,1,Web,100000,0.8965374481752378,2.907324397962849,3.1903779995703245,4.312250367816649,0,0,0,1
2024-02-04 03:00:00,3,6,1,Database,150000,0.4760125237707866,6.353895880242116,0.0,0.0,0,1,0,0
2024-02-04 03:00:00,3,6,1,Media,200000,0.0,2.3229899884493164,0.8049986013064419,0.0,0,0,1,0
2024-02-04 03:00:00,3,6,1,Compute,250000,0.0,1.2232041084714915,1.4577584689653544,0.7656734566327088,1,0,0,0
2024-02-04 04:00:00,4,6,1,Web,100000,4.312250367816649,5.254909541476896,4.364170571327348,6.659835511330696,0,0,0,1
2024-02-04 04:00:00,4,6,1,Database,150000,0.0,2.3298552360913067,3.0045103463045537,3.913402444627107,0,1,0,0
2024-02-04 04:00:00,4,6,1,Media,200000,0.0,1.6955555207614987,1.1187158351503508,0.11470080566070151,0,0,1,0
2024-02-04 04:00:00,4,6,1,Compute,250000,0.7656734566327088,3.937585030948853,4.014109099073327,5.878374716848653,1,0,0,0
2024-02-04 05:00:00,5,6,1,Web,100000,6.659835511330696,2.2455914011055587,0.6379640396383206,0.0,0,0,0,1
2024-02-04 05:00:00,5,6,1,Database,150000,3.913402444627107,3.0513433508042165,3.365254403661009,4.6348905593400165,0,1,0,0
2024-02-04 05:00:00,5,6,1,Media,200000,0.11470080566070151,4.100675677371247,0.0,0.0,0,0,1,0
2024-02-04 05:00:00,5,6,1,Compute,250000,5.878374716848653,3.2438174349696713,3.667225301083736,5.1846071208694715,1,0,0,0
2024-02-04 06:00:00,6,6,1,Web,100000,0.0,1.242444876015157,1.1395373021835216,0.21056897304304334,0,0,0,1
2024-02-04 06:00:00,6,6,1,Database,150000,4.6348905593400165,3.109556662426009,0.30884833664809563,0.0,0,1,0,0
2024-02-04 06:00:00,6,6,1,Media,200000,0.0,0.6754747788311422,1.628756206115529,1.134781547591058,0,0,1,0
2024-02-04 06:00:00,6,6,1,Compute,250000,5.1846071208694715,0.8560764787628445,2.4733548229803226,2.796866164662645,1,0,0,0
2024-02-04 07:00:00,7,6,1,Web,100000,0.21056897304304334,1.5082892311793366,1.0066151246014319,0.0,0,0,0,1
2024-02-04 07:00:00,7,6,1,Database,150000,0.0,1.6859044575881714,2.6825349570529857,3.269451666123971,0,1,0,0
2024-02-04 07:00:00,7,6,1,Media,200000,1.134781547591058,1.7730255905944026,1.0799808002338989,0.03723073582779768,0,0,1,0
2024-02-04 07:00:00,7,6,1,Compute,250000,2.796866164662645,1.8851611213962738,2.987897144297037,3.825950807296074,1,0,0,0
2024-02-04 08:00:00,8,6,1,Web,100000,0.0,1.3507101257119987,2.4120708634448995,2.755636095565799,0,0,0,1
2024-02-04 08:00:00,8,6,1,Database,150000,3.269451666123971,0.2068131037260051,1.7602201159980977,1.424821984014195,0,1,0,0
2024-02-04 08:00:00,8,6,1,Media,200000,0.03723073582779768,1.3481908767000494,1.2923981571810754,0.4620654497221508,0,0,1,0
2024-02-04 08:00:00,8,6,1,Compute,250000,3.825950807296074,0.4786663268979985,2.2846497470478995,2.4194560127977986,1,0,0,0
2024-02-04 09:00:00,9,6,1,Web,100000,2.755636095565799,1.6748051687032979,2.574118384940549,3.079731138557098,0,0,0,1
2024-02-04 09:00:00,9,6,1,Database,150000,1.424821984014195,6.2094413977970255,4.944303427157413,7.792988606332825,0,1,0,0
2024-02-04 09:00:00,9,6,1,Media,200000,0.4620654497221508,2.8423052049967428,3.363602258427272,4.604473652214543,0,0,1,0
2024-02-04 09:00:00,9,6,1,Compute,250000,2.4194560127977986,2.952013789049724,3.521323478123762,4.892803474949524,1,0,0,0
2024-02-04 10:00:00,10,6,1,Web,100000,3.079731138557098,9.28958052418305,6.381506062680425,10.694506494036851,0,0,0,1
2024-02-04 10:00:00,10,6,1,Database,150000,7.792988606332825,1.5719193699057323,2.6255424132117664,3.1554665784415326,0,1,0,0
2024-02-04 10:00:00,10,6,1,Media,200000,4.604473652214543,1.477974473537307,2.681436892697554,3.2401429207551073,0,0,1,0
2024-02-04 10:00:00,10,6,1,Compute,250000,4.892803474949524,2.136089162567162,3.1133611648824813,4.076878848466962,1,0,0,0
2024-02-04 11:00:00,11,6,1,Web,100000,10.694506494036851,3.0509418723669595,0.2352888040076202,0.0,0,0,0,1
2024-02-04 11:00:00,11,6,1,Database,150000,3.1554665784415326,1.3557488488584686,1.1857522434318661,0.2758862388817316,0,1,0,0
2024-02-04 11:00:00,11,6,1,Media,200000,3.2401429207551073,1.5425517396792021,1.195217725691499,0.26770458674299813,0,0,1,0
2024-02-04 11:00:00,11,6,1,Compute,250000,4.076878848466962,1.9668858712608852,3.0287595192293426,3.9076755571606854,1,0,0,0
2024-02-04 12:00:00,12,6,1,Web,100000,0.0,0.546567626265796,1.487475927058202,0.9064462227924042,0,0,0,1
2024-02-04 12:00:00,12,6,1,Database,150000,0.2758862388817316,0.4387142160251084,2.0589398362714544,2.0222614245609085,0,1,0,0
2024-02-04 12:00:00,12,6,1,Media,200000,0.26770458674299813,3.2864078000475936,3.585653555952697,5.048576247265394,0,0,1,0
2024-02-04 12:00:00,12,6,1,Compute,250000,3.9076755571606854,2.6134961557146164,3.3520646614562084,4.5542858416144165,1,0,0,0
2024-02-04 13:00:00,13,6,1,Web,100000,0.9064462227924042,0.5092069487259411,1.5061562658281296,0.9438069003322591,0,0,0,1
2024-02-04 13:00:00,13,6,1,Database,150000,2.0222614245609085,2.034029230236867,0.8466120527426666,0.0,0,1,0,0
2024-02-04 13:00:00,13,6,1,Media,200000,5.048576247265394,3.4298681345617656,3.657383723209783,5.192036581779566,0,0,1,0
2024-02-04 13:00:00,13,6,1,Compute,250000,4.5542858416144165,2.345717482331797,3.2181753247647986,4.286507168231598,1,0,0,0
2024-02-04 14:00:00,14,6,1,Web,100000,0.9438069003322591,4.8428143944883475,0.0,0.0,0,0,0,1
2024-02-04 14:00:00,14,6,1,Database,150000,0.0,0.9635057563270424,1.381873789697579,0.6681293314131577,0,1,0,0
2024-02-04 14:00:00,14,6,1,Media,200000,5.192036581779566,0.5205903256524872,2.2027448187551437,2.282758772870287,0,0,1,0
2024-02-04 14:00:00,14,6,1,Compute,250000,4.286507168231598,2.3605330909652937,3.225583129081547,4.301322776865094,1,0,0,0
2024-02-04 15:00:00,15,6,1,Web,100000,0.0,2.7543484244215137,3.113890012799657,4.1592743942753145,0,0,0,1
2024-02-04 15:00:00,15,6,1,Database,150000,0.6681293314131577,0.8757619431286204,2.2774636998232105,2.4593091516644208,0,1,0,0
2024-02-04 15:00:00,15,6,1,Media,200000,2.282758772870287,1.7797865336787682,2.832342922768284,3.541954980896568,0,0,1,0
2024-02-04 15:00:00,15,6,1,Compute,250000,4.301322776865094,0.2164543467366609,2.1535437569672307,2.157244032636461,1,0,0,0
2024-02-04 16:00:00,16,6,1,Web,100000,4.1592743942753145,2.045599004143882,0.737960238119159,0.0,0,0,0,1
2024-02-04 16:00:00,16,6,1,Database,150000,2.4593091516644208,0.8078371127259619,1.4597081114981192,0.8237979750142381,0,1,0,0
2024-02-04 16:00:00,16,6,1,Media,200000,3.541954980896568,0.08101749952252482,1.9829584056901626,1.8431859467403249,0,0,1,0
2024-02-04 16:00:00,16,6,1,Compute,250000,2.157244032636461,0.12808168965796962,2.0053196783721154,1.8607958754462306,1,0,0,0
2024-02-04 17:00:00,17,6,1,Web,100000,0.0,5.680762652932612,0.0,0.0,0,0,0,1
2024-02-04 17:00:00,17,6,1,Database,150000,0.8237979750142381,1.2164939443904939,1.2553796956658534,0.4151411433497063,0,1,0,0
2024-02-04 17:00:00,17,6,1,Media,200000,1.8431859467403249,0.19266089886965557,2.038780105363728,1.9548293460874557,0,0,1,0
2024-02-04 17:00:00,17,6,1,Compute,250000,1.8607958754462306,0.868153915319303,1.6352835655414486,1.1207236497848974,1,0,0,0
2024-02-04 18:00:00,18,6,1,Web,100000,0.0,0.7645153261369572,1.3785020771226213,0.688498522921243,0,0,0,1
2024-02-04 18:00:00,18,6,1,Database,150000,0.4151411433497063,1.4880180520159623,2.583591754266881,3.071565260551762,0,1,0,0
2024-02-04 18:00:00,18,6,1,Media,200000,1.9548293460874557,3.2609155007481014,0.3360358451570493,0.0,0,0,1,0
2024-02-04 18:00:00,18,6,1,Compute,250000,1.1207236497848974,4.908170581455834,0.0,0.0,1,0,0,0
2024-02-04 19:00:00,19,6,1,Web,100000,0.688498522921243,1.0685533121122246,1.2264830841349879,0.3844605369459757,0,0,0,1
2024-02-04 19:00:00,19,6,1,Database,150000,3.071565260551762,2.316387156107569,2.9977763063126845,3.899934364643369,0,1,0,0
2024-02-04 19:00:00,19,6,1,Media,200000,0.0,5.086703058062116,4.485801184959958,6.848871505279916,0,0,1,0
2024-02-04 19:00:00,19,6,1,Compute,250000,0.0,2.37042865688642,3.23053091204211,4.31121834278622,1,0,0,0
2024-02-04 20:00:00,20,6,1,Web,100000,0.3844605369459757,4.428835219208742,0.0,0.0,0,0,0,1
2024-02-04 20:00:00,20,6,1,Database,150000,3.899934364643369,0.7211456577325135,1.5030538389948436,0.9104894300076866,0,1,0,0
2024-02-04 20:00:00,20,6,1,Media,200000,6.848871505279916,0.7939470828467882,2.339423197352294,2.5561155300645884,0,0,1,0
2024-02-04 20:00:00,20,6,1,Compute,250000,4.31121834278622,0.5568172903729766,2.3237252287853885,2.4976069762727766,1,0,0,0
2024-02-04 21:00:00,21,6,1,Web,100000,0.0,1.6419575984308221,2.557694599804311,3.0468835682846223,0,0,0,1
2024-02-04 21:00:00,21,6,1,Database,150000,0.9104894300076866,2.775190778984482,0.47603127836885917,0.0,0,1,0,0
2024-02-04 21:00:00,21,6,1,Media,200000,2.5561155300645884,0.21887320225442783,2.051886257056114,1.981041649472228,0,0,1,0
2024-02-04 21:00:00,21,6,1,Compute,250000,2.4976069762727766,1.285012428930587,2.6878227980641936,3.2258021148303873,1,0,0,0
2024-02-04 22:00:00,22,6,1,Web,100000,3.0468835682846223,2.501056799513178,2.987244200345489,3.9059827693669784,0,0,0,1
2024-02-04 22:00:00,22,6,1,Database,150000,0.0,2.441198439440576,0.6430274481408123,0.0,0,1,0,0
2024-02-04 22:00:00,22,6,1,Media,200000,1.981041649472228,1.0595145413308942,1.436736324865653,0.7507417850913061,0,0,1,0
2024-02-04 22:00:00,22,6,1,Compute,250000,3.2258021148303873,8.13549697982222,0.0,0.0,1,0,0,0
2024-02-04 23:00:00,23,6,1,Web,100000,3.9059827693669784,1.8884298423355226,0.8165448190233388,0.0,0,0,0,1
2024-02-04 23:00:00,23,6,1,Database,150000,0.0,1.5972886185153292,1.0649823586034357,0.034346469224870946,0,1,0,0
2024-02-04 23:00:00,23,6,1,Media,200000,0.7507417850913061,3.082797464104529,0.4250948634788356,0.0,0,0,1,0
2024-02-04 23:00:00,23,6,1,Compute,250000,0.0,0.5208803903001551,2.305756778748978,2.4616700761999555,1,0,0,0
2024-02-05 00:00:00,0,0,0,Web,100000,0.0,0.1918802357380047,1.6648196223220977,1.2611336133201956,0,0,0,1
2024-02-05 00:00:00,0,0,0,Database,150000,0.034346469224870946,6.8016855723350345,0.0,0.0,0,1,0,0
2024-02-05 00:00:00,0,0,0,Media,200000,0.0,0.6705678475074693,2.277733579682635,2.4327362947252693,0,0,1,0
2024-02-05 00:00:00,0,0,0,Compute,250000,2.4616700761999555,2.809016331969282,0.6648523572164591,0.0,1,0,0,0
2024-02-05 01:00:00,1,0,0,Web,100000,1.2611336133201956,1.4811108171737455,2.4772712091757727,2.8860367870275456,0,0,0,1
2024-02-05 01:00:00,1,0,0,Database,150000,0.0,3.869597682788196,0.0,0.0,0,1,0,0
2024-02-05 01:00:00,1,0,0,Media,200000,2.4327362947252693,0.11406355519502036,1.9994814335264104,1.8762320024128205,0,0,1,0
2024-02-05 01:00:00,1,0,0,Compute,250000,0.0,0.8735339262617178,1.6325935600702413,1.1153436388424824,1,0,0,0
2024-02-05 02:00:00,2,0,0,Web,100000,2.8860367870275456,0.933349594453191,2.2033905978154955,2.3382755643069912,0,0,0,1
2024-02-05 02:00:00,2,0,0,Database,150000,0.0,0.39813577255624055,2.0386506145370205,1.9816829810920407,0,1,0,0
2024-02-05 02:00:00,2,0,0,Media,200000,1.8762320024128205,0.7895364646665634,1.5717253631978183,1.0207198617556368,0,0,1,0
2024-02-05 02:00:00,2,0,0,Compute,250000,1.1153436388424824,4.632860881734934,0.0,0.0,1,0,0,0
2024-02-05 03:00:00,3,0,0,Web,100000,2.3382755643069912,4.455667829985295,0.0,0.0,0,0,0,1
2024-02-05 03:00:00,3,0,0,Database,150000,1.9816829810920407,1.775704756878857,0.9757742894216718,0.0,0,1,0,0
2024-02-05 03:00:00,3,0,0,Media,200000,1.0207198617556368,0.04888359139096091,1.9420517998356197,1.7613727350312391,0,0,1,0
2024-02-05 03:00:00,3,0,0,Compute,250000,0.0,1.8487877811995512,1.1449666326013246,0.1400897839046491,1,0,0,0
2024-02-05 04:00:00,4,0,0,Web,100000,0.0,1.8996797313405966,2.6865556662591983,3.304605701194397,0,0,0,1
2024-02-05 04:00:00,4,0,0,Database,150000,0.0,0.861706697237251,1.4327733192424748,0.769928390502949,0,1,0,0
2024-02-05 04:00:00,4,0,0,Media,200000,1.7613727350312391,2.9190821139407306,0.5069525385607347,0.0,0,0,1,0
2024-02-05 04:00:00,4,0,0,Compute,250000,0.1400897839046491,0.8583328185659279,1.6401941139181362,1.1305447465382723,1,0,0,0
2024-02-05 05:00:00,5,0,0,Web,100000,3.304605701194397,0.7016234485518571,2.0875275248648286,2.1065494184056575,0,0,0,1
2024-02-05 05:00:00,5,0,0,Database,150000,0.769928390502949,0.9986980960759532,2.338931776296877,2.582245304611753,0,1,0,0
2024-02-05 05:00:00,5,0,0,Media,200000,0.0,5.6591813355815885,4.772040323719694,7.421349782799388,0,0,1,0
2024-02-05 05:00:00,5,0,0,Compute,250000,1.1305447465382723,2.030771959612458,1.053974543394871,0.0,1,0,0,0
2024-02-05 06:00:00,6,0,0,Web,100000,2.1065494184056575,0.24447992437340113,1.6385197780043994,1.208533924684799,0,0,0,1
2024-02-05 06:00:00,6,0,0,Database,150000,2.582245304611753,1.3024157800604792,2.49079061828914,2.885962988596279,0,1,0,0
2024-02-05 06:00:00,6,0,0,Media,200000,7.421349782799388,0.09431281720464596,1.9193371869287772,1.7159435092175541,0,0,1,0
2024-02-05 06:00:00,6,0,0,Compute,250000,0.0,1.5258983775681596,1.3064113344170205,0.4629791875360407,1,0,0,0
2024-02-05 07:00:00,7,0,0,Web,100000,1.208533924684799,4.671815468634931,0.0,0.0,0,0,0,1
2024-02-05 07:00:00,7,0,0,Database,150000,2.885962988596279,1.5565476167612469,1.0853528594804769,0.0750874709789533,0,1,0,0
2024-02-05 07:00:00,7,0,0,Media,200000,1.7159435092175541,3.2451511777556026,0.34391800665329875,0.0,0,0,1,0
2024-02-05 07:00:00,7,0,0,Compute,250000,0.4629791875360407,5.203863982973536,0.0,0.0,1,0,0,0
2024-02-05 08:00:00,8,0,0,Web,100000,0.0,2.4110804646139594,0.5552195078841202,0.0,0,0,0,1
2024-02-05 08:00:00,8,0,0,Database,150000,0.0750874709789533,3.1653191019015634,0.2809671169103185,0.0,0,1,0,0
2024-02-05 08:00:00,8,0,0,Media,200000,0.0,1.7754035754810447,2.8301514436694224,3.5375720226988445,0,0,1,0
2024-02-05 08:00:00,8,0,0,Compute,250000,0.0,1.8273194518450813,2.9589763095214408,3.768109137744881,1,0,0,0
2024-02-05 09:00:00,9,0,0,Web,100000,0.0,2.7356818083448244,0.3929188360186877,0.0,0,0,0,1
2024-02-05 09:00:00,9,0,0,Database,150000,0.0,0.8047298312915633,1.4612617522153186,0.8269052564486368,0,1,0,0
2024-02-05 09:00:00,9,0,0,Media,200000,3.5375720226988445,5.598771925939807,0.0,0.0,0,0,1,0
2024-02-05 09:00:00,9,0,0,Compute,250000,3.768109137744881,1.5070637901502824,1.315828628125959,0.481813774953918,1,0,0,0
2024-02-05 10:00:00,10,0,0,Web,100000,0.0,1.220989641709237,2.3472106214435184,2.625915611563037,0,0,0,1
2024-02-05 10:00:00,10,0,0,Database,150000,0.8269052564486368,2.498857608444508,3.0890115324811545,4.082404816980309,0,1,0,0
2024-02-05 10:00:00,10,0,0,Media,200000,0.0,2.1631851846761414,0.8849010031930293,0.0,0,0,1,0
2024-02-05 10:00:00,10,0,0,Compute,250000,0.481813774953918,3.179608521184759,3.6351208441912797,5.120398207084559,1,0,0,0
2024-02-05 11:00:00,11,0,0,Web,100000,2.625915611563037,4.571119704142615,0.0,0.0,0,0,0,1
2024-02-05 11:00:00,11,0,0,Database,150000,4.082404816980309,3.7669273370335774,0.0,0.0,0,1,0,0
2024-02-05 11:00:00,11,0,0,Media,200000,0.0,2.1530295365158287,3.0189644241868145,3.915197983733629,0,0,1,0
2024-02-05 11:00:00,11,0,0,Compute,250000,5.120398207084559,5.037407625291942,4.564020396244871,6.9781973111917415,1,0,0,0
2024-02-05 12:00:00,12,0,0,Web,100000,0.0,1.5043399041532861,2.488885752665543,2.9092658740070862,0,0,0,1
2024-02-05 12:00:00,12,0,0,Database,150000,0.0,0.14507109920423727,1.7910911182589817,1.4865639885359627,0,1,0,0
2024-02-05 12:00:00,12,0,0,Media,200000,3.915197983733629,6.609595179168826,0.0,0.0,0,0,1,0
2024-02-05 12:00:00,12,0,0,Compute,250000,6.9781973111917415,6.091385107732639,0.0,0.0,1,0,0,0
2024-02-05 13:00:00,13,0,0,Web,100000,2.9092658740070862,0.4122725502898068,1.9428520757338035,1.8171985201436072,0,0,0,1
2024-02-05 13:00:00,13,0,0,Database,150000,1.4865639885359627,1.0982319483157237,1.3145106937032385,0.5334031394244765,0,1,0,0
2024-02-05 13:00:00,13,0,0,Media,200000,0.0,3.3415494860585535,0.2957188525018233,0.0,0,0,1,0
2024-02-05 13:00:00,13,0,0,Compute,250000,0.0,0.22064168209235216,2.155637424645076,2.1614313679921526,1,0,0,0
2024-02-05 14:00:00,14,0,0,Web,100000,1.8171985201436072,0.3694380421256287,1.9214348216517143,1.7743640119794288,0,0,0,1
2024-02-05 14:00:00,14,0,0,Database,150000,0.5334031394244765,2.8572915452230174,3.268228500870409,4.440838753758817,0,1,0,0
2024-02-05 14:00:00,14,0,0,Media,200000,0.0,0.43385078864030235,2.1593750502490514,2.1960192358581025,0,0,1,0
2024-02-05 14:00:00,14,0,0,Compute,250000,2.1614313679921526,3.7092270446053535,3.8999301059015767,5.650016730505154,1,0,0,0
2024-02-05 15:00:00,15,0,0,Web,100000,1.7743640119794288,0.048026028248640086,1.76072881471322,1.4529519981024404,0,0,0,1
2024-02-05 15:00:00,15,0,0,Database,150000,4.440838753758817,0.3700489240242083,1.6786022058489962,1.2615861637159917,0,1,0,0
2024-02-05 15:00:00,15,0,0,Media,200000,2.1960192358581025,3.2169804983437467,3.5509399051007735,4.979148945561547,0,0,1,0
2024-02-05 15:00:00,15,0,0,Compute,250000,5.650016730505154,2.9593665797265034,0.5896772333378484,0.0,1,0,0,0
2024-02-05 16:00:00,16,0,0,Web,100000,1.4529519981024404,8.467386299400683,5.970408950289242,9.872312269254484,0,0,0,1
2024-02-05 16:00:00,16,0,0,Database,150000,1.2615861637159917,1.1498163741024074,2.414490915310104,2.7333635826382077,0,1,0,0
2024-02-05 16:00:00,16,0,0,Media,200000,4.979148945561547,1.1665316981152194,2.52571550498651,2.9287001453330195,0,0,1,0
2024-02-05 16:00:00,16,0,0,Compute,250000,0.0,1.5993318615199927,2.8449825143588967,3.540121547419793,1,0,0,0
2024-02-05 17:00:00,17,0,0,Web,100000,9.872312269254484,5.655453365597127,4.564442483387463,7.060379335450927,0,0,0,1
2024-02-05 17:00:00,17,0,0,Database,150000,2.7333635826382077,2.4015661746200196,3.04036581556891,3.98511338315582,0,1,0,0
2024-02-05 17:00:00,17,0,0,Media,200000,2.9287001453330195,4.839211876613971,0.0,0.0,0,0,1,0
2024-02-05 17:00:00,17,0,0,Compute,250000,3.540121547419793,4.234455093904713,4.1625441305512565,6.175244779804513,1,0,0,0
2024-02-05 18:00:00,18,0,0,Web,100000,7.060379335450927,1.046733677937252,1.237392901222474,0.4062801711209483,0,0,0,1
2024-02-05 18:00:00,18,0,0,Database,150000,3.98511338315582,0.34550915812017036,2.0123373073189854,1.9290563666559706,0,1,0,0
2024-02-05 18:00:00,18,0,0,Media,200000,0.0,3.8618058561279995,0.03559066746710027,0.0,0,0,1,0
2024-02-05 18:00:00,18,0,0,Compute,250000,6.175244779804513,1.602649993973887,2.8466415805858434,3.5434396798736874,1,0,0,0
2024-02-05 19:00:00,19,0,0,Web,100000,0.4062801711209483,1.9781668098048566,0.7716763352886717,0.0,0,0,0,1
2024-02-05 19:00:00,19,0,0,Database,150000,1.9290563666559706,0.3245528535826212,2.001859155050211,1.9081000621184212,0,1,0,0
2024-02-05 19:00:00,19,0,0,Media,200000,0.0,0.8763409556845488,1.5283231176888257,0.9339153707376513,0,0,1,0
2024-02-05 19:00:00,19,0,0,Compute,250000,3.5434396798736874,5.799082344809756,4.944857756003778,7.739872030709556,1,0,0,0
2024-02-05 20:00:00,20,0,0,Web,100000,0.0,5.970824840038969,4.7221282206083846,7.37575080989277,0,0,0,1
2024-02-05 20:00:00,20,0,0,Database,150000,1.9081000621184212,0.16358345024642415,1.9213744533821124,1.7471306587822242,0,1,0,0
2024-02-05 20:00:00,20,0,0,Media,200000,0.9339153707376513,0.21597707370876423,2.0504381927832824,1.9781455209265644,0,0,1,0
2024-02-05 20:00:00,20,0,0,Compute,250000,7.739872030709556,1.1443728386507452,1.4971741038757276,0.8445047264534551,1,0,0,0
2024-02-05 21:00:00,21,0,0,Web,100000,7.37575080989277,3.3420628141105584,3.4077472076441793,4.746988783964358,0,0,0,1
2024-02-05 21:00:00,21,0,0,Database,150000,1.7471306587822242,1.0108035506023316,1.3582248925599345,0.6208315371378685,0,1,0,0
2024-02-05 21:00:00,21,0,0,Media,200000,1.9781455209265644,1.288055763539298,1.322465713761451,0.5222005628829023,0,0,1,0
2024-02-05 21:00:00,21,0,0,Compute,250000,0.8445047264534551,2.9598225305970933,3.5252278488974467,4.900612216496894,1,0,0,0
2024-02-05 22:00:00,22,0,0,Web,100000,4.746988783964358,1.6389412255521483,0.9412891274150259,0.0,0,0,0,1
2024-02-05 22:00:00,22,0,0,Database,150000,0.6208315371378685,0.13730904294779173,1.7949721463872044,1.4943260447924083,0,1,0,0
2024-02-05 22:00:00,22,0,0,Media,200000,0.5222005628829023,4.7679762841351785,0.0,0.0,0,0,1,0
2024-02-05 22:00:00,22,0,0,Compute,250000,4.900612216496894,2.1366149749717005,3.1136240710847503,4.077404660871501,1,0,0,0
2024-02-05 23:00:00,23,0,0,Web,100000,0.0,5.846644757147806,4.660038179162803,7.2515707270016065,0,0,0,1
2024-02-05 23:00:00,23,0,0,Database,150000,1.4943260447924083,2.1877200580015757,2.933442757259688,3.771267266537376,0,1,0,0
2024-02-05 23:00:00,23,0,0,Media,200000,0.0,4.409441442244115,4.147170377050958,6.171609889461915,0,0,1,0
2024-02-05 23:00:00,23,0,0,Compute,250000,4.077404660871501,2.5623503481341925,0.7881853491340038,0.0,1,0,0,0
2024-02-06 00:00:00,0,1,0,Web,100000,7.2515707270016065,0.7330167856868021,2.1032241934323013,2.1379427555406023,0,0,0,1
2024-02-06 00:00:00,0,1,0,Database,150000,3.771267266537376,2.8535237127103685,0.43686481150591594,0.0,0,1,0,0
2024-02-06 00:00:00,0,1,0,Media,200000,6.171609889461915,0.7073405763462285,1.6128233073579858,1.1029157500759716,0,0,1,0
2024-02-06 00:00:00,0,1,0,Compute,250000,0.0,2.3406783716597146,3.2156557694287575,4.281468057559515,1,0,0,0
2024-02-06 01:00:00,1,1,0,Web,100000,2.1379427555406023,0.32950577891209587,1.901468690044948,1.7344317487658962,0,0,0,1
2024-02-06 01:00:00,1,1,0,Database,150000,0.0,4.2619670074058655,0.0,0.0,0,1,0,0
2024-02-06 01:00:00,1,1,0,Media,200000,1.1029157500759716,3.96913125621546,0.0,0.0,0,0,1,0
2024-02-06 01:00:00,1,1,0,Compute,250000,4.281468057559515,4.167535734074522,0.0,0.0,1,0,0,0
2024-02-06 02:00:00,2,1,0,Web,100000,1.7344317487658962,1.498401709420971,2.4859166552993854,2.903327679274771,0,0,0,1
2024-02-06 02:00:00,2,1,0,Database,150000,0.0,6.215727546572205,4.947446501545002,7.799274755108004,0,1,0,0
2024-02-06 02:00:00,2,1,0,Media,200000,0.0,4.111418671602839,3.9981589917303193,5.873587118820638,0,0,1,0
2024-02-06 02:00:00,2,1,0,Compute,250000,0.0,5.711999537040393,0.0,0.0,1,0,0,0
2024-02-06 03:00:00,3,1,0,Web,100000,2.903327679274771,4.287271753811552,3.880351677494676,5.692197723665352,0,0,0,1
2024-02-06 03:00:00,3,1,0,Database,150000,7.799274755108004,2.8332451906461413,3.256205323581971,4.416792399181942,0,1,0,0
2024-02-06 03:00:00,3,1,0,Media,200000,5.873587118820638,4.659943776188474,0.0,0.0,0,0,1,0
2024-02-06 03:00:00,3,1,0,Compute,250000,0.0,0.9336487897336925,1.6025361283342539,1.0552287753705079,1,0,0,0
2024-02-06 04:00:00,4,1,0,Web,100000,5.692197723665352,3.3106111740896282,3.392021387633714,4.715537143943429,0,0,0,1
2024-02-06 04:00:00,4,1,0,Database,150000,4.416792399181942,1.675344472406556,2.677254964462178,3.258891680942356,0,1,0,0
2024-02-06 04:00:00,4,1,0,Media,200000,0.0,3.9513290967661567,0.0,0.0,0,0,1,0
2024-02-06 04:00:00,4,1,0,Compute,250000,1.0552287753705079,1.8562704069907825,2.9734517870942914,3.7970600928905824,1,0,0,0
2024-02-06 05:00:00,5,1,0,Web,100000,4.715537143943429,6.4365457278439635,0.0,0.0,0,0,0,1
2024-02-06 05:00:00,5,1,0,Database,150000,3.258891680942356,0.6925104668738341,1.517371434424183,0.939124620866366,0,1,0,0
2024-02-06 05:00:00,5,1,0,Media,200000,0.0,3.4379142478023463,3.6614067798300733,5.200082695020146,0,0,1,0
2024-02-06 05:00:00,5,1,0,Compute,250000,3.7970600928905824,0.0792265863161595,2.0849298767569797,2.0200162722159596,1,0,0,0
2024-02-06 06:00:00,6,1,0,Web,100000,0.0,1.5208565894880377,1.000331445447081,0.0,0,0,0,1
2024-02-06 06:00:00,6,1,0,Database,150000,0.939124620866366,2.6920827009192476,3.185624078718524,4.275629909455048,0,1,0,0
2024-02-06 06:00:00,6,1,0,Media,200000,5.200082695020146,2.948299384861944,3.4165993483598722,4.710467832079744,0,0,1,0
2024-02-06 06:00:00,6,1,0,Compute,250000,2.0200162722159596,3.9541630182030505,4.022398092700426,5.894952704102851,1,0,0,0
2024-02-06 07:00:00,7,1,0,Web,100000,0.0,2.647071224941362,3.0602514130595813,4.051997194795162,0,0,0,1
2024-02-06 07:00:00,7,1,0,Database,150000,4.275629909455048,3.2681683214136394,3.4736668889657203,4.851715529949439,0,1,0,0
2024-02-06 07:00:00,7,1,0,Media,200000,4.710467832079744,2.2227696119148037,3.053834461886302,3.9849380591326042,0,0,1,0
2024-02-06 07:00:00,7,1,0,Compute,250000,5.894952704102851,0.8206298869516159,2.455631527074708,2.761419572851416,1,0,0,0
2024-02-06 08:00:00,8,1,0,Web,100000,4.051997194795162,0.2925709388936423,1.883001270035721,1.6974969087474425,0,0,0,1
2024-02-06 08:00:00,8,1,0,Database,150000,4.851715529949439,0.7358230968944061,1.4957151194138971,0.895811990845794,0,1,0,0
2024-02-06 08:00:00,8,1,0,Media,200000,3.9849380591326042,3.661148818781377,0.13591918614041143,0.0,0,0,1,0
2024-02-06 08:00:00,8,1,0,Compute,250000,2.761419572851416,2.8899784660616263,0.6243712901702869,0.0,1,0,0,0
2024-02-06 09:00:00,9,1,0,Web,100000,1.6974969087474425,0.8700873854078289,1.3257160474871856,0.5829264636503713,0,0,0,1
2024-02-06 09:00:00,9,1,0,Database,150000,0.895811990845794,0.7484004184094879,2.213782937463644,2.331947626945288,0,1,0,0
2024-02-06 09:00:00,9,1,0,Media,200000,0.0,4.34648173361499,4.115690522736395,6.1086501808327895,0,0,1,0
2024-02-06 09:00:00,9,1,0,Compute,250000,0.0,0.14943562322873757,1.9946427115867313,1.8394419418754626,1,0,0,0
2024-02-06 10:00:00,10,1,0,Web,100000,0.5829264636503713,3.0344728122351916,3.253952206706496,4.4393987820889915,0,0,0,1
2024-02-06 10:00:00,10,1,0,Database,150000,2.331947626945288,3.261990908898562,3.4705781827081816,4.845538117434362,0,1,0,0
2024-02-06 10:00:00,10,1,0,Media,200000,6.1086501808327895,0.7183843326685729,1.6073014291968137,1.0918719937536272,0,0,1,0
2024-02-06 10:00:00,10,1,0,Compute,250000,1.8394419418754626,1.8081145737127515,2.949373870455276,3.7489042596125515,1,0,0,0
2024-02-06 11:00:00,11,1,0,Web,100000,4.4393987820889915,0.7546280647767845,1.3834457078027078,0.6983857842814157,0,0,0,1
2024-02-06 11:00:00,11,1,0,Database,150000,4.845538117434362,3.9904516218376305,3.8348085391777156,5.573998830373431,0,1,0,0
2024-02-06 11:00:00,11,1,0,Media,200000,1.0918719937536272,1.9315739543999968,2.9082366331288982,3.693742401617797,0,0,1,0
2024-02-06 11:00:00,11,1,0,Compute,250000,3.7489042596125515,3.595495203667266,0.2716129213674672,0.0,1,0,0,0
2024-02-06 12:00:00,12,1,0,Web,100000,0.6983857842814157,0.5086178960637402,1.9910247486207702,1.9135438659175406,0,0,0,1
2024-02-06 12:00:00,12,1,0,Database,150000,5.573998830373431,4.968380425073839,4.32377294079582,6.551927633609639,0,1,0,0
2024-02-06 12:00:00,12,1,0,Media,200000,3.693742401617797,0.5677370432423035,1.6826250739099484,1.2425192831798966,0,0,1,0
2024-02-06 12:00:00,12,1,0,Compute,250000,0.0,1.3671890298874045,2.7289110985426026,3.307978715787205,1,0,0,0
2024-02-06 13:00:00,13,1,0,Web,100000,1.9135438659175406,1.6616804528196358,2.5675560269987177,3.066606422673436,0,0,0,1
2024-02-06 13:00:00,13,1,0,Database,150000,6.551927633609639,3.1339126370960013,0.29667034931309955,0.0,0,1,0,0
2024-02-06 13:00:00,13,1,0,Media,200000,1.2425192831798966,1.5561677872427417,2.7205335495502707,3.318336234460542,0,0,1,0
2024-02-06 13:00:00,13,1,0,Compute,250000,3.307978715787205,4.205549395706077,0.0,0.0,1,0,0,0
2024-02-06 14:00:00,14,1,0,Web,100000,3.066606422673436,1.9009162588063884,0.8103016107879059,0.0,0,0,0,1
2024-02-06 14:00:00,14,1,0,Database,150000,0.0,3.2512128420847755,3.4651891493012883,4.8347600506205755,0,1,0,0
2024-02-06 14:00:00,14,1,0,Media,200000,3.318336234460542,1.094312810527274,2.489606061192537,2.8564812577450738,0,0,1,0
2024-02-06 14:00:00,14,1,0,Compute,250000,0.0,0.937477362841781,1.6006218417802096,1.0514002022624194,1,0,0,0
2024-02-06 15:00:00,15,1,0,Web,100000,0.0,1.3634270033377625,2.418429302257781,2.7683529731915626,0,0,0,1
2024-02-06 15:00:00,15,1,0,Database,150000,4.8347600506205755,0.20432068286759433,1.7614663264273032,1.4273144048726056,0,1,0,0
2024-02-06 15:00:00,15,1,0,Media,200000,2.8564812577450738,0.061779446657699744,1.97333937925775,1.8239478938754998,0,0,1,0
2024-02-06 15:00:00,15,1,0,Compute,250000,1.0514002022624194,1.994499519762613,3.042566343480207,3.9352892056624134,1,0,0,0
2024-02-06 16:00:00,16,1,0,Web,100000,2.7683529731915626,2.2061471615795956,0.6576861594013022,0.0,0,0,0,1
2024-02-06 16:00:00,16,1,0,Database,150000,1.4273144048726056,0.14505315626627208,1.9121093063920362,1.7286003648020722,0,1,0,0
2024-02-06 16:00:00,16,1,0,Media,200000,1.8239478938754998,0.9608485234221587,1.4860693338200208,0.8494078030000415,0,0,1,0
2024-02-06 16:00:00,16,1,0,Compute,250000,3.9352892056624134,4.780854063402967,0.0,0.0,1,0,0,0
2024-02-06 17:00:00,17,1,0,Web,100000,0.0,2.7854112083500993,0.3680541360160503,0.0,0,0,0,1
2024-02-06 17:00:00,17,1,0,Database,150000,1.7286003648020722,4.728663280793697,4.203914368655749,6.312210489329496,0,1,0,0
2024-02-06 17:00:00,17,1,0,Media,200000,0.8494078030000415,1.1782138833579023,2.5315565976078513,2.9403823305757024,0,0,1,0
2024-02-06 17:00:00,17,1,0,Compute,250000,0.0,3.9948088438063674,0.07195610129791641,0.0,1,0,0,0
2024-02-06 18:00:00,18,1,0,Web,100000,0.0,4.645107067147432,0.0,0.0,0,0,0,1
2024-02-06 18:00:00,18,1,0,Database,150000,6.312210489329496,0.36053563993395177,1.6833588478941244,1.2710994478062483,0,1,0,0
2024-02-06 18:00:00,18,1,0,Media,200000,2.9403823305757024,4.7076035391316475,4.296251425494724,6.469771986349447,0,0,1,0
2024-02-06 18:00:00,18,1,0,Compute,250000,0.0,0.5843183440152578,1.7772013511934712,1.4045592210889424,1,0,0,0
2024-02-06 19:00:00,19,1,0,Web,100000,0.0,3.9450425998142475,3.709237100496024,5.349968569668048,0,0,0,1
2024-02-06 19:00:00,19,1,0,Database,150000,1.2710994478062483,1.0798362520581724,2.3795008542879863,2.6633834605939724,0,1,0,0
2024-02-06 19:00:00,19,1,0,Media,200000,6.469771986349447,1.437795313139881,2.6613473124988407,3.199963760357681,0,0,1,0
2024-02-06 19:00:00,19,1,0,Compute,250000,1.4045592210889424,4.031205467515909,0.05375778944314602,0.0,1,0,0,0
2024-02-06 20:00:00,20,1,0,Web,100000,5.349968569668048,2.8366127048514724,3.1550221530146363,4.241538674705273,0,0,0,1
2024-02-06 20:00:00,20,1,0,Database,150000,2.6633834605939724,1.0288400514230218,1.3492066421495894,0.6027950363171783,0,1,0,0
2024-02-06 20:00:00,20,1,0,Media,200000,3.199963760357681,2.6133213004349245,3.2491103061463624,4.375489747652725,0,0,1,0
2024-02-06 20:00:00,20,1,0,Compute,250000,0.0,2.466553885560539,0.8360835804208306,0.0,1,0,0,0
2024-02-06 21:00:00,21,1,0,Web,100000,4.241538674705273,0.5551919821319374,2.014311791654869,1.9601179519857377,0,0,0,1
2024-02-06 21:00:00,21,1,0,Database,150000,0.6027950363171783,1.0800528014150945,2.3796091289664476,2.6636000099508945,0,1,0,0
2024-02-06 21:00:00,21,1,0,Media,200000,4.375489747652725,0.4861438893297996,1.7234216508662004,1.3241124370924005,0,0,1,0
2024-02-06 21:00:00,21,1,0,Compute,250000,0.0,1.2376795188606702,2.6641563430292354,3.1784692047604706,1,0,0,0
2024-02-06 22:00:00,22,1,0,Web,100000,1.9601179519857377,0.8232351651797263,1.3491421576012368,0.6297786838784739,0,0,0,1
2024-02-06 22:00:00,22,1,0,Database,150000,2.6636000099508945,1.9712231987260382,0.8780150684980812,0.0,0,1,0,0
2024-02-06 22:00:00,22,1,0,Media,200000,1.3241124370924005,4.840494087984093,4.362696699920947,6.602662535201893,0,0,1,0
2024-02-06 22:00:00,22,1,0,Compute,250000,3.1784692047604706,3.170902538686527,3.6307678529421636,5.111692224586327,1,0,0,0
2024-02-06 23:00:00,23,1,0,Web,100000,0.6297786838784739,2.3066381747467304,0.6074406528177347,0.0,0,0,0,1
2024-02-06 23:00:00,23,1,0,Database,150000,0.0,1.7293768563860388,2.7042711564519197,3.3129240649218388,0,1,0,0
2024-02-06 23:00:00,23,1,0,Media,200000,6.602662535201893,2.252080503705659,0.8404533436782706,0.0,0,0,1,0
2024-02-06 23:00:00,23,1,0,Compute,250000,5.111692224586327,3.5780978705891724,0.2803115879065139,0.0,1,0,0,0
2024-02-07 00:00:00,0,2,0,Web,100000,0.0,3.1254722637991286,3.2994519324884646,4.530398233652929,0,0,0,1
2024-02-07 00:00:00,0,2,0,Database,150000,3.3129240649218388,5.136342816544418,0.0,0.0,0,1,0,0
2024-02-07 00:00:00,0,2,0,Media,200000,0.0,2.8046116803318233,3.3447554960948116,4.566780127549624,0,0,1,0
2024-02-07 00:00:00,0,2,0,Compute,250000,0.0,0.7822108773213755,1.6782550845404125,1.2066666877828247,1,0,0,0
2024-02-07 01:00:00,1,2,0,Web,100000,4.530398233652929,0.6586837488437859,1.4314178657692072,0.7943301002144143,0,0,0,1
2024-02-07 01:00:00,1,2,0,Database,150000,0.0,1.2532975984720691,2.466231527494935,2.836844807007869,0,1,0,0
2024-02-07 01:00:00,1,2,0,Media,200000,4.566780127549624,1.7676403755849572,2.826269843721379,3.5298088228027575,0,0,1,0
2024-02-07 01:00:00,1,2,0,Compute,250000,1.2066666877828247,2.5030734700889243,0.8178237881566379,0.0,1,0,0,0
2024-02-07 02:00:00,2,2,0,Web,100000,0.7943301002144143,2.17722076585239,2.825326183515095,3.5821467357061905,0,0,0,1
2024-02-07 02:00:00,2,2,0,Database,150000,2.836844807007869,0.3641555536778702,2.0216605050978353,1.9477027622136702,0,1,0,0
2024-02-07 02:00:00,2,2,0,Media,200000,3.5298088228027575,3.792208318206314,0.07038943642794293,0.0,0,0,1,0
2024-02-07 02:00:00,2,2,0,Compute,250000,0.0,0.5336673903414175,1.8025268280303914,1.4552101747627826,1,0,0,0
2024-02-07 03:00:00,3,2,0,Web,100000,3.5821467357061905,4.167880986278978,3.8206562937283888,5.572806956132778,0,0,0,1
2024-02-07 03:00:00,3,2,0,Database,150000,1.9477027622136702,5.05382833433929,4.366496895428545,6.637375542875089,0,1,0,0
2024-02-07 03:00:00,3,2,0,Media,200000,0.0,2.1760893124282314,3.030494312143016,3.9382577596460315,0,0,1,0
2024-02-07 03:00:00,3,2,0,Compute,250000,1.4552101747627826,3.59507440410731,0.271823321147445,0.0,1,0,0,0
2024-02-07 04:00:00,4,2,0,Web,100000,5.572806956132778,1.4958646469698647,2.484648124073832,2.900790616823665,0,0,0,1
2024-02-07 04:00:00,4,2,0,Database,150000,6.637375542875089,2.576626651179778,3.127896053848789,4.160173859715578,0,1,0,0
2024-02-07 04:00:00,4,2,0,Media,200000,3.9382577596460315,2.201167889558366,3.043033600708083,3.963336336776166,0,0,1,0
2024-02-07 04:00:00,4,2,0,Compute,250000,0.0,2.3789068056659546,3.2347699864318775,4.319696491565755,1,0,0,0
2024-02-07 05:00:00,5,2,0,Web,100000,2.900790616823665,1.1138331773447925,2.293632389261296,2.5187591471985926,0,0,0,1
2024-02-07 05:00:00,5,2,0,Database,150000,4.160173859715578,0.24128095609383107,1.7429861898141847,1.390354131646369,0,1,0,0
2024-02-07 05:00:00,5,2,0,Media,200000,3.963336336776166,1.8491464273142553,1.0419203818739726,0.0,0,0,1,0
2024-02-07 05:00:00,5,2,0,Compute,250000,4.319696491565755,5.717850495106689,0.0,0.0,1,0,0,0
2024-02-07 06:00:00,6,2,0,Web,100000,2.5187591471985926,1.0429692397422525,2.2582004204600263,2.4478952095960524,0,0,0,1
2024-02-07 06:00:00,6,2,0,Database,150000,1.390354131646369,0.5822024705587656,2.1306839635382833,2.165749679094566,0,1,0,0
2024-02-07 06:00:00,6,2,0,Media,200000,0.0,1.6967714680766488,2.7908353899672242,3.458939915294449,0,0,1,0
2024-02-07 06:00:00,6,2,0,Compute,250000,0.0,4.0366750194808825,0.05102301346065907,0.0,1,0,0,0
2024-02-07 07:00:00,7,2,0,Web,100000,2.4478952095960524,1.959094007547381,2.7162628043625903,3.364019977401181,0,0,0,1
2024-02-07 07:00:00,7,2,0,Database,150000,2.165749679094566,6.1876792234645315,4.933422339991166,7.771226432000331,0,1,0,0
2024-02-07 07:00:00,7,2,0,Media,200000,3.458939915294449,0.259394331935934,2.072146821896867,2.0215627791537343,0,0,1,0
2024-02-07 07:00:00,7,2,0,Compute,250000,0.0,0.20903989722182248,1.964840574590189,1.7798376678823777,1,0,0,0
2024-02-07 08:00:00,8,2,0,Web,100000,3.364019977401181,0.951051007859303,2.2122413045185514,2.3559769777131034,0,0,0,1
2024-02-07 08:00:00,8,2,0,Database,150000,7.771226432000331,6.121055013733214,4.900110235125507,7.704602222269013,0,1,0,0
2024-02-07 08:00:00,8,2,0,Media,200000,2.0215627791537343,3.0949872247018724,0.41899998318016385,0.0,0,0,1,0
2024-02-07 08:00:00,8,2,0,Compute,250000,1.7798376678823777,0.6336647397839148,2.3621489534908577,2.574454425683715,1,0,0,0
2024-02-07 09:00:00,9,2,0,Web,100000,2.3559769777131034,2.423016206495132,0.5492516369435338,0.0,0,0,0,1
2024-02-07 09:00:00,9,2,0,Database,150000,7.704602222269013,1.6650581021371849,1.0310976167925079,0.0,0,1,0,0
2024-02-07 09:00:00,9,2,0,Media,200000,0.0,0.172814863248018,1.8800861639070912,1.637441463174182,0,0,1,0
2024-02-07 09:00:00,9,2,0,Compute,250000,2.574454425683715,4.066013664442877,4.078323415820338,6.006803350342676,1,0,0,0
2024-02-07 10:00:00,10,2,0,Web,100000,0.0,5.427015741668411,4.450223671423105,6.8319417115222105,0,0,0,1
2024-02-07 10:00:00,10,2,0,Database,150000,0.0,1.368470373482319,2.52381791500006,2.9520175820181187,0,1,0,0
2024-02-07 10:00:00,10,2,0,Media,200000,1.637441463174182,1.1538281086726558,1.3895795411947722,0.6564282177495444,0,0,1,0
2024-02-07 10:00:00,10,2,0,Compute,250000,6.006803350342676,7.5022605395177555,5.796446853357778,9.443050225417556,1,0,0,0
2024-02-07 11:00:00,11,2,0,Web,100000,6.8319417115222105,1.3067073835907606,1.1074060483957198,0.14630646546743975,0,0,0,1
2024-02-07 11:00:00,11,2,0,Database,150000,2.9520175820181187,1.7374516826814121,0.9949008265203942,0.0,0,1,0,0
2024-02-07 11:00:00,11,2,0,Media,200000,0.6564282177495444,5.348873073338381,0.0,0.0,0,0,1,0
2024-02-07 11:00:00,11,2,0,Compute,250000,9.443050225417556,4.2123186473364305,4.151475907267115,6.15310833323623,1,0,0,0
2024-02-07 12:00:00,12,2,0,Web,100000,0.14630646546743975,2.928780716716082,3.201106158946941,4.333706686569883,0,0,0,1
2024-02-07 12:00:00,12,2,0,Database,150000,0.0,7.277460547951538,5.478313002234669,8.861007756487338,0,1,0,0
2024-02-07 12:00:00,12,2,0,Media,200000,0.0,4.192613996256578,0.0,0.0,0,0,1,0
2024-02-07 12:00:00,12,2,0,Compute,250000,6.15310833323623,4.398556362039529,4.244594764618665,6.339346047939329,1,0,0,0
2024-02-07 13:00:00,13,2,0,Web,100000,4.333706686569883,0.23445049470058216,1.8539410479391911,1.6393764645543825,0,0,0,1
2024-02-07 13:00:00,13,2,0,Database,150000,8.861007756487338,2.442344590002609,3.0607550232602048,4.025891798538409,0,1,0,0
2024-02-07 13:00:00,13,2,0,Media,200000,0.0,4.967375362915614,0.0,0.0,0,0,1,0
2024-02-07 13:00:00,13,2,0,Compute,250000,6.339346047939329,4.428289407598092,4.259461287397945,6.369079093497891,1,0,0,0
2024-02-07 14:00:00,14,2,0,Web,100000,1.6393764645543825,2.383594193597691,2.928512897387746,3.7885201634514916,0,0,0,1
2024-02-07 14:00:00,14,2,0,Database,150000,4.025891798538409,0.14077404396085258,1.793239645880674,1.4908610437793475,0,1,0,0
2024-02-07 14:00:00,14,2,0,Media,200000,0.0,1.9593820025855642,2.922140657221682,3.721550449803364,0,0,1,0
2024-02-07 14:00:00,14,2,0,Compute,250000,6.369079093497891,2.320529842728947,0.9090956018366265,0.0,1,0,0,0
2024-02-07 15:00:00,15,2,0,Web,100000,3.7885201634514916,1.762364196347298,0.879577642017451,0.0,0,0,0,1
2024-02-07 15:00:00,15,2,0,Database,150000,1.4908610437793475,1.4143777804783888,1.156437777621906,0.21725730726181136,0,1,0,0
2024-02-07 15:00:00,15,2,0,Media,200000,3.721550449803364,5.582227524673034,0.0,0.0,0,0,1,0
2024-02-07 15:00:00,15,2,0,Compute,250000,0.0,2.6093194222123013,3.349976294705051,4.5501091081121015,1,0,0,0
2024-02-07 16:00:00,16,2,0,Web,100000,0.0,3.5988247821498986,3.5361281916638494,5.003750752003699,0,0,0,1
2024-02-07 16:00:00,16,2,0,Database,150000,0.21725730726181136,2.128076388893725,0.7995884734142378,0.0,0,1,0,0
2024-02-07 16:00:00,16,2,0,Media,200000,0.0,1.0686529874366564,2.476776149647228,2.8308214346544567,0,0,1,0
2024-02-07 16:00:00,16,2,0,Compute,250000,4.5501091081121015,0.8206653634899089,1.6590278414561457,1.1682122016142913,1,0,0,0
2024-02-07 17:00:00,17,2,0,Web,100000,5.003750752003699,1.0088658258452916,2.2411487135115458,2.4137917956990917,0,0,0,1
2024-02-07 17:00:00,17,2,0,Database,150000,0.0,1.9067756632352877,0.9102388362434565,0.0,0,1,0,0
2024-02-07 17:00:00,17,2,0,Media,200000,2.8308214346544567,2.674319407865107,0.6293338915985465,0.0,0,0,1,0
2024-02-07 17:00:00,17,2,0,Compute,250000,1.1682122016142913,3.1802685976734275,3.635450882435614,5.121058283573228,1,0,0,0
2024-02-07 18:00:00,18,2,0,Web,100000,2.4137917956990917,0.21565569497567777,1.652931892703261,1.2373581540825225,0,0,0,1
2024-02-07 18:00:00,18,2,0,Database,150000,0.0,6.090370792162628,4.884768124340214,7.6739180006984276,0,1,0,0
2024-02-07 18:00:00,18,2,0,Media,200000,0.0,0.1629738339846199,2.02393657292121,1.9251422812024201,0,0,1,0
2024-02-07 18:00:00,18,2,0,Compute,250000,5.121058283573228,2.8022780606536766,0.6682214928742618,0.0,1,0,0,0
2024-02-07 19:00:00,19,2,0,Web,100000,1.2373581540825225,3.7048665689100164,3.5891490850439083,5.109792538763816,0,0,0,1
2024-02-07 19:00:00,19,2,0,Database,150000,7.6739180006984276,1.9164444320402596,2.7978049442790303,3.4999916405760594,0,1,0,0
2024-02-07 19:00:00,19,2,0,Media,200000,1.9251422812024201,2.2046625306914707,3.0447809212746355,3.9668309779092708,0,0,1,0
2024-02-07 19:00:00,19,2,0,Compute,250000,0.0,3.595845976205956,3.8432395717018784,5.536635662105756,1,0,0,0
2024-02-07 20:00:00,20,2,0,Web,100000,5.109792538763816,1.9824328211395836,0.7695433296213082,0.0,0,0,0,1
2024-02-07 20:00:00,20,2,0,Database,150000,3.4999916405760594,0.40580386655806266,1.660724734582069,1.2258312211821374,0,1,0,0
2024-02-07 20:00:00,20,2,0,Media,200000,3.9668309779092708,0.5383934340655796,1.6972968784983102,1.2718628923566206,0,0,1,0
2024-02-07 20:00:00,20,2,0,Compute,250000,5.536635662105756,3.896283550349055,0.12121874802657251,0.0,1,0,0,0
2024-02-07 21:00:00,21,2,0,Web,100000,0.0,0.8148143900769305,1.3533525451526347,0.6381994589812697,0,0,0,1
2024-02-07 21:00:00,21,2,0,Database,150000,1.2258312211821374,4.033182313232673,3.8561738848752363,5.616729521768472,0,1,0,0
2024-02-07 21:00:00,21,2,0,Media,200000,1.2718628923566206,0.736058250983741,2.3104787814207706,2.4982266982015413,0,0,1,0
2024-02-07 21:00:00,21,2,0,Compute,250000,0.0,4.062227923137164,0.03824656163251827,0.0,1,0,0,0
2024-02-07 22:00:00,22,2,0,Web,100000,0.6381994589812697,4.6915621745970055,0.0,0.0,0,0,0,1
2024-02-07 22:00:00,22,2,0,Database,150000,5.616729521768472,5.018372115847014,4.348768786182407,6.601919324382814,0,1,0,0
2024-02-07 22:00:00,22,2,0,Media,200000,2.4982266982015413,0.29500097036759,1.8189931103473052,1.5152553560546103,0,0,1,0
2024-02-07 22:00:00,22,2,0,Compute,250000,0.0,1.966274556707052,1.0862232448475742,0.02260300839714824,1,0,0,0
2024-02-07 23:00:00,23,2,0,Web,100000,0.0,0.8460192342932092,1.3377501230444953,0.606994614764991,0,0,0,1
2024-02-07 23:00:00,23,2,0,Database,150000,6.601919324382814,4.455967202554197,0.0,0.0,0,1,0,0
2024-02-07 23:00:00,23,2,0,Media,200000,1.5152553560546103,4.293329388137059,4.08911434999743,6.055497835354859,0,0,1,0
2024-02-07 23:00:00,23,2,0,Compute,250000,0.02260300839714824,1.2032027523602888,1.467759147020956,0.7856748127439115,1,0,0,0
2024-02-08 00:00:00,0,3,0,Web,100000,0.606994614764991,4.126248522817466,3.799840061997633,5.531174492671266,0,0,0,1
2024-02-08 00:00:00,0,3,0,Database,150000,0.0,0.17899908294414546,1.929082269730973,1.7625462914799455,0,1,0,0
2024-02-08 00:00:00,0,3,0,Media,200000,6.055497835354859,4.31263986330752,4.09876958758266,6.074808310525319,0,0,1,0
2024-02-08 00:00:00,0,3,0,Compute,250000,0.7856748127439115,0.7941274367314561,2.4423803019646284,2.7349171226312565,1,0,0,0
2024-02-08 01:00:00,1,3,0,Web,100000,5.531174492671266,2.583741928209428,3.028586764693614,3.988667898063228,0,0,0,1
2024-02-08 01:00:00,1,3,0,Database,150000,1.7625462914799455,2.1813230778672104,2.9302442671925055,3.764870286403011,0,1,0,0
2024-02-08 01:00:00,1,3,0,Media,200000,6.074808310525319,1.8939171383581124,2.8894082251079563,3.6560855855759122,0,0,1,0
2024-02-08 01:00:00,1,3,0,Compute,250000,2.7349171226312565,1.0678473711503318,2.579240269174066,3.008637057050132,1,0,0,0
2024-02-08 02:00:00,2,3,0,Web,100000,3.988667898063228,0.7225960879489547,1.3994616962166226,0.7304177611092455,0,0,0,1
2024-02-08 02:00:00,2,3,0,Database,150000,3.764870286403011,5.77034801432078,4.72475673541929,7.35389522285658,0,1,0,0
2024-02-08 02:00:00,2,3,0,Media,200000,3.6560855855759122,2.744854894889902,0.5940661480861491,0.0,0,0,1,0
2024-02-08 02:00:00,2,3,0,Compute,250000,3.008637057050132,0.03696686663167907,2.06380001691474,1.9777565525314793,1,0,0,0
2024-02-08 03:00:00,3,3,0,Web,100000,0.7304177611092455,0.06870156522498636,1.7710665832013932,1.4736275350787866,0,0,0,1
2024-02-08 03:00:00,3,3,0,Database,150000,7.35389522285658,1.2313661996327645,2.4552658280752824,2.8149134081685645,0,1,0,0
2024-02-08 03:00:00,3,3,0,Media,200000,0.0,1.3124618772857035,1.3102626568882485,0.49779444913649673,0,0,1,0
2024-02-08 03:00:00,3,3,0,Compute,250000,1.9777565525314793,0.9682828563709632,2.529458011784382,2.9090725422707635,1,0,0,0
2024-02-08 04:00:00,4,3,0,Web,100000,1.4736275350787866,0.5305716952110984,1.4954738925855509,0.9224421538471018,0,0,0,1
2024-02-08 04:00:00,4,3,0,Database,150000,2.8149134081685645,4.769901491915898,0.0,0.0,0,1,0,0
2024-02-08 04:00:00,4,3,0,Media,200000,0.49779444913649673,0.05270079837273937,1.9688000551152698,1.8148692455905395,0,0,1,0
2024-02-08 04:00:00,4,3,0,Compute,250000,2.9090725422707635,3.325739938692655,0.4064905538547725,0.0,1,0,0,0
2024-02-08 05:00:00,5,3,0,Web,100000,0.9224421538471018,5.227201226948903,0.0,0.0,0,0,0,1
2024-02-08 05:00:00,5,3,0,Database,150000,0.0,0.43466390167035485,2.0569146790940778,2.018211110206155,0,1,0,0
2024-02-08 05:00:00,5,3,0,Media,200000,1.8148692455905395,1.4876939656608994,2.68629663875935,3.2498624128786995,0,0,1,0
2024-02-08 05:00:00,5,3,0,Compute,250000,0.0,1.6041380659159292,2.8473856165568647,3.544927751815729,1,0,0,0
2024-02-08 06:00:00,6,3,0,Web,100000,0.0,1.7255560606612825,2.599493830919541,3.1304820305150827,0,0,0,1
2024-02-08 06:00:00,6,3,0,Database,150000,2.018211110206155,5.821811002424032,0.0,0.0,0,1,0,0
2024-02-08 06:00:00,6,3,0,Media,200000,3.2498624128786995,4.107094723324609,0.0,0.0,0,0,1,0
2024-02-08 06:00:00,6,3,0,Compute,250000,3.544927751815729,5.9446082500432125,5.017620708620506,7.885397935943012,1,0,0,0
2024-02-08 07:00:00,7,3,0,Web,100000,3.1304820305150827,3.165670219833308,0.17792463027444594,0.0,0,0,0,1
2024-02-08 07:00:00,7,3,0,Database,150000,0.0,1.8565670330122674,2.7678662447650337,3.440114241548067,0,1,0,0
2024-02-08 07:00:00,7,3,0,Media,200000,0.0,2.0848568045997378,0.9240651932312312,0.0,0,0,1,0
2024-02-08 07:00:00,7,3,0,Compute,250000,7.885397935943012,0.26306215740489336,2.1768476623013466,2.203851843304694,1,0,0,0
2024-02-08 08:00:00,8,3,0,Web,100000,0.0,1.9238065464229823,0.7988564669796089,0.0,0,0,0,1
2024-02-08 08:00:00,8,3,0,Database,150000,3.440114241548067,1.7086674034611347,2.693916429989468,3.2922146119969344,0,1,0,0
2024-02-08 08:00:00,8,3,0,Media,200000,0.0,0.4343662915522971,2.159632801705049,2.1965347387700973,0,0,1,0
2024-02-08 08:00:00,8,3,0,Compute,250000,2.203851843304694,1.368913260534901,1.3849038929336497,0.6199643045692993,1,0,0,0
2024-02-08 09:00:00,9,3,0,Web,100000,0.0,3.1745602986443306,0.1734795908689346,0.0,0,0,0,1
2024-02-08 09:00:00,9,3,0,Database,150000,3.2922146119969344,0.8273665320797332,2.2532659942987667,2.410913740615533,0,1,0,0
2024-02-08 09:00:00,9,3,0,Media,200000,2.1965347387700973,3.66220033672997,0.13539342716611502,0.0,0,0,1,0
2024-02-08 09:00:00,9,3,0,Compute,250000,0.6199643045692993,1.3064870659647154,2.698560116581258,3.247276751864516,1,0,0,0
2024-02-08 10:00:00,10,3,0,Web,100000,0.0,7.9034986667129,5.68846513394535,9.3084246365667,0,0,0,1
2024-02-08 10:00:00,10,3,0,Database,150000,2.410913740615533,4.074554093388237,3.8768597749530187,5.658101301924036,0,1,0,0
2024-02-08 10:00:00,10,3,0,Media,200000,0.0,2.179087600284688,3.0319934560712443,3.9412560475024883,0,0,1,0
2024-02-08 10:00:00,10,3,0,Compute,250000,3.247276751864516,0.28086583282564304,1.9289276067882786,1.7080117322785573,1,0,0,0
2024-02-08 11:00:00,11,3,0,Web,100000,9.3084246365667,5.840301820612776,0.0,0.0,0,0,0,1
2024-02-08 11:00:00,11,3,0,Database,150000,5.658101301924036,3.9909031273027527,0.0,0.0,0,1,0,0
2024-02-08 11:00:00,11,3,0,Media,200000,3.9412560475024883,3.8724225079103403,3.8786609098840703,5.63459095512814,0,0,1,0
2024-02-08 11:00:00,11,3,0,Compute,250000,1.7080117322785573,2.3933121799765393,0.8727044332128304,0.0,1,0,0,0
2024-02-08 12:00:00,12,3,0,Web,100000,0.0,2.12180023409434,0.69985962314393,0.0,0,0,0,1
2024-02-08 12:00:00,12,3,0,Database,150000,0.0,0.5209953666542643,1.603128984533968,1.1106397210859358,0,1,0,0
2024-02-08 12:00:00,12,3,0,Media,200000,5.63459095512814,3.210182716141864,0.361402237460168,0.0,0,0,1,0
2024-02-08 12:00:00,12,3,0,Compute,250000,0.0,3.7043501432571087,0.21718545157254576,0.0,1,0,0,0
2024-02-08 13:00:00,13,3,0,Web,100000,0.0,0.17546615794646547,1.6730266612178673,1.2775476911117347,0,0,0,1
2024-02-08 13:00:00,13,3,0,Database,150000,1.1106397210859358,2.6986323036183086,0.5143105160519459,0.0,0,1,0,0
2024-02-08 13:00:00,13,3,0,Media,200000,0.0,2.2470996789388846,0.8429437560616577,0.0,0,0,1,0
2024-02-08 13:00:00,13,3,0,Compute,250000,0.0,2.3676170180432177,0.8855520141794913,0.0,1,0,0,0
2024-02-08 14:00:00,14,3,0,Web,100000,1.2775476911117347,1.5911245811056058,2.532278091141703,2.996050550959406,0,0,0,1
2024-02-08 14:00:00,14,3,0,Database,150000,0.0,0.7204210110882718,1.5034161623169644,0.9112140766519282,0,1,0,0
2024-02-08 14:00:00,14,3,0,Media,200000,0.0,0.559759843283761,1.6866136738892195,1.250496483138439,0,0,1,0
2024-02-08 14:00:00,14,3,0,Compute,250000,0.0,1.8148816315288498,2.952757399363325,3.75567131742865,1,0,0,0
2024-02-08 15:00:00,15,3,0,Web,100000,2.996050550959406,0.4501627643010204,1.5356783580405897,1.0028510847571797,0,0,0,1
2024-02-08 15:00:00,15,3,0,Database,150000,0.9112140766519282,0.8588052449737186,1.434224045374241,0.7728298427664815,0,1,0,0
2024-02-08 15:00:00,15,3,0,Media,200000,1.250496483138439,1.4353950063127126,2.6601471590852563,3.1975634535305124,0,0,1,0
2024-02-08 15:00:00,15,3,0,Compute,250000,3.75567131742865,2.028637470275093,3.0596353187364467,3.969427156174893,1,0,0,0
2024-02-08 16:00:00,16,3,0,Web,100000,1.0028510847571797,0.46526443812801255,1.5281275211270937,0.9877494109301876,0,0,0,1
2024-02-08 16:00:00,16,3,0,Database,150000,0.7728298427664815,0.2658672664637648,1.9725163614907826,1.849414474999565,0,1,0,0
2024-02-08 16:00:00,16,3,0,Media,200000,3.1975634535305124,2.369414628802184,0.781786281130008,0.0,0,0,1,0
2024-02-08 16:00:00,16,3,0,Compute,250000,3.969427156174893,2.606093069095776,0.766313988653212,0.0,1,0,0,0
2024-02-08 17:00:00,17,3,0,Web,100000,0.9877494109301876,2.3314864455026227,2.9024590233402114,3.736412415356423,0,0,0,1
2024-02-08 17:00:00,17,3,0,Database,150000,1.849414474999565,1.3588701272360653,2.5190177918769328,2.9424173357718653,0,1,0,0
2024-02-08 17:00:00,17,3,0,Media,200000,0.0,1.3899392548519283,2.6374192833548644,3.1521077020697286,0,0,1,0
2024-02-08 17:00:00,17,3,0,Compute,250000,0.0,0.8666069857787667,2.4786200764882835,2.8073966716785668,1,0,0,0
2024-02-08 18:00:00,18,3,0,Web,100000,3.736412415356423,0.16265376704706072,1.8180426841124304,1.567579736900861,0,0,0,1
2024-02-08 18:00:00,18,3,0,Database,150000,2.9424173357718653,2.1132796120705075,2.896222534294154,3.696826820606308,0,1,0,0
2024-02-08 18:00:00,18,3,0,Media,200000,3.1521077020697286,2.8293702226705513,3.357134767264176,4.591538669888352,0,0,1,0
2024-02-08 18:00:00,18,3,0,Compute,250000,2.8073966716785668,2.757727955174143,3.4241805611859717,4.698517641073943,1,0,0,0
2024-02-08 19:00:00,19,3,0,Web,100000,1.567579736900861,0.3263776874401605,1.5975708964710198,1.1266361616180398,0,0,0,1
2024-02-08 19:00:00,19,3,0,Database,150000,3.696826820606308,4.185022129328714,3.932093792923257,5.7685693378645135,0,1,0,0
2024-02-08 19:00:00,19,3,0,Media,200000,4.591538669888352,0.7094259847991635,2.2971626483284817,2.4715944320169636,0,0,1,0
2024-02-08 19:00:00,19,3,0,Compute,250000,4.698517641073943,1.9211725172995955,3.0059028422486977,3.8619622031993956,1,0,0,0
2024-02-08 20:00:00,20,3,0,Web,100000,1.1266361616180398,0.8703076121068392,2.1718696066423195,2.2752335819606393,0,0,0,1
2024-02-08 20:00:00,20,3,0,Database,150000,5.7685693378645135,0.7650640620547223,2.2221147592862613,2.3486112705905224,0,1,0,0
2024-02-08 20:00:00,20,3,0,Media,200000,2.4715944320169636,2.231299910353159,0.8508436403545205,0.0,0,0,1,0
2024-02-08 20:00:00,20,3,0,Compute,250000,3.8619622031993956,2.128096454636678,3.1093648109172394,4.0688861405364785,1,0,0,0
2024-02-08 21:00:00,21,3,0,Web,100000,2.2752335819606393,8.559927124325116,6.016679362751458,9.964853094178917,0,0,0,1
2024-02-08 21:00:00,21,3,0,Database,150000,2.3486112705905224,1.14842916397245,1.2894120858748752,0.4832059237677502,0,1,0,0
2024-02-08 21:00:00,21,3,0,Media,200000,0.0,0.23702808587704446,2.0609636988674223,1.9991965330948447,0,0,1,0
2024-02-08 21:00:00,21,3,0,Compute,250000,4.0688861405364785,1.3626597326439873,1.3880306568791065,0.626217832460213,1,0,0,0
2024-02-08 22:00:00,22,3,0,Web,100000,9.964853094178917,1.4881036442880038,1.0167079180470981,0.0,0,0,0,1
2024-02-08 22:00:00,22,3,0,Database,150000,0.4832059237677502,4.657392373958219,4.16827891523801,6.240939582494018,0,1,0,0
2024-02-08 22:00:00,22,3,0,Media,200000,1.9991965330948447,2.042956992784594,0.9450150991388031,0.0,0,0,1,0
2024-02-08 22:00:00,22,3,0,Compute,250000,0.626217832460213,1.446285359701284,1.3462178433504581,0.5425922054029164,1,0,0,0
2024-02-08 23:00:00,23,3,0,Web,100000,0.0,4.786522410796104,0.0,0.0,0,0,0,1
2024-02-08 23:00:00,23,3,0,Database,150000,6.240939582494018,2.296879113228942,0.7151871112466293,0.0,0,1,0,0
2024-02-08 23:00:00,23,3,0,Media,200000,0.0,5.149243618462243,0.0,0.0,0,0,1,0
2024-02-08 23:00:00,23,3,0,Compute,250000,0.5425922054029164,1.9194580372379866,3.0050456022178933,3.8602477231377867,1,0,0,0
2024-02-09 00:00:00,0,4,0,Web,100000,0.0,8.423135605114128,5.948283603145964,9.82806157496793,0,0,0,1
2024-02-09 00:00:00,0,4,0,Database,150000,0.0,1.1240803205537666,1.301586507584217,0.5075547671864336,0,1,0,0
2024-02-09 00:00:00,0,4,0,Media,200000,0.0,5.024317738572912,0.0,0.0,0,0,1,0
2024-02-09 00:00:00,0,4,0,Compute,250000,3.8602477231377867,2.7240429328913995,3.4073380500445998,4.6648326187912,1,0,0,0
2024-02-09 01:00:00,1,4,0,Web,100000,9.82806157496793,2.2048188163926703,0.6583503319947648,0.0,0,0,0,1
2024-02-09 01:00:00,1,4,0,Database,150000,0.5075547671864336,3.922084731262821,3.800625093890311,5.505631939798621,0,1,0,0
2024-02-09 01:00:00,1,4,0,Media,200000,0.0,0.870131082972034,1.531428054045083,0.9401252434501661,0,0,1,0
2024-02-09 01:00:00,1,4,0,Compute,250000,4.6648326187912,1.9194910068505424,1.109615019775829,0.06938655825365792,1,0,0,0
2024-02-09 02:00:00,2,4,0,Web,100000,0.0,0.5579166068392594,1.4818014367714702,0.8950972422189408,0,0,0,1
2024-02-09 02:00:00,2,4,0,Database,150000,5.505631939798621,2.2973742224107614,2.988269839464281,3.880921430946562,0,1,0,0
2024-02-09 02:00:00,2,4,0,Media,200000,0.9401252434501661,0.7063058318691693,1.6133406795965155,1.1039504945530307,0,0,1,0
2024-02-09 02:00:00,2,4,0,Compute,250000,0.06938655825365792,1.5142180479833165,1.312251499209442,0.47465951712088383,1,0,0,0
2024-02-09 03:00:00,3,4,0,Web,100000,0.8950972422189408,0.6205387485388154,1.4504903659216923,0.8324751005193848,0,0,0,1
2024-02-09 03:00:00,3,4,0,Database,150000,3.880921430946562,3.8396094931048546,0.0,0.0,0,1,0,0
2024-02-09 03:00:00,3,4,0,Media,200000,1.1039504945530307,1.2151387464841406,2.5500190291709703,2.9773071937019404,0,0,1,0
2024-02-09 03:00:00,3,4,0,Compute,250000,0.47465951712088383,5.384223721136931,0.0,0.0,1,0,0,0
2024-02-09 04:00:00,4,4,0,Web,100000,0.8324751005193848,1.3564083026987461,1.082555588841727,0.09660554635945418,0,0,0,1
2024-02-09 04:00:00,4,4,0,Database,150000,0.0,2.3021995660944294,2.9906825113061153,3.8857467746302294,0,1,0,0
2024-02-09 04:00:00,4,4,0,Media,200000,2.9773071937019404,0.9331887884003504,2.4090440501290753,2.6953572356181503,0,0,1,0
2024-02-09 04:00:00,4,4,0,Compute,250000,0.0,1.795005658561371,2.9428194128795857,3.735795344461171,1,0,0,0
2024-02-09 05:00:00,5,4,0,Web,100000,0.09660554635945418,0.2191809577586273,1.6511692613117863,1.2338328912995729,0,0,0,1
2024-02-09 05:00:00,5,4,0,Database,150000,3.8857467746302294,3.53328248255875,3.6062239695382754,5.1168296910945505,0,1,0,0
2024-02-09 05:00:00,5,4,0,Media,200000,2.6953572356181503,2.7981415299115757,3.341520420884688,4.560309977129376,0,0,1,0
2024-02-09 05:00:00,5,4,0,Compute,250000,3.735795344461171,1.3624669523452237,2.7265500597715118,3.303256638245024,1,0,0,0
2024-02-09 06:00:00,6,4,0,Web,100000,1.2338328912995729,2.806681271542829,3.1400564363603145,4.21160724139663,0,0,0,1
2024-02-09 06:00:00,6,4,0,Database,150000,5.1168296910945505,2.27531460281293,2.9772400296653654,3.8588618113487305,0,1,0,0
2024-02-09 06:00:00,6,4,0,Media,200000,4.560309977129376,1.3424344796428709,1.2952763557096647,0.46782184677932936,0,0,1,0
2024-02-09 06:00:00,6,4,0,Compute,250000,3.303256638245024,4.055740674676201,0.041490185862999684,0.0,1,0,0,0
2024-02-09 07:00:00,7,4,0,Web,100000,4.21160724139663,1.2851303171300716,2.379280959153936,2.6900562869838716,0,0,0,1
2024-02-09 07:00:00,7,4,0,Database,150000,3.8588618113487305,1.6623116320964861,2.6707385443071434,3.245858840632286,0,1,0,0
2024-02-09 07:00:00,7,4,0,Media,200000,0.46782184677932936,3.295459913017896,3.590179612437848,5.057628360235697,0,0,1,0
2024-02-09 07:00:00,7,4,0,Compute,250000,0.0,2.8330077647380802,0.65285664083206,0.0,1,0,0,0
2024-02-09 08:00:00,8,4,0,Web,100000,2.6900562869838716,2.74333711743369,0.38909118147425503,0.0,0,0,0,1
2024-02-09 08:00:00,8,4,0,Database,150000,3.245858840632286,1.4037447385255113,2.5414550975216557,2.987291947061311,0,1,0,0
2024-02-09 08:00:00,8,4,0,Media,200000,5.057628360235697,0.23754490616145993,1.8477211424503701,1.5727114202607402,0,0,1,0
2024-02-09 08:00:00,8,4,0,Compute,250000,0.0,5.6813287713155844,0.0,0.0,1,0,0,0
2024-02-09 09:00:00,9,4,0,Web,100000,0.0,1.1493684308647725,2.3114000160212864,2.5542944007185726,0,0,0,1
2024-02-09 09:00:00,9,4,0,Database,150000,2.987291947061311,5.581312684569064,0.0,0.0,0,1,0,0
2024-02-09 09:00:00,9,4,0,Media,200000,1.5727114202607402,2.8598135952223287,0.5365867979199357,0.0,0,0,1,0
2024-02-09 09:00:00,9,4,0,Compute,250000,0.0,4.0790880581825215,4.084860612690161,6.019877744082321,1,0,0,0
2024-02-09 10:00:00,10,4,0,Web,100000,2.5542944007185726,5.498680993023546,4.4860562971006726,6.903606962877346,0,0,0,1
2024-02-09 10:00:00,10,4,0,Database,150000,0.0,3.671013045018085,0.028120145352057646,0.0,0,1,0,0
2024-02-09 10:00:00,10,4,0,Media,200000,0.0,1.0122185518402829,1.4603843196109587,0.7980377745819174,0,0,1,0
2024-02-09 10:00:00,10,4,0,Compute,250000,6.019877744082321,0.15191150883831794,2.121272338018059,2.092701194738118,1,0,0,0
2024-02-09 11:00:00,11,4,0,Web,100000,6.903606962877346,5.367724722346904,4.420578161762352,6.772650692200704,0,0,0,1
2024-02-09 11:00:00,11,4,0,Database,150000,0.0,1.5026507830754048,1.112301276323398,0.12898430466479538,0,1,0,0
2024-02-09 11:00:00,11,4,0,Media,200000,0.7980377745819174,1.4546960087020344,1.2391455911800828,0.35556031772016583,0,0,1,0
2024-02-09 11:00:00,11,4,0,Compute,250000,2.092701194738118,4.670220614990786,4.380426891094293,6.611010300890586,1,0,0,0
2024-02-09 12:00:00,12,4,0,Web,100000,6.772650692200704,1.148411397756974,1.186554041312613,0.3046024513012262,0,0,0,1
2024-02-09 12:00:00,12,4,0,Database,150000,0.12898430466479538,2.1906490665015723,2.9349072615096867,3.7741962750373723,0,1,0,0
2024-02-09 12:00:00,12,4,0,Media,200000,0.35556031772016583,4.455472834939482,0.0,0.0,0,0,1,0
2024-02-09 12:00:00,12,4,0,Compute,250000,6.611010300890586,0.5377421718791786,1.8004894372615108,1.4511353932250217,1,0,0,0
2024-02-09 13:00:00,13,4,0,Web,100000,0.3046024513012262,5.002834454581414,0.0,0.0,0,0,0,1
2024-02-09 13:00:00,13,4,0,Database,150000,3.7741962750373723,3.190345282469313,0.2684540266264437,0.0,0,1,0,0
2024-02-09 13:00:00,13,4,0,Media,200000,0.0,2.54164800505899,3.2132736584583954,4.3038164522767905,0,0,1,0
2024-02-09 13:00:00,13,4,0,Compute,250000,1.4511353932250217,0.1737601128623379,1.9824804667699312,1.8151174522418623,1,0,0,0
2024-02-09 14:00:00,14,4,0,Web,100000,0.0,0.9813611612611238,1.270079159560538,0.47165268779707636,0,0,0,1
2024-02-09 14:00:00,14,4,0,Database,150000,0.0,2.2702928115449525,0.7284802620886239,0.0,0,1,0,0
2024-02-09 14:00:00,14,4,0,Media,200000,4.3038164522767905,0.6860121593260482,1.623487515868076,1.124244167096152,0,0,1,0
2024-02-09 14:00:00,14,4,0,Compute,250000,1.8151174522418623,0.9273834409042808,2.5090083040510405,2.868173126804081,1,0,0,0
2024-02-09 15:00:00,15,4,0,Web,100000,0.47165268779707636,2.9727925589874853,3.2231120800826427,4.377718528841285,0,0,0,1
2024-02-09 15:00:00,15,4,0,Database,150000,0.0,7.899483991892607,0.0,0.0,0,1,0,0
2024-02-09 15:00:00,15,4,0,Media,200000,1.124244167096152,2.519327462390629,0.7068298643357855,0.0,0,0,1,0
2024-02-09 15:00:00,15,4,0,Compute,250000,2.868173126804081,0.5013326661692171,2.2959829166835086,2.4421223520690174,1,0,0,0
2024-02-09 16:00:00,16,4,0,Web,100000,4.377718528841285,0.3206332874890576,1.6004430964465712,1.1323805615691427,0,0,0,1
2024-02-09 16:00:00,16,4,0,Database,150000,0.0,1.234172667182375,2.4566690618500875,2.8177198757181747,0,1,0,0
2024-02-09 16:00:00,16,4,0,Media,200000,0.0,0.8266647979818614,2.355782054919831,2.5888332451996616,0,0,1,0
2024-02-09 16:00:00,16,4,0,Compute,250000,2.4421223520690174,0.9386475285824217,1.6000367589098894,1.0502300365217785,1,0,0,0
2024-02-09 17:00:00,17,4,0,Web,100000,1.1323805615691427,1.6046035275637311,0.9584579764092345,0.0,0,0,0,1
2024-02-09 17:00:00,17,4,0,Database,150000,2.8177198757181747,0.7605484088087027,1.483352463456749,0.8710866789314974,0,1,0,0
2024-02-09 17:00:00,17,4,0,Media,200000,2.5888332451996616,3.470270989070428,3.677585150464114,5.232439436288228,0,0,1,0
2024-02-09 17:00:00,17,4,0,Compute,250000,1.0502300365217785,2.2200677383193432,0.9593266540414285,0.0,1,0,0,0
2024-02-09 18:00:00,18,4,0,Web,100000,0.0,0.21246410903406646,1.6545276856740667,1.2405497400241337,0,0,0,1
2024-02-09 18:00:00,18,4,0,Database,150000,0.8710866789314974,0.574070581597463,2.1266180190576316,2.157617790133263,0,1,0,0
2024-02-09 18:00:00,18,4,0,Media,200000,5.232439436288228,4.705096729225574,4.294998020541687,6.467265176443374,0,0,1,0
2024-02-09 18:00:00,18,4,0,Compute,250000,0.0,0.9249687143111397,1.6068761660455304,1.0639088507930605,1,0,0,0
2024-02-09 19:00:00,19,4,0,Web,100000,1.2405497400241337,2.9004639076350824,3.1869477544064413,4.305389877488883,0,0,0,1
2024-02-09 19:00:00,19,4,0,Database,150000,2.157617790133263,3.7199821493972665,3.6995738029575334,5.3035293579330665,0,1,0,0
2024-02-09 19:00:00,19,4,0,Media,200000,6.467265176443374,0.21530673457414476,1.8588402282440277,1.5949495918480554,0,0,1,0
2024-02-09 19:00:00,19,4,0,Compute,250000,1.0639088507930605,0.6562008768324875,1.7412600847848565,1.3326766882717127,1,0,0,0
2024-02-09 20:00:00,20,4,0,Web,100000,4.305389877488883,1.0112049557468483,1.2551572623176759,0.44180889331135187,0,0,0,1
2024-02-09 20:00:00,20,4,0,Database,150000,5.3035293579330665,0.7915133423299471,1.4678699966961268,0.840121745410253,0,1,0,0
2024-02-09 20:00:00,20,4,0,Media,200000,1.5949495918480554,2.5867635213326983,3.235831416595249,4.348931968550499,0,0,1,0
2024-02-09 20:00:00,20,4,0,Compute,250000,1.3326766882717127,0.7170738713687417,2.403853519283271,2.657863557268542,1,0,0,0
2024-02-09 21:00:00,21,4,0,Web,100000,0.44180889331135187,0.7299130671118083,2.101672334144804,2.1348390369656087,0,0,0,1
2024-02-09 21:00:00,21,4,0,Database,150000,0.840121745410253,3.3997144707417046,0.1637694324902479,0.0,0,1,0,0
2024-02-09 21:00:00,21,4,0,Media,200000,4.348931968550499,2.9265141717279035,0.5032365096671483,0.0,0,0,1,0
2024-02-09 21:00:00,21,4,0,Compute,250000,2.657863557268542,6.45438441393314,5.27250879056547,8.395174099832941,1,0,0,0
2024-02-09 22:00:00,22,4,0,Web,100000,2.1348390369656087,0.5575211154682688,1.4819991824569656,0.8954927335899314,0,0,0,1
2024-02-09 22:00:00,22,4,0,Database,150000,0.0,2.3483599263372805,0.6894467046924599,0.0,0,1,0,0
2024-02-09 22:00:00,22,4,0,Media,200000,0.0,4.317341436370092,4.101120374113946,6.079509883587892,0,0,1,0
2024-02-09 22:00:00,22,4,0,Compute,250000,8.395174099832941,0.8694695856528563,2.4800513764253282,2.8102592715526566,1,0,0,0
2024-02-09 23:00:00,23,4,0,Web,100000,0.8954927335899314,1.7585086901957647,2.6159701456867825,3.163434660049565,0,0,0,1
2024-02-09 23:00:00,23,4,0,Database,150000,0.0,0.43818516544680075,1.6445340851377,1.1934499222933992,0,1,0,0
2024-02-09 23:00:00,23,4,0,Media,200000,6.079509883587892,0.9800632113326124,1.476461989864794,0.8301931150895877,0,0,1,0
2024-02-09 23:00:00,23,4,0,Compute,250000,2.8102592715526566,0.532803057094071,1.8029589946540647,1.4560745080101292,1,0,0,0
2024-02-10 00:00:00,0,5,1,Web,100000,3.163434660049565,4.172258450498081,0.0,0.0,0,0,0,1
2024-02-10 00:00:00,0,5,1,Database,150000,1.1934499222933992,0.2878261678618924,1.719713583930154,1.3438089198783076,0,1,0,0
2024-02-10 00:00:00,0,5,1,Media,200000,0.8301931150895877,0.9121431707300519,2.398521241293926,2.6743116179478523,0,0,1,0
2024-02-10 00:00:00,0,5,1,Compute,250000,1.4560745080101292,5.575433641133462,4.833033404165631,7.516223327033262,1,0,0,0
2024-02-10 01:00:00,1,5,1,Web,100000,0.0,0.2820411346178465,1.8777363678978232,1.6869671044716468,0,0,0,1
2024-02-10 01:00:00,1,5,1,Database,150000,1.3438089198783076,7.026575066233115,0.0,0.0,0,1,0,0
2024-02-10 01:00:00,1,5,1,Media,200000,2.6743116179478523,0.30600023795606424,1.813493476553068,1.504256088466136,0,0,1,0
2024-02-10 01:00:00,1,5,1,Compute,250000,7.516223327033262,8.242556338927118,6.166594753062459,10.18334602482692,1,0,0,0
2024-02-10 02:00:00,2,5,1,Web,100000,1.6869671044716468,2.623142644557319,3.04828712286756,4.0280686144111195,0,0,0,1
2024-02-10 02:00:00,2,5,1,Database,150000,0.0,2.4567107710279656,0.6352712823471174,0.0,0,1,0,0
2024-02-10 02:00:00,2,5,1,Media,200000,1.504256088466136,1.7973634828938703,2.841131397375835,3.55953193011167,0,0,1,0
2024-02-10 02:00:00,2,5,1,Compute,250000,10.18334602482692,2.250084214271421,0.9443184160653897,0.0,1,0,0,0
2024-02-10 03:00:00,3,5,1,Web,100000,4.0280686144111195,4.085466498242773,0.0,0.0,0,0,0,1
2024-02-10 03:00:00,3,5,1,Database,150000,0.0,1.0691520293044168,1.329050653208892,0.5624830584357834,0,1,0,0
2024-02-10 03:00:00,3,5,1,Media,200000,3.55953193011167,0.2986232573187836,2.091761284588292,2.060791704536584,0,0,1,0
2024-02-10 03:00:00,3,5,1,Compute,250000,0.0,5.640510446902388,0.0,0.0,1,0,0,0
2024-02-10 04:00:00,4,5,1,Web,100000,0.0,3.4715218112181074,0.024998834582046214,0.0,0,0,0,1
2024-02-10 04:00:00,4,5,1,Database,150000,0.5624830584357834,0.055050629149264174,1.8671080428335323,1.6385978376850643,0,1,0,0
2024-02-10 04:00:00,4,5,1,Media,200000,2.060791704536584,1.2485634675690624,1.342211861746569,0.5616928588531378,0,0,1,0
2024-02-10 04:00:00,4,5,1,Compute,250000,0.0,1.2084777530404724,2.6495554601191365,3.1492674389402726,1,0,0,0
2024-02-10 05:00:00,5,5,1,Web,100000,0.0,3.6680489215278844,0.0,0.0,0,0,0,1
2024-02-10 05:00:00,5,5,1,Database,150000,1.6385978376850643,2.166385185262102,2.9227753208899516,3.749932393797902,0,1,0,0
2024-02-10 05:00:00,5,5,1,Media,200000,0.5616928588531378,3.575321230782785,0.1788329801397075,0.0,0,0,1,0
2024-02-10 05:00:00,5,5,1,Compute,250000,3.1492674389402726,4.9522468454150905,4.521440006306445,6.89303653131489,1,0,0,0
2024-02-10 06:00:00,6,5,1,Web,100000,0.0,5.17131879273715,0.0,0.0,0,0,0,1
2024-02-10 06:00:00,6,5,1,Database,150000,3.749932393797902,3.301706750752438,0.2127732924848813,0.0,0,1,0,0
2024-02-10 06:00:00,6,5,1,Media,200000,0.0,1.2761563486976877,2.580527830277744,3.0383247959154875,0,0,1,0
2024-02-10 06:00:00,6,5,1,Compute,250000,6.89303653131489,5.016743694095115,4.553688430646457,6.957533379994914,1,0,0,0
2024-02-10 07:00:00,7,5,1,Web,100000,0.0,0.9691730479507122,2.221302324564256,2.3740990178045127,0,0,0,1
2024-02-10 07:00:00,7,5,1,Database,150000,0.0,1.7126177001493734,2.695891578333587,3.2961649086851734,0,1,0,0
2024-02-10 07:00:00,7,5,1,Media,200000,3.0383247959154875,0.07665464462137545,1.9807769782395879,1.8388230918391757,0,0,1,0
2024-02-10 07:00:00,7,5,1,Compute,250000,6.957533379994914,3.10323930194778,0.5177408722272101,0.0,1,0,0,0
2024-02-10 08:00:00,8,5,1,Web,100000,2.3740990178045127,1.494458984320338,1.0135302480309312,0.0,0,0,0,1
2024-02-10 08:00:00,8,5,1,Database,150000,3.2961649086851734,3.65977309954603,0.03374011808808519,0.0,0,1,0,0
2024-02-10 08:00:00,8,5,1,Media,200000,1.8388230918391757,3.8601738429328147,0.03640667406469267,0.0,0,0,1,0
2024-02-10 08:00:00,8,5,1,Compute,250000,0.0,1.2292906975614393,2.6599619323796198,3.170080383461239,1,0,0,0
2024-02-10 09:00:00,9,5,1,Web,100000,0.0,3.393577885866085,0.06397079725805743,0.0,0,0,0,1
2024-02-10 09:00:00,9,5,1,Database,150000,0.0,0.9827059597722841,2.3309357081450424,2.5662531683080845,0,1,0,0
2024-02-10 09:00:00,9,5,1,Media,200000,0.0,3.929512196265493,0.0017374973983534936,0.0,0,0,1,0
2024-02-10 09:00:00,9,5,1,Compute,250000,3.170080383461239,0.913192999952464,2.501913083575132,2.853982685852264,1,0,0,0
2024-02-10 10:00:00,10,5,1,Web,100000,0.0,1.4900916464910876,1.0157139169455562,0.0,0,0,0,1
2024-02-10 10:00:00,10,5,1,Database,150000,2.5662531683080845,4.243890540554134,3.961527998535967,5.827437749089934,0,1,0,0
2024-02-10 10:00:00,10,5,1,Media,200000,0.0,0.9952006263393949,2.4400499690985975,2.757369073557195,0,0,1,0
2024-02-10 10:00:00,10,5,1,Compute,250000,2.853982685852264,3.7313926185846245,3.9110128928912125,5.672182304484425,1,0,0,0
2024-02-10 11:00:00,11,5,1,Web,100000,0.0,2.2909840888777775,0.6152676957522112,0.0,0,0,0,1
2024-02-10 11:00:00,11,5,1,Database,150000,5.827437749089934,0.19247396033470185,1.9358197084262512,1.7760211688705019,0,1,0,0
2024-02-10 11:00:00,11,5,1,Media,200000,2.757369073557195,2.967305413951035,0.4828408885555826,0.0,0,0,1,0
2024-02-10 11:00:00,11,5,1,Compute,250000,5.672182304484425,1.2648596678354544,1.4369306892833729,0.7240178972687459,1,0,0,0
2024-02-10 12:00:00,12,5,1,Web,100000,0.0,0.8103566078360872,1.3555814362730563,0.642657241222113,0,0,0,1
2024-02-10 12:00:00,12,5,1,Database,150000,1.7760211688705019,2.2016186016636174,0.7628173670292915,0.0,0,1,0,0
2024-02-10 12:00:00,12,5,1,Media,200000,0.0,3.6705525161392853,0.13121733746145736,0.0,0,0,1,0
2024-02-10 12:00:00,12,5,1,Compute,250000,0.7240178972687459,4.264595910560159,0.0,0.0,1,0,0,0
2024-02-10 13:00:00,13,5,1,Web,100000,0.642657241222113,7.043288286724391,0.0,0.0,0,0,0,1
2024-02-10 13:00:00,13,5,1,Database,150000,0.0,3.1930833301125734,0.2670850028048135,0.0,0,1,0,0
2024-02-10 13:00:00,13,5,1,Media,200000,0.0,1.9065256296177335,2.8957124707377666,3.668694076835534,0,0,1,0
2024-02-10 13:00:00,13,5,1,Compute,250000,0.0,4.81953953564205,0.0,0.0,1,0,0,0
2024-02-10 14:00:00,14,5,1,Web,100000,0.0,4.128412478362115,0.0,0.0,0,0,0,1
2024-02-10 14:00:00,14,5,1,Database,150000,0.0,5.396739653300945,4.537952554909372,6.980286861836745,0,1,0,0
2024-02-10 14:00:00,14,5,1,Media,200000,3.668694076835534,1.933532089146962,0.9997275509576191,0.0,0,0,1,0
2024-02-10 14:00:00,14,5,1,Compute,250000,0.0,0.9871819670967074,2.5389075671472536,2.927971652996508,1,0,0,0
2024-02-10 15:00:00,15,5,1,Web,100000,0.0,1.950995379103684,2.712213490140742,3.355921348957484,0,0,0,1
2024-02-10 15:00:00,15,5,1,Database,150000,6.980286861836745,2.0116223289460406,2.845393892731921,3.5951695374818406,0,1,0,0
2024-02-10 15:00:00,15,5,1,Media,200000,0.0,4.59098663142638,0.0,0.0,0,0,1,0
2024-02-10 15:00:00,15,5,1,Compute,250000,2.927971652996508,0.7172229793006707,1.7107490335507647,1.2716545858035295,1,0,0,0
2024-02-10 16:00:00,16,5,1,Web,100000,3.355921348957484,4.878725748157376,0.0,0.0,0,0,0,1
2024-02-10 16:00:00,16,5,1,Database,150000,3.5951695374818406,7.362997516333171,5.521081486425485,8.946544724868971,0,1,0,0
2024-02-10 16:00:00,16,5,1,Media,200000,0.0,4.808669731649,0.0,0.0,0,0,1,0
2024-02-10 16:00:00,16,5,1,Compute,250000,1.2716545858035295,3.1675645962116605,0.4855782250952698,0.0,1,0,0,0
2024-02-10 17:00:00,17,5,1,Web,100000,0.0,3.145846504126714,0.187836488127743,0.0,0,0,0,1
2024-02-10 17:00:00,17,5,1,Database,150000,8.946544724868971,4.514025369770842,0.0,0.0,0,1,0,0
2024-02-10 17:00:00,17,5,1,Media,200000,0.0,4.081825668871836,3.983362490364818,5.843994116089636,0,0,1,0
2024-02-10 17:00:00,17,5,1,Compute,250000,0.0,7.291387642852688,5.691010405025244,9.232177328752488,1,0,0,0
2024-02-10 18:00:00,18,5,1,Web,100000,0.0,1.4512912975400523,1.035114091421074,0.001722551518148041,0,0,0,1
2024-02-10 18:00:00,18,5,1,Database,150000,0.0,3.98531338013543,0.0,0.0,0,1,0,0
2024-02-10 18:00:00,18,5,1,Media,200000,5.843994116089636,6.7348204357802635,0.0,0.0,0,0,1,0
2024-02-10 18:00:00,18,5,1,Compute,250000,9.232177328752488,0.7563700951685044,1.691175475616848,1.2325074699356957,1,0,0,0
2024-02-10 19:00:00,19,5,1,Web,100000,0.001722551518148041,0.9731402090865314,1.2741896356478342,0.47987363997166876,0,0,0,1
2024-02-10 19:00:00,19,5,1,Database,150000,0.0,1.9779323186826339,0.8746605085197834,0.0,0,1,0,0
2024-02-10 19:00:00,19,5,1,Media,200000,0.0,0.6881697015308852,2.2865345066943426,2.4503381487486853,0,0,1,0
2024-02-10 19:00:00,19,5,1,Compute,250000,1.2325074699356957,1.209563368048659,2.6500982676232296,3.150353053948459,1,0,0,0
2024-02-10 20:00:00,20,5,1,Web,100000,0.47987363997166876,0.993293713415902,2.2333626572968512,2.3982196832697023,0,0,0,1
2024-02-10 20:00:00,20,5,1,Database,150000,0.0,0.9724185555076615,1.3774173901072695,0.6592165322325385,0,1,0,0
2024-02-10 20:00:00,20,5,1,Media,200000,2.4503381487486853,3.3289094283249856,0.30203888136860724,0.0,0,0,1,0
2024-02-10 20:00:00,20,5,1,Compute,250000,3.150353053948459,2.0215432330223475,3.056088200110074,3.962332918922148,1,0,0,0
2024-02-10 21:00:00,21,5,1,Web,100000,2.3982196832697023,0.06158521786679136,1.7675084095222957,1.4665111877205916,0,0,0,1
2024-02-10 21:00:00,21,5,1,Database,150000,0.6592165322325385,2.6891165141061504,3.1841409853119753,4.27266372264195,0,1,0,0
2024-02-10 21:00:00,21,5,1,Media,200000,0.0,2.394270588018894,3.1395849499383472,4.156439035236694,0,0,1,0
2024-02-10 21:00:00,21,5,1,Compute,250000,3.962332918922148,4.289330146743547,0.0,0.0,1,0,0,0
2024-02-10 22:00:00,22,5,1,Web,100000,1.4665111877205916,4.32671056197501,0.0,0.0,0,0,0,1
2024-02-10 22:00:00,22,5,1,Database,150000,4.27266372264195,2.290666095823785,0.7182936199492076,0.0,0,1,0,0
2024-02-10 22:00:00,22,5,1,Media,200000,4.156439035236694,3.192840164474204,0.37007351329399807,0.0,0,0,1,0
2024-02-10 22:00:00,22,5,1,Compute,250000,0.0,2.289799267530502,3.190216217364151,4.230588953430303,1,0,0,0
2024-02-10 23:00:00,23,5,1,Web,100000,0.0,1.0779729675659533,2.2757022843718766,2.4828989374197534,0,0,0,1
2024-02-10 23:00:00,23,5,1,Database,150000,0.0,3.321595920958132,3.500380688737966,4.905143129493932,0,1,0,0
2024-02-10 23:00:00,23,5,1,Media,200000,0.0,1.2135043918349548,2.5492018518463775,2.9756728390527547,0,0,1,0
2024-02-10 23:00:00,23,5,1,Compute,250000,4.230588953430303,0.649992685222307,2.3703129262100537,2.590782371122107,1,0,0,0
2024-02-11 00:00:00,0,6,1,Web,100000,2.4828989374197534,3.6232332806347114,3.5483324409062558,5.028159250488512,0,0,0,1
2024-02-11 00:00:00,0,6,1,Database,150000,4.905143129493932,1.4332259588073455,2.5561957076625728,3.0167731673431453,0,1,0,0
2024-02-11 00:00:00,0,6,1,Media,200000,2.9756728390527547,0.2283468299153564,2.0566230708865785,1.9905152771331567,0,0,1,0
2024-02-11 00:00:00,0,6,1,Compute,250000,2.590782371122107,4.465403041394256,4.278018104296028,6.406192727294056,1,0,0,0
2024-02-11 01:00:00,1,6,1,Web,100000,5.028159250488512,0.3695865890605702,1.921509095119185,1.7745125589143704,0,0,0,1
2024-02-11 01:00:00,1,6,1,Database,150000,3.0167731673431453,0.937065754355965,1.3950937906831178,0.6945693333842351,0,1,0,0
2024-02-11 01:00:00,1,6,1,Media,200000,1.9905152771331567,2.5375137159351486,0.6977367375635257,0.0,0,0,1,0
2024-02-11 01:00:00,1,6,1,Compute,250000,6.406192727294056,2.1331203167384336,3.111876741968117,4.073910002638234,1,0,0,0
2024-02-11 02:00:00,2,6,1,Web,100000,1.7745125589143704,3.7351955651296067,3.6043135831537034,5.1401215349834075,0,0,0,1
2024-02-11 02:00:00,2,6,1,Database,150000,0.6945693333842351,0.1758061439024902,1.7757235959098552,1.4558289438377099,0,1,0,0
2024-02-11 02:00:00,2,6,1,Media,200000,0.0,3.9477908109417155,3.916345061399758,5.7099592581595155,0,0,1,0
2024-02-11 02:00:00,2,6,1,Compute,250000,4.073910002638234,5.934089035516928,0.0,0.0,1,0,0,0
2024-02-11 03:00:00,3,6,1,Web,100000,5.1401215349834075,0.1904040640259444,1.6655577081781279,1.2626097850322557,0,0,0,1
2024-02-11 03:00:00,3,6,1,Database,150000,1.4558289438377099,0.14432867591550858,1.791462329903346,1.4873064118246915,0,1,0,0
2024-02-11 03:00:00,3,6,1,Media,200000,5.7099592581595155,2.2050270568242407,0.8639800671189797,0.0,0,0,1,0
2024-02-11 03:00:00,3,6,1,Compute,250000,0.0,7.17562705354782,5.63313011037281,9.11641673944762,1,0,0,0
2024-02-11 04:00:00,4,6,1,Web,100000,1.2626097850322557,0.22262183766848348,1.6494488213568583,1.2303920113897167,0,0,0,1
2024-02-11 04:00:00,4,6,1,Database,150000,1.4873064118246915,1.2472362544155,1.2400085406533503,0.38439883332470015,0,1,0,0
2024-02-11 04:00:00,4,6,1,Media,200000,0.0,0.10193027990271505,1.9934147958802577,1.8640987271205152,0,0,1,0
2024-02-11 04:00:00,4,6,1,Compute,250000,9.11641673944762,6.032485155179689,0.0,0.0,1,0,0,0
2024-02-11 05:00:00,5,6,1,Web,100000,1.2303920113897167,2.303647715636945,0.6089358823726274,0.0,0,0,0,1
2024-02-11 05:00:00,5,6,1,Database,150000,0.38439883332470015,2.9737638479384123,3.3264646522281067,4.557311056474212,0,1,0,0
2024-02-11 05:00:00,5,6,1,Media,200000,1.8640987271205152,1.9108800044005243,1.011053593330838,0.0,0,0,1,0
2024-02-11 05:00:00,5,6,1,Compute,250000,0.0,2.5106694280030144,0.8140258091995929,0.0,1,0,0,0
2024-02-11 06:00:00,6,6,1,Web,100000,0.0,3.952620849145401,3.7130262251616006,5.357546818999202,0,0,0,1
2024-02-11 06:00:00,6,6,1,Database,150000,4.557311056474212,4.044807142457687,3.861986299487744,5.628354350993487,0,1,0,0
2024-02-11 06:00:00,6,6,1,Media,200000,0.0,1.5750153560856255,2.7299573339717127,3.3371838033034256,0,0,1,0
2024-02-11 06:00:00,6,6,1,Compute,250000,0.0,1.3893959417182018,1.3746625523419993,0.5994816233859985,1,0,0,0
2024-02-11 07:00:00,7,6,1,Web,100000,5.357546818999202,0.7424571349511705,1.3895311727155146,0.7105567141070297,0,0,0,1
2024-02-11 07:00:00,7,6,1,Database,150000,5.628354350993487,2.436493824327077,0.6453797556975618,0.0,0,1,0,0
2024-02-11 07:00:00,7,6,1,Media,200000,3.3371838033034256,3.008363296688134,0.46231194718703295,0.0,0,0,1,0
2024-02-11 07:00:00,7,6,1,Compute,250000,0.5994816233859985,3.157293404527497,0.4907138209373516,0.0,1,0,0,0
2024-02-11 08:00:00,8,6,1,Web,100000,0.7105567141070297,1.8782071599578225,0.8216561602121888,0.0,0,0,0,1
2024-02-11 08:00:00,8,6,1,Database,150000,0.0,3.128206911656435,0.2995232120328828,0.0,0,1,0,0
2024-02-11 08:00:00,8,6,1,Media,200000,0.0,4.715159295231647,0.0,0.0,0,0,1,0
2024-02-11 08:00:00,8,6,1,Compute,250000,0.0,0.6822519488639172,2.3864425580308586,2.6230416347637173,1,0,0,0
2024-02-11 09:00:00,9,6,1,Web,100000,0.0,0.7278306822825112,2.1006311417301555,2.1327566521363117,0,0,0,1
2024-02-11 09:00:00,9,6,1,Database,150000,0.0,5.1264222148871506,4.402793835702475,6.70996942342295,0,1,0,0
2024-02-11 09:00:00,9,6,1,Media,200000,0.0,2.0290590446663077,0.9519640731979462,0.0,0,0,1,0
2024-02-11 09:00:00,9,6,1,Compute,250000,2.6230416347637173,0.9123457084720117,2.501489437834906,2.853135394371812,1,0,0,0
2024-02-11 10:00:00,10,6,1,Web,100000,2.1327566521363117,0.962181677426605,2.2178066393022027,2.367107647280405,0,0,0,1
2024-02-11 10:00:00,10,6,1,Database,150000,6.70996942342295,0.7855566229787992,1.4708483563717007,0.8460784647614008,0,1,0,0
2024-02-11 10:00:00,10,6,1,Media,200000,0.0,2.257044705851228,3.0709720088545143,4.019213153069028,0,0,1,0
2024-02-11 10:00:00,10,6,1,Compute,250000,2.853135394371812,2.349731500154343,3.220182333676072,4.290521186054144,1,0,0,0
2024-02-11 11:00:00,11,6,1,Web,100000,2.367107647280405,1.00627722519482,2.23985441318631,2.4112031950486204,0,0,0,1
2024-02-11 11:00:00,11,6,1,Database,150000,0.8460784647614008,0.7909630547455866,1.468145140488307,0.8406720329946135,0,1,0,0
2024-02-11 11:00:00,11,6,1,Media,200000,4.019213153069028,1.0966342652658052,1.4181764628981974,0.713622061156395,0,0,1,0
2024-02-11 11:00:00,11,6,1,Compute,250000,4.290521186054144,4.127305635993378,0.00570770520441144,0.0,1,0,0,0
2024-02-11 12:00:00,12,6,1,Web,100000,2.4112031950486204,2.441797275455275,0.5398611024634625,0.0,0,0,0,1
2024-02-11 12:00:00,12,6,1,Database,150000,0.8406720329946135,1.8900665113072639,0.9185934122074684,0.0,0,1,0,0
2024-02-11 12:00:00,12,6,1,Media,200000,0.713622061156395,3.395959226890502,0.2685139820858491,0.0,0,0,1,0
2024-02-11 12:00:00,12,6,1,Compute,250000,0.0,1.343815839665193,2.7172245034314964,3.2846055255649933,1,0,0,0
2024-02-11 13:00:00,13,6,1,Web,100000,0.0,3.61392754656323,3.543679573870515,5.01885351641703,0,0,0,1
2024-02-11 13:00:00,13,6,1,Database,150000,0.0,2.74823123658965,0.4895110495662751,0.0,0,1,0,0
2024-02-11 13:00:00,13,6,1,Media,200000,0.0,0.8743682468361115,2.379633779346956,2.6365366940539117,0,0,1,0
2024-02-11 13:00:00,13,6,1,Compute,250000,3.2846055255649933,3.1263773581913306,0.5061718441054348,0.0,1,0,0,0
2024-02-11 14:00:00,14,6,1,Web,100000,5.01885351641703,0.9388104524196864,1.2913545139812568,0.5142033966385138,0,0,0,1
2024-02-11 14:00:00,14,6,1,Database,150000,0.0,2.0950326771355274,0.8161103292933365,0.0,0,1,0,0
2024-02-11 14:00:00,14,6,1,Media,200000,2.6365366940539117,1.8297308854215246,2.8573150986396625,3.5918993326393247,0,0,1,0
2024-02-11 14:00:00,14,6,1,Compute,250000,0.0,2.0604084611287345,1.0391562926367328,0.0,1,0,0,0
2024-02-11 15:00:00,15,6,1,Web,100000,0.5142033966385138,3.05902518072214,3.26622839094997,4.463951150575941,0,0,0,1
2024-02-11 15:00:00,15,6,1,Database,150000,0.0,0.761206260588797,1.4830235375667018,0.870428827151403,0,1,0,0
2024-02-11 15:00:00,15,6,1,Media,200000,3.5918993326393247,1.9728550683866926,0.9800660613377539,0.0,0,0,1,0
2024-02-11 15:00:00,15,6,1,Compute,250000,0.0,3.783959726637689,0.1773806598822556,0.0,1,0,0,0
2024-02-11 16:00:00,16,6,1,Web,100000,4.463951150575941,0.7836574704882494,2.128544535833025,2.1885834403420494,0,0,0,1
2024-02-11 16:00:00,16,6,1,Database,150000,0.870428827151403,2.7096991462807405,3.194432301399271,4.2932463548165405,0,1,0,0
2024-02-11 16:00:00,16,6,1,Media,200000,0.0,0.8440077092128226,2.3644535105353115,2.6061761564306227,0,0,1,0
2024-02-11 16:00:00,16,6,1,Compute,250000,0.0,6.740538938845472,5.415586053021636,8.681328624745273,1,0,0,0
2024-02-11 17:00:00,17,6,1,Web,100000,2.1885834403420494,4.313406297013455,3.8934189490956275,5.718332266867256,0,0,0,1
2024-02-11 17:00:00,17,6,1,Database,150000,4.2932463548165405,0.9466272337532468,1.390313050984477,0.6850078539869533,0,1,0,0
2024-02-11 17:00:00,17,6,1,Media,200000,2.6061761564306227,0.9781262410234078,1.4774304750193963,0.8321300853987923,0,0,1,0
2024-02-11 17:00:00,17,6,1,Compute,250000,8.681328624745273,1.4331340980582596,2.76188363262803,3.37392378395806,1,0,0,0
2024-02-11 18:00:00,18,6,1,Web,100000,5.718332266867256,2.5381014808792552,0.4917089997514723,0.0,0,0,0,1
2024-02-11 18:00:00,18,6,1,Database,150000,0.6850078539869533,3.52290885919966,3.6010371578587304,5.1064560677354605,0,1,0,0
2024-02-11 18:00:00,18,6,1,Media,200000,0.8321300853987923,1.1088455051329513,2.496872408495376,2.8710139523507516,0,0,1,0
2024-02-11 18:00:00,18,6,1,Compute,250000,3.37392378395806,0.7934206721777983,2.4420269196877995,2.7342103580775987,1,0,0,0
2024-02-11 19:00:00,19,6,1,Web,100000,0.0,2.084904942914649,2.7791682720462245,3.4898309127684493,0,0,0,1
2024-02-11 19:00:00,19,6,1,Database,150000,5.1064560677354605,5.192533589709377,4.435849523113589,6.776080798245177,0,1,0,0
2024-02-11 19:00:00,19,6,1,Media,200000,2.8710139523507516,0.5369099961647156,2.210904654011258,2.2990784433825158,0,0,1,0
2024-02-11 19:00:00,19,6,1,Compute,250000,2.7342103580775987,0.3631650522163531,1.8877779970929236,1.6257125128878471,1,0,0,0
2024-02-11 20:00:00,20,6,1,Web,100000,3.4898309127684493,4.550202809569935,4.011817205373868,5.955128779423735,0,0,0,1
2024-02-11 20:00:00,20,6,1,Database,150000,6.776080798245177,2.9266951875756058,3.302930322046703,4.510242396111406,0,1,0,0
2024-02-11 20:00:00,20,6,1,Media,200000,2.2990784433825158,0.9869834607533668,1.4730018651544166,0.8232728656688333,0,0,1,0
2024-02-11 20:00:00,20,6,1,Compute,250000,1.6257125128878471,0.03960328557926025,2.06511822638853,1.9803929714790605,1,0,0,0
2024-02-11 21:00:00,21,6,1,Web,100000,5.955128779423735,0.6101866874185957,2.041809144298198,2.015112657272396,0,0,0,1
2024-02-11 21:00:00,21,6,1,Database,150000,4.510242396111406,1.1094827734171486,2.3943241149674748,2.6930299819529484,0,1,0,0
2024-02-11 21:00:00,21,6,1,Media,200000,0.8232728656688333,4.093843492419542,0.0,0.0,0,0,1,0
2024-02-11 21:00:00,21,6,1,Compute,250000,1.9803929714790605,4.651497763006881,0.0,0.0,1,0,0,0
2024-02-11 22:00:00,22,6,1,Web,100000,2.015112657272396,2.686214005609561,0.4176527373863195,0.0,0,0,0,1
2024-02-11 22:00:00,22,6,1,Database,150000,2.6930299819529484,2.9182592686362265,0.40449703354298694,0.0,0,1,0,0
2024-02-11 22:00:00,22,6,1,Media,200000,0.0,1.9555159815197076,0.9887356047712463,0.0,0,0,1,0
2024-02-11 22:00:00,22,6,1,Compute,250000,0.0,1.9281758658722128,3.0094045165350067,3.868965551772013,1,0,0,0
2024-02-11 23:00:00,23,6,1,Web,100000,0.0,0.530831408576415,1.4953440359028924,0.9221824404817852,0,0,0,1
2024-02-11 23:00:00,23,6,1,Database,150000,0.0,0.6132277546327648,2.1461966055752826,2.196774963168565,0,1,0,0
2024-02-11 23:00:00,23,6,1,Media,200000,0.0,3.696954169728985,0.11801651066660757,0.0,0,0,1,0
2024-02-11 23:00:00,23,6,1,Compute,250000,3.868965551772013,1.4089705483650354,1.3648752490185825,0.5799070167391649,1,0,0,0
2024-02-12 00:00:00,0,0,0,Web,100000,0.9221824404817852,1.7858169248367213,2.6296242630072606,3.1907428946905214,0,0,0,1
2024-02-12 00:00:00,0,0,0,Database,150000,2.196774963168565,1.8089013141326054,2.744033385325203,3.3924485226684054,0,1,0,0
2024-02-12 00:00:00,0,0,0,Media,200000,0.0,2.1977654241659237,0.8676108834481382,0.0,0,0,1,0
2024-02-12 00:00:00,0,0,0,Compute,250000,0.5799070167391649,0.5090310987408608,2.2998321329693305,2.449820784640661,1,0,0,0
2024-02-12 01:00:00,1,0,0,Web,100000,3.1907428946905214,6.620587500049196,5.047009550613498,8.025513469902997,0,0,0,1
2024-02-12 01:00:00,1,0,0,Database,150000,3.3924485226684054,0.07683772736911441,1.8252078041765432,1.5547973603710856,0,1,0,0
2024-02-12 01:00:00,1,0,0,Media,200000,0.0,2.103604778029536,0.914691206516332,0.0,0,0,1,0
2024-02-12 01:00:00,1,0,0,Compute,250000,2.449820784640661,0.5453311076886806,1.7966949693567598,1.4435464574155197,1,0,0,0
2024-02-12 02:00:00,2,0,0,Web,100000,8.025513469902997,0.30057526218269914,1.8870034316802495,1.7055012320364993,0,0,0,1
2024-02-12 02:00:00,2,0,0,Database,150000,1.5547973603710856,0.47754908167384813,1.6248521270241763,1.1540860060663518,0,1,0,0
2024-02-12 02:00:00,2,0,0,Media,200000,0.0,0.11810804163170538,1.9074395747152475,1.6921482847904947,0,0,1,0
2024-02-12 02:00:00,2,0,0,Compute,250000,1.4435464574155197,4.354384330412719,0.0,0.0,1,0,0,0
2024-02-12 03:00:00,3,0,0,Web,100000,1.7055012320364993,2.9119353648600534,0.3047920577610732,0.0,0,0,0,1
2024-02-12 03:00:00,3,0,0,Database,150000,1.1540860060663518,0.4720496508166926,1.627601842452754,1.1595854369235075,0,1,0,0
2024-02-12 03:00:00,3,0,0,Media,200000,1.6921482847904947,0.5198478496695101,1.7065696706963451,1.29040847675269,0,0,1,0
2024-02-12 03:00:00,3,0,0,Compute,250000,0.0,1.7226117641822019,1.2080546411099993,0.2662658009219985,1,0,0,0
2024-02-12 04:00:00,4,0,0,Web,100000,0.0,0.5550846978315108,1.4832173912753446,0.8979291512266894,0,0,0,1
2024-02-12 04:00:00,4,0,0,Database,150000,1.1595854369235075,0.20708850584481606,1.9431269811813083,1.7906357143806162,0,1,0,0
2024-02-12 04:00:00,4,0,0,Media,200000,1.29040847675269,2.692284309175776,3.288591810516788,4.454452756393576,0,0,1,0
2024-02-12 04:00:00,4,0,0,Compute,250000,0.2662658009219985,0.3216791452803527,1.9085209505609237,1.6671984198238476,1,0,0,0
2024-02-12 05:00:00,5,0,0,Web,100000,0.8979291512266894,1.2213535554969597,2.34739257833738,2.6262795253507596,0,0,0,1
2024-02-12 05:00:00,5,0,0,Database,150000,1.7906357143806162,1.6488448439039631,1.0392042459091186,0.0,0,1,0,0
2024-02-12 05:00:00,5,0,0,Media,200000,4.454452756393576,1.7403311103976458,2.812615211127723,3.5024995576154456,0,0,1,0
2024-02-12 05:00:00,5,0,0,Compute,250000,1.6671984198238476,1.1512348324392703,2.6209339998185355,3.0920245183390707,1,0,0,0
2024-02-12 06:00:00,6,0,0,Web,100000,2.6262795253507596,2.6214949491416584,3.0474632751597293,4.026420918995459,0,0,0,1
2024-02-12 06:00:00,6,0,0,Database,150000,0.0,2.1644253269356635,2.9217953917267323,3.7479725354714635,0,1,0,0
2024-02-12 06:00:00,6,0,0,Media,200000,3.5024995576154456,1.7902508082456385,2.8375750600517193,3.5524192554634384,0,0,1,0
2024-02-12 06:00:00,6,0,0,Compute,250000,3.0920245183390707,0.31929616557554075,1.9097124404133297,1.6695813995286595,1,0,0,0
2024-02-12 07:00:00,7,0,0,Web,100000,4.026420918995459,0.7588616207356045,2.116146610956702,2.1637875905894046,0,0,0,1
2024-02-12 07:00:00,7,0,0,Database,150000,3.7479725354714635,3.214570724956779,3.44686809073729,4.79811793349258,0,1,0,0
2024-02-12 07:00:00,7,0,0,Media,200000,3.5524192554634384,1.9802676478105832,0.9763597716258086,0.0,0,0,1,0
2024-02-12 07:00:00,7,0,0,Compute,250000,1.6695813995286595,1.9092672756927969,1.1147268853547017,0.07961028941140347,1,0,0,0
2024-02-12 08:00:00,8,0,0,Web,100000,2.1637875905894046,0.5683381334532859,2.020884867315543,1.9732641033070861,0,0,0,1
2024-02-12 08:00:00,8,0,0,Database,150000,4.79811793349258,1.2698830103985606,2.4745242334581805,2.8534302189343608,0,1,0,0
2024-02-12 08:00:00,8,0,0,Media,200000,0.0,2.4963634373942134,0.7183118768339933,0.0,0,0,1,0
2024-02-12 08:00:00,8,0,0,Compute,250000,0.07961028941140347,0.2483316298421251,1.9451947082800376,1.7405459352620751,1,0,0,0
2024-02-12 09:00:00,9,0,0,Web,100000,1.9732641033070861,0.3060402622885544,1.6077396090468228,1.1469735867696458,0,0,0,1
2024-02-12 09:00:00,9,0,0,Database,150000,2.8534302189343608,6.669884286412612,0.0,0.0,0,1,0,0
2024-02-12 09:00:00,9,0,0,Media,200000,0.0,0.6828259073784791,1.6250806418418606,1.127430419043721,0,0,1,0
2024-02-12 09:00:00,9,0,0,Compute,250000,1.7405459352620751,0.4959974381475989,1.8213618041273008,1.4928801269566014,1,0,0,0
2024-02-12 10:00:00,10,0,0,Web,100000,1.1469735867696458,0.5049227680712575,1.5082983561554713,0.9480910809869427,0,0,0,1
2024-02-12 10:00:00,10,0,0,Database,150000,0.0,4.2717867633340045,3.9754761099259026,5.855333971869804,0,1,0,0
2024-02-12 10:00:00,10,0,0,Media,200000,1.127430419043721,3.671438835128826,0.1307741779666871,0.0,0,0,1,0
2024-02-12 10:00:00,10,0,0,Compute,250000,1.4928801269566014,2.497911653216038,0.8204046965930811,0.0,1,0,0,0
2024-02-12 11:00:00,11,0,0,Web,100000,0.9480910809869427,7.860631334560202,0.0,0.0,0,0,0,1
2024-02-12 11:00:00,11,0,0,Database,150000,5.855333971869804,1.4667939381246222,1.1302296987987892,0.16484114961557794,0,1,0,0
2024-02-12 11:00:00,11,0,0,Media,200000,0.0,1.210974601980203,1.3610062945409986,0.5992817244419972,0,0,1,0
2024-02-12 11:00:00,11,0,0,Compute,250000,0.0,1.5539754686049687,1.2923727888986158,0.4349020964992316,1,0,0,0
2024-02-12 12:00:00,12,0,0,Web,100000,0.0,3.34707595805348,3.41025377961564,4.75200192790728,0,0,0,1
2024-02-12 12:00:00,12,0,0,Database,150000,0.16484114961557794,2.6058965066130892,3.1425309815654447,4.189443715148889,0,1,0,0
2024-02-12 12:00:00,12,0,0,Media,200000,0.5992817244419972,0.2576141124041124,2.0712567121309564,2.0197825596219126,0,0,1,0
2024-02-12 12:00:00,12,0,0,Compute,250000,0.4349020964992316,1.1358831002217868,1.5014189730902068,0.8529944648824135,1,0,0,0
2024-02-12 13:00:00,13,0,0,Web,100000,4.75200192790728,3.1026129439227916,3.288022272550296,4.507538913776592,0,0,0,1
2024-02-12 13:00:00,13,0,0,Database,150000,4.189443715148889,0.08331751910975489,1.8219679083062228,1.5483175686304451,0,1,0,0
2024-02-12 13:00:00,13,0,0,Media,200000,2.0197825596219126,2.4788540563575734,0.7270665673523133,0.0,0,0,1,0
2024-02-12 13:00:00,13,0,0,Compute,250000,0.8529944648824135,5.172789972055855,0.0,0.0,1,0,0,0
2024-02-12 14:00:00,14,0,0,Web,100000,4.507538913776592,1.347987421289248,1.086766029546476,0.10502642776895232,0,0,0,1
2024-02-12 14:00:00,14,0,0,Database,150000,1.5483175686304451,2.2879747911200257,2.983570123818913,3.871521999655826,0,1,0,0
2024-02-12 14:00:00,14,0,0,Media,200000,0.0,6.853660008231469,5.369279660044635,8.61582845544927,0,0,1,0
2024-02-12 14:00:00,14,0,0,Compute,250000,0.0,0.20887497817062775,2.149754072684214,2.149664664070428,1,0,0,0
2024-02-12 15:00:00,15,0,0,Web,100000,0.10502642776895232,2.320110484963113,0.6007044977095435,0.0,0,0,0,1
2024-02-12 15:00:00,15,0,0,Database,150000,3.871521999655826,3.5789395644548416,0.07415688563367939,0.0,0,1,0,0
2024-02-12 15:00:00,15,0,0,Media,200000,8.61582845544927,1.6799086285189964,2.7824039701883985,3.4420770757367967,0,0,1,0
2024-02-12 15:00:00,15,0,0,Compute,250000,2.149664664070428,5.317892096755005,0.0,0.0,1,0,0,0
2024-02-12 16:00:00,16,0,0,Web,100000,0.0,1.675079243816865,2.574255422497332,3.080005213670665,0,0,0,1
2024-02-12 16:00:00,16,0,0,Database,150000,0.0,2.4771787583909366,3.0781721074543684,4.060725966926737,0,1,0,0
2024-02-12 16:00:00,16,0,0,Media,200000,3.4420770757367967,1.3328822993007923,2.6088908055792963,3.0950507465185924,0,0,1,0
2024-02-12 16:00:00,16,0,0,Compute,250000,0.0,0.6830289554178722,1.727846045492164,1.305848609686328,1,0,0,0
2024-02-12 17:00:00,17,0,0,Web,100000,3.080005213670665,1.7188659002426439,2.596148750710222,3.123791870096444,0,0,0,1
2024-02-12 17:00:00,17,0,0,Database,150000,4.060725966926737,0.5368590529870999,2.1080122547524502,2.1204062615229002,0,1,0,0
2024-02-12 17:00:00,17,0,0,Media,200000,3.0950507465185924,2.3584154651839753,0.7872858629391124,0.0,0,0,1,0
2024-02-12 17:00:00,17,0,0,Compute,250000,1.305848609686328,5.5752809067272775,4.832957036962538,7.516070592627077,1,0,0,0
2024-02-12 18:00:00,18,0,0,Web,100000,3.123791870096444,1.0790820784337491,1.2212187009742255,0.37393177062445115,0,0,0,1
2024-02-12 18:00:00,18,0,0,Database,150000,2.1204062615229002,2.3513008409519283,3.0152331487348647,3.9348480494877283,0,1,0,0
2024-02-12 18:00:00,18,0,0,Media,200000,0.0,7.279886787689344,0.0,0.0,0,0,1,0
2024-02-12 18:00:00,18,0,0,Compute,250000,7.516070592627077,3.853456587944987,3.9720448775713937,5.794246273844787,1,0,0,0
2024-02-12 19:00:00,19,0,0,Web,100000,0.37393177062445115,4.430335173565946,3.951883387371873,5.835261143419746,0,0,0,1
2024-02-12 19:00:00,19,0,0,Database,150000,3.9348480494877283,0.11354530098211466,1.8963553787499576,1.6970925095179148,0,1,0,0
2024-02-12 19:00:00,19,0,0,Media,200000,0.0,1.7003570438154754,2.7926281778366375,3.4625254910332757,0,0,1,0
2024-02-12 19:00:00,19,0,0,Compute,250000,5.794246273844787,1.6995894844248884,2.895111325811344,3.640379170324689,1,0,0,0
2024-02-12 20:00:00,20,0,0,Web,100000,5.835261143419746,1.9523946485243728,0.7845624159289136,0.0,0,0,0,1
2024-02-12 20:00:00,20,0,0,Database,150000,1.6970925095179148,1.6654108559202208,2.6722881562190106,3.248958064456021,0,1,0,0
2024-02-12 20:00:00,20,0,0,Media,200000,3.4625254910332757,2.449935349219866,0.7415259209211671,0.0,0,0,1,0
2024-02-12 20:00:00,20,0,0,Compute,250000,3.640379170324689,1.8503147105381783,1.144203167932011,0.13856285456602202,1,0,0,0
2024-02-12 21:00:00,21,0,0,Web,100000,0.0,3.404873369239096,3.439152485208448,4.809799339092896,0,0,0,1
2024-02-12 21:00:00,21,0,0,Database,150000,3.248958064456021,2.948017011702808,3.313591234110304,4.531564220238608,0,1,0,0
2024-02-12 21:00:00,21,0,0,Media,200000,0.0,2.1431704459495777,0.8949083725563112,0.0,0,0,1,0
2024-02-12 21:00:00,21,0,0,Compute,250000,0.13856285456602202,2.2247729701053216,0.9569740381484393,0.0,1,0,0,0
2024-02-12 22:00:00,22,0,0,Web,100000,4.809799339092896,1.9608337469752166,0.7803428667034917,0.0,0,0,0,1
2024-02-12 22:00:00,22,0,0,Database,150000,4.531564220238608,2.221962638998672,2.9505640477582364,3.8055098475344726,0,1,0,0
2024-02-12 22:00:00,22,0,0,Media,200000,0.0,3.023998282033391,0.4544944545144045,0.0,0,0,1,0
2024-02-12 22:00:00,22,0,0,Compute,250000,0.0,1.0941818567100579,2.592407511953929,3.034971542609858,1,0,0,0
2024-02-12 23:00:00,23,0,0,Web,100000,0.0,2.2645843715050837,2.869007986341442,3.669510341358884,0,0,0,1
2024-02-12 23:00:00,23,0,0,Database,150000,3.8055098475344726,0.28878029048150033,1.71923652262035,1.3428547972586997,0,1,0,0
2024-02-12 23:00:00,23,0,0,Media,200000,0.0,3.054235030196983,3.469567171027392,4.8164034774147835,0,0,1,0
2024-02-12 23:00:00,23,0,0,Compute,250000,3.034971542609858,0.9369744480715773,1.6008732991653116,1.051903117032623,1,0,0,0
2024-02-13 00:00:00,0,1,0,Web,100000,3.669510341358884,0.6656107425839431,1.4279543688991283,0.787403106474257,0,0,0,1
2024-02-13 00:00:00,0,1,0,Database,150000,1.3428547972586997,2.9557826329977694,0.3857353513622155,0.0,0,1,0,0
2024-02-13 00:00:00,0,1,0,Media,200000,4.8164034774147835,3.0755759824628157,3.4802376471603083,4.837744429680616,0,0,1,0
2024-02-13 00:00:00,0,1,0,Compute,250000,1.051903117032623,2.323605280538811,0.9075578829316946,0.0,1,0,0,0
2024-02-13 01:00:00,1,1,0,Web,100000,0.787403106474257,1.0733593927473777,2.2733954969625887,2.478285362601178,0,0,0,1
2024-02-13 01:00:00,1,1,0,Database,150000,0.0,0.2379921409800043,1.744630597371098,1.3936429467601958,0,1,0,0
2024-02-13 01:00:00,1,1,0,Media,200000,4.837744429680616,3.182393128937188,0.3752970310625061,0.0,0,0,1,0
2024-02-13 01:00:00,1,1,0,Compute,250000,0.0,1.8513533710721624,1.143683837665019,0.13752419403203797,1,0,0,0
2024-02-13 02:00:00,2,1,0,Web,100000,2.478285362601178,4.1726606567244025,3.823046128951101,5.577586626578203,0,0,0,1
2024-02-13 02:00:00,2,1,0,Database,150000,1.3936429467601958,0.6290165675056415,2.154091012011721,2.2125637760414416,0,1,0,0
2024-02-13 02:00:00,2,1,0,Media,200000,0.0,3.0514949637027255,0.44074611367973726,0.0,0,0,1,0
2024-02-13 02:00:00,2,1,0,Compute,250000,0.13752419403203797,0.9400288016482755,2.515330984423038,2.880818487548076,1,0,0,0
2024-02-13 03:00:00,3,1,0,Web,100000,5.577586626578203,0.46238603438583536,1.5295667229981824,0.9906278146723648,0,0,0,1
2024-02-13 03:00:00,3,1,0,Database,150000,2.2125637760414416,10.386183146334744,7.0326743014262725,11.969730354870546,0,1,0,0
2024-02-13 03:00:00,3,1,0,Media,200000,0.0,0.8794154636290172,2.382157387743409,2.6415839108468173,0,0,1,0
2024-02-13 03:00:00,3,1,0,Compute,250000,2.880818487548076,1.1659184808012937,1.4864012828004534,0.8229590843029067,1,0,0,0
2024-02-13 04:00:00,4,1,0,Web,100000,0.9906278146723648,4.284127692963513,3.8787796470706564,5.689053662817313,0,0,0,1
2024-02-13 04:00:00,4,1,0,Database,150000,11.969730354870546,5.547152441480737,0.0,0.0,0,1,0,0
2024-02-13 04:00:00,4,1,0,Media,200000,2.6415839108468173,0.3070044087454923,2.0959518603016463,2.0691728559632923,0,0,1,0
2024-02-13 04:00:00,4,1,0,Compute,250000,0.8229590843029067,6.007329423645419,5.048981295421609,7.948119109545218,1,0,0,0
2024-02-13 05:00:00,5,1,0,Web,100000,5.689053662817313,0.37264179268146214,1.574438843850369,1.080372056376738,0,0,0,1
2024-02-13 05:00:00,5,1,0,Database,150000,0.0,5.223947073546436,0.0,0.0,0,1,0,0
2024-02-13 05:00:00,5,1,0,Media,200000,2.0691728559632923,1.2117978328339933,1.3605946791141035,0.5984584935882069,0,0,1,0
2024-02-13 05:00:00,5,1,0,Compute,250000,7.948119109545218,4.38759806247931,4.239115614838555,6.32838774837911,1,0,0,0
2024-02-13 06:00:00,6,1,0,Web,100000,1.080372056376738,1.1522527285645134,2.3128421648711566,2.557178698418314,0,0,0,1
2024-02-13 06:00:00,6,1,0,Database,150000,0.0,2.540612268139753,0.5933205337912237,0.0,0,1,0,0
2024-02-13 06:00:00,6,1,0,Media,200000,0.5984584935882069,2.079772361139272,0.926607414961464,0.0,0,0,1,0
2024-02-13 06:00:00,6,1,0,Compute,250000,6.32838774837911,1.7031447530516401,1.21778814667528,0.2857328120525602,1,0,0,0
2024-02-13 07:00:00,7,1,0,Web,100000,2.557178698418314,1.1076375917641885,2.2905345964709944,2.5125635616179887,0,0,0,1
2024-02-13 07:00:00,7,1,0,Database,150000,0.0,4.03863233841816,3.85889889746798,5.6221795469539595,0,1,0,0
2024-02-13 07:00:00,7,1,0,Media,200000,0.0,3.181312977999713,3.5331061449287566,4.943481425217513,0,0,1,0
2024-02-13 07:00:00,7,1,0,Compute,250000,0.2857328120525602,1.3920804859295854,2.7413568265636927,3.3328701718293856,1,0,0,0
2024-02-13 08:00:00,8,1,0,Web,100000,2.5125635616179887,4.01897821977465,0.0,0.0,0,0,0,1
2024-02-13 08:00:00,8,1,0,Database,150000,5.6221795469539595,4.007841481582524,0.0,0.0,0,1,0,0
2024-02-13 08:00:00,8,1,0,Media,200000,4.943481425217513,1.6238000032434903,2.7543496575506454,3.3859684504612906,0,0,1,0
2024-02-13 08:00:00,8,1,0,Compute,250000,3.3328701718293856,4.060457233400883,0.039131906500658786,0.0,1,0,0,0
2024-02-13 09:00:00,9,1,0,Web,100000,0.0,0.7007450028080128,1.4103872387870937,0.7522688462501874,0,0,0,1
2024-02-13 09:00:00,9,1,0,Database,150000,0.0,0.9364952781607309,2.3078303673392657,2.520042486696531,0,1,0,0
2024-02-13 09:00:00,9,1,0,Media,200000,3.3859684504612906,3.436825925690266,0.24808063268596703,0.0,0,0,1,0
2024-02-13 09:00:00,9,1,0,Compute,250000,0.0,3.0968309426787903,0.5209450518617049,0.0,1,0,0,0
2024-02-13 10:00:00,10,1,0,Web,100000,0.7522688462501874,0.30640713330565594,1.607556173538272,1.1466067157525441,0,0,0,1
2024-02-13 10:00:00,10,1,0,Database,150000,2.520042486696531,1.5349948021743616,2.6070801293460812,3.1185420107101613,0,1,0,0
2024-02-13 10:00:00,10,1,0,Media,200000,0.0,3.20860025084347,3.546749781350635,4.970768698061271,0,0,1,0
2024-02-13 10:00:00,10,1,0,Compute,250000,0.0,1.8452042439138556,2.967918705555828,3.785993929813656,1,0,0,0
2024-02-13 11:00:00,11,1,0,Web,100000,1.1466067157525441,0.2450137245787836,1.8592226628782917,1.6499396944325837,0,0,0,1
2024-02-13 11:00:00,11,1,0,Database,150000,3.1185420107101613,2.262628200273348,0.7323125677244262,0.0,0,1,0,0
2024-02-13 11:00:00,11,1,0,Media,200000,4.970768698061271,3.2367649271357575,0.3481111319632213,0.0,0,0,1,0
2024-02-13 11:00:00,11,1,0,Compute,250000,3.785993929813656,1.5566752045896428,1.2910229209062787,0.4322023605145575,1,0,0,0
2024-02-13 12:00:00,12,1,0,Web,100000,1.6499396944325837,1.2538506945439016,2.363641147860851,2.6587766643977018,0,0,0,1
2024-02-13 12:00:00,12,1,0,Database,150000,0.0,1.0339150594842288,2.3565402580010146,2.617462268020029,0,1,0,0
2024-02-13 12:00:00,12,1,0,Media,200000,0.0,6.323749896777568,0.0,0.0,0,0,1,0
2024-02-13 12:00:00,12,1,0,Compute,250000,0.4322023605145575,2.381075024404709,0.8788230109987456,0.0,1,0,0,0
2024-02-13 13:00:00,13,1,0,Web,100000,2.6587766643977018,3.6375665944206674,3.555499097799234,5.042492564274468,0,0,0,1
2024-02-13 13:00:00,13,1,0,Database,150000,2.617462268020029,0.2616890830146183,1.9704272697662095,1.8452362915504184,0,1,0,0
2024-02-13 13:00:00,13,1,0,Media,200000,0.0,4.275070678911158,0.0,0.0,0,0,1,0
2024-02-13 13:00:00,13,1,0,Compute,250000,0.0,7.091507484396654,5.591070325797228,9.032297170296454,1,0,0,0
2024-02-13 14:00:00,14,1,0,Web,100000,5.042492564274468,0.11086913654649393,1.705325171917853,1.3421447125117063,0,0,0,1
2024-02-13 14:00:00,14,1,0,Database,150000,1.8452362915504184,1.1770458175424239,2.428105637030112,2.760593026078224,0,1,0,0
2024-02-13 14:00:00,14,1,0,Media,200000,0.0,1.2226182077376035,2.553758759797702,2.9847866549554034,0,0,1,0
2024-02-13 14:00:00,14,1,0,Compute,250000,9.032297170296454,1.1268303380827582,1.5059453541597212,0.8620472270214421,1,0,0,0
2024-02-13 15:00:00,15,1,0,Web,100000,1.3421447125117063,2.2067649850663824,0.6573772476579087,0.0,0,0,0,1
2024-02-13 15:00:00,15,1,0,Database,150000,2.760593026078224,6.389068894800022,5.034117175658911,7.972616103335821,0,1,0,0
2024-02-13 15:00:00,15,1,0,Media,200000,2.9847866549554034,3.0336615484554517,3.459280430156626,4.795829995673252,0,0,1,0
2024-02-13 15:00:00,15,1,0,Compute,250000,0.8620472270214421,2.4898555429282294,3.290244355063015,4.43064522882803,1,0,0,0
2024-02-13 16:00:00,16,1,0,Web,100000,0.0,1.7529115147568322,2.6131715579673163,3.1578374846106323,0,0,0,1
2024-02-13 16:00:00,16,1,0,Database,150000,7.972616103335821,3.0339961106872537,0.34662861251747334,0.0,0,1,0,0
2024-02-13 16:00:00,16,1,0,Media,200000,4.795829995673252,3.8566345148230208,3.8707669133404106,5.618802962040821,0,0,1,0
2024-02-13 16:00:00,16,1,0,Compute,250000,4.43064522882803,2.5534419136374478,0.7926395663823762,0.0,1,0,0,0
2024-02-13 17:00:00,17,1,0,Web,100000,3.1578374846106323,0.8739043340541371,2.1736679676159687,2.278830303907937,0,0,0,1
2024-02-13 17:00:00,17,1,0,Database,150000,0.0,4.942213655995907,0.0,0.0,0,1,0,0
2024-02-13 17:00:00,17,1,0,Media,200000,5.618802962040821,6.146620491544759,0.0,0.0,0,0,1,0
2024-02-13 17:00:00,17,1,0,Compute,250000,0.0,0.9789175475615441,2.5347753573796723,2.9197072334613443,1,0,0,0
2024-02-13 18:00:00,18,1,0,Web,100000,2.278830303907937,2.451341741186924,0.5350888695976379,0.0,0,0,0,1
2024-02-13 18:00:00,18,1,0,Database,150000,0.0,5.99154665349402,0.0,0.0,0,1,0,0
2024-02-13 18:00:00,18,1,0,Media,200000,0.0,1.6458724484434268,2.7653858801506135,3.4080408956612267,0,0,1,0
2024-02-13 18:00:00,18,1,0,Compute,250000,2.9197072334613443,6.384286252754568,5.237459709976184,8.325075938654368,1,0,0,0
2024-02-13 19:00:00,19,1,0,Web,100000,0.0,4.1927247153423854,3.8330781582600926,5.597650685196186,0,0,0,1
2024-02-13 19:00:00,19,1,0,Database,150000,0.0,0.7959975953992174,1.4656278701614915,0.8356374923409826,0,1,0,0
2024-02-13 19:00:00,19,1,0,Media,200000,3.4080408956612267,0.05057985969303716,1.9677395857754187,1.8127483069108372,0,0,1,0
2024-02-13 19:00:00,19,1,0,Compute,250000,8.325075938654368,2.6871627099539395,3.38889793857587,4.62795239585374,1,0,0,0
2024-02-13 20:00:00,20,1,0,Web,100000,5.597650685196186,3.39042799910692,3.43192980014236,4.79535396896072,0,0,0,1
2024-02-13 20:00:00,20,1,0,Database,150000,0.8356374923409826,1.0546510960792963,1.336301119821452,0.5769839916609039,0,1,0,0
2024-02-13 20:00:00,20,1,0,Media,200000,1.8127483069108372,0.1265770867759229,2.0057381993168617,1.8887455339937231,0,0,1,0
2024-02-13 20:00:00,20,1,0,Compute,250000,4.62795239585374,0.9258883598958093,2.508260763546805,2.8666780457956094,1,0,0,0
2024-02-13 21:00:00,21,1,0,Web,100000,4.79535396896072,1.6856729004386957,2.5795522508082476,3.090598870292496,0,0,0,1
2024-02-13 21:00:00,21,1,0,Database,150000,0.5769839916609039,0.42327326563600076,1.6519900350430998,1.2083618221041994,0,1,0,0
2024-02-13 21:00:00,21,1,0,Media,200000,1.8887455339937231,0.38429967480843275,1.7743437581268837,1.4259566516137674,0,0,1,0
2024-02-13 21:00:00,21,1,0,Compute,250000,2.8666780457956094,4.163540928865365,4.127087048031583,6.104330614765165,1,0,0,0
2024-02-13 22:00:00,22,1,0,Web,100000,3.090598870292496,3.6526060469308583,3.5630188240543292,5.057532016784659,0,0,0,1
2024-02-13 22:00:00,22,1,0,Database,150000,1.2083618221041994,1.456275659910465,2.5677205582141327,3.039822868446265,0,1,0,0
2024-02-13 22:00:00,22,1,0,Media,200000,1.4259566516137674,5.181371149670986,4.533135230764393,6.943539596888786,0,0,1,0
2024-02-13 22:00:00,22,1,0,Compute,250000,6.104330614765165,1.1833812262814511,1.4776699100603747,0.8054963388227492,1,0,0,0
2024-02-13 23:00:00,23,1,0,Web,100000,5.057532016784659,4.892964285490342,4.18319794333407,6.297890255344141,0,0,0,1
2024-02-13 23:00:00,23,1,0,Database,150000,3.039822868446265,1.6515902702088516,2.665377863363326,3.235137478744652,0,1,0,0
2024-02-13 23:00:00,23,1,0,Media,200000,6.943539596888786,9.837122306245968,6.861010809051884,11.59929075346377,0,0,1,0
2024-02-13 23:00:00,23,1,0,Compute,250000,0.8054963388227492,3.601489719949633,0.2686156632262835,0.0,1,0,0,0
2024-02-14 00:00:00,0,2,0,Web,100000,6.297890255344141,2.0920796962542245,0.7147198920639877,0.0,0,0,0,1
2024-02-14 00:00:00,0,2,0,Database,150000,3.235137478744652,1.280437424203843,2.4798014403608217,2.863984632739643,0,1,0,0
2024-02-14 00:00:00,0,2,0,Media,200000,11.59929075346377,1.2157460985391757,2.550322705198488,2.977914545756976,0,0,1,0
2024-02-14 00:00:00,0,2,0,Compute,250000,0.0,5.874460892127256,4.982547029662528,7.815250578027055,1,0,0,0
2024-02-14 01:00:00,1,2,0,Web,100000,0.0,2.0291679895008015,0.7461757454406992,0.0,0,0,0,1
2024-02-14 01:00:00,1,2,0,Database,150000,2.863984632739643,2.738799495683853,3.208982476100827,4.322346704219653,0,1,0,0
2024-02-14 01:00:00,1,2,0,Media,200000,2.977914545756976,3.5114329536481867,3.6981661327529936,5.273601400865987,0,0,1,0
2024-02-14 01:00:00,1,2,0,Compute,250000,7.815250578027055,2.1379874362641424,3.1143103017309715,4.078777122163943,1,0,0,0
2024-02-14 02:00:00,2,2,0,Web,100000,0.0,2.90703296537516,0.30724325750352,0.0,0,0,0,1
2024-02-14 02:00:00,2,2,0,Database,150000,4.322346704219653,4.247320355364795,3.9632429059412972,5.830867563900594,0,1,0,0
2024-02-14 02:00:00,2,2,0,Media,200000,5.273601400865987,3.712018733548441,3.7984590227031205,5.474187180766242,0,0,1,0
2024-02-14 02:00:00,2,2,0,Compute,250000,4.078777122163943,1.8227974989733322,2.956715333085566,3.763587184873132,1,0,0,0
2024-02-14 03:00:00,3,2,0,Web,100000,0.0,0.6370870012290624,2.055259301203431,2.0420129710828627,0,0,0,1
2024-02-14 03:00:00,3,2,0,Database,150000,5.830867563900594,0.7023679697353138,2.1907667131265574,2.285915178271114,0,1,0,0
2024-02-14 03:00:00,3,2,0,Media,200000,5.474187180766242,0.26025131632033316,1.8363679373709334,1.550005010101867,0,0,1,0
2024-02-14 03:00:00,3,2,0,Compute,250000,3.763587184873132,1.9463993423601256,3.018516254778963,3.8871890282599257,1,0,0,0
2024-02-14 04:00:00,4,2,0,Web,100000,2.0420129710828627,0.11744849843713266,1.7954400498074663,1.5223744682909328,0,0,0,1
2024-02-14 04:00:00,4,2,0,Database,150000,2.285915178271114,2.5696188656601238,0.5788172350310383,0.0,0,1,0,0
2024-02-14 04:00:00,4,2,0,Media,200000,1.550005010101867,3.1698188740849758,0.38158415848861216,0.0,0,0,1,0
2024-02-14 04:00:00,4,2,0,Compute,250000,3.8871890282599257,2.2801527005590763,0.929284172921562,0.0,1,0,0,0
2024-02-14 05:00:00,5,2,0,Web,100000,1.5223744682909328,0.6904406672505553,2.081936134214178,2.0953666371043553,0,0,0,1
2024-02-14 05:00:00,5,2,0,Database,150000,0.0,0.10491144890782196,1.8111709434071892,1.5267236388323782,0,1,0,0
2024-02-14 05:00:00,5,2,0,Media,200000,0.0,0.6700753194684477,2.277487315663124,2.432243766686248,0,0,1,0
2024-02-14 05:00:00,5,2,0,Compute,250000,0.0,1.5264833402405331,2.8085582537191667,3.467273026140333,1,0,0,0
2024-02-14 06:00:00,6,2,0,Web,100000,2.0953666371043553,1.906006717352837,0.8077563815146815,0.0,0,0,0,1
2024-02-14 06:00:00,6,2,0,Database,150000,1.5267236388323782,4.421024444638244,4.050094950578022,6.004571653174043,0,1,0,0
2024-02-14 06:00:00,6,2,0,Media,200000,2.432243766686248,0.8271764207446232,1.5529053851587884,0.983079905677577,0,0,1,0
2024-02-14 06:00:00,6,2,0,Compute,250000,3.467273026140333,1.324324893946727,1.4071980762277367,0.6645526711574734,1,0,0,0
2024-02-14 07:00:00,7,2,0,Web,100000,0.0,1.4712026515995573,2.4723171263886785,2.8761286214533577,0,0,0,1
2024-02-14 07:00:00,7,2,0,Database,150000,6.004571653174043,5.533574546727419,0.0,0.0,0,1,0,0
2024-02-14 07:00:00,7,2,0,Media,200000,0.983079905677577,2.3956472887709577,0.7686699511456212,0.0,0,0,1,0
2024-02-14 07:00:00,7,2,0,Compute,250000,0.6645526711574734,2.967262335677699,3.52894775143775,4.908052021577499,1,0,0,0
2024-02-14 08:00:00,8,2,0,Web,100000,2.8761286214533577,5.236309726788533,0.0,0.0,0,0,0,1
2024-02-14 08:00:00,8,2,0,Database,150000,0.0,3.3767665304016674,3.527965993459734,4.960313738937468,0,1,0,0
2024-02-14 08:00:00,8,2,0,Media,200000,0.0,4.557453638679605,4.221176475268702,6.319622085897405,0,0,1,0
2024-02-14 08:00:00,8,2,0,Compute,250000,4.908052021577499,1.132409953073445,1.5031555466643778,0.8564676120307553,1,0,0,0
2024-02-14 09:00:00,9,2,0,Web,100000,0.0,0.8994822418811302,2.186456921529465,2.3044082117349305,0,0,0,1
2024-02-14 09:00:00,9,2,0,Database,150000,4.960313738937468,3.3813051941552796,3.53023532533654,4.96485240269108,0,1,0,0
2024-02-14 09:00:00,9,2,0,Media,200000,6.319622085897405,1.4244115037327592,1.2542878436647205,0.3858448226894411,0,0,1,0
2024-02-14 09:00:00,9,2,0,Compute,250000,0.8564676120307553,2.6273705011807444,3.3590018341892725,4.568160187080545,1,0,0,0
2024-02-14 10:00:00,10,2,0,Web,100000,2.3044082117349305,2.0374903249942147,0.7420145776939926,0.0,0,0,0,1
2024-02-14 10:00:00,10,2,0,Database,150000,4.96485240269108,1.456850819601738,1.1352012580602313,0.17478426813846215,0,1,0,0
2024-02-14 10:00:00,10,2,0,Media,200000,0.3858448226894411,2.422053332577121,0.7554669292425396,0.0,0,0,1,0
2024-02-14 10:00:00,10,2,0,Compute,250000,4.568160187080545,1.0519855371866103,2.5713093521922055,2.9927752230864106,1,0,0,0
2024-02-14 11:00:00,11,2,0,Web,100000,0.0,3.497951097298848,3.485691349238324,4.902877067152648,0,0,0,1
2024-02-14 11:00:00,11,2,0,Database,150000,0.17478426813846215,0.5763827359536928,1.5754352998842538,1.0552523517865073,0,1,0,0
2024-02-14 11:00:00,11,2,0,Media,200000,0.0,3.837791419339409,0.04759788586139546,0.0,0,0,1,0
2024-02-14 11:00:00,11,2,0,Compute,250000,2.9927752230864106,3.272164406462647,0.4332783199697765,0.0,1,0,0,0
2024-02-14 12:00:00,12,2,0,Web,100000,4.902877067152648,1.2078422037138212,2.3406369024458105,2.6127681735676216,0,0,0,1
2024-02-14 12:00:00,12,2,0,Database,150000,1.0552523517865073,5.556393179785008,4.617779318151404,7.139940388320808,0,1,0,0
2024-02-14 12:00:00,12,2,0,Media,200000,0.0,1.2052189375453926,2.5450591247015963,2.9673873847631924,0,0,1,0
2024-02-14 12:00:00,12,2,0,Compute,250000,0.0,1.184733591555958,1.476993727423121,0.8041439735482423,1,0,0,0
2024-02-14 13:00:00,13,2,0,Web,100000,2.6127681735676216,2.322595840153052,2.898013720665426,3.7275218100068526,0,0,0,1
2024-02-14 13:00:00,13,2,0,Database,150000,7.139940388320808,0.7425398463624391,1.4923567446798807,0.889095241377761,0,1,0,0
2024-02-14 13:00:00,13,2,0,Media,200000,2.9673873847631924,1.1588995916948193,1.3870437996836906,0.651356734727381,0,0,1,0
2024-02-14 13:00:00,13,2,0,Compute,250000,0.8041439735482423,2.8994212566879907,0.6196498948571048,0.0,1,0,0,0
2024-02-14 14:00:00,14,2,0,Web,100000,3.7275218100068526,4.249390472341267,3.8614110367595336,5.654316442195068,0,0,0,1
2024-02-14 14:00:00,14,2,0,Database,150000,0.889095241377761,7.641667692089191,0.0,0.0,0,1,0,0
2024-02-14 14:00:00,14,2,0,Media,200000,0.651356734727381,2.4176215404400074,3.151260426148904,4.1797899876578075,0,0,1,0
2024-02-14 14:00:00,14,2,0,Compute,250000,0.0,1.4152787529948108,1.3617211467036947,0.5735988121093896,1,0,0,0
2024-02-14 15:00:00,15,2,0,Web,100000,5.654316442195068,1.2550661339570381,1.1332266732125809,0.19794771510116216,0,0,0,1
2024-02-14 15:00:00,15,2,0,Database,150000,0.0,5.1009894079556375,4.390077432236719,6.684536616491437,0,1,0,0
2024-02-14 15:00:00,15,2,0,Media,200000,4.1797899876578075,2.166437216202354,0.883274987429923,0.0,0,0,1,0
2024-02-14 15:00:00,15,2,0,Compute,250000,0.5735988121093896,2.0642514016874305,1.0372348223573848,0.0,1,0,0,0
2024-02-14 16:00:00,16,2,0,Web,100000,0.19794771510116216,0.41522665636079104,1.5531464120107046,1.0377871926974092,0,0,0,1
2024-02-14 16:00:00,16,2,0,Database,150000,6.684536616491437,1.2655860970389148,2.4723757767783576,2.849133305574715,0,1,0,0
2024-02-14 16:00:00,16,2,0,Media,200000,0.0,1.3496112864808083,1.291687952290696,0.46064503994139194,0,0,1,0
2024-02-14 16:00:00,16,2,0,Compute,250000,0.0,4.745620731209857,0.0,0.0,1,0,0,0
2024-02-14 17:00:00,17,2,0,Web,100000,1.0377871926974092,2.621138482247496,0.450190499067352,0.0,0,0,0,1
2024-02-14 17:00:00,17,2,0,Database,150000,2.849133305574715,3.868045508995758,3.7736054827567793,5.451592717531558,0,1,0,0
2024-02-14 17:00:00,17,2,0,Media,200000,0.46064503994139194,0.24837430700873434,2.0666368094332674,2.0105427542265346,0,0,1,0
2024-02-14 17:00:00,17,2,0,Compute,250000,0.0,1.3773057907136663,2.7339694789557334,3.3180954766134665,1,0,0,0
2024-02-14 18:00:00,18,2,0,Web,100000,0.0,0.8083075611213127,1.3566059596304436,0.6447062879368874,0,0,0,1
2024-02-14 18:00:00,18,2,0,Database,150000,5.451592717531558,2.0025370281220085,0.862358153800096,0.0,0,1,0,0
2024-02-14 18:00:00,18,2,0,Media,200000,2.0105427542265346,5.056752289228434,4.470825800543117,6.818920736446233,0,0,1,0
2024-02-14 18:00:00,18,2,0,Compute,250000,3.3180954766134665,0.5886195107554419,1.7750507678233791,1.4002580543487584,1,0,0,0
2024-02-14 19:00:00,19,2,0,Web,100000,0.6447062879368874,1.3541535781835807,1.0836829510993096,0.09886027087461957,0,0,0,1
2024-02-14 19:00:00,19,2,0,Database,150000,0.0,3.312471038668219,3.49581824759301,4.896018247204019,0,1,0,0
2024-02-14 19:00:00,19,2,0,Media,200000,6.818920736446233,2.1911250162043556,0.8709310874289222,0.0,0,0,1,0
2024-02-14 19:00:00,19,2,0,Compute,250000,1.4002580543487584,1.8082259709241904,1.165247537739005,0.18065159418000998,1,0,0,0
2024-02-14 20:00:00,20,2,0,Web,100000,0.09886027087461957,0.05478399165289401,1.764107796415347,1.4597099615066942,0,0,0,1
2024-02-14 20:00:00,20,2,0,Database,150000,4.896018247204019,0.024854251866739105,1.8520098541922698,1.6084014604025392,0,1,0,0
2024-02-14 20:00:00,20,2,0,Media,200000,0.0,0.8028779833118431,2.3438886475848215,2.565046430529643,0,0,1,0
2024-02-14 20:00:00,20,2,0,Compute,250000,0.18065159418000998,6.299051207788664,5.194842187493232,8.239840893688465,1,0,0,0
2024-02-14 21:00:00,21,2,0,Web,100000,1.4597099615066942,1.0327886786593115,2.253110139918556,2.4377146485131114,0,0,0,1
2024-02-14 21:00:00,21,2,0,Database,150000,1.6084014604025392,7.1582058278546015,0.0,0.0,0,1,0,0
2024-02-14 21:00:00,21,2,0,Media,200000,2.565046430529643,1.0029407698968829,2.4439200408773414,2.765109217114683,0,0,1,0
2024-02-14 21:00:00,21,2,0,Compute,250000,8.239840893688465,0.13768392307099647,2.1141585451343983,2.0784736089707967,1,0,0,0
2024-02-14 22:00:00,22,2,0,Web,100000,2.4377146485131114,0.15439401265657296,1.8139128069171866,1.5593199825103732,0,0,0,1
2024-02-14 22:00:00,22,2,0,Database,150000,0.0,0.7618858677907121,2.220525662154256,2.345433076326512,0,1,0,0
2024-02-14 22:00:00,22,2,0,Media,200000,2.765109217114683,0.11007880262659812,1.911454194217801,1.700177523795602,0,0,1,0
2024-02-14 22:00:00,22,2,0,Compute,250000,2.0784736089707967,0.18188021876836702,1.9784204138169166,1.8069973463358333,1,0,0,0
2024-02-14 23:00:00,23,2,0,Web,100000,1.5593199825103732,1.8631765689145585,2.668304085046179,3.2681025387683587,0,0,0,1
2024-02-14 23:00:00,23,2,0,Database,150000,2.345433076326512,1.650286331185703,1.0384835022682488,0.0,0,1,0,0
2024-02-14 23:00:00,23,2,0,Media,200000,1.700177523795602,2.8671029465197266,0.5329421222712367,0.0,0,0,1,0
2024-02-14 23:00:00,23,2,0,Compute,250000,1.8069973463358333,9.095388297469373,6.593010732333587,11.036177983369175,1,0,0,0
2024-02-15 00:00:00,0,3,0,Web,100000,3.2681025387683587,2.1716162709459,0.6749516047181499,0.0,0,0,0,1
2024-02-15 00:00:00,0,3,0,Database,150000,0.0,0.32447267698242943,2.001819066750115,1.9080198855182295,0,1,0,0
2024-02-15 00:00:00,0,3,0,Media,200000,0.0,4.511024692228302,0.0,0.0,0,0,1,0
2024-02-15 00:00:00,0,3,0,Compute,250000,11.036177983369175,0.3734491847564657,2.232041175977133,2.3142388706562658,1,0,0,0
2024-02-15 01:00:00,1,3,0,Web,100000,0.0,2.823720591670205,0.3488994443559974,0.0,0,0,0,1
2024-02-15 01:00:00,1,3,0,Database,150000,1.9080198855182295,1.3514627681522329,1.1878952837849839,0.2801723195879673,0,1,0,0
2024-02-15 01:00:00,1,3,0,Media,200000,0.0,3.1592379369155714,3.522068624386686,4.9214063841333715,0,0,1,0
2024-02-15 01:00:00,1,3,0,Compute,250000,2.3142388706562658,1.4400726447364212,2.7653529059671107,3.380862330636221,1,0,0,0
2024-02-15 02:00:00,2,3,0,Web,100000,0.0,1.7292725133266573,2.6013520572522286,3.1341984831804575,0,0,0,1
2024-02-15 02:00:00,2,3,0,Database,150000,0.2801723195879673,5.337658454777789,0.0,0.0,0,1,0,0
2024-02-15 02:00:00,2,3,0,Media,200000,4.9214063841333715,5.534729449089238,4.709814380473519,7.296897896307038,0,0,1,0
2024-02-15 02:00:00,2,3,0,Compute,250000,3.380862330636221,3.599687872427825,0.2695165869871876,0.0,1,0,0,0
2024-02-15 03:00:00,3,3,0,Web,100000,3.1341984831804575,4.609726382483795,4.041578991830797,6.014652352337595,0,0,0,1
2024-02-15 03:00:00,3,3,0,Database,150000,0.0,3.0886755375466586,3.3839204970322294,4.672222746082459,0,1,0,0
2024-02-15 03:00:00,3,3,0,Media,200000,7.296897896307038,1.7560421649562403,2.8204707384070202,3.51821061217404,0,0,1,0
2024-02-15 03:00:00,3,3,0,Compute,250000,0.0,2.5889982823273443,0.7748613820374279,0.0,1,0,0,0
2024-02-15 04:00:00,4,3,0,Web,100000,6.014652352337595,0.4788134740607688,1.9761225376192844,1.883739443914569,0,0,0,1
2024-02-15 04:00:00,4,3,0,Database,150000,4.672222746082459,1.4368081715367795,1.1452225820927104,0.19482691620342063,0,1,0,0
2024-02-15 04:00:00,4,3,0,Media,200000,3.51821061217404,0.11116265411807544,1.998030982987938,1.8733311013358755,0,0,1,0
2024-02-15 04:00:00,4,3,0,Compute,250000,0.0,0.7736607168588796,1.6825301647716604,1.2152168482453205,1,0,0,0
2024-02-15 05:00:00,5,3,0,Web,100000,1.883739443914569,6.139875459319425,0.0,0.0,0,0,0,1
2024-02-15 05:00:00,5,3,0,Database,150000,0.19482691620342063,3.389396392555964,3.5342809245368825,4.972943601091764,0,1,0,0
2024-02-15 05:00:00,5,3,0,Media,200000,1.8733311013358755,0.2673654092502835,1.8328108909059584,1.5428909171719167,0,0,1,0
2024-02-15 05:00:00,5,3,0,Compute,250000,1.2152168482453205,1.4784451381089112,1.3301379541466445,0.5104324269952891,1,0,0,0
2024-02-15 06:00:00,6,3,0,Web,100000,0.0,1.7050256380915032,0.9082469211453484,0.0,0,0,0,1
2024-02-15 06:00:00,6,3,0,Database,150000,4.972943601091764,1.0994226687025046,2.3892940626101526,2.6829698772383046,0,1,0,0
2024-02-15 06:00:00,6,3,0,Media,200000,1.5428909171719167,2.7053129544856165,0.6138371182882918,0.0,0,0,1,0
2024-02-15 06:00:00,6,3,0,Compute,250000,0.5104324269952891,6.7895706150243305,0.0,0.0,1,0,0,0
2024-02-15 07:00:00,7,3,0,Web,100000,0.0,1.2454333492270284,2.3594324752024143,2.6503593190808283,0,0,0,1
2024-02-15 07:00:00,7,3,0,Database,150000,2.6829698772383046,1.581352933472665,2.630259194995233,3.164900142008465,0,1,0,0
2024-02-15 07:00:00,7,3,0,Media,200000,0.0,0.6229394136350986,1.6550238887135507,1.1873169127871015,0,0,1,0
2024-02-15 07:00:00,7,3,0,Compute,250000,0.0,3.4677525651722267,0.3354842406149867,0.0,1,0,0,0
2024-02-15 08:00:00,8,3,0,Web,100000,2.6503593190808283,0.290850562270056,1.882141081723928,1.6957765321238563,0,0,0,1
2024-02-15 08:00:00,8,3,0,Database,150000,3.164900142008465,4.417641044542966,0.0,0.0,0,1,0,0
2024-02-15 08:00:00,8,3,0,Media,200000,1.1873169127871015,3.1057357296651777,0.41362573069851116,0.0,0,0,1,0
2024-02-15 08:00:00,8,3,0,Compute,250000,0.0,2.2761377491146835,0.9312916486437584,0.0,1,0,0,0
2024-02-15 09:00:00,9,3,0,Web,100000,1.6957765321238563,2.555861152276868,3.014646376727334,3.9607871221306685,0,0,0,1
2024-02-15 09:00:00,9,3,0,Database,150000,0.0,1.1118767909129514,1.3076882724046246,0.5197582968272487,0,1,0,0
2024-02-15 09:00:00,9,3,0,Media,200000,0.0,1.3676431749315818,1.2826720080653091,0.4426131514906184,0,0,1,0
2024-02-15 09:00:00,9,3,0,Compute,250000,0.0,5.888121485835939,4.98937732651687,7.828911171735739,1,0,0,0
2024-02-15 10:00:00,10,3,0,Web,100000,3.9607871221306685,1.081431431168342,2.277431516173071,2.486357401022142,0,0,0,1
2024-02-15 10:00:00,10,3,0,Database,150000,0.5197582968272487,1.0410274710266783,2.3600964637722393,2.6245746795624783,0,1,0,0
2024-02-15 10:00:00,10,3,0,Media,200000,0.4426131514906184,1.1331461752285248,1.3999205079168378,0.6771101511936755,0,0,1,0
2024-02-15 10:00:00,10,3,0,Compute,250000,7.828911171735739,1.8131589425125332,1.1627810519448336,0.17571862259166715,1,0,0,0
2024-02-15 11:00:00,11,3,0,Web,100000,2.486357401022142,6.583263259653652,0.0,0.0,0,0,0,1
2024-02-15 11:00:00,11,3,0,Database,150000,2.6245746795624783,2.930265535372875,3.304715495945338,4.513812743908675,0,1,0,0
2024-02-15 11:00:00,11,3,0,Media,200000,0.6771101511936755,1.3689730568713374,2.6269361843645687,3.1311415040891375,0,0,1,0
2024-02-15 11:00:00,11,3,0,Compute,250000,0.17571862259166715,0.56154191924244,1.78858956357988,1.4273356458617603,1,0,0,0
2024-02-15 12:00:00,12,3,0,Web,100000,0.0,0.4357240451109672,1.5428977176356165,1.0172898039472331,0,0,0,1
2024-02-15 12:00:00,12,3,0,Database,150000,4.513812743908675,2.2324767263853653,2.955821091451583,3.8160239349211658,0,1,0,0
2024-02-15 12:00:00,12,3,0,Media,200000,3.1311415040891375,4.688174158841759,0.0,0.0,0,0,1,0
2024-02-15 12:00:00,12,3,0,Compute,250000,1.4273356458617603,1.7936879342636167,1.1725165560692918,0.1951896308405836,1,0,0,0
2024-02-15 13:00:00,13,3,0,Web,100000,1.0172898039472331,3.4329525282797912,0.04428347605120431,0.0,0,0,0,1
2024-02-15 13:00:00,13,3,0,Database,150000,3.8160239349211658,5.338571787062439,4.5088686217901195,6.922118995598239,0,1,0,0
2024-02-15 13:00:00,13,3,0,Media,200000,0.0,2.651010535162102,3.267954923509951,4.413178982379902,0,0,1,0
2024-02-15 13:00:00,13,3,0,Compute,250000,0.1951896308405836,6.632121863008293,0.0,0.0,1,0,0,0
2024-02-15 14:00:00,14,3,0,Web,100000,0.0,4.565328819522127,0.0,0.0,0,0,0,1
2024-02-15 14:00:00,14,3,0,Database,150000,6.922118995598239,0.42108095967465886,1.6530861880237708,1.2105541280655412,0,1,0,0
2024-02-15 14:00:00,14,3,0,Media,200000,4.413178982379902,1.4413645758194742,1.245811307621363,0.36889175060272605,0,0,1,0
2024-02-15 14:00:00,14,3,0,Compute,250000,0.0,3.997190563832865,0.07076524128466755,0.0,1,0,0,0
2024-02-15 15:00:00,15,3,0,Web,100000,0.0,5.8583306525536685,4.6658811268657345,7.263256622407468,0,0,0,1
2024-02-15 15:00:00,15,3,0,Database,150000,1.2105541280655412,0.9616636815499375,2.320414569033869,2.5452108900857375,0,1,0,0
2024-02-15 15:00:00,15,3,0,Media,200000,0.36889175060272605,1.4484929081914746,2.6666961100246374,3.2106613554092744,0,0,1,0
2024-02-15 15:00:00,15,3,0,Compute,250000,0.0,2.100088787298841,1.0193161295516795,0.0,1,0,0,0
2024-02-15 16:00:00,16,3,0,Web,100000,7.263256622407468,2.1908663811362072,2.8321489911570037,3.5957923509900076,0,0,0,1
2024-02-15 16:00:00,16,3,0,Database,150000,2.5452108900857375,1.1653422225482355,1.2809555565869826,0.46629286519196467,0,1,0,0
2024-02-15 16:00:00,16,3,0,Media,200000,3.2106613554092744,0.8740734607246982,1.529456865168751,0.936182865697502,0,0,1,0
2024-02-15 16:00:00,16,3,0,Compute,250000,0.0,1.8570498190779796,2.97384149313789,3.79783950497778,1,0,0,0
2024-02-15 17:00:00,17,3,0,Web,100000,3.5957923509900076,4.911036634783099,0.0,0.0,0,0,0,1
2024-02-15 17:00:00,17,3,0,Database,150000,0.46629286519196467,4.815127519155149,4.247146487836474,6.398674727690948,0,1,0,0
2024-02-15 17:00:00,17,3,0,Media,200000,0.936182865697502,0.5712115837738273,2.2280554478158137,2.3333800309916275,0,0,1,0
2024-02-15 17:00:00,17,3,0,Compute,250000,3.79783950497778,3.866876565943473,3.978754866570637,5.807666251843274,1,0,0,0
2024-02-15 18:00:00,18,3,0,Web,100000,0.0,3.250303209458655,0.13560813546177242,0.0,0,0,0,1
2024-02-15 18:00:00,18,3,0,Database,150000,6.398674727690948,2.793539311686779,0.4668570120177107,0.0,0,1,0,0
2024-02-15 18:00:00,18,3,0,Media,200000,2.3333800309916275,3.5097446044016363,0.2116212933302819,0.0,0,0,1,0
2024-02-15 18:00:00,18,3,0,Compute,250000,5.807666251843274,0.7749369575967165,2.4327850623972584,2.7157266434965166,1,0,0,0
2024-02-15 19:00:00,19,3,0,Web,100000,0.0,0.22199384535693825,1.8477127232673691,1.6269198152107385,0,0,0,1
2024-02-15 19:00:00,19,3,0,Database,150000,0.0,1.4172793972957416,1.1549869692132295,0.21435569044445857,0,1,0,0
2024-02-15 19:00:00,19,3,0,Media,200000,0.0,3.066251518258038,0.433367836402081,0.0,0,0,1,0
2024-02-15 19:00:00,19,3,0,Compute,250000,2.7157266434965166,3.823832748794727,0.15744414880373658,0.0,1,0,0,0
2024-02-15 20:00:00,20,3,0,Web,100000,1.6269198152107385,0.16949564101416795,1.676011919684016,1.2835182080440322,0,0,0,1
2024-02-15 20:00:00,20,3,0,Database,150000,0.21435569044445857,1.4208042783680004,1.1532245286771001,0.21083080937219978,0,1,0,0
2024-02-15 20:00:00,20,3,0,Media,200000,0.0,2.080864916676987,0.9260611371926066,0.0,0,0,1,0
2024-02-15 20:00:00,20,3,0,Compute,250000,0.0,4.665312397997029,4.377972782597414,6.606102083896829,1,0,0,0
2024-02-15 21:00:00,21,3,0,Web,100000,1.2835182080440322,0.2710209741804017,1.625249253100899,1.1819928748777984,0,0,0,1
2024-02-15 21:00:00,21,3,0,Database,150000,0.21083080937219978,3.8341727413829756,3.756669098950388,5.417719949918776,0,1,0,0
2024-02-15 21:00:00,21,3,0,Media,200000,0.0,1.6238004876502898,1.1545933517059552,0.1864558387719104,0,0,1,0
2024-02-15 21:00:00,21,3,0,Compute,250000,6.606102083896829,0.7583727909981706,2.4245029790979853,2.6991624768979707,1,0,0,0
2024-02-15 22:00:00,22,3,0,Web,100000,1.1819928748777984,0.1904719883712047,1.6655237460054977,1.2625418606869956,0,0,0,1
2024-02-15 22:00:00,22,3,0,Database,150000,5.417719949918776,5.116910868156569,0.0,0.0,0,1,0,0
2024-02-15 22:00:00,22,3,0,Media,200000,0.1864558387719104,4.309058858393938,4.096979085125869,6.071227305611738,0,0,1,0
2024-02-15 22:00:00,22,3,0,Compute,250000,2.6991624768979707,0.42950476069944765,1.8546081428513763,1.5593728044047526,1,0,0,0
2024-02-15 23:00:00,23,3,0,Web,100000,1.2625418606869956,2.2632985985010814,2.8683650998394405,3.6682245683548818,0,0,0,1
2024-02-15 23:00:00,23,3,0,Database,150000,0.0,2.2801301069868782,0.7235616143676611,0.0,0,1,0,0
2024-02-15 23:00:00,23,3,0,Media,200000,6.071227305611738,0.5185770843414939,1.707205053360353,1.2916792420807064,0,0,1,0
2024-02-15 23:00:00,23,3,0,Compute,250000,1.5593728044047526,2.624601019372264,0.7570600135149681,0.0,1,0,0,0
2024-02-16 00:00:00,0,4,0,Web,100000,3.6682245683548818,3.7320393878923803,3.6027354945350902,5.136965357746181,0,0,0,1
2024-02-16 00:00:00,0,4,0,Database,150000,0.0,0.9582719819542271,2.318718719236014,2.541819190490027,0,1,0,0
2024-02-16 00:00:00,0,4,0,Media,200000,1.2916792420807064,1.1252045196448646,2.5050519157513325,2.8873729668626646,0,0,1,0
2024-02-16 00:00:00,0,4,0,Compute,250000,0.0,4.0985963809171375,4.094614774057469,6.039386066816937,1,0,0,0
2024-02-16 01:00:00,1,4,0,Web,100000,5.136965357746181,3.493067830299269,3.4832497157385345,4.897993800153069,0,0,0,1
2024-02-16 01:00:00,1,4,0,Database,150000,2.541819190490027,2.320071548011056,2.999618502264428,3.903618756546856,0,1,0,0
2024-02-16 01:00:00,1,4,0,Media,200000,2.8873729668626646,4.289225980714589,0.0,0.0,0,0,1,0
2024-02-16 01:00:00,1,4,0,Compute,250000,6.039386066816937,2.1110812981522504,1.0138198741249749,0.0,1,0,0,0
2024-02-16 02:00:00,2,4,0,Web,100000,4.897993800153069,3.035708347636258,0.2429055663729709,0.0,0,0,0,1
2024-02-16 02:00:00,2,4,0,Database,150000,3.903618756546856,2.2066450204795975,2.942905238498699,3.790192229015398,0,1,0,0
2024-02-16 02:00:00,2,4,0,Media,200000,0.0,0.5359997648523542,2.210449538355077,2.2981682120701543,0,0,1,0
2024-02-16 02:00:00,2,4,0,Compute,250000,0.0,4.1955812404939845,0.0,0.0,1,0,0,0
2024-02-16 03:00:00,3,4,0,Web,100000,0.0,0.5902765786358826,1.4656214508731586,0.8627372704223176,0,0,0,1
2024-02-16 03:00:00,3,4,0,Database,150000,3.790192229015398,4.506380946758536,0.0,0.0,0,1,0,0
2024-02-16 03:00:00,3,4,0,Media,200000,2.2981682120701543,0.18351340381147965,1.8747368936253603,1.6267429226107204,0,0,1,0
2024-02-16 03:00:00,3,4,0,Compute,250000,0.0,4.990161451563755,0.0,0.0,1,0,0,0
2024-02-16 04:00:00,4,4,0,Web,100000,0.8627372704223176,1.6105264197560387,2.5419790104669193,3.015452389609839,0,0,0,1
2024-02-16 04:00:00,4,4,0,Database,150000,0.0,1.1579318177044207,2.4185486371111105,2.7414790262402207,0,1,0,0
2024-02-16 04:00:00,4,4,0,Media,200000,1.6267429226107204,5.747889419642845,4.816394365750322,7.510057866860644,0,0,1,0
2024-02-16 04:00:00,4,4,0,Compute,250000,0.0,2.567663808094227,3.329148487646014,4.508453493994027,1,0,0,0
2024-02-16 05:00:00,5,4,0,Web,100000,3.015452389609839,1.2927867070697083,1.1143663866562459,0.16022714198849197,0,0,0,1
2024-02-16 05:00:00,5,4,0,Database,150000,2.7414790262402207,2.478254219425658,3.0787098379717293,4.061801427961458,0,1,0,0
2024-02-16 05:00:00,5,4,0,Media,200000,7.510057866860644,4.2170355824377355,0.0,0.0,0,0,1,0
2024-02-16 05:00:00,5,4,0,Compute,250000,4.508453493994027,2.911461750645456,0.613629647878372,0.0,1,0,0,0
2024-02-16 06:00:00,6,4,0,Web,100000,0.16022714198849197,1.0234715358275301,2.248451568502665,2.42839750568133,0,0,0,1
2024-02-16 06:00:00,6,4,0,Database,150000,4.061801427961458,6.498792927845982,0.0,0.0,0,1,0,0
2024-02-16 06:00:00,6,4,0,Media,200000,0.0,0.1355262944038491,1.8987304483291756,1.6747300320183511,0,0,1,0
2024-02-16 06:00:00,6,4,0,Compute,250000,0.0,3.0848338159574618,0.5269436152223692,0.0,1,0,0,0
2024-02-16 07:00:00,7,4,0,Web,100000,2.42839750568133,0.3279651050619906,1.9006983531198953,1.7328910749157909,0,0,0,1
2024-02-16 07:00:00,7,4,0,Database,150000,0.0,3.25725301374399,0.23500016098910526,0.0,0,1,0,0
2024-02-16 07:00:00,7,4,0,Media,200000,1.6747300320183511,1.2967883519677663,2.590843831912783,3.0589567991855664,0,0,1,0
2024-02-16 07:00:00,7,4,0,Compute,250000,0.0,0.08202621060436885,2.0863296889010847,2.022815896504169,1,0,0,0
2024-02-16 08:00:00,8,4,0,Web,100000,1.7328910749157909,4.225141690246192,3.8492866457119956,5.630067660099991,0,0,0,1
2024-02-16 08:00:00,8,4,0,Database,150000,0.0,0.04424754190706636,1.8617064992124335,1.6277947504428665,0,1,0,0
2024-02-16 08:00:00,8,4,0,Media,200000,3.0589567991855664,2.329972354486599,0.8015074182878006,0.0,0,0,1,0
2024-02-16 08:00:00,8,4,0,Compute,250000,2.022815896504169,0.7647015070840487,1.6870097696590758,1.2241760580201515,1,0,0,0
2024-02-16 09:00:00,9,4,0,Web,100000,5.630067660099991,4.056753130652395,0.0,0.0,0,0,0,1
2024-02-16 09:00:00,9,4,0,Database,150000,1.6277947504428665,1.24245570371852,2.46081058011816,2.82600291225432,0,1,0,0
2024-02-16 09:00:00,9,4,0,Media,200000,0.0,1.7935946785480168,2.8392469952029087,3.555763125765817,0,0,1,0
2024-02-16 09:00:00,9,4,0,Compute,250000,1.2241760580201515,7.431632049680654,5.761132608439227,9.372421735580454,1,0,0,0
2024-02-16 10:00:00,10,4,0,Web,100000,0.0,1.8895519114154145,0.8159837844833928,0.0,0,0,0,1
2024-02-16 10:00:00,10,4,0,Database,150000,2.82600291225432,0.8274276606277481,1.449912837547226,0.804207427112452,0,1,0,0
2024-02-16 10:00:00,10,4,0,Media,200000,3.555763125765817,1.751319512916847,1.0908338390726766,0.05893681350535318,0,0,1,0
2024-02-16 10:00:00,10,4,0,Compute,250000,9.372421735580454,0.6603850429958722,2.375509105096836,2.6011747288956726,1,0,0,0
2024-02-16 11:00:00,11,4,0,Web,100000,0.0,1.169115543041041,2.3212735721094204,2.574041512894841,0,0,0,1
2024-02-16 11:00:00,11,4,0,Database,150000,0.804207427112452,0.18416847288773233,1.771542431417234,1.4474666148524677,0,1,0,0
2024-02-16 11:00:00,11,4,0,Media,200000,0.05893681350535318,3.2830216902212963,3.5839605010395483,5.045190137439096,0,0,1,0
2024-02-16 11:00:00,11,4,0,Compute,250000,2.6011747288956726,1.8749824508665325,1.131869297767834,0.11389511423766785,1,0,0,0
2024-02-16 12:00:00,12,4,0,Web,100000,2.574041512894841,2.982566083274336,3.227998842226068,4.3874920531281365,0,0,0,1
2024-02-16 12:00:00,12,4,0,Database,150000,1.4474666148524677,1.6395375005254476,2.659351478521624,3.2230847090612476,0,1,0,0
2024-02-16 12:00:00,12,4,0,Media,200000,5.045190137439096,0.06013369929903957,1.9364267458815803,1.7501226271231607,0,0,1,0
2024-02-16 12:00:00,12,4,0,Compute,250000,0.11389511423766785,0.9688538618736363,1.584933592264282,1.020023703230564,1,0,0,0
2024-02-16 13:00:00,13,4,0,Web,100000,4.3874920531281365,7.304047215796309,5.388739408487054,8.708973185650109,0,0,0,1
2024-02-16 13:00:00,13,4,0,Database,150000,3.2230847090612476,2.475069891828438,0.6260917219468811,0.0,0,1,0,0
2024-02-16 13:00:00,13,4,0,Media,200000,1.7501226271231607,0.917843470507444,2.401371391182622,2.680011917725244,0,0,1,0
2024-02-16 13:00:00,13,4,0,Compute,250000,1.020023703230564,2.2747011503285974,0.9320099480368014,0.0,1,0,0,0
2024-02-16 14:00:00,14,4,0,Web,100000,8.708973185650109,5.3809061854661175,4.427168893321959,6.785832155319918,0,0,0,1
2024-02-16 14:00:00,14,4,0,Database,150000,0.0,2.684522925999811,3.181844191258806,4.268070134535611,0,1,0,0
2024-02-16 14:00:00,14,4,0,Media,200000,2.680011917725244,2.059093576125632,0.9369468074682841,0.0,0,0,1,0
2024-02-16 14:00:00,14,4,0,Compute,250000,0.0,1.5618289198958852,2.8262310435468425,3.5026186057956856,1,0,0,0
2024-02-16 15:00:00,15,4,0,Web,100000,6.785832155319918,0.7971311034318661,2.1352813523048333,2.2020570732856664,0,0,0,1
2024-02-16 15:00:00,15,4,0,Database,150000,4.268070134535611,1.5739182255264164,1.0766675550978921,0.057716862213783804,0,1,0,0
2024-02-16 15:00:00,15,4,0,Media,200000,0.0,2.29853659128672,3.09171795157226,4.06070503850452,0,0,1,0
2024-02-16 15:00:00,15,4,0,Compute,250000,3.5026186057956856,1.1919601129154305,2.6412966400566154,3.1327497988152304,1,0,0,0
2024-02-16 16:00:00,16,4,0,Web,100000,2.2020570732856664,0.6711400812600568,2.0722858412189282,2.076066051113857,0,0,0,1
2024-02-16 16:00:00,16,4,0,Database,150000,0.057716862213783804,0.14980307332918627,1.7887251311965071,1.4818320144110138,0,1,0,0
2024-02-16 16:00:00,16,4,0,Media,200000,4.06070503850452,1.3172074174011537,2.601053364629477,3.079375864618954,0,0,1,0
2024-02-16 16:00:00,16,4,0,Compute,250000,3.1327497988152304,0.7122069240795783,2.401420045638689,2.6529966099793785,1,0,0,0
2024-02-16 17:00:00,17,4,0,Web,100000,2.076066051113857,0.201323938677252,1.837377769927526,1.6062499085310522,0,0,0,1
2024-02-16 17:00:00,17,4,0,Database,150000,1.4818320144110138,1.9470916875648905,0.8900808240786551,0.0,0,1,0,0
2024-02-16 17:00:00,17,4,0,Media,200000,3.079375864618954,5.105342661889678,4.495120986873738,6.867511109107477,0,0,1,0
2024-02-16 17:00:00,17,4,0,Compute,250000,2.6529966099793785,3.175303769647841,0.4817086383771796,0.0,1,0,0,0
2024-02-16 18:00:00,18,4,0,Web,100000,1.6062499085310522,1.306952596241435,2.3901920987096172,2.711878566095235,0,0,0,1
2024-02-16 18:00:00,18,4,0,Database,150000,0.0,0.9847661665064987,1.3712435846078508,0.6468689212337013,0,1,0,0
2024-02-16 18:00:00,18,4,0,Media,200000,6.867511109107477,5.3026857479500995,4.59379252990395,7.064854195167899,0,0,1,0
2024-02-16 18:00:00,18,4,0,Compute,250000,0.0,2.7344915512737216,0.7021147475642393,0.0,1,0,0,0
2024-02-16 19:00:00,19,4,0,Web,100000,2.711878566095235,2.229833724883196,0.645842877749502,0.0,0,0,0,1
2024-02-16 19:00:00,19,4,0,Database,150000,0.6468689212337013,2.933498129387676,0.3968776031672623,0.0,0,1,0,0
2024-02-16 19:00:00,19,4,0,Media,200000,7.064854195167899,0.9944390924540308,2.4396692021559154,2.756607539671831,0,0,1,0
2024-02-16 19:00:00,19,4,0,Compute,250000,0.0,4.143195918308126,0.0,0.0,1,0,0,0
2024-02-16 20:00:00,20,4,0,Web,100000,0.0,1.459629423875499,1.0309450282533505,0.0,0,0,0,1
2024-02-16 20:00:00,20,4,0,Database,150000,0.0,6.481141408165055,0.0,0.0,0,1,0,0
2024-02-16 20:00:00,20,4,0,Media,200000,2.756607539671831,0.7453080019864715,2.315103656922136,2.5074764492042716,0,0,1,0
2024-02-16 20:00:00,20,4,0,Compute,250000,0.0,1.5246885158709877,1.3070162652656063,0.4641890492332126,1,0,0,0
2024-02-16 21:00:00,21,4,0,Web,100000,0.0,4.488214171397759,0.0,0.0,0,0,0,1
2024-02-16 21:00:00,21,4,0,Database,150000,0.0,3.280872148524376,3.480018802521088,4.864419357060176,0,1,0,0
2024-02-16 21:00:00,21,4,0,Media,200000,2.5074764492042716,3.947044634757018,0.0,0.0,0,0,1,0
2024-02-16 21:00:00,21,4,0,Compute,250000,0.4641890492332126,2.414875009686846,3.252754088442323,4.355664695586646,1,0,0,0
2024-02-16 22:00:00,22,4,0,Web,100000,0.0,2.127166411565613,0.6971765344082934,0.0,0,0,0,1
2024-02-16 22:00:00,22,4,0,Database,150000,4.864419357060176,4.828758073288478,4.253961764903139,6.412305281824278,0,1,0,0
2024-02-16 22:00:00,22,4,0,Media,200000,0.0,2.2726955563806386,3.0787974341192195,4.034864003598439,0,0,1,0
2024-02-16 22:00:00,22,4,0,Compute,250000,4.355664695586646,3.048187552224284,0.5452667470889581,0.0,1,0,0,0
2024-02-16 23:00:00,23,4,0,Web,100000,0.0,2.7752915962331186,0.3731139420745406,0.0,0,0,0,1
2024-02-16 23:00:00,23,4,0,Database,150000,6.412305281824278,1.8406195552751299,2.759892505896465,3.4241667638109297,0,1,0,0
2024-02-16 23:00:00,23,4,0,Media,200000,4.034864003598439,0.8111783317327004,1.5609044296647498,0.9990779946894998,0,0,1,0
2024-02-16 23:00:00,23,4,0,Compute,250000,0.0,0.5320714606662966,1.8033247928679519,1.4568061044379035,1,0,0,0
2024-02-17 00:00:00,0,5,1,Web,100000,0.0,3.8407605249184935,3.657096063048147,5.245686494772293,0,0,0,1
2024-02-17 00:00:00,0,5,1,Database,150000,3.4241667638109297,2.2701105597120694,0.7285713880050655,0.0,0,1,0,0
2024-02-17 00:00:00,0,5,1,Media,200000,0.9990779946894998,0.29792525612856346,2.091412283993182,2.0600937033463635,0,0,1,0
2024-02-17 00:00:00,0,5,1,Compute,250000,1.4568061044379035,2.887927320559118,3.489280243878459,4.828717006458918,1,0,0,0
2024-02-17 01:00:00,1,5,1,Web,100000,5.245686494772293,2.451396404759001,2.9624140029684005,3.8563223746128013,0,0,0,1
2024-02-17 01:00:00,1,5,1,Database,150000,0.0,0.5028819421642174,1.6121856967789916,1.1287531455759825,0,1,0,0
2024-02-17 01:00:00,1,5,1,Media,200000,2.0600937033463635,0.8907615821601746,1.5211128044510127,0.9194947442620255,0,0,1,0
2024-02-17 01:00:00,1,5,1,Compute,250000,4.828717006458918,5.240490327164995,0.0,0.0,1,0,0,0
2024-02-17 02:00:00,2,5,1,Web,100000,3.8563223746128013,3.192778917597787,0.16437028139220633,0.0,0,0,0,1
2024-02-17 02:00:00,2,5,1,Database,150000,1.1287531455759825,0.9791216193264007,2.329143537922101,2.562668827862201,0,1,0,0
2024-02-17 02:00:00,2,5,1,Media,200000,0.9194947442620255,0.4376905064289086,1.7476483423166458,1.3725658199932915,0,0,1,0
2024-02-17 02:00:00,2,5,1,Compute,250000,0.0,0.24882517530087914,2.16972917124934,2.1896148612006794,1,0,0,0
2024-02-17 03:00:00,3,5,1,Web,100000,0.0,3.1418047685043815,3.3076181848410906,4.546730738358182,0,0,0,1
2024-02-17 03:00:00,3,5,1,Database,150000,2.562668827862201,3.586013266789023,0.0706200344665886,0.0,0,1,0,0
2024-02-17 03:00:00,3,5,1,Media,200000,1.3725658199932915,0.7325848463001499,1.6002011723810252,1.0776714801220502,0,0,1,0
2024-02-17 03:00:00,3,5,1,Compute,250000,2.1896148612006794,0.5901768298358531,2.340404998516827,2.5309665157356536,1,0,0,0
2024-02-17 04:00:00,4,5,1,Web,100000,4.546730738358182,2.136523752325748,0.692497864028226,0.0,0,0,0,1
2024-02-17 04:00:00,4,5,1,Database,150000,0.0,4.318475281384451,3.998820368951126,5.902022489920251,0,1,0,0
2024-02-17 04:00:00,4,5,1,Media,200000,1.0776714801220502,2.7498043444416425,3.3173518281497216,4.511972791659443,0,0,1,0
2024-02-17 04:00:00,4,5,1,Compute,250000,2.5309665157356536,0.8944439208684665,2.4925385440331334,2.835233606768267,1,0,0,0
2024-02-17 05:00:00,5,5,1,Web,100000,0.0,5.40673927758796,4.44008543938288,6.811665247441759,0,0,0,1
2024-02-17 05:00:00,5,5,1,Database,150000,5.902022489920251,4.520729778432627,0.0,0.0,0,1,0,0
2024-02-17 05:00:00,5,5,1,Media,200000,4.511972791659443,0.04722278291924532,1.9428822040714775,1.763033543502955,0,0,1,0
2024-02-17 05:00:00,5,5,1,Compute,250000,2.835233606768267,1.1230548464043832,2.606844006801092,3.0638445323041834,1,0,0,0
2024-02-17 06:00:00,6,5,1,Web,100000,6.811665247441759,2.767709079983966,0.3769052001991169,0.0,0,0,0,1
2024-02-17 06:00:00,6,5,1,Database,150000,0.0,0.9261875650553849,2.3026765107865925,2.509734773591185,0,1,0,0
2024-02-17 06:00:00,6,5,1,Media,200000,1.763033543502955,3.343791420965834,0.29459788504818296,0.0,0,0,1,0
2024-02-17 06:00:00,6,5,1,Compute,250000,3.0638445323041834,2.095715894424959,3.09317453081138,4.03650558032476,1,0,0,0
2024-02-17 07:00:00,7,5,1,Web,100000,0.0,3.1975482439889196,3.33548992258336,4.60247421384272,0,0,0,1
2024-02-17 07:00:00,7,5,1,Database,150000,2.509734773591185,0.841044142987185,2.260104799752493,2.4245913515229853,0,1,0,0
2024-02-17 07:00:00,7,5,1,Media,200000,0.0,5.582437384797037,0.0,0.0,0,0,1,0
2024-02-17 07:00:00,7,5,1,Compute,250000,4.03650558032476,2.9244245031003033,0.6071482716509484,0.0,1,0,0,0
2024-02-17 08:00:00,8,5,1,Web,100000,4.60247421384272,1.7181739492416825,2.5958027752097412,3.1230999190954827,0,0,0,1
2024-02-17 08:00:00,8,5,1,Database,150000,2.4245913515229853,0.0876398701392974,1.883402663328549,1.6711870786750975,0,1,0,0
2024-02-17 08:00:00,8,5,1,Media,200000,0.0,8.106051792679663,0.0,0.0,0,0,1,0
2024-02-17 08:00:00,8,5,1,Compute,250000,0.0,3.752535091206921,3.921584129202361,5.693324777106722,1,0,0,0
2024-02-17 09:00:00,9,5,1,Web,100000,3.1230999190954827,0.4340134583636971,1.9537225297707486,1.8389394282174973,0,0,0,1
2024-02-17 09:00:00,9,5,1,Database,150000,1.6711870786750975,2.481267931602335,0.6229927020599326,0.0,0,1,0,0
2024-02-17 09:00:00,9,5,1,Media,200000,0.0,3.0089107323021924,3.4469050220799966,4.771079179519993,0,0,1,0
2024-02-17 09:00:00,9,5,1,Compute,250000,5.693324777106722,2.0566639783228964,1.041028534039652,0.0,1,0,0,0
2024-02-17 10:00:00,10,5,1,Web,100000,1.8389394282174973,2.089400292414844,0.716059593983678,0.0,0,0,0,1
2024-02-17 10:00:00,10,5,1,Database,150000,0.0,1.0991018926443086,2.3891336745810543,2.6826491011801084,0,1,0,0
2024-02-17 10:00:00,10,5,1,Media,200000,4.771079179519993,5.367159317329085,4.626029314593442,7.129327764546884,0,0,1,0
2024-02-17 10:00:00,10,5,1,Compute,250000,0.0,4.894805473520859,4.492719320359329,6.8355951594206585,1,0,0,0
2024-02-17 11:00:00,11,5,1,Web,100000,0.0,1.10317843631452,2.28830501874616,2.50810440616832,0,0,0,1
2024-02-17 11:00:00,11,5,1,Database,150000,2.6826491011801084,1.4112009161531593,2.54518318633548,2.994748124688959,0,1,0,0
2024-02-17 11:00:00,11,5,1,Media,200000,7.129327764546884,2.398540735856675,3.1417200238572374,4.160709183074475,0,0,1,0
2024-02-17 11:00:00,11,5,1,Compute,250000,6.8355951594206585,3.7949949657102473,0.17186304034597644,0.0,1,0,0,0
2024-02-17 12:00:00,12,5,1,Web,100000,2.50810440616832,1.9564889510581476,2.714960276117974,3.3614149209119475,0,0,0,1
2024-02-17 12:00:00,12,5,1,Database,150000,2.994748124688959,2.2262643440327845,0.750494495844708,0.0,0,1,0,0
2024-02-17 12:00:00,12,5,1,Media,200000,4.160709183074475,0.979478139991942,2.4321887259248713,2.7416465872097424,0,0,1,0
2024-02-17 12:00:00,12,5,1,Compute,250000,0.0,0.706446822424212,1.716137111988994,1.2824307426799884,1,0,0,0
2024-02-17 13:00:00,13,5,1,Web,100000,3.3614149209119475,1.527668920944843,2.5005502610613215,2.932594890798643,0,0,0,1
2024-02-17 13:00:00,13,5,1,Database,150000,0.0,0.3783543346215803,2.0287598955696904,1.9619015431573805,0,1,0,0
2024-02-17 13:00:00,13,5,1,Media,200000,2.7416465872097424,9.2431347520661,0.0,0.0,0,0,1,0
2024-02-17 13:00:00,13,5,1,Compute,250000,1.2824307426799884,0.5607190747177418,2.325676120957771,2.501508760617542,1,0,0,0
2024-02-17 14:00:00,14,5,1,Web,100000,2.932594890798643,1.9505027964999881,2.7119671988388943,3.3554287663537883,0,0,0,1
2024-02-17 14:00:00,14,5,1,Database,150000,1.9619015431573805,1.361828984617561,2.5204972205676808,2.9453761931533613,0,1,0,0
2024-02-17 14:00:00,14,5,1,Media,200000,0.0,0.3318017782279389,1.8005927064171305,1.4784545481942613,0,0,1,0
2024-02-17 14:00:00,14,5,1,Compute,250000,2.501508760617542,4.9505290153934185,4.520581091295609,6.891318701293218,1,0,0,0
2024-02-17 15:00:00,15,5,1,Web,100000,3.3554287663537883,0.9581633269671833,2.215797464072492,2.3630892968209833,0,0,0,1
2024-02-17 15:00:00,15,5,1,Database,150000,2.9453761931533613,1.337063840181519,2.5081146483496597,2.920611048717319,0,1,0,0
2024-02-17 15:00:00,15,5,1,Media,200000,1.4784545481942613,3.1575196217539063,3.5212094668058533,4.919688068971706,0,0,1,0
2024-02-17 15:00:00,15,5,1,Compute,250000,6.891318701293218,1.1118229386919964,2.601228052944898,3.052612624591797,1,0,0,0
2024-02-17 16:00:00,16,5,1,Web,100000,2.3630892968209833,2.7180971998448107,0.4017111402686946,0.0,0,0,0,1
2024-02-17 16:00:00,16,5,1,Database,150000,2.920611048717319,7.339056180941067,0.0,0.0,0,1,0,0
2024-02-17 16:00:00,16,5,1,Media,200000,4.919688068971706,1.4554066456564445,1.238790272702878,0.35484968076575574,0,0,1,0
2024-02-17 16:00:00,16,5,1,Compute,250000,3.052612624591797,2.3068805172455495,3.198756842221675,4.24767020314535,1,0,0,0
2024-02-17 17:00:00,17,5,1,Web,100000,0.0,1.0833329338556175,1.2190932732632913,0.36968091520258284,0,0,0,1
2024-02-17 17:00:00,17,5,1,Database,150000,0.0,2.4275790564473883,3.0533722564825947,4.011126264983188,0,1,0,0
2024-02-17 17:00:00,17,5,1,Media,200000,0.35484968076575574,0.47022846736301893,2.1775638896104095,2.232396914580819,0,0,1,0
2024-02-17 17:00:00,17,5,1,Compute,250000,4.24767020314535,3.888242150388754,3.9894376587932774,5.8290318362885545,1,0,0,0
2024-02-17 18:00:00,18,5,1,Web,100000,0.36968091520258284,0.9096940609641834,1.3059127097090082,0.5433197880940168,0,0,0,1
2024-02-17 18:00:00,18,5,1,Database,150000,4.011126264983188,1.4268884193052642,2.5530269379115325,3.010435627841064,0,1,0,0
2024-02-17 18:00:00,18,5,1,Media,200000,2.232396914580819,1.5416991332082777,2.713299222533039,3.3038675804260778,0,0,1,0
2024-02-17 18:00:00,18,5,1,Compute,250000,5.8290318362885545,4.528849557495779,4.30974136234679,6.469639243395579,1,0,0,0
2024-02-17 19:00:00,19,5,1,Web,100000,0.5433197880940168,5.143955858605034,0.0,0.0,0,0,0,1
2024-02-17 19:00:00,19,5,1,Database,150000,3.010435627841064,1.399268763261673,1.1639922862302639,0.23236632447852723,0,1,0,0
2024-02-17 19:00:00,19,5,1,Media,200000,3.3038675804260778,2.5695922557677116,3.227245783812756,4.331760702985512,0,0,1,0
2024-02-17 19:00:00,19,5,1,Compute,250000,6.469639243395579,4.661733378938145,4.376183273067973,6.6025230648379445,1,0,0,0
2024-02-17 20:00:00,20,5,1,Web,100000,0.0,0.744258477528441,2.1088450393531204,2.1491844473822415,0,0,0,1
2024-02-17 20:00:00,20,5,1,Database,150000,0.23236632447852723,0.9021564328666608,1.41254845142777,0.7294786548735392,0,1,0,0
2024-02-17 20:00:00,20,5,1,Media,200000,4.331760702985512,2.2953990456255338,3.090149178741667,4.057567492843334,0,0,1,0
2024-02-17 20:00:00,20,5,1,Compute,250000,6.6025230648379445,2.630151965297249,3.3603925662475245,4.5709416511970495,1,0,0,0
2024-02-17 21:00:00,21,5,1,Web,100000,2.1491844473822415,1.1030289756041216,1.2092452523890391,0.3499848734540787,0,0,0,1
2024-02-17 21:00:00,21,5,1,Database,150000,0.7294786548735392,1.0149658761348388,2.3470656663263196,2.598513084670639,0,1,0,0
2024-02-17 21:00:00,21,5,1,Media,200000,4.057567492843334,3.565625726838108,3.7252625193479543,5.327794174055908,0,0,1,0
2024-02-17 21:00:00,21,5,1,Compute,250000,4.5709416511970495,5.695420919425556,4.893027043311678,7.636210605325355,1,0,0,0
2024-02-17 22:00:00,22,5,1,Web,100000,0.3499848734540787,2.2518588173080754,2.8626452092429377,3.6567847871618757,0,0,0,1
2024-02-17 22:00:00,22,5,1,Database,150000,2.598513084670639,0.15646062959897938,1.91781304305839,1.7400078381347794,0,1,0,0
2024-02-17 22:00:00,22,5,1,Media,200000,5.327794174055908,0.18626946771592462,1.8733588616731378,1.6239868587062756,0,0,1,0
2024-02-17 22:00:00,22,5,1,Compute,250000,7.636210605325355,1.6962336111830687,2.8934333891904345,3.6370232970828686,1,0,0,0
2024-02-17 23:00:00,23,5,1,Web,100000,3.6567847871618757,0.37106246704055046,1.5752285066708247,1.0819513820176496,0,0,0,1
2024-02-17 23:00:00,23,5,1,Database,150000,1.7400078381347794,0.5929654366693647,2.136065446593583,2.1765126452051646,0,1,0,0
2024-02-17 23:00:00,23,5,1,Media,200000,1.6239868587062756,3.1976727331948243,0.3676572289336879,0.0,0,0,1,0
2024-02-17 23:00:00,23,5,1,Compute,250000,3.6370232970828686,3.915215529075677,4.002924348136739,5.856005214975477,1,0,0,0
2024-02-18 00:00:00,0,6,1,Web,100000,1.0819513820176496,3.444598121048235,0.03846067966698241,0.0,0,0,0,1
2024-02-18 00:00:00,0,6,1,Database,150000,2.1765126452051646,1.320379220961238,1.2034370573804813,0.3112558667789622,0,1,0,0
2024-02-18 00:00:00,0,6,1,Media,200000,0.0,0.31682372215764143,2.1008615170077207,2.0789921693754416,0,0,1,0
2024-02-18 00:00:00,0,6,1,Compute,250000,5.856005214975477,5.997004579268117,5.043818873232958,7.937794265167916,1,0,0,0
2024-02-18 01:00:00,1,6,1,Web,100000,0.0,1.2920928941591823,1.114713293111509,0.16092095489901803,0,0,0,1
2024-02-18 01:00:00,1,6,1,Database,150000,0.3112558667789622,2.022091381483389,0.8525809771194057,0.0,0,1,0,0
2024-02-18 01:00:00,1,6,1,Media,200000,2.0789921693754416,1.6764946916035814,1.1282462497293095,0.1337616348186188,0,0,1,0
2024-02-18 01:00:00,1,6,1,Compute,250000,7.937794265167916,5.000735442436137,4.545684304816969,6.941525128335937,1,0,0,0
2024-02-18 02:00:00,2,6,1,Web,100000,0.16092095489901803,8.461084920120262,0.0,0.0,0,0,0,1
2024-02-18 02:00:00,2,6,1,Database,150000,0.0,3.0322579760479607,0.3474976798371199,0.0,0,1,0,0
2024-02-18 02:00:00,2,6,1,Media,200000,0.1337616348186188,8.217910067080854,6.051404689469328,9.980078514298656,0,0,1,0
2024-02-18 02:00:00,2,6,1,Compute,250000,6.941525128335937,1.7966901600771108,2.9436616636374557,3.737479845976911,1,0,0,0
2024-02-18 03:00:00,3,6,1,Web,100000,0.0,3.34199878761986,0.08976034638117003,0.0,0,0,0,1
2024-02-18 03:00:00,3,6,1,Database,150000,0.0,0.1497978861265146,1.788727724797843,1.4818372016136854,0,1,0,0
2024-02-18 03:00:00,3,6,1,Media,200000,9.980078514298656,0.22640763780578502,2.0556534748317925,1.9885760850235852,0,0,1,0
2024-02-18 03:00:00,3,6,1,Compute,250000,3.737479845976911,2.5624196773190175,3.326526422258409,4.503209363218818,1,0,0,0
2024-02-18 04:00:00,4,6,1,Web,100000,0.0,5.542549948069891,4.5079907746238455,6.947475917923692,0,0,0,1
2024-02-18 04:00:00,4,6,1,Database,150000,1.4818372016136854,1.1896989834398466,2.4344322199788238,2.7732461919756464,0,1,0,0
2024-02-18 04:00:00,4,6,1,Media,200000,1.9885760850235852,1.6434088486410825,1.144789171210559,0.16684747778111775,0,0,1,0
2024-02-18 04:00:00,4,6,1,Compute,250000,4.503209363218818,2.3852972658968126,3.2379652165473063,4.326086951796613,1,0,0,0
2024-02-18 05:00:00,5,6,1,Web,100000,6.947475917923692,2.1188020301907833,0.7013587250957083,0.0,0,0,0,1
2024-02-18 05:00:00,5,6,1,Database,150000,2.7732461919756464,3.124056427569288,0.30159845407645625,0.0,0,1,0,0
2024-02-18 05:00:00,5,6,1,Media,200000,0.16684747778111775,5.3037705554715355,0.0,0.0,0,0,1,0
2024-02-18 05:00:00,5,6,1,Compute,250000,4.326086951796613,4.719429123103403,0.0,0.0,1,0,0,0
2024-02-18 06:00:00,6,6,1,Web,100000,0.0,2.7133794079750158,0.40407003620359205,0.0,0,0,0,1
2024-02-18 06:00:00,6,6,1,Database,150000,0.0,3.557413242704813,0.08492004650869367,0.0,0,1,0,0
2024-02-18 06:00:00,6,6,1,Media,200000,0.0,0.9637535217263521,2.424326416792076,2.725921968944152,0,0,1,0
2024-02-18 06:00:00,6,6,1,Compute,250000,0.0,3.622249417074306,0.2582358146639472,0.0,1,0,0,0
2024-02-18 07:00:00,7,6,1,Web,100000,0.0,9.45504284567643,0.0,0.0,0,0,0,1
2024-02-18 07:00:00,7,6,1,Database,150000,0.0,3.1557792633705968,0.2857370361758018,0.0,0,1,0,0
2024-02-18 07:00:00,7,6,1,Media,200000,2.725921968944152,1.4396228827664581,1.2466821541478712,0.37063344365574213,0,0,1,0
2024-02-18 07:00:00,7,6,1,Compute,250000,0.0,1.8403924032180963,1.149164321592052,0.14848516188610406,1,0,0,0
2024-02-18 08:00:00,8,6,1,Web,100000,0.0,4.582617977529753,4.028024789353776,5.9875439473835534,0,0,0,1
2024-02-18 08:00:00,8,6,1,Database,150000,0.0,1.8646716174696505,0.9312908591262751,0.0,0,1,0,0
2024-02-18 08:00:00,8,6,1,Media,200000,0.37063344365574213,2.6668143291997937,3.275856820528797,4.428982776417594,0,0,1,0
2024-02-18 08:00:00,8,6,1,Compute,250000,0.14848516188610406,0.08099173864478512,2.0288646538787076,1.9078858264594152,1,0,0,0
2024-02-18 09:00:00,9,6,1,Web,100000,5.9875439473835534,0.1509581166199962,1.685280681881102,1.302055732438204,0,0,0,1
2024-02-18 09:00:00,9,6,1,Database,150000,0.0,2.530184806146311,0.5985342647879448,0.0,0,1,0,0
2024-02-18 09:00:00,9,6,1,Media,200000,4.428982776417594,0.20039189434450147,1.8662976483588494,1.6098644320776987,0,0,1,0
2024-02-18 09:00:00,9,6,1,Compute,250000,1.9078858264594152,2.3193323202944507,0.9096943630538747,0.0,1,0,0,0
2024-02-18 10:00:00,10,6,1,Web,100000,1.302055732438204,0.5341168823659115,2.003774241771856,1.9390428522197118,0,0,0,1
2024-02-18 10:00:00,10,6,1,Database,150000,0.0,0.7327928374732645,1.497230249124468,0.8988422502669355,0,1,0,0
2024-02-18 10:00:00,10,6,1,Media,200000,1.6098644320776987,2.8579277391770006,0.5375297259425997,0.0,0,0,1,0
2024-02-18 10:00:00,10,6,1,Compute,250000,0.0,2.999726958703986,3.545180062950893,4.940516644603786,1,0,0,0
2024-02-18 11:00:00,11,6,1,Web,100000,1.9390428522197118,1.304565379666476,2.388998490422138,2.709491349520276,0,0,0,1
2024-02-18 11:00:00,11,6,1,Database,150000,0.8988422502669355,1.3682321420289447,1.179510596846628,0.26340294571125544,0,1,0,0
2024-02-18 11:00:00,11,6,1,Media,200000,0.0,0.4605230807081301,2.172711196282965,2.2226915279259303,0,0,1,0
2024-02-18 11:00:00,11,6,1,Compute,250000,4.940516644603786,0.2755115041080909,1.9316047711470548,1.7133660609961092,1,0,0,0
2024-02-18 12:00:00,12,6,1,Web,100000,2.709491349520276,2.6268167513920213,0.4473513644950893,0.0,0,0,0,1
2024-02-18 12:00:00,12,6,1,Database,150000,0.26340294571125544,0.23553262666569152,1.957349041591746,1.8190798352014916,0,1,0,0
2024-02-18 12:00:00,12,6,1,Media,200000,2.2226915279259303,1.8870792040243234,1.0229539935189385,0.0,0,0,1,0
2024-02-18 12:00:00,12,6,1,Compute,250000,1.7133660609961092,2.8588454464624977,0.6399377999698512,0.0,1,0,0,0
2024-02-18 13:00:00,13,6,1,Web,100000,0.0,4.892345930401775,0.0,0.0,0,0,0,1
2024-02-18 13:00:00,13,6,1,Database,150000,1.8190798352014916,1.0998660002180922,1.3136936677520543,0.5317690875221079,0,1,0,0
2024-02-18 13:00:00,13,6,1,Media,200000,0.0,1.7249559183533703,2.8049276151055853,3.4871243655711703,0,0,1,0
2024-02-18 13:00:00,13,6,1,Compute,250000,0.0,2.108021999738779,1.0153495233317107,0.0,1,0,0,0
2024-02-18 14:00:00,14,6,1,Web,100000,0.0,7.586170016076109,5.5298008086269546,8.99109598592991,0,0,0,1
2024-02-18 14:00:00,14,6,1,Database,150000,0.5317690875221079,2.6811009005603967,3.1801331785390987,4.264648109096197,0,1,0,0
2024-02-18 14:00:00,14,6,1,Media,200000,3.4871243655711703,3.937034337583634,3.910966824720717,5.699202784801434,0,0,1,0
2024-02-18 14:00:00,14,6,1,Compute,250000,0.0,2.4097729758234756,3.2502030715106383,4.350562661723276,1,0,0,0
2024-02-18 15:00:00,15,6,1,Web,100000,8.99109598592991,5.582638864417919,4.528035232797859,6.987564834271719,0,0,0,1
2024-02-18 15:00:00,15,6,1,Database,150000,4.264648109096197,2.3850498900198263,0.6711017228511871,0.0,0,1,0,0
2024-02-18 15:00:00,15,6,1,Media,200000,5.699202784801434,7.706256096578065,0.0,0.0,0,0,1,0
2024-02-18 15:00:00,15,6,1,Compute,250000,4.350562661723276,1.3624207646608493,1.3881501408706756,0.6264568004433511,1,0,0,0
2024-02-18 16:00:00,16,6,1,Web,100000,6.987564834271719,1.6986996662448128,2.586065633711306,3.103625636098613,0,0,0,1
2024-02-18 16:00:00,16,6,1,Database,150000,0.0,0.4785948548461354,2.078880155681968,2.0621420633819354,0,1,0,0
2024-02-18 16:00:00,16,6,1,Media,200000,0.0,0.8504617725055511,2.3676805421816756,2.6126302197233513,0,0,1,0
2024-02-18 16:00:00,16,6,1,Compute,250000,0.6264568004433511,3.986773947611817,4.0387035574048085,5.9275636335116175,1,0,0,0
2024-02-18 17:00:00,17,6,1,Web,100000,3.103625636098613,1.1702166629896988,2.3218241320837496,2.575142632843499,0,0,0,1
2024-02-18 17:00:00,17,6,1,Database,150000,2.0621420633819354,2.4207827223752645,3.0499740894465326,4.004329930911065,0,1,0,0
2024-02-18 17:00:00,17,6,1,Media,200000,2.6126302197233513,2.8427321651604767,0.5451275129508617,0.0,0,0,1,0
2024-02-18 17:00:00,17,6,1,Compute,250000,5.9275636335116175,3.31022500725031,0.41424801957594504,0.0,1,0,0,0
2024-02-18 18:00:00,18,6,1,Web,100000,2.575142632843499,4.866385708675663,4.169908654926731,6.271311678529463,0,0,0,1
2024-02-18 18:00:00,18,6,1,Database,150000,4.004329930911065,0.32674854504340356,2.002957000780602,1.9102957535792036,0,1,0,0
2024-02-18 18:00:00,18,6,1,Media,200000,0.0,1.8937314899406046,1.0196278505607979,0.0,0,0,1,0
2024-02-18 18:00:00,18,6,1,Compute,250000,0.0,1.8882274202435545,1.125246813079323,0.10065014486064583,1,0,0,0
2024-02-18 19:00:00,19,6,1,Web,100000,6.271311678529463,1.9714133045169728,0.7750530879326136,0.0,0,0,0,1
2024-02-18 19:00:00,19,6,1,Database,150000,1.9102957535792036,2.150921002739725,0.7881661664912376,0.0,0,1,0,0
2024-02-18 19:00:00,19,6,1,Media,200000,0.0,3.8734873474131795,0.029749921824510306,0.0,0,0,1,0
2024-02-18 19:00:00,19,6,1,Compute,250000,0.10065014486064583,4.525305146263726,0.0,0.0,1,0,0,0
2024-02-18 20:00:00,20,6,1,Web,100000,0.0,0.6090570725654575,1.4562312039083714,0.8439567764927427,0,0,0,1
2024-02-18 20:00:00,20,6,1,Database,150000,0.0,1.8028215505633984,0.9622158925794011,0.0,0,1,0,0
2024-02-18 20:00:00,20,6,1,Media,200000,0.0,3.3455217959320858,3.615210553894943,5.107690243149886,0,0,1,0
2024-02-18 20:00:00,20,6,1,Compute,250000,0.0,0.9032738994029497,2.496953533300375,2.84406358530275,1,0,0,0
2024-02-18 21:00:00,21,6,1,Web,100000,0.8439567764927427,0.8199969798361494,2.1467142905069747,2.2249229496899496,0,0,0,1
2024-02-18 21:00:00,21,6,1,Database,150000,0.0,2.2534051622655515,0.7369240867283244,0.0,0,1,0,0
2024-02-18 21:00:00,21,6,1,Media,200000,5.107690243149886,0.38712918694212706,1.7729290020600366,1.423127139480073,0,0,1,0
2024-02-18 21:00:00,21,6,1,Compute,250000,2.84406358530275,1.1070472504965212,2.598840208847161,3.0478369363963216,1,0,0,0
2024-02-18 22:00:00,22,6,1,Web,100000,2.2249229496899496,2.172631158740226,2.823031379959013,3.577557128594026,0,0,0,1
2024-02-18 22:00:00,22,6,1,Database,150000,0.0,0.3057194191572965,1.710766958282452,1.3259156685829034,0,1,0,0
2024-02-18 22:00:00,22,6,1,Media,200000,1.423127139480073,3.261415277574827,3.5731572947163137,5.023583724792627,0,0,1,0
2024-02-18 22:00:00,22,6,1,Compute,250000,3.0478369363963216,0.048011866326028135,2.0693225167619143,1.9888015522258284,1,0,0,0
2024-02-18 23:00:00,23,6,1,Web,100000,3.577557128594026,2.4025852951552396,2.93800844816652,3.80751126500904,0,0,0,1
2024-02-18 23:00:00,23,6,1,Database,150000,1.3259156685829034,1.493600565369651,1.116826385176275,0.13803452237054925,0,1,0,0
2024-02-18 23:00:00,23,6,1,Media,200000,5.023583724792627,5.461809039308125,0.0,0.0,0,0,1,0
2024-02-18 23:00:00,23,6,1,Compute,250000,1.9888015522258284,0.8291209036577679,2.459877035427784,2.7699105895575684,1,0,0,0
2024-02-19 00:00:00,0,0,0,Web,100000,3.80751126500904,2.2000161290420768,2.8367238651099385,3.604942098895877,0,0,0,1
2024-02-19 00:00:00,0,0,0,Database,150000,0.13803452237054925,1.7500859350249085,2.7146256957713546,3.3336331435607085,0,1,0,0
2024-02-19 00:00:00,0,0,0,Media,200000,0.0,1.2906039239145202,2.58775161788616,3.0527723711323205,0,0,1,0
2024-02-19 00:00:00,0,0,0,Compute,250000,2.7699105895575684,1.069804837467162,1.5344581044675192,0.9190727276370383,1,0,0,0
2024-02-19 01:00:00,1,0,0,Web,100000,3.604942098895877,2.444282693938977,0.5386183932216115,0.0,0,0,0,1
2024-02-19 01:00:00,1,0,0,Database,150000,3.3336331435607085,1.6792287467335416,2.679197101625671,3.2627759552693414,0,1,0,0
2024-02-19 01:00:00,1,0,0,Media,200000,3.0527723711323205,1.3033861881970252,2.594142750027413,3.0655546354148253,0,0,1,0
2024-02-19 01:00:00,1,0,0,Compute,250000,0.9190727276370383,1.706741212133679,1.2159899171342607,0.2821363529705214,1,0,0,0
2024-02-19 02:00:00,2,0,0,Web,100000,0.0,3.3523165071783705,3.4128740541780855,4.757242477032171,0,0,0,1
2024-02-19 02:00:00,2,0,0,Database,150000,3.2627759552693414,2.6726404832450013,0.5273064262385996,0.0,0,1,0,0
2024-02-19 02:00:00,2,0,0,Media,200000,3.0655546354148253,1.7746140759753215,1.0791865575434394,0.03564225044687874,0,0,1,0
2024-02-19 02:00:00,2,0,0,Compute,250000,0.2821363529705214,4.933319576627195,4.511976371912498,6.874109262526995,1,0,0,0
2024-02-19 03:00:00,3,0,0,Web,100000,4.757242477032171,2.629789752803938,3.051610676990869,4.034715722657738,0,0,0,1
2024-02-19 03:00:00,3,0,0,Database,150000,0.0,1.098071857275268,1.3145907392234664,0.5335632304649323,0,1,0,0
2024-02-19 03:00:00,3,0,0,Media,200000,0.03564225044687874,0.8861860685328514,2.385542690195326,2.6483545157506514,0,0,1,0
2024-02-19 03:00:00,3,0,0,Compute,250000,6.874109262526995,0.48842067317371496,2.2895269201857578,2.4292103590735152,1,0,0,0
2024-02-19 04:00:00,4,0,0,Web,100000,4.034715722657738,8.260885534534333,0.0,0.0,0,0,0,1
2024-02-19 04:00:00,4,0,0,Database,150000,0.5335632304649323,2.7434657880223448,0.49189377384992783,0.0,0,1,0,0
2024-02-19 04:00:00,4,0,0,Media,200000,2.6483545157506514,0.1765837909300446,1.8782017000660778,1.6336725354921555,0,0,1,0
2024-02-19 04:00:00,4,0,0,Compute,250000,2.4292103590735152,1.0938783692801186,1.522421338561041,0.8949991958240817,1,0,0,0
2024-02-19 05:00:00,5,0,0,Web,100000,0.0,0.7653516340934616,2.119391617635631,2.170277603947262,0,0,0,1
2024-02-19 05:00:00,5,0,0,Database,150000,0.0,3.4124908784459596,3.54582816748188,4.99603808698176,0,1,0,0
2024-02-19 05:00:00,5,0,0,Media,200000,1.6336725354921555,0.9886512935639823,1.4721679487491088,0.8216050328582178,0,0,1,0
2024-02-19 05:00:00,5,0,0,Compute,250000,0.8949991958240817,3.1970083279707944,0.4708563592157029,0.0,1,0,0,0
2024-02-19 06:00:00,6,0,0,Web,100000,2.170277603947262,0.9985989151353357,2.2360152581565678,2.403524884989136,0,0,0,1
2024-02-19 06:00:00,6,0,0,Database,150000,4.99603808698176,1.0039139403056105,1.3616696977082952,0.6277211474345896,0,1,0,0
2024-02-19 06:00:00,6,0,0,Media,200000,0.8216050328582178,0.4922344420679079,1.720376374497146,1.3180218843542924,0,0,1,0
2024-02-19 06:00:00,6,0,0,Compute,250000,0.0,0.8993650970614359,1.6196779746703822,1.0895124680427644,1,0,0,0
2024-02-19 07:00:00,7,0,0,Web,100000,2.403524884989136,6.749557339635158,5.111494470406479,8.154483309488958,0,0,0,1
2024-02-19 07:00:00,7,0,0,Database,150000,0.6277211474345896,6.7461567225960355,0.0,0.0,0,1,0,0
2024-02-19 07:00:00,7,0,0,Media,200000,1.3180218843542924,1.1890456490001384,1.371970771031031,0.6212106774220618,0,0,1,0
2024-02-19 07:00:00,7,0,0,Compute,250000,1.0895124680427644,0.03511101654737615,2.051805014927412,1.953766548556824,1,0,0,0
2024-02-19 08:00:00,8,0,0,Web,100000,8.154483309488958,2.367471416450536,0.577024031965832,0.0,0,0,0,1
2024-02-19 08:00:00,8,0,0,Database,150000,0.0,2.723521435987049,3.201343446252425,4.307068644522849,0,1,0,0
2024-02-19 08:00:00,8,0,0,Media,200000,0.6212106774220618,2.463816975761118,3.1743581438094592,4.225985422978918,0,0,1,0
2024-02-19 08:00:00,8,0,0,Compute,250000,1.953766548556824,0.1673077950678218,1.9857066256671891,1.8215697700363784,1,0,0,0
2024-02-19 09:00:00,9,0,0,Web,100000,0.0,0.8360652056332823,1.342727137374459,0.6169486434249178,0,0,0,1
2024-02-19 09:00:00,9,0,0,Database,150000,4.307068644522849,0.359914442297141,1.6836694467125297,1.2717206454430592,0,1,0,0
2024-02-19 09:00:00,9,0,0,Media,200000,4.225985422978918,0.3384039005456322,1.797291645258284,1.471852425876568,0,0,1,0
2024-02-19 09:00:00,9,0,0,Compute,250000,1.8215697700363784,0.259163023979488,1.9397790112113562,1.7297145411247123,1,0,0,0
2024-02-19 10:00:00,10,0,0,Web,100000,0.6169486434249178,0.5880412441525985,1.4667391181148006,0.8649726049056017,0,0,0,1
2024-02-19 10:00:00,10,0,0,Database,150000,1.2717206454430592,0.7813918833793784,2.2302786699485893,2.3649390919151783,0,1,0,0
2024-02-19 10:00:00,10,0,0,Media,200000,1.471852425876568,2.283680134085795,3.0842897229717976,4.045848581303595,0,0,1,0
2024-02-19 10:00:00,10,0,0,Compute,250000,1.7297145411247123,3.7148243823979303,0.21194833200213492,0.0,1,0,0,0
2024-02-19 11:00:00,11,0,0,Web,100000,0.8649726049056017,3.1760356373016467,0.17274192154027657,0.0,0,0,0,1
2024-02-19 11:00:00,11,0,0,Database,150000,2.3649390919151783,5.269598028052771,0.0,0.0,0,1,0,0
2024-02-19 11:00:00,11,0,0,Media,200000,4.045848581303595,2.623236140674998,3.254067726266399,4.385404587892799,0,0,1,0
2024-02-19 11:00:00,11,0,0,Compute,250000,0.0,0.7750138191735895,2.432823493185695,2.7158035050733895,1,0,0,0
2024-02-19 12:00:00,12,0,0,Web,100000,0.0,1.539846487400512,2.506639044289156,2.944772457254312,0,0,0,1
2024-02-19 12:00:00,12,0,0,Database,150000,0.0,4.312538654692606,0.0,0.0,0,1,0,0
2024-02-19 12:00:00,12,0,0,Media,200000,4.385404587892799,5.378888308242615,4.631893810050208,7.141056755460415,0,0,1,0
2024-02-19 12:00:00,12,0,0,Compute,250000,2.7158035050733895,1.8505966640382732,1.1440621911819635,0.13828090106592716,1,0,0,0
2024-02-19 13:00:00,13,0,0,Web,100000,2.944772457254312,0.5286613609359676,2.0010464810568838,1.9335873307897677,0,0,0,1
2024-02-19 13:00:00,13,0,0,Database,150000,0.0,2.5871979216373155,3.133181689077558,4.170745130173116,0,1,0,0
2024-02-19 13:00:00,13,0,0,Media,200000,7.141056755460415,2.9849832069904156,0.4740019920358922,0.0,0,0,1,0
2024-02-19 13:00:00,13,0,0,Compute,250000,0.13828090106592716,1.6630170151402004,1.237852015631,0.32586054996399993,1,0,0,0
2024-02-19 14:00:00,14,0,0,Web,100000,1.9335873307897677,0.5615592634048227,2.0174954322913115,1.966485233258623,0,0,0,1
2024-02-19 14:00:00,14,0,0,Database,150000,4.170745130173116,8.596463165996317,6.137814311257059,10.180010374532118,0,1,0,0
2024-02-19 14:00:00,14,0,0,Media,200000,0.0,0.9274181681582728,2.4061587400080366,2.689586615376073,0,0,1,0
2024-02-19 14:00:00,14,0,0,Compute,250000,0.32586054996399993,4.843127391494355,4.466880279346078,6.783917077394155,1,0,0,0
2024-02-19 15:00:00,15,0,0,Web,100000,1.966485233258623,3.6410633751780668,3.5572474881779335,5.045989345031867,0,0,0,1
2024-02-19 15:00:00,15,0,0,Database,150000,10.180010374532118,1.1280740490857564,2.403619752801778,2.711621257621556,0,1,0,0
2024-02-19 15:00:00,15,0,0,Media,200000,2.689586615376073,2.991631254494236,0.4706779682839821,0.0,0,0,1,0
2024-02-19 15:00:00,15,0,0,Compute,250000,6.783917077394155,3.2033047720569052,3.646968969627353,5.144094457956705,1,0,0,0
2024-02-19 16:00:00,16,0,0,Web,100000,5.045989345031867,4.518374964546341,0.0,0.0,0,0,0,1
2024-02-19 16:00:00,16,0,0,Database,150000,2.711621257621556,4.826669310633476,4.252917383575638,6.410216519169276,0,1,0,0
2024-02-19 16:00:00,16,0,0,Media,200000,0.0,0.6240598642569658,2.254479588057383,2.386228311474766,0,0,1,0
2024-02-19 16:00:00,16,0,0,Compute,250000,5.144094457956705,7.974714581496729,0.0,0.0,1,0,0,0
2024-02-19 17:00:00,17,0,0,Web,100000,0.0,1.045562224697717,1.2379786278422416,0.4074516243604833,0,0,0,1
2024-02-19 17:00:00,17,0,0,Database,150000,6.410216519169276,1.9858874023710216,2.8325264294444112,3.5694346109068213,0,1,0,0
2024-02-19 17:00:00,17,0,0,Media,200000,2.386228311474766,0.7351155587215001,1.59893581617035,1.0751407677007,0,0,1,0
2024-02-19 17:00:00,17,0,0,Compute,250000,0.0,2.1690613725829198,3.12984726989036,4.10985105848272,1,0,0,0
2024-02-19 18:00:00,18,0,0,Web,100000,0.4074516243604833,2.5741164427390864,0.47370151882155676,0.0,0,0,0,1
2024-02-19 18:00:00,18,0,0,Database,150000,3.5694346109068213,3.9419910579650224,0.0,0.0,0,1,0,0
2024-02-19 18:00:00,18,0,0,Media,200000,1.0751407677007,0.23838014874501615,1.847303521158592,1.5718761776771841,0,0,1,0
2024-02-19 18:00:00,18,0,0,Compute,250000,4.10985105848272,0.11874094147194436,2.1046870543348724,2.0595306273717444,1,0,0,0
2024-02-19 19:00:00,19,0,0,Web,100000,0.0,1.0691969927891642,1.226161243796518,0.38381685626903606,0,0,0,1
2024-02-19 19:00:00,19,0,0,Database,150000,0.0,3.705917379528777,3.692541418023289,5.289464588064577,0,1,0,0
2024-02-19 19:00:00,19,0,0,Media,200000,1.5718761776771841,2.5746660650193727,0.6791605630214137,0.0,0,0,1,0
2024-02-19 19:00:00,19,0,0,Compute,250000,2.0595306273717444,0.9635407615992483,2.5270869643985243,2.9043304474990483,1,0,0,0
2024-02-19 20:00:00,20,0,0,Web,100000,0.38381685626903606,0.22795385309307567,1.8506927271354379,1.632879822946876,0,0,0,1
2024-02-19 20:00:00,20,0,0,Database,150000,5.289464588064577,4.6941917960104504,0.0,0.0,0,1,0,0
2024-02-19 20:00:00,20,0,0,Media,200000,0.0,3.981134490607737,0.0,0.0,0,0,1,0
2024-02-19 20:00:00,20,0,0,Compute,250000,2.9043304474990483,0.05977698834809422,2.075205077772947,2.0005666742478945,1,0,0,0
2024-02-19 21:00:00,21,0,0,Web,100000,1.632879822946876,5.967643935663092,4.720537768420446,7.372569905516892,0,0,0,1
2024-02-19 21:00:00,21,0,0,Database,150000,0.0,1.7618533752986332,2.720509415908217,3.345400583834433,0,1,0,0
2024-02-19 21:00:00,21,0,0,Media,200000,0.0,5.200948415036098,0.0,0.0,0,0,1,0
2024-02-19 21:00:00,21,0,0,Compute,250000,2.0005666742478945,9.355508134960212,0.0,0.0,1,0,0,0
2024-02-19 22:00:00,22,0,0,Web,100000,7.372569905516892,2.223204718615339,2.8483181598965697,3.6281306884691396,0,0,0,1
2024-02-19 22:00:00,22,0,0,Database,150000,3.345400583834433,0.312684388386797,1.7072844736677018,1.318950699353403,0,1,0,0
2024-02-19 22:00:00,22,0,0,Media,200000,0.0,3.4478418481333084,3.6663705799955544,5.2100102953511085,0,0,1,0
2024-02-19 22:00:00,22,0,0,Compute,250000,0.0,2.6661977017365244,0.7362616723328379,0.0,1,0,0,0
2024-02-19 23:00:00,23,0,0,Web,100000,3.6281306884691396,1.0746814331777788,2.2740565171777893,2.479607403031579,0,0,0,1
2024-02-19 23:00:00,23,0,0,Database,150000,1.318950699353403,2.562564328685788,3.1208648926017943,4.146111537221588,0,1,0,0
2024-02-19 23:00:00,23,0,0,Media,200000,5.2100102953511085,1.3664348542216456,1.2832761684202774,0.4438214722005547,0,0,1,0
2024-02-19 23:00:00,23,0,0,Compute,250000,0.0,1.3023006502953962,1.418210198053402,0.6865769148088041,1,0,0,0
2024-02-20 00:00:00,0,1,0,Web,100000,2.479607403031579,0.09983243289737145,1.7866320170375858,1.5047584027511718,0,0,0,1
2024-02-20 00:00:00,0,1,0,Database,150000,4.146111537221588,1.6520729792831865,2.6656192179004936,3.2356201878189865,0,1,0,0
2024-02-20 00:00:00,0,1,0,Media,200000,0.4438214722005547,0.06704595313793281,1.9329706189621336,1.7432103732842674,0,0,1,0
2024-02-20 00:00:00,0,1,0,Compute,250000,0.6865769148088041,2.946032952880659,3.5183330600392297,4.886822638780459,1,0,0,0
2024-02-20 01:00:00,1,1,0,Web,100000,1.5047584027511718,1.40984950740329,1.055834986489455,0.04316434165491034,0,0,0,1
2024-02-20 01:00:00,1,1,0,Database,150000,3.2356201878189865,4.009229555991529,0.0,0.0,0,1,0,0
2024-02-20 01:00:00,1,1,0,Media,200000,1.7432103732842674,5.9549700439417395,4.91993467789977,7.717138491159539,0,0,1,0
2024-02-20 01:00:00,1,1,0,Compute,250000,4.886822638780459,1.837945149229539,1.1503879485863306,0.15093241587466122,1,0,0,0
2024-02-20 02:00:00,2,1,0,Web,100000,0.04316434165491034,1.729370190755442,0.8960746448133791,0.0,0,0,0,1
2024-02-20 02:00:00,2,1,0,Database,150000,0.0,0.22145390281875307,1.7528997164517237,1.410181184921447,0,1,0,0
2024-02-20 02:00:00,2,1,0,Media,200000,7.717138491159539,0.22558726856414354,2.055243290210972,1.9877557157819437,0,0,1,0
2024-02-20 02:00:00,2,1,0,Compute,250000,0.15093241587466122,1.1840948670670486,1.477313089667576,0.8047826980371517,1,0,0,0
2024-02-20 03:00:00,3,1,0,Web,100000,0.0,0.07634563044922711,1.7225869249664865,1.3766682186089731,0,0,0,1
2024-02-20 03:00:00,3,1,0,Database,150000,1.410181184921447,0.14333063388672188,1.7919613509177394,1.4883044538534782,0,1,0,0
2024-02-20 03:00:00,3,1,0,Media,200000,1.9877557157819437,0.5485019206646209,2.2167006162612104,2.310670367882421,0,0,1,0
2024-02-20 03:00:00,3,1,0,Compute,250000,0.8047826980371517,7.096506316564148,0.0,0.0,1,0,0,0
2024-02-20 04:00:00,4,1,0,Web,100000,1.3766682186089731,5.666672860625749,4.570052230901775,7.071598830479548,0,0,0,1
2024-02-20 04:00:00,4,1,0,Database,150000,1.4883044538534782,0.4659088802058726,1.630672227758164,1.1657262075343273,0,1,0,0
2024-02-20 04:00:00,4,1,0,Media,200000,2.310670367882421,1.7659117979431562,2.8254055549004784,3.5280802451609565,0,0,1,0
2024-02-20 04:00:00,4,1,0,Compute,250000,0.0,4.158347964204273,0.0,0.0,1,0,0,0
2024-02-20 05:00:00,5,1,0,Web,100000,7.071598830479548,1.4370447233499506,1.0422373785161247,0.01596912570824971,0,0,0,1
2024-02-20 05:00:00,5,1,0,Database,150000,1.1657262075343273,2.040991538563443,0.8431308985793786,0.0,0,1,0,0
2024-02-20 05:00:00,5,1,0,Media,200000,3.5280802451609565,4.433215233127836,4.159057272492818,6.1953836803456355,0,0,1,0
2024-02-20 05:00:00,5,1,0,Compute,250000,0.0,1.7814847601098485,1.178618143146176,0.20739280499435186,1,0,0,0
2024-02-20 06:00:00,6,1,0,Web,100000,0.01596912570824971,2.2982839004224735,2.885857750800137,3.703209870276274,0,0,0,1
2024-02-20 06:00:00,6,1,0,Database,150000,0.0,1.9753052976217855,0.8759740190502076,0.0,0,1,0,0
2024-02-20 06:00:00,6,1,0,Media,200000,6.1953836803456355,1.3819007585640322,1.275543216249084,0.4283555678581681,0,0,1,0
2024-02-20 06:00:00,6,1,0,Compute,250000,0.20739280499435186,0.7606944352042578,1.6890133055989711,1.2281831298999424,1,0,0,0
2024-02-20 07:00:00,7,1,0,Web,100000,3.703209870276274,3.8755793200901008,3.6745054606339504,5.280505289943902,0,0,0,1
2024-02-20 07:00:00,7,1,0,Database,150000,0.0,5.693601916692556,0.0,0.0,0,1,0,0
2024-02-20 07:00:00,7,1,0,Media,200000,0.4283555678581681,3.971034605425498,0.0,0.0,0,0,1,0
2024-02-20 07:00:00,7,1,0,Compute,250000,1.2281831298999424,5.865959436671651,0.0,0.0,1,0,0,0
2024-02-20 08:00:00,8,1,0,Web,100000,5.280505289943902,3.2865502988865507,0.11748459074782458,0.0,0,0,0,1
2024-02-20 08:00:00,8,1,0,Database,150000,0.0,2.4588440931785214,0.6342046212718395,0.0,0,1,0,0
2024-02-20 08:00:00,8,1,0,Media,200000,0.0,4.867487701873367,0.0,0.0,0,0,1,0
2024-02-20 08:00:00,8,1,0,Compute,250000,0.0,2.226487179446207,0.9561169334779966,0.0,1,0,0,0
2024-02-20 09:00:00,9,1,0,Web,100000,0.0,6.068187382402445,0.0,0.0,0,0,0,1
2024-02-20 09:00:00,9,1,0,Database,150000,0.0,3.0780101109052436,0.3246216124084784,0.0,0,1,0,0
2024-02-20 09:00:00,9,1,0,Media,200000,0.0,3.6253051393328017,3.755102225595301,5.387473586550602,0,0,1,0
2024-02-20 09:00:00,9,1,0,Compute,250000,0.0,1.2348081504455086,2.6627206588216543,3.175597836345309,1,0,0,0
2024-02-20 10:00:00,10,1,0,Web,100000,0.0,0.5864469561197831,2.0299392786487918,1.9913729259735833,0,0,0,1
2024-02-20 10:00:00,10,1,0,Database,150000,0.0,3.0323796084395434,0.34743686364132853,0.0,0,1,0,0
2024-02-20 10:00:00,10,1,0,Media,200000,5.387473586550602,4.632298816736372,0.0,0.0,0,0,1,0
2024-02-20 10:00:00,10,1,0,Compute,250000,3.175597836345309,3.4415121662050416,0.34860444009857927,0.0,1,0,0,0
2024-02-20 11:00:00,11,1,0,Web,100000,1.9913729259735833,0.15367342029024494,1.6839230300459775,1.2993404287679553,0,0,0,1
2024-02-20 11:00:00,11,1,0,Database,150000,0.0,2.628574278782205,3.1538698676500028,4.212121487318005,0,1,0,0
2024-02-20 11:00:00,11,1,0,Media,200000,0.0,2.731146191008161,3.308022751432981,4.493314638225962,0,0,1,0
2024-02-20 11:00:00,11,1,0,Compute,250000,0.0,1.915881027052199,3.0032570971249997,3.856670712951999,1,0,0,0
2024-02-20 12:00:00,12,1,0,Web,100000,1.2993404287679553,2.2367145318060326,0.6424024742880836,0.0,0,0,0,1
2024-02-20 12:00:00,12,1,0,Database,150000,4.212121487318005,0.0976934368141641,1.8884294466659823,1.6812406453499642,0,1,0,0
2024-02-20 12:00:00,12,1,0,Media,200000,4.493314638225962,0.9880715297139376,1.4724578306741312,0.8221847967082625,0,0,1,0
2024-02-20 12:00:00,12,1,0,Compute,250000,3.856670712951999,0.6276132300864508,1.7555539081578748,1.3612643350177493,1,0,0,0
2024-02-20 13:00:00,13,1,0,Web,100000,0.0,6.135427630481639,4.8044296158297195,7.54035360033544,0,0,0,1
2024-02-20 13:00:00,13,1,0,Database,150000,1.6812406453499642,5.310044650613038,0.0,0.0,0,1,0,0
2024-02-20 13:00:00,13,1,0,Media,200000,0.8221847967082625,0.7280743873689826,1.6024564018466088,1.0821819390532177,0,0,1,0
2024-02-20 13:00:00,13,1,0,Compute,250000,1.3612643350177493,3.65929066119067,3.8749619141942353,5.60008034709047,1,0,0,0
2024-02-20 14:00:00,14,1,0,Web,100000,7.54035360033544,4.4217184247028145,0.0,0.0,0,0,0,1
2024-02-20 14:00:00,14,1,0,Database,150000,0.0,1.9552862154009512,0.8859835601606247,0.0,0,1,0,0
2024-02-20 14:00:00,14,1,0,Media,200000,1.0821819390532177,1.6111594323051188,1.1609138793785407,0.19909689411708142,0,0,1,0
2024-02-20 14:00:00,14,1,0,Compute,250000,5.60008034709047,0.6939131057641535,1.7224039703190233,1.2949644593400467,1,0,0,0
2024-02-20 15:00:00,15,1,0,Web,100000,0.0,4.811915418420852,0.0,0.0,0,0,0,1
2024-02-20 15:00:00,15,1,0,Database,150000,0.0,1.8099021206163184,2.7445337885670593,3.3934493291521184,0,1,0,0
2024-02-20 15:00:00,15,1,0,Media,200000,0.19909689411708142,2.022905787141632,2.953902549499716,3.785074234359432,0,0,1,0
2024-02-20 15:00:00,15,1,0,Compute,250000,1.2949644593400467,1.5491699146560431,2.8199015409269217,3.489959600555843,1,0,0,0
2024-02-20 16:00:00,16,1,0,Web,100000,0.0,2.635164962475444,0.443177258953378,0.0,0,0,0,1
2024-02-20 16:00:00,16,1,0,Database,150000,3.3934493291521184,0.2835763119640854,1.981370884240943,1.8671235204998855,0,1,0,0
2024-02-20 16:00:00,16,1,0,Media,200000,3.785074234359432,2.7223646583094623,0.6053112663763689,0.0,0,0,1,0
2024-02-20 16:00:00,16,1,0,Compute,250000,3.489959600555843,1.021833921916738,1.558443562242731,0.9670436431874623,1,0,0,0
2024-02-20 17:00:00,17,1,0,Web,100000,0.0,6.484447721114834,4.978939661146317,7.889373690968634,0,0,0,1
2024-02-20 17:00:00,17,1,0,Database,150000,1.8671235204998855,0.3111300723909679,1.9951477644543842,1.894677280926768,0,1,0,0
2024-02-20 17:00:00,17,1,0,Media,200000,0.0,3.5866236675637198,0.17318176174924016,0.0,0,0,1,0
2024-02-20 17:00:00,17,1,0,Compute,250000,0.9670436431874623,0.5650499615939415,2.3278415643958708,2.5058396474937417,1,0,0,0
2024-02-20 18:00:00,18,1,0,Web,100000,7.889373690968634,4.079431717792129,0.0,0.0,0,0,0,1
2024-02-20 18:00:00,18,1,0,Database,150000,1.894677280926768,3.621075117147235,0.05308910928748278,0.0,0,1,0,0
2024-02-20 18:00:00,18,1,0,Media,200000,0.0,3.147413347448573,0.3927869218068136,0.0,0,0,1,0
2024-02-20 18:00:00,18,1,0,Compute,250000,2.5058396474937417,1.3569722961892505,1.390874375106475,0.6319052689149498,1,0,0,0
2024-02-20 19:00:00,19,1,0,Web,100000,0.0,2.8349509263698045,3.1541912637738023,4.239876896223604,0,0,0,1
2024-02-20 19:00:00,19,1,0,Database,150000,0.0,1.7592385336527174,2.719201995085259,3.3427857421885174,0,1,0,0
2024-02-20 19:00:00,19,1,0,Media,200000,0.0,1.593029924344185,2.738964618100993,3.3551983715619853,0,0,1,0
2024-02-20 19:00:00,19,1,0,Compute,250000,0.6319052689149498,3.320817636373827,0.40895170501418665,0.0,1,0,0,0
2024-02-20 20:00:00,20,1,0,Web,100000,4.239876896223604,1.647987005909146,0.9367662372365271,0.0,0,0,0,1
2024-02-20 20:00:00,20,1,0,Database,150000,3.3427857421885174,0.840047260251765,2.259606358384783,2.4235944687875652,0,1,0,0
2024-02-20 20:00:00,20,1,0,Media,200000,3.3551983715619853,1.909003895767439,1.0119916476473807,0.0,0,0,1,0
2024-02-20 20:00:00,20,1,0,Compute,250000,0.0,0.8591432605054953,1.6397888929483524,1.129734304598705,1,0,0,0
2024-02-20 21:00:00,21,1,0,Web,100000,0.0,1.3481200171920487,2.4107758091849245,2.753045987045849,0,0,0,1
2024-02-20 21:00:00,21,1,0,Database,150000,2.4235944687875652,1.0703619832061062,1.3284456762580472,0.561273104534094,0,1,0,0
2024-02-20 21:00:00,21,1,0,Media,200000,0.0,0.7022227069082757,2.293561009383038,2.464391154126076,0,0,1,0
2024-02-20 21:00:00,21,1,0,Compute,250000,1.129734304598705,4.802229307660906,4.446431237429353,6.743018993560706,1,0,0,0
2024-02-20 22:00:00,22,1,0,Web,100000,2.753045987045849,0.5396203365631926,1.4909495719095036,0.9133935124950076,0,0,0,1
2024-02-20 22:00:00,22,1,0,Database,150000,0.561273104534094,3.5620573687598185,3.6206114126388096,5.145604577295619,0,1,0,0
2024-02-20 22:00:00,22,1,0,Media,200000,2.464391154126076,1.7021541415242745,2.793526726691037,3.4643225887420748,0,0,1,0
2024-02-20 22:00:00,22,1,0,Compute,250000,6.743018993560706,4.425769920062501,0.0,0.0,1,0,0,0
2024-02-20 23:00:00,23,1,0,Web,100000,0.9133935124950076,3.3304550273927727,0.0955322264947136,0.0,0,0,0,1
2024-02-20 23:00:00,23,1,0,Database,150000,5.145604577295619,2.5248315888118893,0.6012108734551556,0.0,0,1,0,0
2024-02-20 23:00:00,23,1,0,Media,200000,3.4643225887420748,2.58854869040055,0.6722192503308251,0.0,0,0,1,0
2024-02-20 23:00:00,23,1,0,Compute,250000,0.0,0.2949131779226426,1.9219039342397788,1.6939643871815577,1,0,0,0
2024-02-21 00:00:00,0,2,0,Web,100000,0.0,1.867976083847667,2.6707038425127334,3.272902053701467,0,0,0,1
2024-02-21 00:00:00,0,2,0,Database,150000,0.0,3.789519189716368,3.734342323117084,5.373066398252168,0,1,0,0
2024-02-21 00:00:00,0,2,0,Media,200000,0.0,0.9485692057774467,2.4167342588176233,2.710737652995247,0,0,1,0
2024-02-21 00:00:00,0,2,0,Compute,250000,1.6939643871815577,1.3610826077618294,1.3888192193201854,0.6277949573423709,1,0,0,0
2024-02-21 01:00:00,1,2,0,Web,100000,3.272902053701467,6.270767670491823,0.0,0.0,0,0,0,1
2024-02-21 01:00:00,1,2,0,Database,150000,5.373066398252168,0.23581266585421382,1.9574890611860072,1.819359874390014,0,1,0,0
2024-02-21 01:00:00,1,2,0,Media,200000,2.710737652995247,0.10135452068717386,1.993126916272487,1.863522967904974,0,0,1,0
2024-02-21 01:00:00,1,2,0,Compute,250000,0.6277949573423709,0.572830200219073,2.3317316837084365,2.513619886118873,1,0,0,0
2024-02-21 02:00:00,2,2,0,Web,100000,0.0,6.342764832712199,4.908098216945,7.747690802565998,0,0,0,1
2024-02-21 02:00:00,2,2,0,Database,150000,1.819359874390014,3.7458335781814163,3.7124995173496087,5.329380786717216,0,1,0,0
2024-02-21 02:00:00,2,2,0,Media,200000,1.863522967904974,2.379226694352157,3.132063003104979,4.141395141569958,0,0,1,0
2024-02-21 02:00:00,2,2,0,Compute,250000,2.513619886118873,2.9102753298169994,0.6142228582926004,0.0,1,0,0,0
2024-02-21 03:00:00,3,2,0,Web,100000,7.747690802565998,1.5630281871924305,0.9792456465948848,0.0,0,0,0,1
2024-02-21 03:00:00,3,2,0,Database,150000,5.329380786717216,0.30857776038770646,1.709337787667247,1.3230573273524935,0,1,0,0
2024-02-21 03:00:00,3,2,0,Media,200000,4.141395141569958,2.350265311633261,0.7913609397144696,0.0,0,0,1,0
2024-02-21 03:00:00,3,2,0,Compute,250000,0.0,1.5254375145575543,2.8080353408776775,3.4662272004573547,1,0,0,0
2024-02-21 04:00:00,4,2,0,Web,100000,0.0,1.0947704872493136,2.284101044213557,2.4996964571031137,0,0,0,1
2024-02-21 04:00:00,4,2,0,Database,150000,1.3230573273524935,3.2889673187662773,0.21914300847796153,0.0,0,1,0,0
2024-02-21 04:00:00,4,2,0,Media,200000,0.0,3.614494066890573,3.7496966893741868,5.376662514108373,0,0,1,0
2024-02-21 04:00:00,4,2,0,Compute,250000,3.4662272004573547,0.3309749410287809,2.2108040541132907,2.271764626928581,1,0,0,0
2024-02-21 05:00:00,5,2,0,Web,100000,2.4996964571031137,5.211257379828954,0.0,0.0,0,0,0,1
2024-02-21 05:00:00,5,2,0,Database,150000,0.0,0.17807251463710835,1.774590410542546,1.4535625731030917,0,1,0,0
2024-02-21 05:00:00,5,2,0,Media,200000,5.376662514108373,0.8676633073709145,2.3762813096143574,2.6298317545887144,0,0,1,0
2024-02-21 05:00:00,5,2,0,Compute,250000,2.271764626928581,2.9424210239094215,3.516527095553611,4.883210709809222,1,0,0,0
2024-02-21 06:00:00,6,2,0,Web,100000,0.0,1.0364731489820491,1.2425231657000755,0.4165407000761512,0,0,0,1
2024-02-21 06:00:00,6,2,0,Database,150000,1.4535625731030917,2.5078587419438216,3.093512099230811,4.091405950479622,0,1,0,0
2024-02-21 06:00:00,6,2,0,Media,200000,2.6298317545887144,0.585469899912847,2.2351846058853235,2.3476383471306472,0,0,1,0
2024-02-21 06:00:00,6,2,0,Compute,250000,4.883210709809222,3.969207766714938,0.08475663984363102,0.0,1,0,0,0
2024-02-21 07:00:00,7,2,0,Web,100000,0.4165407000761512,4.2695442600497415,0.0,0.0,0,0,0,1
2024-02-21 07:00:00,7,2,0,Database,150000,4.091405950479622,3.3917235500502456,3.5354445032840234,4.975270758586046,0,1,0,0
2024-02-21 07:00:00,7,2,0,Media,200000,2.3476383471306472,3.611996474747507,3.7484478933026537,5.374164921965307,0,0,1,0
2024-02-21 07:00:00,7,2,0,Compute,250000,0.0,0.9927716308163689,2.5417023990070846,2.933561316716169,1,0,0,0
2024-02-21 08:00:00,8,2,0,Web,100000,0.0,4.511164103142286,3.9922978521600427,5.916090072996086,0,0,0,1
2024-02-21 08:00:00,8,2,0,Database,150000,4.975270758586046,3.19387348672702,3.43651947162241,4.77742069526282,0,1,0,0
2024-02-21 08:00:00,8,2,0,Media,200000,5.374164921965307,2.074930128041363,2.9799147199495817,3.837098575259163,0,0,1,0
2024-02-21 08:00:00,8,2,0,Compute,250000,2.933561316716169,2.7579784058032155,0.6903713202994923,0.0,1,0,0,0
2024-02-21 09:00:00,9,2,0,Web,100000,5.916090072996086,5.218330192699231,4.345880896938516,6.62325616255303,0,0,0,1
2024-02-21 09:00:00,9,2,0,Database,150000,4.77742069526282,1.632948236227019,2.65605684637241,3.2164954447628187,0,1,0,0
2024-02-21 09:00:00,9,2,0,Media,200000,3.837098575259163,1.181560263437065,1.3757134638125676,0.6286960629851353,0,0,1,0
2024-02-21 09:00:00,9,2,0,Compute,250000,0.0,2.0288539555180938,1.0549335454420532,0.0,1,0,0,0
2024-02-21 10:00:00,10,2,0,Web,100000,6.62325616255303,0.7943952841437706,2.133913442660785,2.199321253997571,0,0,0,1
2024-02-21 10:00:00,10,2,0,Database,150000,3.2164954447628187,5.037221194117564,0.0,0.0,0,1,0,0
2024-02-21 10:00:00,10,2,0,Media,200000,0.6286960629851353,2.123063765660788,3.003981538759294,3.885232212878588,0,0,1,0
2024-02-21 10:00:00,10,2,0,Compute,250000,0.0,2.8847563836842802,0.62698233135896,0.0,1,0,0,0
2024-02-21 11:00:00,11,2,0,Web,100000,2.199321253997571,1.1358682660750603,2.30464993362643,2.5407942359288604,0,0,0,1
2024-02-21 11:00:00,11,2,0,Database,150000,0.0,1.5889049516766784,1.069174192022761,0.04273013606352172,0,1,0,0
2024-02-21 11:00:00,11,2,0,Media,200000,3.885232212878588,0.8173000777763109,1.5578435566429447,0.9929562486458893,0,0,1,0
2024-02-21 11:00:00,11,2,0,Compute,250000,0.0,2.2947735578973942,0.921973744252403,0.0,1,0,0,0
2024-02-21 12:00:00,12,2,0,Web,100000,2.5407942359288604,0.5077322331446046,1.5068936236187978,0.9452816159135957,0,0,0,1
2024-02-21 12:00:00,12,2,0,Database,150000,0.04273013606352172,5.692182577654262,4.685674017086031,7.275729786190062,0,1,0,0
2024-02-21 12:00:00,12,2,0,Media,200000,0.9929562486458893,4.179222820748122,4.032061066302961,5.941391267965922,0,0,1,0
2024-02-21 12:00:00,12,2,0,Compute,250000,0.0,1.08748080458857,2.589056985893185,3.02827049048837,1,0,0,0
2024-02-21 13:00:00,13,2,0,Web,100000,0.9452816159135957,0.09992673629705709,1.7107963720425714,1.353087112761143,0,0,0,1
2024-02-21 13:00:00,13,2,0,Database,150000,7.275729786190062,2.556647511680855,3.117906484099328,4.140194720216655,0,1,0,0
2024-02-21 13:00:00,13,2,0,Media,200000,5.941391267965922,3.4139551219248694,3.649427216891335,5.1761235691426695,0,0,1,0
2024-02-21 13:00:00,13,2,0,Compute,250000,3.02827049048837,2.5134990862247877,0.8126109800887062,0.0,1,0,0,0
2024-02-21 14:00:00,14,2,0,Web,100000,1.353087112761143,0.2563605424988066,1.6325794689416968,1.1966533065593936,0,0,0,1
2024-02-21 14:00:00,14,2,0,Database,150000,4.140194720216655,5.489918628306441,0.0,0.0,0,1,0,0
2024-02-21 14:00:00,14,2,0,Media,200000,5.1761235691426695,3.3933502703848846,3.6391247911213425,5.155518717602685,0,0,1,0
2024-02-21 14:00:00,14,2,0,Compute,250000,0.0,6.219116712704767,5.154874939951283,8.159906398604567,1,0,0,0
2024-02-21 15:00:00,15,2,0,Web,100000,1.1966533065593936,0.26429181347145647,1.8688617073246283,1.6692177833252568,0,0,0,1
2024-02-21 15:00:00,15,2,0,Database,150000,0.0,6.39907431431125,0.0,0.0,0,1,0,0
2024-02-21 15:00:00,15,2,0,Media,200000,5.155518717602685,1.8507154893332933,2.867807400595547,3.6128839365510936,0,0,1,0
2024-02-21 15:00:00,15,2,0,Compute,250000,8.159906398604567,2.736311438049441,0.7012048041763796,0.0,1,0,0,0
2024-02-21 16:00:00,16,2,0,Web,100000,1.6692177833252568,2.01409226459558,0.75371360789331,0.0,0,0,0,1
2024-02-21 16:00:00,16,2,0,Database,150000,0.0,1.9037731089752115,2.791469282746506,3.4873203175110117,0,1,0,0
2024-02-21 16:00:00,16,2,0,Media,200000,3.6128839365510936,0.7877063161403731,2.3363028139990867,2.549874763358173,0,0,1,0
2024-02-21 16:00:00,16,2,0,Compute,250000,0.0,1.4883702656180051,1.3251753903920975,0.5005072994861952,1,0,0,0
2024-02-21 17:00:00,17,2,0,Web,100000,0.0,1.9728608374071932,0.7743293214875034,0.0,0,0,0,1
2024-02-21 17:00:00,17,2,0,Database,150000,3.4873203175110117,0.4015521052646982,2.0403587808912493,1.9850993138004984,0,1,0,0
2024-02-21 17:00:00,17,2,0,Media,200000,2.549874763358173,1.2524405971393027,1.3402732969614488,0.5578157292828976,0,0,1,0
2024-02-21 17:00:00,17,2,0,Compute,250000,0.5005072994861952,3.351755340411222,0.393482852995489,0.0,1,0,0,0
2024-02-21 18:00:00,18,2,0,Web,100000,0.0,1.0217334840372803,1.2498929981724598,0.43128036502092004,0,0,0,1
2024-02-21 18:00:00,18,2,0,Database,150000,1.9850993138004984,1.0428218093677526,2.3609936329427765,2.626369017903553,0,1,0,0
2024-02-21 18:00:00,18,2,0,Media,200000,0.5578157292828976,0.5583543400611001,1.68731642550055,1.2519019863611,0,0,1,0
2024-02-21 18:00:00,18,2,0,Compute,250000,0.0,4.264569734346756,0.0,0.0,1,0,0,0
2024-02-21 19:00:00,19,2,0,Web,100000,0.43128036502092004,2.991237803728818,3.232334702453309,4.396163773582618,0,0,0,1
2024-02-21 19:00:00,19,2,0,Database,150000,2.626369017903553,8.2404782504322,0.0,0.0,0,1,0,0
2024-02-21 19:00:00,19,2,0,Media,200000,1.2519019863611,1.3631394046875058,1.2849238931873472,0.4471169217346944,0,0,1,0
2024-02-21 19:00:00,19,2,0,Compute,250000,0.0,1.8846393032639477,1.1270408715691262,0.10423826184025264,1,0,0,0
2024-02-21 20:00:00,20,2,0,Web,100000,4.396163773582618,0.46858057321644453,1.9710060871971222,1.8735065430702447,0,0,0,1
2024-02-21 20:00:00,20,2,0,Database,150000,0.0,1.7090293630104065,2.6940974097641037,3.2925765715462063,0,1,0,0
2024-02-21 20:00:00,20,2,0,Media,200000,0.4471169217346944,3.4043383643853056,3.644618838121553,5.166506811603106,0,0,1,0
2024-02-21 20:00:00,20,2,0,Compute,250000,0.10423826184025264,2.1612585596586804,0.9887312433717599,0.0,1,0,0,0
2024-02-21 21:00:00,21,2,0,Web,100000,1.8735065430702447,1.7837909516026453,2.6286112763902225,3.1887169214564457,0,0,0,1
2024-02-21 21:00:00,21,2,0,Database,150000,3.2925765715462063,0.6114991032465833,2.145332279882192,2.1950463117823835,0,1,0,0
2024-02-21 21:00:00,21,2,0,Media,200000,5.166506811603106,5.15866206515187,0.0,0.0,0,0,1,0
2024-02-21 21:00:00,21,2,0,Compute,250000,0.0,5.72566470590453,4.908148936551164,7.666454391804329,1,0,0,0
2024-02-21 22:00:00,22,2,0,Web,100000,3.1887169214564457,4.3403693213227985,0.0,0.0,0,0,0,1
2024-02-21 22:00:00,22,2,0,Database,150000,2.1950463117823835,1.2825357565313449,2.4808506065245726,2.866082965067145,0,1,0,0
2024-02-21 22:00:00,22,2,0,Media,200000,0.0,1.1939237721954432,2.5394115420266217,2.956092219413243,0,0,1,0
2024-02-21 22:00:00,22,2,0,Compute,250000,7.666454391804329,0.8509542865894314,2.470793726893616,2.7917439724892317,1,0,0,0
2024-02-21 23:00:00,23,2,0,Web,100000,0.0,1.5077745860870226,1.0068724471475887,0.0,0,0,0,1
2024-02-21 23:00:00,23,2,0,Database,150000,2.866082965067145,2.505801893023707,3.0924836747707536,4.089349101559507,0,1,0,0
2024-02-21 23:00:00,23,2,0,Media,200000,2.956092219413243,4.705146361431487,0.0,0.0,0,0,1,0
2024-02-21 23:00:00,23,2,0,Compute,250000,2.7917439724892317,0.22153030562396875,1.9585953703891157,1.7673472594802315,1,0,0,0
2024-02-22 00:00:00,0,3,0,Web,100000,0.0,1.7156679692595755,0.9029257555613123,0.0,0,0,0,1
2024-02-22 00:00:00,0,3,0,Database,150000,4.089349101559507,2.0559377658032942,0.8356577849594531,0.0,0,1,0,0
2024-02-22 00:00:00,0,3,0,Media,200000,0.0,1.3102873019628374,2.5975933069103188,3.0724557491806372,0,0,1,0
2024-02-22 00:00:00,0,3,0,Compute,250000,1.7673472594802315,3.2564795677612492,3.6735563674795246,5.19726925366105,1,0,0,0
2024-02-22 01:00:00,1,3,0,Web,100000,0.0,1.0538112251127982,1.233854127634701,0.39920262394540207,0,0,0,1
2024-02-22 01:00:00,1,3,0,Database,150000,0.0,2.366087209379532,3.0226263329486667,3.949634417915332,0,1,0,0
2024-02-22 01:00:00,1,3,0,Media,200000,3.0724557491806372,0.17326593593599543,2.029082623896898,1.9354343831537957,0,0,1,0
2024-02-22 01:00:00,1,3,0,Compute,250000,5.19726925366105,2.7022405673162253,0.7182402395429874,0.0,1,0,0,0
2024-02-22 02:00:00,2,3,0,Web,100000,0.39920262394540207,0.7979002193253915,1.3618096305284042,0.6551136297328087,0,0,0,1
2024-02-22 02:00:00,2,3,0,Database,150000,3.949634417915332,0.9225016119770447,1.402375861872578,0.7091334757631553,0,1,0,0
2024-02-22 02:00:00,2,3,0,Media,200000,1.9354343831537957,2.1140236771185394,0.9094817569718303,0.0,0,0,1,0
2024-02-22 02:00:00,2,3,0,Compute,250000,0.0,1.3094927255697013,2.700062946383751,3.2502824114695015,1,0,0,0
2024-02-22 03:00:00,3,3,0,Web,100000,0.6551136297328087,0.7279825027164778,2.100707051947139,2.132908472570278,0,0,0,1
2024-02-22 03:00:00,3,3,0,Database,150000,0.7091334757631553,4.795993034410454,0.0,0.0,0,1,0,0
2024-02-22 03:00:00,3,3,0,Media,200000,0.0,4.978621925320273,0.0,0.0,0,0,1,0
2024-02-22 03:00:00,3,3,0,Compute,250000,3.2502824114695015,1.2980972992194633,2.694365233208632,3.2388869851192634,1,0,0,0
2024-02-22 04:00:00,4,3,0,Web,100000,2.132908472570278,2.469903225985804,0.525808127198198,0.0,0,0,0,1
2024-02-22 04:00:00,4,3,0,Database,150000,0.0,0.930167404903172,2.304666430710486,2.513714613438972,0,1,0,0
2024-02-22 04:00:00,4,3,0,Media,200000,0.0,2.366838673929765,3.125868992893783,4.129007121147565,0,0,1,0
2024-02-22 04:00:00,4,3,0,Compute,250000,3.2388869851192634,3.8369024518188772,0.15090929729166147,0.0,1,0,0,0
2024-02-22 05:00:00,5,3,0,Web,100000,0.0,4.2586557033307555,0.0,0.0,0,0,0,1
2024-02-22 05:00:00,5,3,0,Database,150000,2.513714613438972,5.047338986788086,4.363252221652943,6.630886195323885,0,1,0,0
2024-02-22 05:00:00,5,3,0,Media,200000,4.129007121147565,1.0787562884895772,2.4818278001736886,2.840924735707377,0,0,1,0
2024-02-22 05:00:00,5,3,0,Compute,250000,0.0,1.2817659096220129,1.4284775683900937,0.7071116554821875,1,0,0,0
2024-02-22 06:00:00,6,3,0,Web,100000,0.0,2.825865297540991,0.34782709142060453,0.0,0,0,0,1
2024-02-22 06:00:00,6,3,0,Database,150000,6.630886195323885,1.5553664863240388,1.085943424699081,0.07626860141616132,0,1,0,0
2024-02-22 06:00:00,6,3,0,Media,200000,2.840924735707377,3.595760947942131,0.1686131215600346,0.0,0,0,1,0
2024-02-22 06:00:00,6,3,0,Compute,250000,0.7071116554821875,2.6742804618739706,3.3824568145358853,4.615070147773771,1,0,0,0
2024-02-22 07:00:00,7,3,0,Web,100000,0.0,2.3542974004211623,0.5836110399805188,0.0,0,0,0,1
2024-02-22 07:00:00,7,3,0,Database,150000,0.07626860141616132,3.304647704251001,3.491906580384401,4.888194912786801,0,1,0,0
2024-02-22 07:00:00,7,3,0,Media,200000,0.0,1.2259306989122338,1.3535282460749833,0.5843256275099664,0,0,1,0
2024-02-22 07:00:00,7,3,0,Compute,250000,4.615070147773771,3.154094490454144,0.492313277974028,0.0,1,0,0,0
2024-02-22 08:00:00,8,3,0,Web,100000,0.0,1.3029487036436043,1.109285388369298,0.15006514541459604,0,0,0,1
2024-02-22 08:00:00,8,3,0,Database,150000,4.888194912786801,7.896544272106451,0.0,0.0,0,1,0,0
2024-02-22 08:00:00,8,3,0,Media,200000,0.5843256275099664,0.3863496696242208,1.7733187607189898,1.4239066567979795,0,0,1,0
2024-02-22 08:00:00,8,3,0,Compute,250000,0.0,0.5344015129926757,1.8021597667047624,1.4544760521115245,1,0,0,0
2024-02-22 09:00:00,9,3,0,Web,100000,0.15006514541459604,2.498272179246103,2.9858518902119515,3.9031981490999033,0,0,0,1
2024-02-22 09:00:00,9,3,0,Database,150000,0.0,5.682958723552338,0.0,0.0,0,1,0,0
2024-02-22 09:00:00,9,3,0,Media,200000,1.4239066567979795,3.509643022192843,3.6972711670253218,5.271811469410643,0,0,1,0
2024-02-22 09:00:00,9,3,0,Compute,250000,1.4544760521115245,2.485841824595168,3.2882374958964844,4.4266315104949685,1,0,0,0
2024-02-22 10:00:00,10,3,0,Web,100000,3.9031981490999033,3.780174630698188,3.626803115937994,5.185100600551989,0,0,0,1
2024-02-22 10:00:00,10,3,0,Database,150000,0.0,0.18220806761461225,1.772522634053794,1.4494270201255879,0,1,0,0
2024-02-22 10:00:00,10,3,0,Media,200000,5.271811469410643,3.065734441910466,3.475316876884133,4.827902889128266,0,0,1,0
2024-02-22 10:00:00,10,3,0,Compute,250000,4.4266315104949685,4.4377760443229155,0.0,0.0,1,0,0,0
2024-02-22 11:00:00,11,3,0,Web,100000,5.185100600551989,2.163186635215799,2.8183091181967996,3.5681126050695995,0,0,0,1
2024-02-22 11:00:00,11,3,0,Database,150000,1.4494270201255879,2.3375322259020357,0.6948605549100824,0.0,0,1,0,0
2024-02-22 11:00:00,11,3,0,Media,200000,4.827902889128266,4.9782494368710095,0.0,0.0,0,0,1,0
2024-02-22 11:00:00,11,3,0,Compute,250000,0.0,3.3964654940952816,0.37112777615345927,0.0,1,0,0,0
2024-02-22 12:00:00,12,3,0,Web,100000,3.5681126050695995,0.04063735549001172,1.7570344783339058,1.445563325343812,0,0,0,1
2024-02-22 12:00:00,12,3,0,Database,150000,0.0,2.49694156425501,0.6151558857335953,0.0,0,1,0,0
2024-02-22 12:00:00,12,3,0,Media,200000,0.0,1.1522645346895999,2.5185819232737,2.9144329819074,0,0,1,0
2024-02-22 12:00:00,12,3,0,Compute,250000,0.0,5.448756604614252,0.0,0.0,1,0,0,0
2024-02-22 13:00:00,13,3,0,Web,100000,1.445563325343812,6.405336570449785,0.0,0.0,0,0,0,1
2024-02-22 13:00:00,13,3,0,Database,150000,0.0,4.141206242032928,3.910185849275364,5.724753450568728,0,1,0,0
2024-02-22 13:00:00,13,3,0,Media,200000,2.9144329819074,2.735444327806503,3.310171819832152,4.497612775024304,0,0,1,0
2024-02-22 13:00:00,13,3,0,Compute,250000,0.0,3.1719344473436224,0.4833932995292889,0.0,1,0,0,0
2024-02-22 14:00:00,14,3,0,Web,100000,0.0,0.03304287001381854,1.7442383051841908,1.4199709790443817,0,0,0,1
2024-02-22 14:00:00,14,3,0,Database,150000,5.724753450568728,3.0825651202061715,3.380865288361986,4.6661123287419715,0,1,0,0
2024-02-22 14:00:00,14,3,0,Media,200000,4.497612775024304,1.2816457644740165,2.5832725381659083,3.0438142116918163,0,0,1,0
2024-02-22 14:00:00,14,3,0,Compute,250000,0.0,0.46871322815263516,2.279673197675218,2.4095029140524353,1,0,0,0
2024-02-22 15:00:00,15,3,0,Web,100000,1.4199709790443817,3.309506183539991,3.391468892358896,4.714432153393791,0,0,0,1
2024-02-22 15:00:00,15,3,0,Database,150000,4.6661123287419715,2.2161813652058613,0.7555359852581696,0.0,0,1,0,0
2024-02-22 15:00:00,15,3,0,Media,200000,3.0438142116918163,0.1175792855960861,2.001239298726943,1.8797477328138863,0,0,1,0
2024-02-22 15:00:00,15,3,0,Compute,250000,2.4095029140524353,0.0775898544793749,2.030565595961413,1.9112877106248254,1,0,0,0
2024-02-22 16:00:00,16,3,0,Web,100000,4.714432153393791,0.8423300826153276,1.3395946988834362,0.6106837664428726,0,0,0,1
2024-02-22 16:00:00,16,3,0,Database,150000,0.0,1.1934604738644563,1.2668964309288722,0.43817461387574386,0,1,0,0
2024-02-22 16:00:00,16,3,0,Media,200000,1.8797477328138863,0.24264865308767222,2.0637739824727364,2.0048171003054724,0,0,1,0
2024-02-22 16:00:00,16,3,0,Compute,250000,1.9112877106248254,0.12726642755878262,2.1089497973782914,2.068056113458583,1,0,0,0
2024-02-22 17:00:00,17,3,0,Web,100000,0.6106837664428726,3.1693268672057773,0.1760963065882113,0.0,0,0,0,1
2024-02-22 17:00:00,17,3,0,Database,150000,0.43817461387574386,2.429431669303542,3.054298562910671,4.012978877839342,0,1,0,0
2024-02-22 17:00:00,17,3,0,Media,200000,2.0048171003054724,2.953199562900975,0.4898938140806126,0.0,0,0,1,0
2024-02-22 17:00:00,17,3,0,Compute,250000,2.068056113458583,0.6787442732437217,1.7299883865792394,1.3101332918604784,1,0,0,0
2024-02-22 18:00:00,18,3,0,Web,100000,0.0,0.9098853577623544,1.3058170613099227,0.5431284912958458,0,0,0,1
2024-02-22 18:00:00,18,3,0,Database,150000,4.012978877839342,1.0983547775798477,2.388760117048824,2.6819019861156477,0,1,0,0
2024-02-22 18:00:00,18,3,0,Media,200000,0.0,6.381355760254199,0.0,0.0,0,0,1,0
2024-02-22 18:00:00,18,3,0,Compute,250000,1.3101332918604784,2.6967733843905743,3.3937032757941874,4.6375630702903745,1,0,0,0
2024-02-22 19:00:00,19,3,0,Web,100000,0.5431284912958458,2.0550149824386925,0.7332522489717537,0.0,0,0,0,1
2024-02-22 19:00:00,19,3,0,Database,150000,2.6819019861156477,3.6839338239333626,3.6815496402255814,5.2674810324691625,0,1,0,0
2024-02-22 19:00:00,19,3,0,Media,200000,0.0,1.4585387131506633,1.2372242389557684,0.35171761327153694,0,0,1,0
2024-02-22 19:00:00,19,3,0,Compute,250000,4.6375630702903745,0.1705746968042315,1.9840731747989844,1.8183028682999687,1,0,0,0
2024-02-22 20:00:00,20,3,0,Web,100000,0.0,5.765402059807472,4.619416830492636,7.170328029661272,0,0,0,1
2024-02-22 20:00:00,20,3,0,Database,150000,5.2674810324691625,0.8560585659832053,1.4355973848694976,0.7755765217569948,0,1,0,0
2024-02-22 20:00:00,20,3,0,Media,200000,0.35171761327153694,3.740593593622576,3.812746452740188,5.502762040840376,0,0,1,0
2024-02-22 20:00:00,20,3,0,Compute,250000,1.8183028682999687,0.14117919629588027,2.11590618174684,2.0819688821956803,1,0,0,0
2024-02-22 21:00:00,21,3,0,Web,100000,7.170328029661272,1.2703004304826688,2.3718660158302343,2.675226400336469,0,0,0,1
2024-02-22 21:00:00,21,3,0,Database,150000,0.7755765217569948,0.23391970783632351,1.9565425821770621,1.8174669163721235,0,1,0,0
2024-02-22 21:00:00,21,3,0,Media,200000,5.502762040840376,2.567598818502572,3.2262490651801863,4.329767265720372,0,0,1,0
2024-02-22 21:00:00,21,3,0,Compute,250000,2.0819688821956803,2.080638778161354,1.029041134120423,0.0,1,0,0,0
2024-02-22 22:00:00,22,3,0,Web,100000,2.675226400336469,2.9761895086597563,0.2726649858612218,0.0,0,0,0,1
2024-02-22 22:00:00,22,3,0,Database,150000,1.8174669163721235,1.9397725107332653,0.8937404124944677,0.0,0,1,0,0
2024-02-22 22:00:00,22,3,0,Media,200000,4.329767265720372,0.3231750685744731,2.1040371902161366,2.0853435157922733,0,0,1,0
2024-02-22 22:00:00,22,3,0,Compute,250000,0.0,0.6865002962531883,1.726110375074506,1.302377268851012,1,0,0,0
2024-02-22 23:00:00,23,3,0,Web,100000,0.0,2.154868569015729,2.814150085096765,3.5597945388695296,0,0,0,1
2024-02-22 23:00:00,23,3,0,Database,150000,0.0,3.9382390390667594,3.8087022477922803,5.521786247602559,0,1,0,0
2024-02-22 23:00:00,23,3,0,Media,200000,2.0853435157922733,2.951558951307226,0.49071411987748714,0.0,0,0,1,0
2024-02-22 23:00:00,23,3,0,Compute,250000,1.302377268851012,2.2258903144439977,0.9564153659791013,0.0,1,0,0,0
2024-02-23 00:00:00,0,4,0,Web,100000,3.5597945388695296,4.332762194540762,0.0,0.0,0,0,0,1
2024-02-23 00:00:00,0,4,0,Database,150000,5.521786247602559,6.115162911879512,4.897164184198656,7.698710120415312,0,1,0,0
2024-02-23 00:00:00,0,4,0,Media,200000,0.0,0.9380524369676805,2.4114758744127403,2.7002208841854807,0,0,1,0
2024-02-23 00:00:00,0,4,0,Compute,250000,0.0,1.4634508997569333,2.777042033477367,3.4042405856567335,1,0,0,0
2024-02-23 01:00:00,1,4,0,Web,100000,0.0,4.044669094695345,0.0,0.0,0,0,0,1
2024-02-23 01:00:00,1,4,0,Database,150000,7.698710120415312,0.0275539066228239,1.8498497145496884,1.604081181117376,0,1,0,0
2024-02-23 01:00:00,1,4,0,Media,200000,2.7002208841854807,1.551787892841456,2.718343602349628,3.313956340059256,0,0,1,0
2024-02-23 01:00:00,1,4,0,Compute,250000,3.4042405856567335,0.7823170112054749,1.6782020175983627,1.2065605538987252,1,0,0,0
2024-02-23 02:00:00,2,4,0,Web,100000,0.0,3.2511608140813837,3.362296207629592,4.656086783935184,0,0,0,1
2024-02-23 02:00:00,2,4,0,Database,150000,1.604081181117376,6.95953731653069,5.319351386524245,8.54308452506649,0,1,0,0
2024-02-23 02:00:00,2,4,0,Media,200000,3.313956340059256,2.8652324208840554,0.5338773850890723,0.0,0,0,1,0
2024-02-23 02:00:00,2,4,0,Compute,250000,1.2065605538987252,3.09030567753229,0.524207684434955,0.0,1,0,0,0
2024-02-23 03:00:00,3,4,0,Web,100000,4.656086783935184,2.65731213618793,0.43210367209713496,0.0,0,0,0,1
2024-02-23 03:00:00,3,4,0,Database,150000,8.54308452506649,4.842641419651672,4.260903438084736,6.426188628187472,0,1,0,0
2024-02-23 03:00:00,3,4,0,Media,200000,0.0,3.151109890691253,3.5180046012745265,4.913278337909054,0,0,1,0
2024-02-23 03:00:00,3,4,0,Compute,250000,0.0,0.43062739298314545,1.8540468267095274,1.5582501721210549,1,0,0,0
2024-02-23 04:00:00,4,4,0,Web,100000,0.0,0.13372293280482284,1.8035772669913115,1.538648902658623,0,0,0,1
2024-02-23 04:00:00,4,4,0,Database,150000,6.426188628187472,2.473674818192364,0.6267892587649182,0.0,0,1,0,0
2024-02-23 04:00:00,4,4,0,Media,200000,4.913278337909054,2.694125412831752,3.289512362344776,4.456293860049552,0,0,1,0
2024-02-23 04:00:00,4,4,0,Compute,250000,1.5582501721210549,1.1637494119278613,1.4874858172371694,0.825128153176339,1,0,0,0
2024-02-23 05:00:00,5,4,0,Web,100000,1.538648902658623,0.8042735579671979,1.3586229612075011,0.6487402910910023,0,0,0,1
2024-02-23 05:00:00,5,4,0,Database,150000,0.0,1.8504132541899707,2.7647893553538854,3.4339604627257705,0,1,0,0
2024-02-23 05:00:00,5,4,0,Media,200000,4.456293860049552,0.5880287538518635,1.6724792186051682,1.2222275725703367,0,0,1,0
2024-02-23 05:00:00,5,4,0,Compute,250000,0.825128153176339,0.7289419200957391,1.7048895631532306,1.2599356450084611,1,0,0,0
2024-02-23 06:00:00,6,4,0,Web,100000,0.6487402910910023,0.05576955618942522,1.7646005786836125,1.4606955260432255,0,0,0,1
2024-02-23 06:00:00,6,4,0,Database,150000,3.4339604627257705,2.41011018098143,3.0446378187496155,3.99365738951723,0,1,0,0
2024-02-23 06:00:00,6,4,0,Media,200000,1.2222275725703367,4.9635231660537,4.42421123895575,6.7256916132715,0,0,1,0
2024-02-23 06:00:00,6,4,0,Compute,250000,1.2599356450084611,1.7805026363404461,2.935567901769123,3.721292322240246,1,0,0,0
2024-02-23 07:00:00,7,4,0,Web,100000,1.4606955260432255,2.4339866104750008,2.9537091058264004,3.838912580328801,0,0,0,1
2024-02-23 07:00:00,7,4,0,Database,150000,3.99365738951723,0.6236061259055731,1.5518236049083138,1.008028961834627,0,1,0,0
2024-02-23 07:00:00,7,4,0,Media,200000,6.7256916132715,2.1474375291083505,0.8927748309769248,0.0,0,0,1,0
2024-02-23 07:00:00,7,4,0,Compute,250000,3.721292322240246,1.9860026363075454,3.0383179017526727,3.9267923222073455,1,0,0,0
2024-02-23 08:00:00,8,4,0,Web,100000,3.838912580328801,0.5377664134039141,2.005599007290857,1.9426923832577143,0,0,0,1
2024-02-23 08:00:00,8,4,0,Database,150000,1.008028961834627,4.291929885851448,0.0,0.0,0,1,0,0
2024-02-23 08:00:00,8,4,0,Media,200000,0.0,1.0082528098789942,1.462367190591603,0.802003516543206,0,0,1,0
2024-02-23 08:00:00,8,4,0,Compute,250000,3.9267923222073455,0.27273501004686074,1.9329930181776698,1.7161425550573395,1,0,0,0
2024-02-23 09:00:00,9,4,0,Web,100000,1.9426923832577143,1.5554175406876363,0.9830509698472819,0.0,0,0,0,1
2024-02-23 09:00:00,9,4,0,Database,150000,0.0,4.4692507232285825,4.074208089873191,6.052797931764382,0,1,0,0
2024-02-23 09:00:00,9,4,0,Media,200000,0.802003516543206,1.4635610503088503,2.6742301810833253,3.2257294975266504,0,0,1,0
2024-02-23 09:00:00,9,4,0,Compute,250000,1.7161425550573395,4.143568693268144,4.117100930232972,6.084358379167944,1,0,0,0
2024-02-23 10:00:00,10,4,0,Web,100000,0.0,0.8143197245586787,2.1438756628682394,2.219245694412479,0,0,0,1
2024-02-23 10:00:00,10,4,0,Database,150000,6.052797931764382,0.26820744887743314,1.9736864526976168,1.8517546574132333,0,1,0,0
2024-02-23 10:00:00,10,4,0,Media,200000,3.2257294975266504,2.8338373924329474,0.5495748993146263,0.0,0,0,1,0
2024-02-23 10:00:00,10,4,0,Compute,250000,6.084358379167944,0.05983253919190016,2.07523285319485,2.0006222250917003,1,0,0,0
2024-02-23 11:00:00,11,4,0,Web,100000,2.219245694412479,0.06320571662852058,1.7683186589031603,1.4681316864823208,0,0,0,1
2024-02-23 11:00:00,11,4,0,Database,150000,1.8517546574132333,4.1253855917049,0.0,0.0,0,1,0,0
2024-02-23 11:00:00,11,4,0,Media,200000,0.0,1.6426263489133848,1.1451804210744077,0.16762997750881548,0,0,1,0
2024-02-23 11:00:00,11,4,0,Compute,250000,2.0006222250917003,0.9938917351512871,1.5724146556254566,0.9949858299529131,1,0,0,0
2024-02-23 12:00:00,12,4,0,Web,100000,1.4681316864823208,1.2644825717693644,2.368957086473582,2.6694085416231648,0,0,0,1
2024-02-23 12:00:00,12,4,0,Database,150000,0.0,1.4080942755593184,2.5436298660385592,2.991641484095118,0,1,0,0
2024-02-23 12:00:00,12,4,0,Media,200000,0.16762997750881548,1.7679993854978147,1.082493902782193,0.04225694092438559,0,0,1,0
2024-02-23 12:00:00,12,4,0,Compute,250000,0.9949858299529131,1.4306527472278547,2.7606429572128275,3.3714424331276547,1,0,0,0
2024-02-23 13:00:00,13,4,0,Web,100000,2.6694085416231648,0.570280727647751,1.4756193763672245,0.8827331214104492,0,0,0,1
2024-02-23 13:00:00,13,4,0,Database,150000,2.991641484095118,8.63290401416707,0.0,0.0,0,1,0,0
2024-02-23 13:00:00,13,4,0,Media,200000,0.04225694092438559,1.478150035456827,1.2274185778026867,0.33210629096537314,0,0,1,0
2024-02-23 13:00:00,13,4,0,Compute,250000,3.3714424331276547,3.2610098600293353,3.6758215136135677,5.201799545929136,1,0,0,0
2024-02-23 14:00:00,14,4,0,Web,100000,0.8827331214104492,5.069461209485239,0.0,0.0,0,0,0,1
2024-02-23 14:00:00,14,4,0,Database,150000,0.0,0.36211754084882064,2.0206414986833106,1.9456647493846209,0,1,0,0
2024-02-23 14:00:00,14,4,0,Media,200000,0.33210629096537314,4.779827582158061,4.33236344700793,6.541996029375861,0,0,1,0
2024-02-23 14:00:00,14,4,0,Compute,250000,5.201799545929136,2.305882798633642,0.9164191238842792,0.0,1,0,0,0
2024-02-23 15:00:00,15,4,0,Web,100000,0.0,0.030491180885257582,1.7519613910315288,1.4354171507390578,0,0,0,1
2024-02-23 15:00:00,15,4,0,Database,150000,1.9456647493846209,3.9360927112859634,0.0,0.0,0,1,0,0
2024-02-23 15:00:00,15,4,0,Media,200000,6.541996029375861,4.905737364592917,4.3953183382253584,6.667905811810717,0,0,1,0
2024-02-23 15:00:00,15,4,0,Compute,250000,0.0,0.27404182059204285,1.9323396129050787,1.7148357445121574,1,0,0,0
2024-02-23 16:00:00,16,4,0,Web,100000,1.4354171507390578,0.16392446798425445,1.8186780345810272,1.5688504378380546,0,0,0,1
2024-02-23 16:00:00,16,4,0,Database,150000,0.0,4.086945336119068,3.8830553963184338,5.670492544654867,0,1,0,0
2024-02-23 16:00:00,16,4,0,Media,200000,6.667905811810717,2.008479123538643,2.946689217698222,3.7706475707564433,0,0,1,0
2024-02-23 16:00:00,16,4,0,Compute,250000,1.7148357445121574,2.6509301370924194,0.7438954546548904,0.0,1,0,0,0
2024-02-23 17:00:00,17,4,0,Web,100000,1.5688504378380546,1.9658777118641477,0.7778208842590262,0.0,0,0,0,1
2024-02-23 17:00:00,17,4,0,Database,150000,5.670492544654867,1.508837853172096,2.5940016548449485,3.092385061707896,0,1,0,0
2024-02-23 17:00:00,17,4,0,Media,200000,3.7706475707564433,1.89640710479102,1.0182900431355901,0.0,0,0,1,0
2024-02-23 17:00:00,17,4,0,Compute,250000,0.0,6.375773875963781,0.0,0.0,1,0,0,0
2024-02-23 18:00:00,18,4,0,Web,100000,0.0,0.18376633551943336,1.6688765724313832,1.2692475135387669,0,0,0,1
2024-02-23 18:00:00,18,4,0,Database,150000,3.092385061707896,4.464681922976628,0.0,0.0,0,1,0,0
2024-02-23 18:00:00,18,4,0,Media,200000,0.0,4.872889200293378,4.378894256075589,6.635057647511178,0,0,1,0
2024-02-23 18:00:00,18,4,0,Compute,250000,0.0,0.554406852891658,2.3225200100447294,2.4951965387914585,1,0,0,0
2024-02-23 19:00:00,19,4,0,Web,100000,1.2692475135387669,2.7395691098329262,0.3909751852746368,0.0,0,0,0,1
2024-02-23 19:00:00,19,4,0,Database,150000,0.0,2.119941183589561,0.8036560760663196,0.0,0,1,0,0
2024-02-23 19:00:00,19,4,0,Media,200000,6.635057647511178,5.692236703223961,0.0,0.0,0,0,1,0
2024-02-23 19:00:00,19,4,0,Compute,250000,2.4951965387914585,3.322429599943711,0.4081457232292447,0.0,1,0,0,0
2024-02-23 20:00:00,20,4,0,Web,100000,0.0,3.0730135472242974,3.273222574201049,4.477939517078098,0,0,0,1
2024-02-23 20:00:00,20,4,0,Database,150000,0.0,6.719402376079375,5.1992839162985875,8.302949584615176,0,1,0,0
2024-02-23 20:00:00,20,4,0,Media,200000,0.0,2.2032334791990755,3.044066395528438,3.9654019264168756,0,0,1,0
2024-02-23 20:00:00,20,4,0,Compute,250000,0.0,0.3001715554652875,1.9192747454684564,1.6887060096389128,1,0,0,0
2024-02-23 21:00:00,21,4,0,Web,100000,4.477939517078098,1.31992206656395,1.1007987069091252,0.13309178249425035,0,0,0,1
2024-02-23 21:00:00,21,4,0,Database,150000,8.302949584615176,2.8935313803312868,0.4168609776954568,0.0,0,1,0,0
2024-02-23 21:00:00,21,4,0,Media,200000,3.9654019264168756,6.203341637621421,5.044120474739611,7.965510084839221,0,0,1,0
2024-02-23 21:00:00,21,4,0,Compute,250000,1.6887060096389128,0.5902900451953247,1.7742155006034377,1.3985875199088755,1,0,0,0
2024-02-23 22:00:00,22,4,0,Web,100000,0.13309178249425035,6.370933429789713,4.922182515483756,7.7758593996435135,0,0,0,1
2024-02-23 22:00:00,22,4,0,Database,150000,0.0,4.204602468432383,3.9418839624750914,5.788149676968183,0,1,0,0
2024-02-23 22:00:00,22,4,0,Media,200000,7.965510084839221,5.246433233641021,0.0,0.0,0,0,1,0
2024-02-23 22:00:00,22,4,0,Compute,250000,1.3985875199088755,2.021901126880075,1.0584099597610626,0.0,1,0,0,0
2024-02-23 23:00:00,23,4,0,Web,100000,7.7758593996435135,2.0311793121236668,0.7451700841292666,0.0,0,0,0,1
2024-02-23 23:00:00,23,4,0,Database,150000,5.788149676968183,0.26358303191941834,1.731835151901391,1.3680520558207818,0,1,0,0
2024-02-23 23:00:00,23,4,0,Media,200000,0.0,0.20498669894346044,1.8640002460593699,1.6052696274787397,0,0,1,0
2024-02-23 23:00:00,23,4,0,Compute,250000,0.0,9.012761225796629,6.551697196497215,10.95355091169643,1,0,0,0
2024-02-24 00:00:00,0,5,1,Web,100000,0.0,3.255727563026476,0.13289595867786197,0.0,0,0,0,1
2024-02-24 00:00:00,0,5,1,Database,150000,1.3680520558207818,0.7109537465953699,2.195059601556585,2.29450095513117,0,1,0,0
2024-02-24 00:00:00,0,5,1,Media,200000,1.6052696274787397,1.8735671670056095,2.879233239431705,3.6357356142234094,0,0,1,0
2024-02-24 00:00:00,0,5,1,Compute,250000,10.95355091169643,0.028759953009788546,2.0549805466962057,1.9601176120944117,1,0,0,0
2024-02-24 01:00:00,1,5,1,Web,100000,0.0,0.3545856729462741,1.914008637062037,1.7595116428000743,0,0,0,1
2024-02-24 01:00:00,1,5,1,Database,150000,2.29450095513117,3.1584706225219614,0.2843913566001195,0.0,0,1,0,0
2024-02-24 01:00:00,1,5,1,Media,200000,3.6357356142234094,0.34350252341024534,2.114200917634023,2.1056709706280454,0,0,1,0
2024-02-24 01:00:00,1,5,1,Compute,250000,1.9601176120944117,1.5582409281253158,2.824437047661558,3.499030614025116,1,0,0,0
2024-02-24 02:00:00,2,5,1,Web,100000,1.7595116428000743,1.0068456924155857,2.240138646796693,2.411771662269386,0,0,0,1
2024-02-24 02:00:00,2,5,1,Database,150000,0.0,1.7346466513384744,2.7069060539281375,3.3181938598742744,0,1,0,0
2024-02-24 02:00:00,2,5,1,Media,200000,2.1056709706280454,4.2618676415108965,4.073383476684349,6.024036088728696,0,0,1,0
2024-02-24 02:00:00,2,5,1,Compute,250000,3.499030614025116,2.834943565345225,3.4627883662715124,4.7757332512450255,1,0,0,0
2024-02-24 03:00:00,3,5,1,Web,100000,2.411771662269386,0.23792778009451088,1.8556796906361555,1.6428537499483111,0,0,0,1
2024-02-24 03:00:00,3,5,1,Database,150000,3.3181938598742744,3.539318995252034,0.09396717023508327,0.0,0,1,0,0
2024-02-24 03:00:00,3,5,1,Media,200000,6.024036088728696,1.8240597637355582,1.054463713663321,0.0,0,0,1,0
2024-02-24 03:00:00,3,5,1,Compute,250000,4.7757332512450255,0.682937395354446,1.727891825523877,1.3059401697497544,1,0,0,0
2024-02-24 04:00:00,4,5,1,Web,100000,1.6428537499483111,0.781081433626542,2.127256517402171,2.1860074034803425,0,0,0,1
2024-02-24 04:00:00,4,5,1,Database,150000,0.0,1.4590422241003853,1.1341055558109077,0.17259286363981485,0,1,0,0
2024-02-24 04:00:00,4,5,1,Media,200000,0.0,2.8312435371552547,0.5508718269534727,0.0,0,0,1,0
2024-02-24 04:00:00,4,5,1,Compute,250000,1.3059401697497544,3.588640006963211,0.2750405197194945,0.0,1,0,0,0
2024-02-24 05:00:00,5,5,1,Web,100000,2.1860074034803425,4.977577216768793,0.0,0.0,0,0,0,1
2024-02-24 05:00:00,5,5,1,Database,150000,0.17259286363981485,0.7288960509259066,1.499178642398147,0.9027390368142935,0,1,0,0
2024-02-24 05:00:00,5,5,1,Media,200000,0.0,4.433040265813116,0.0,0.0,0,0,1,0
2024-02-24 05:00:00,5,5,1,Compute,250000,0.0,3.0256209920743764,0.5565500271639119,0.0,1,0,0,0
2024-02-24 06:00:00,6,5,1,Web,100000,0.0,1.2057495581351076,1.1578849611235462,0.24726429092309266,0,0,0,1
2024-02-24 06:00:00,6,5,1,Database,150000,0.9027390368142935,4.031795867776502,0.0,0.0,0,1,0,0
2024-02-24 06:00:00,6,5,1,Media,200000,0.0,1.163300505098291,2.5240999084780453,2.9254689523160913,0,0,1,0
2024-02-24 06:00:00,6,5,1,Compute,250000,0.0,2.2447131304192616,3.167673148808531,4.185502816319062,1,0,0,0
2024-02-24 07:00:00,7,5,1,Web,100000,0.24726429092309266,1.6723249989283957,0.9245972407269022,0.0,0,0,0,1
2024-02-24 07:00:00,7,5,1,Database,150000,0.0,1.3351258624322053,1.1960637366449975,0.29650922530799484,0,1,0,0
2024-02-24 07:00:00,7,5,1,Media,200000,2.9254689523160913,1.6363332500194325,2.760616280938616,3.398501697237233,0,0,1,0
2024-02-24 07:00:00,7,5,1,Compute,250000,4.185502816319062,2.166029231306237,0.9863459075479817,0.0,1,0,0,0
2024-02-24 08:00:00,8,5,1,Web,100000,0.0,2.3722456743940854,0.5746369029940572,0.0,0,0,0,1
2024-02-24 08:00:00,8,5,1,Database,150000,0.29650922530799484,3.613539374161071,3.646352415339436,5.197086582696871,0,1,0,0
2024-02-24 08:00:00,8,5,1,Media,200000,3.398501697237233,2.676607155740561,3.2807532337991807,4.438775602958361,0,0,1,0
2024-02-24 08:00:00,8,5,1,Compute,250000,0.0,1.8286939466339587,2.9596635569158796,3.769483632533759,1,0,0,0
2024-02-24 09:00:00,9,5,1,Web,100000,0.0,2.8009778037844786,3.1372047024811396,4.205903773638279,0,0,0,1
2024-02-24 09:00:00,9,5,1,Database,150000,5.197086582696871,5.955880115704289,0.0,0.0,0,1,0,0
2024-02-24 09:00:00,9,5,1,Media,200000,4.438775602958361,4.085550579981523,3.9852249459196614,5.8477190271993225,0,0,1,0
2024-02-24 09:00:00,9,5,1,Compute,250000,3.769483632533759,1.2002302893534267,2.6454317282756135,3.1410199752532266,1,0,0,0
2024-02-24 10:00:00,10,5,1,Web,100000,4.205903773638279,3.0563880916194046,3.264909846398602,4.461314061473205,0,0,0,1
2024-02-24 10:00:00,10,5,1,Database,150000,0.0,1.185529276951288,2.432347366734544,2.769076485487088,0,1,0,0
2024-02-24 10:00:00,10,5,1,Media,200000,5.8477190271993225,0.1708184136426686,2.0278588627502345,1.9329868608604688,0,0,1,0
2024-02-24 10:00:00,10,5,1,Compute,250000,3.1410199752532266,0.8499715766883637,1.6443747348569184,1.1389059884158366,1,0,0,0
2024-02-24 11:00:00,11,5,1,Web,100000,4.461314061473205,1.1254770702608163,2.2994543357193082,2.5304030401146163,0,0,0,1
2024-02-24 11:00:00,11,5,1,Database,150000,2.769076485487088,0.9592876663158564,1.383982834703172,0.6723474214243437,0,1,0,0
2024-02-24 11:00:00,11,5,1,Media,200000,1.9329868608604688,2.627672239797537,3.256285775827669,4.3898406870153375,0,0,1,0
2024-02-24 11:00:00,11,5,1,Compute,250000,1.1389059884158366,4.783413873258802,0.0,0.0,1,0,0,0
2024-02-24 12:00:00,12,5,1,Web,100000,2.5304030401146163,1.6487715249850334,0.9363739776985833,0.0,0,0,0,1
2024-02-24 12:00:00,12,5,1,Database,150000,0.6723474214243437,6.15851368503214,4.91883957077497,7.742060893567939,0,1,0,0
2024-02-24 12:00:00,12,5,1,Media,200000,4.3898406870153375,1.9022853303193774,1.0153509303714114,0.0,0,0,1,0
2024-02-24 12:00:00,12,5,1,Compute,250000,0.0,0.7400951087926341,1.699312968804783,1.2487824563115661,1,0,0,0
2024-02-24 13:00:00,13,5,1,Web,100000,0.0,2.6717867396524286,0.4248663703648856,0.0,0,0,0,1
2024-02-24 13:00:00,13,5,1,Database,150000,7.742060893567939,1.0315809582596718,2.355373207388736,2.615128166795472,0,1,0,0
2024-02-24 13:00:00,13,5,1,Media,200000,0.0,2.2328386100287845,0.8500742905167078,0.0,0,0,1,0
2024-02-24 13:00:00,13,5,1,Compute,250000,1.2487824563115661,0.5808767440233503,1.778922151189425,1.40800082108085,1,0,0,0
2024-02-24 14:00:00,14,5,1,Web,100000,0.0,2.5706435477074114,3.0220375744426056,3.975569517561212,0,0,0,1
2024-02-24 14:00:00,14,5,1,Database,150000,2.615128166795472,2.1203341960466475,0.8034595698377764,0.0,0,1,0,0
2024-02-24 14:00:00,14,5,1,Media,200000,0.0,2.3898772973978626,3.1373883046278315,4.152045744615663,0,0,1,0
2024-02-24 14:00:00,14,5,1,Compute,250000,1.40800082108085,2.4907318862832692,3.290682526740535,4.43152157218307,1,0,0,0
2024-02-24 15:00:00,15,5,1,Web,100000,3.975569517561212,3.1889122237600813,3.3311719124689407,4.593838193613882,0,0,0,1
2024-02-24 15:00:00,15,5,1,Database,150000,0.0,0.4456669243563208,2.0624161904370606,2.029214132892121,0,1,0,0
2024-02-24 15:00:00,15,5,1,Media,200000,4.152045744615663,9.747821170532557,6.816360241195179,11.509989617750358,0,0,1,0
2024-02-24 15:00:00,15,5,1,Compute,250000,4.43152157218307,3.1876450292284457,3.639139098213123,5.128434715128246,1,0,0,0
2024-02-24 16:00:00,16,5,1,Web,100000,4.593838193613882,0.9986768128226796,2.23605420700024,2.40360278267648,0,0,0,1
2024-02-24 16:00:00,16,5,1,Database,150000,2.029214132892121,2.6518171818474054,0.5377180769373975,0.0,0,1,0,0
2024-02-24 16:00:00,16,5,1,Media,200000,11.509989617750358,0.3152213172246229,1.8088829369187887,1.4950350091975773,0,0,1,0
2024-02-24 16:00:00,16,5,1,Compute,250000,5.128434715128246,4.303024870302302,4.196829018750051,6.243814556202102,1,0,0,0
2024-02-24 17:00:00,17,5,1,Web,100000,2.40360278267648,5.1526477864810065,4.313039693829403,6.557573756334806,0,0,0,1
2024-02-24 17:00:00,17,5,1,Database,150000,0.0,4.459031240922888,4.0690983487203445,6.042578449458688,0,1,0,0
2024-02-24 17:00:00,17,5,1,Media,200000,1.4950350091975773,2.3796208597910584,3.1322600858244294,4.1417893070088585,0,0,1,0
2024-02-24 17:00:00,17,5,1,Compute,250000,6.243814556202102,3.7910245584889157,0.17384824395664222,0.0,1,0,0,0
2024-02-24 18:00:00,18,5,1,Web,100000,6.557573756334806,1.4855293930792104,2.479480497128505,2.8904553629330105,0,0,0,1
2024-02-24 18:00:00,18,5,1,Database,150000,6.042578449458688,3.748251073761193,0.0,0.0,0,1,0,0
2024-02-24 18:00:00,18,5,1,Media,200000,4.1417893070088585,4.486457519744476,0.0,0.0,0,0,1,0
2024-02-24 18:00:00,18,5,1,Compute,250000,0.0,0.7415199933339157,2.416076580265858,2.682309679233716,1,0,0,0
2024-02-24 19:00:00,19,5,1,Web,100000,2.8904553629330105,1.5936422814114513,2.5335369412946256,2.9985682512652514,0,0,0,1
2024-02-24 19:00:00,19,5,1,Database,150000,0.0,2.734175235044614,3.206670345781207,4.317722443580414,0,1,0,0
2024-02-24 19:00:00,19,5,1,Media,200000,0.0,1.515452660760482,2.700175986309141,3.277621107978282,0,0,1,0
2024-02-24 19:00:00,19,5,1,Compute,250000,2.682309679233716,1.618801896830445,2.8547175320141225,3.559591582730245,1,0,0,0
2024-02-24 20:00:00,20,5,1,Web,100000,2.9985682512652514,2.978001694579329,0.2717588929014354,0.0,0,0,0,1
2024-02-24 20:00:00,20,5,1,Database,150000,4.317722443580414,0.33897399365619907,1.6941396710330008,1.2926610940840009,0,1,0,0
2024-02-24 20:00:00,20,5,1,Media,200000,3.277621107978282,4.5453942965056635,0.0,0.0,0,0,1,0
2024-02-24 20:00:00,20,5,1,Compute,250000,3.559591582730245,6.034151327802787,0.0,0.0,1,0,0,0
2024-02-24 21:00:00,21,5,1,Web,100000,0.0,2.245972069131422,2.859701835154611,3.6508980389852224,0,0,0,1
2024-02-24 21:00:00,21,5,1,Database,150000,1.2926610940840009,2.283417120975076,0.7219181073735621,0.0,0,1,0,0
2024-02-24 21:00:00,21,5,1,Media,200000,0.0,2.64153944603136,3.26321937894458,4.403707893249161,0,0,1,0
2024-02-24 21:00:00,21,5,1,Compute,250000,0.0,3.349086673242316,3.719859920220058,5.2898763591421165,1,0,0,0
2024-02-24 22:00:00,22,5,1,Web,100000,3.6508980389852224,1.881995913471793,0.8197617834552036,0.0,0,0,0,1
2024-02-24 22:00:00,22,5,1,Database,150000,0.0,1.7949772232680974,2.7370713398929487,3.378524431803897,0,1,0,0
2024-02-24 22:00:00,22,5,1,Media,200000,4.403707893249161,2.007514125443125,0.9627365328095376,0.0,0,0,1,0
2024-02-24 22:00:00,22,5,1,Compute,250000,5.2898763591421165,5.561680563482672,0.0,0.0,1,0,0,0
2024-02-24 23:00:00,23,5,1,Web,100000,0.0,0.3939721529295752,1.9337018770536876,1.7988981227833754,0,0,0,1
2024-02-24 23:00:00,23,5,1,Database,150000,3.378524431803897,1.4366655787494822,1.1452938784863593,0.19496950899071797,0,1,0,0
2024-02-24 23:00:00,23,5,1,Media,200000,0.0,1.3443109713635952,1.2943381098493025,0.465945355058605,0,0,1,0
2024-02-24 23:00:00,23,5,1,Compute,250000,0.0,5.950073293138776,5.020353230168288,7.890862979038576,1,0,0,0
2024-02-25 00:00:00,0,6,1,Web,100000,1.7988981227833754,4.601614887800216,0.0,0.0,0,0,0,1
2024-02-25 00:00:00,0,6,1,Database,150000,0.19496950899071797,1.1726573457166132,2.4259114011172067,2.756204554252413,0,1,0,0
2024-02-25 00:00:00,0,6,1,Media,200000,0.465945355058605,3.0084656510364542,0.4622607700128729,0.0,0,0,1,0
2024-02-25 00:00:00,0,6,1,Compute,250000,7.890862979038576,2.748828167404173,3.4197306673009864,4.689617853303973,1,0,0,0
2024-02-25 01:00:00,1,6,1,Web,100000,0.0,0.9193376481273973,2.1963846246525986,2.3242636179811975,0,0,0,1
2024-02-25 01:00:00,1,6,1,Database,150000,2.756204554252413,1.1620769871440408,2.4206212218309204,2.7456241956798406,0,1,0,0
2024-02-25 01:00:00,1,6,1,Media,200000,0.0,2.8587127924089795,0.5371371993266103,0.0,0,0,1,0
2024-02-25 01:00:00,1,6,1,Compute,250000,4.689617853303973,2.3208076794671704,0.9089566834675149,0.0,1,0,0,0
2024-02-25 02:00:00,2,6,1,Web,100000,2.3242636179811975,2.805795461639858,3.139613531408829,4.210721431493658,0,0,0,1
2024-02-25 02:00:00,2,6,1,Database,150000,2.7456241956798406,5.336437104784888,4.5078012806513446,6.919984313320688,0,1,0,0
2024-02-25 02:00:00,2,6,1,Media,200000,0.0,1.4649673912747614,2.6749333515662808,3.2271358384925612,0,0,1,0
2024-02-25 02:00:00,2,6,1,Compute,250000,0.0,2.7163061019164982,0.711207472242851,0.0,1,0,0,0
2024-02-25 03:00:00,3,6,1,Web,100000,4.210721431493658,1.0408595069884048,2.2571455540831025,2.4457854768422047,0,0,0,1
2024-02-25 03:00:00,3,6,1,Database,150000,6.919984313320688,7.306460072615029,5.492812764566414,8.89000728115083,0,1,0,0
2024-02-25 03:00:00,3,6,1,Media,200000,3.2271358384925612,0.33131237175893513,2.1081058418083676,2.0934808189767353,0,0,1,0
2024-02-25 03:00:00,3,6,1,Compute,250000,0.0,4.409566517782999,4.2500998424904,6.350356203682798,1,0,0,0
2024-02-25 04:00:00,4,6,1,Web,100000,2.4457854768422047,2.2450320371183357,0.6382437216319321,0.0,0,0,0,1
2024-02-25 04:00:00,4,6,1,Database,150000,8.89000728115083,0.15030209451136034,1.7884756206054202,1.4813329932288397,0,1,0,0
2024-02-25 04:00:00,4,6,1,Media,200000,2.0934808189767353,1.8827395579788277,2.8838194349183137,3.644908005196628,0,0,1,0
2024-02-25 04:00:00,4,6,1,Compute,250000,6.350356203682798,1.2160288643907924,2.653331015794296,3.1568185502905926,1,0,0,0
2024-02-25 05:00:00,5,6,1,Web,100000,0.0,2.3232099799356822,0.5991547502232588,0.0,0,0,0,1
2024-02-25 05:00:00,5,6,1,Database,150000,1.4813329932288397,2.4525963109939988,0.6373285123641008,0.0,0,1,0,0
2024-02-25 05:00:00,5,6,1,Media,200000,3.644908005196628,2.9888971489101754,3.4368982303839877,4.751065596127976,0,0,1,0
2024-02-25 05:00:00,5,6,1,Compute,250000,3.1568185502905926,3.5986963775526353,3.844664772375218,5.539486063452435,1,0,0,0
2024-02-25 06:00:00,6,6,1,Web,100000,0.0,4.56047461396796,4.0169531075728795,5.96540058382176,0,0,0,1
2024-02-25 06:00:00,6,6,1,Database,150000,0.0,5.435835389360803,4.5575004229393015,7.019382597896603,0,1,0,0
2024-02-25 06:00:00,6,6,1,Media,200000,4.751065596127976,0.4279022485699894,2.156400780213895,2.1900706957877896,0,0,1,0
2024-02-25 06:00:00,6,6,1,Compute,250000,5.539486063452435,0.9576416722969802,1.59053968705261,1.03123589280722,1,0,0,0
2024-02-25 07:00:00,7,6,1,Web,100000,5.96540058382176,4.077016755937607,3.7752241785577034,5.4819427257914075,0,0,0,1
2024-02-25 07:00:00,7,6,1,Database,150000,7.019382597896603,2.16325178515696,2.9212086208373806,3.74679899369276,0,1,0,0
2024-02-25 07:00:00,7,6,1,Media,200000,2.1900706957877896,2.9714097156049744,0.48078873772861286,0.0,0,0,1,0
2024-02-25 07:00:00,7,6,1,Compute,250000,1.03123589280722,3.124950936158934,0.5068850551216331,0.0,1,0,0,0
2024-02-25 08:00:00,8,6,1,Web,100000,5.4819427257914075,1.4998345436711273,2.4866330724244636,2.9047605135249275,0,0,0,1
2024-02-25 08:00:00,8,6,1,Database,150000,3.74679899369276,0.5558679240541988,1.585692705834001,1.0757671636860011,0,1,0,0
2024-02-25 08:00:00,8,6,1,Media,200000,0.0,0.10333380382429262,1.9148266936189537,1.7069225225979074,0,0,1,0
2024-02-25 08:00:00,8,6,1,Compute,250000,0.0,3.241644033732784,3.6661386004652923,5.182433719632584,1,0,0,0
2024-02-25 09:00:00,9,6,1,Web,100000,2.9047605135249275,2.301155374557307,2.8872934878675536,3.7060813444111074,0,0,0,1
2024-02-25 09:00:00,9,6,1,Database,150000,1.0757671636860011,4.013663684857495,3.8464145706876476,5.597210893393295,0,1,0,0
2024-02-25 09:00:00,9,6,1,Media,200000,1.7069225225979074,5.8186522587223,0.0,0.0,0,0,1,0
2024-02-25 09:00:00,9,6,1,Compute,250000,5.182433719632584,0.7842376912658023,2.4374354292318015,2.7250273771656026,1,0,0,0
2024-02-25 10:00:00,10,6,1,Web,100000,3.7060813444111074,2.1081095067938205,2.7907705539858103,3.513035476647621,0,0,0,1
2024-02-25 10:00:00,10,6,1,Database,150000,5.597210893393295,4.603801509665252,0.0,0.0,0,1,0,0
2024-02-25 10:00:00,10,6,1,Media,200000,0.0,1.9887308635321166,0.9721281637650419,0.0,0,0,1,0
2024-02-25 10:00:00,10,6,1,Compute,250000,2.7250273771656026,2.545499426588957,0.7966108099066216,0.0,1,0,0,0
2024-02-25 11:00:00,11,6,1,Web,100000,3.513035476647621,0.08913845278194855,1.7812850269798743,1.4940644226357487,0,0,0,1
2024-02-25 11:00:00,11,6,1,Database,150000,0.0,4.907605845684392,4.293385651101096,6.491153054220192,0,1,0,0
2024-02-25 11:00:00,11,6,1,Media,200000,0.0,6.091812153596902,4.988355732727351,7.853980600814702,0,0,1,0
2024-02-25 11:00:00,11,6,1,Compute,250000,0.0,2.4669065988220464,0.8359072237900769,0.0,1,0,0,0
2024-02-25 12:00:00,12,6,1,Web,100000,1.4940644226357487,1.6037156910829224,2.538573646130361,3.0086416609367226,0,0,0,1
2024-02-25 12:00:00,12,6,1,Database,150000,6.491153054220192,1.7004374960291455,2.689801476273473,3.2839847045649453,0,1,0,0
2024-02-25 12:00:00,12,6,1,Media,200000,7.853980600814702,1.1869212541464433,2.5359102830021216,2.9490897013642434,0,0,1,0
2024-02-25 12:00:00,12,6,1,Compute,250000,0.0,1.2209828438199022,2.655808005508851,3.1617725297197024,1,0,0,0
2024-02-25 13:00:00,13,6,1,Web,100000,3.0086416609367226,0.9352714469561841,2.204351524066992,2.3401974168099846,0,0,0,1
2024-02-25 13:00:00,13,6,1,Database,150000,3.2839847045649453,5.086754302021459,4.38295987926963,6.670301510557259,0,1,0,0
2024-02-25 13:00:00,13,6,1,Media,200000,2.9490897013642434,3.331443482706373,3.608171397282087,5.093611929924173,0,0,1,0
2024-02-25 13:00:00,13,6,1,Compute,250000,3.1617725297197024,3.204505632397001,0.4671077070025995,0.0,1,0,0,0
2024-02-25 14:00:00,14,6,1,Web,100000,2.3401974168099846,2.4112071822438477,2.942319391710824,3.816133152097648,0,0,0,1
2024-02-25 14:00:00,14,6,1,Database,150000,6.670301510557259,2.7011640631365563,3.1901647598271783,4.284711271672356,0,1,0,0
2024-02-25 14:00:00,14,6,1,Media,200000,5.093611929924173,0.9689458010575667,2.4269225564576833,2.7311142482753668,0,0,1,0
2024-02-25 14:00:00,14,6,1,Compute,250000,0.0,3.418317051110388,3.754475109154094,5.359106737010189,1,0,0,0
2024-02-25 15:00:00,15,6,1,Web,100000,3.816133152097648,0.5882660424993115,2.0308488218385556,1.9931920123531117,0,0,0,1
2024-02-25 15:00:00,15,6,1,Database,150000,4.284711271672356,0.6254471028309522,2.1523062796743764,2.2089943113667525,0,1,0,0
2024-02-25 15:00:00,15,6,1,Media,200000,2.7311142482753668,0.38776557363332986,2.136332442745565,2.14993402085113,0,0,1,0
2024-02-25 15:00:00,15,6,1,Compute,250000,5.359106737010189,6.078776197001207,0.0,0.0,1,0,0,0
2024-02-25 16:00:00,16,6,1,Web,100000,1.9931920123531117,0.26523912131982197,1.628140179531189,1.1877747277383781,0,0,0,1
2024-02-25 16:00:00,16,6,1,Database,150000,2.2089943113667525,2.028795662965912,0.8492288363781442,0.0,0,1,0,0
2024-02-25 16:00:00,16,6,1,Media,200000,2.14993402085113,3.5833878741798713,0.1747996584411644,0.0,0,0,1,0
2024-02-25 16:00:00,16,6,1,Compute,250000,0.0,4.326098793820768,4.208365980509284,6.266888479720568,1,0,0,0
2024-02-25 17:00:00,17,6,1,Web,100000,1.1877747277383781,1.5366664952055735,2.5050490481916867,2.9415924650593737,0,0,0,1
2024-02-25 17:00:00,17,6,1,Database,150000,0.0,0.11353718243584342,1.8068580766431785,1.5180979053043566,0,1,0,0
2024-02-25 17:00:00,17,6,1,Media,200000,0.0,1.718453992909479,1.1072665990763606,0.09180233351272116,0,0,1,0
2024-02-25 17:00:00,17,6,1,Compute,250000,6.266888479720568,0.9125526934884206,2.5015929303431106,2.853342379388221,1,0,0,0
2024-02-25 18:00:00,18,6,1,Web,100000,2.9415924650593737,2.9983522195547394,3.23589191036627,4.40327818940854,0,0,0,1
2024-02-25 18:00:00,18,6,1,Database,150000,1.5180979053043566,2.5049414702430224,0.611155932739589,0.0,0,1,0,0
2024-02-25 18:00:00,18,6,1,Media,200000,0.09180233351272116,0.03852905643203002,1.9472290673150852,1.77172726999017,0,0,1,0
2024-02-25 18:00:00,18,6,1,Compute,250000,2.853342379388221,2.628243436155717,3.359438301676759,4.569033122055518,1,0,0,0
2024-02-25 19:00:00,19,6,1,Web,100000,4.40327818940854,5.83204732685459,0.0,0.0,0,0,0,1
2024-02-25 19:00:00,19,6,1,Database,150000,0.0,0.19675322681841212,1.7652500544518943,1.434881860921788,0,1,0,0
2024-02-25 19:00:00,19,6,1,Media,200000,1.77172726999017,1.3119180512448159,1.3105345699086923,0.4983382751773844,0,0,1,0
2024-02-25 19:00:00,19,6,1,Compute,250000,4.569033122055518,0.4255335128673019,1.8565937667674492,1.5633440522368982,1,0,0,0
2024-02-25 20:00:00,20,6,1,Web,100000,0.0,1.528929608717909,0.9962949358321456,0.0,0,0,0,1
2024-02-25 20:00:00,20,6,1,Database,150000,1.434881860921788,0.4369177552240868,2.058041605870944,2.020464963759887,0,1,0,0
2024-02-25 20:00:00,20,6,1,Media,200000,0.4983382751773844,5.7949256008703545,4.839912456364077,7.557094048088154,0,0,1,0
2024-02-25 20:00:00,20,6,1,Compute,250000,1.5633440522368982,0.995811361387853,1.5714548425071737,0.9930662037163472,1,0,0,0
2024-02-25 21:00:00,21,6,1,Web,100000,0.0,0.8991769668845199,2.18630428403116,2.30410293673832,0,0,0,1
2024-02-25 21:00:00,21,6,1,Database,150000,2.020464963759887,6.008283194829539,4.843724325673669,7.591830403365338,0,1,0,0
2024-02-25 21:00:00,21,6,1,Media,200000,7.557094048088154,1.674090674719866,1.1294482581711671,0.1361656517023342,0,0,1,0
2024-02-25 21:00:00,21,6,1,Compute,250000,0.9930662037163472,5.468069986389108,4.779351576793454,7.408859672288908,1,0,0,0
2024-02-25 22:00:00,22,6,1,Web,100000,2.30410293673832,0.0400129594835217,1.7567222803306608,1.4449389293373218,0,0,0,1
2024-02-25 22:00:00,22,6,1,Database,150000,7.591830403365338,5.369732617196979,4.52444903685739,6.953279825732778,0,1,0,0
2024-02-25 22:00:00,22,6,1,Media,200000,0.1361656517023342,2.274647314441157,3.0797733131494787,4.036815761658957,0,0,1,0
2024-02-25 22:00:00,22,6,1,Compute,250000,7.408859672288908,0.945369027349465,2.5180010972736326,2.8861587132492654,1,0,0,0
2024-02-25 23:00:00,23,6,1,Web,100000,1.4449389293373218,0.2209359852619596,1.6502917475601202,1.2320778637962406,0,0,0,1
2024-02-25 23:00:00,23,6,1,Database,150000,6.953279825732778,1.896168259239832,0.9155425382411844,0.0,0,1,0,0
2024-02-25 23:00:00,23,6,1,Media,200000,4.036815761658957,0.2514185894952583,2.0681589506765294,2.0135870367130586,0,0,1,0
2024-02-25 23:00:00,23,6,1,Compute,250000,2.8861587132492654,2.7161283166622723,3.4033807419300364,4.6569180025620724,1,0,0,0
2024-02-26 00:00:00,0,0,0,Web,100000,1.2320778637962406,0.06337823259221173,1.7290706238949942,1.3896356164659884,0,0,0,1
2024-02-26 00:00:00,0,0,0,Database,150000,0.0,0.973912354787773,1.3766704904672138,0.657722732952427,0,1,0,0
2024-02-26 00:00:00,0,0,0,Media,200000,2.0135870367130586,0.7763915421355186,1.5782978244633408,1.0338647842866815,0,0,1,0
2024-02-26 00:00:00,0,0,0,Compute,250000,4.6569180025620724,3.00147378035136,3.54605347377458,4.94226346625116,1,0,0,0
2024-02-26 01:00:00,1,0,0,Web,100000,1.3896356164659884,3.6995283049017673,3.5864799530397837,5.104454274755568,0,0,0,1
2024-02-26 01:00:00,1,0,0,Database,150000,0.657722732952427,2.025495480907311,0.8508789274074446,0.0,0,1,0,0
2024-02-26 01:00:00,1,0,0,Media,200000,1.0338647842866815,2.0298075119446692,0.9515898395587654,0.0,0,0,1,0
2024-02-26 01:00:00,1,0,0,Compute,250000,4.94226346625116,1.162120698603537,2.6263769329006688,3.1029103845033372,1,0,0,0
2024-02-26 02:00:00,2,0,0,Web,100000,5.104454274755568,4.606640133873965,4.040035867525882,6.011566103727764,0,0,0,1
2024-02-26 02:00:00,2,0,0,Database,150000,0.0,3.46201486453988,3.57059016052884,5.04556207307568,0,1,0,0
2024-02-26 02:00:00,2,0,0,Media,200000,0.0,3.779600576141935,0.07669330746013259,0.0,0,0,1,0
2024-02-26 02:00:00,2,0,0,Compute,250000,3.1029103845033372,0.8162718495777863,1.661224598412207,1.172605715526414,1,0,0,0
2024-02-26 03:00:00,3,0,0,Web,100000,6.011566103727764,2.815854603670737,0.3528324383557315,0.0,0,0,0,1
2024-02-26 03:00:00,3,0,0,Database,150000,5.04556207307568,0.8265815053479747,1.450335915187113,0.8050535823922254,0,1,0,0
2024-02-26 03:00:00,3,0,0,Media,200000,0.0,4.837273927708264,4.361086619783032,6.599442374926063,0,0,1,0
2024-02-26 03:00:00,3,0,0,Compute,250000,1.172605715526414,4.291845885951251,0.0,0.0,1,0,0,0
2024-02-26 04:00:00,4,0,0,Web,100000,0.0,4.880639819442771,0.0,0.0,0,0,0,1
2024-02-26 04:00:00,4,0,0,Database,150000,0.8050535823922254,2.509706399903007,0.6087734679095966,0.0,0,1,0,0
2024-02-26 04:00:00,4,0,0,Media,200000,6.599442374926063,0.8859757473301783,2.385437529593989,2.6481441945479784,0,0,1,0
2024-02-26 04:00:00,4,0,0,Compute,250000,0.0,1.8863084015244704,2.9884707843611356,3.827098087424271,1,0,0,0
2024-02-26 05:00:00,5,0,0,Web,100000,0.0,1.3363892441867995,2.4049104226823,2.7413152140405996,0,0,0,1
2024-02-26 05:00:00,5,0,0,Database,150000,0.0,3.5511001492952494,3.6151328029065253,5.134647357831049,0,1,0,0
2024-02-26 05:00:00,5,0,0,Media,200000,2.6481441945479784,5.313300722303988,0.0,0.0,0,0,1,0
2024-02-26 05:00:00,5,0,0,Compute,250000,3.827098087424271,3.589053554679011,3.8398433609384055,5.529843240578812,1,0,0,0
2024-02-26 06:00:00,6,0,0,Web,100000,2.7413152140405996,0.9603298997410744,1.2805947903205628,0.4926839493171258,0,0,0,1
2024-02-26 06:00:00,6,0,0,Database,150000,5.134647357831049,2.2185268690168027,2.9488461627673015,3.8020740775526027,0,1,0,0
2024-02-26 06:00:00,6,0,0,Media,200000,0.0,3.994320219891813,0.0,0.0,0,0,1,0
2024-02-26 06:00:00,6,0,0,Compute,250000,5.529843240578812,0.038914030629410526,2.0647735989136056,1.9797037165292108,1,0,0,0
2024-02-26 07:00:00,7,0,0,Web,100000,0.4926839493171258,0.7328562513692407,2.1031439262735203,2.137782221223041,0,0,0,1
2024-02-26 07:00:00,7,0,0,Database,150000,3.8020740775526027,3.4912970520974542,3.5852312543076277,5.074844260633254,0,1,0,0
2024-02-26 07:00:00,7,0,0,Media,200000,0.0,4.779807807425496,0.0,0.0,0,0,1,0
2024-02-26 07:00:00,7,0,0,Compute,250000,1.9797037165292108,0.11630158520691247,2.1034673762023566,2.057091271106713,1,0,0,0
2024-02-26 08:00:00,8,0,0,Web,100000,2.137782221223041,3.2797498130286287,0.1208848336767856,0.0,0,0,0,1
2024-02-26 08:00:00,8,0,0,Database,150000,5.074844260633254,1.5405320722270253,2.609848764372413,3.1240792807628255,0,1,0,0
2024-02-26 08:00:00,8,0,0,Media,200000,0.0,2.3556935489705784,3.1202964304141894,4.1178619961883784,0,0,1,0
2024-02-26 08:00:00,8,0,0,Compute,250000,2.057091271106713,3.885554667126463,3.9880939171621317,5.826344353026263,1,0,0,0
2024-02-26 09:00:00,9,0,0,Web,100000,0.0,1.6291323025273234,0.9461935889274383,0.0,0,0,0,1
2024-02-26 09:00:00,9,0,0,Database,150000,3.1240792807628255,2.805723396668571,3.2424444265931855,4.389270605204371,0,1,0,0
2024-02-26 09:00:00,9,0,0,Media,200000,4.1178619961883784,4.10674870203336,3.99582400694558,5.86891714925116,0,0,1,0
2024-02-26 09:00:00,9,0,0,Compute,250000,5.826344353026263,4.953784849168601,0.0,0.0,1,0,0,0
2024-02-26 10:00:00,10,0,0,Web,100000,0.0,1.8610786998975517,2.6672551505376756,3.266004669751352,0,0,0,1
2024-02-26 10:00:00,10,0,0,Database,150000,4.389270605204371,2.899577700942518,3.2893715787301594,4.4831249094783185,0,1,0,0
2024-02-26 10:00:00,10,0,0,Media,200000,5.86891714925116,0.8002230987645121,1.566382046148844,1.010033227657688,0,0,1,0
2024-02-26 10:00:00,10,0,0,Compute,250000,0.0,3.6563646721775256,0.2411781871123373,0.0,1,0,0,0
2024-02-26 11:00:00,11,0,0,Web,100000,3.266004669751352,2.8529112079311894,3.163171404554495,4.25783717778499,0,0,0,1
2024-02-26 11:00:00,11,0,0,Database,150000,4.4831249094783185,3.62257042227547,0.0523414567233651,0.0,0,1,0,0
2024-02-26 11:00:00,11,0,0,Media,200000,1.010033227657688,0.5590982431349071,1.6869444739636466,1.251158083287293,0,0,1,0
2024-02-26 11:00:00,11,0,0,Compute,250000,0.0,0.14441611301218707,1.9971524666950067,1.844461452092013,1,0,0,0
2024-02-26 12:00:00,12,0,0,Web,100000,4.25783717778499,2.1706580947141982,2.822044847945999,3.5755840645679986,0,0,0,1
2024-02-26 12:00:00,12,0,0,Database,150000,0.0,1.903938618139798,0.9116573587912014,0.0,0,1,0,0
2024-02-26 12:00:00,12,0,0,Media,200000,1.251158083287293,2.077795006085765,0.9275960924882176,0.0,0,0,1,0
2024-02-26 12:00:00,12,0,0,Compute,250000,1.844461452092013,0.3207903758915327,2.2057117715446664,2.261580061791333,1,0,0,0
2024-02-26 13:00:00,13,0,0,Web,100000,3.5755840645679986,3.0432153724614475,3.2583234868196236,4.448141342315248,0,0,0,1
2024-02-26 13:00:00,13,0,0,Database,150000,0.0,6.886393941561642,5.282779699039721,8.469941150097442,0,1,0,0
2024-02-26 13:00:00,13,0,0,Media,200000,0.0,4.546487538938524,0.0,0.0,0,0,1,0
2024-02-26 13:00:00,13,0,0,Compute,250000,2.261580061791333,0.9700699929619343,2.5303515800798673,2.9108596788617347,1,0,0,0
2024-02-26 14:00:00,14,0,0,Web,100000,4.448141342315248,3.2836490183050757,0.11893523103856207,0.0,0,0,0,1
2024-02-26 14:00:00,14,0,0,Database,150000,8.469941150097442,3.080477669222428,3.3798215628701143,4.664024877758228,0,1,0,0
2024-02-26 14:00:00,14,0,0,Media,200000,0.0,2.839677581529899,0.5466548047661506,0.0,0,0,1,0
2024-02-26 14:00:00,14,0,0,Compute,250000,2.9108596788617347,2.0479885941491713,1.0453662261265144,0.0,1,0,0,0
2024-02-26 15:00:00,15,0,0,Web,100000,0.0,1.7918565167941887,0.8648314817940057,0.0,0,0,0,1
2024-02-26 15:00:00,15,0,0,Database,150000,4.664024877758228,0.2526407557616117,1.7373062899802945,1.3789943319785885,0,1,0,0
2024-02-26 15:00:00,15,0,0,Media,200000,0.0,0.9936367301783223,2.4392680210180613,2.7558051773961223,0,0,1,0
2024-02-26 15:00:00,15,0,0,Compute,250000,0.0,1.4751481204277408,2.7828906438127703,3.415937806327541,1,0,0,0
2024-02-26 16:00:00,16,0,0,Web,100000,0.0,0.04134657815054973,1.7400864511158252,1.4116672709076505,0,0,0,1
2024-02-26 16:00:00,16,0,0,Database,150000,1.3789943319785885,4.013717006923944,0.0,0.0,0,1,0,0
2024-02-26 16:00:00,16,0,0,Media,200000,2.7558051773961223,2.2074023905327675,3.046150851195284,3.9695708377505676,0,0,1,0
2024-02-26 16:00:00,16,0,0,Compute,250000,3.415937806327541,0.18291993059128378,1.9779005579054583,1.8059576345129165,1,0,0,0
2024-02-26 17:00:00,17,0,0,Web,100000,1.4116672709076505,3.509248309646296,3.491339955412048,4.914174279500097,0,0,0,1
2024-02-26 17:00:00,17,0,0,Database,150000,0.0,2.14726027804201,0.7899965288400952,0.0,0,1,0,0
2024-02-26 17:00:00,17,0,0,Media,200000,3.9695708377505676,4.830868121655183,0.0,0.0,0,0,1,0
2024-02-26 17:00:00,17,0,0,Compute,250000,1.8059576345129165,0.12612194765142581,2.0062995493753872,1.8627556174527744,1,0,0,0
2024-02-26 18:00:00,18,0,0,Web,100000,4.914174279500097,3.9119020044549946,3.6926668028163974,5.316827974308795,0,0,0,1
2024-02-26 18:00:00,18,0,0,Database,150000,0.0,0.5068703494503524,2.0930179029840765,2.0904175579861524,0,1,0,0
2024-02-26 18:00:00,18,0,0,Media,200000,0.0,0.6230533371207696,1.6549669269707152,1.1872029893014306,0,0,1,0
2024-02-26 18:00:00,18,0,0,Compute,250000,1.8627556174527744,2.6350849925744995,0.7518180269138504,0.0,1,0,0,0
2024-02-26 19:00:00,19,0,0,Web,100000,5.316827974308795,5.297343339644668,4.385387470411233,6.702269309498467,0,0,0,1
2024-02-26 19:00:00,19,0,0,Database,150000,2.0904175579861524,3.112851724256538,0.30720080573283126,0.0,0,1,0,0
2024-02-26 19:00:00,19,0,0,Media,200000,1.1872029893014306,2.2002267124869195,0.8663802392876403,0.0,0,0,1,0
2024-02-26 19:00:00,19,0,0,Compute,250000,0.0,1.7341465278542685,2.9123898475260344,3.6749362137540684,1,0,0,0
2024-02-26 20:00:00,20,0,0,Web,100000,6.702269309498467,5.59210600926257,0.0,0.0,0,0,0,1
2024-02-26 20:00:00,20,0,0,Database,150000,0.0,3.847815935746219,3.76349069613201,5.431363144282019,0,1,0,0
2024-02-26 20:00:00,20,0,0,Media,200000,0.0,1.8966232822542668,2.8907612970560335,3.6587917294720667,0,0,1,0
2024-02-26 20:00:00,20,0,0,Compute,250000,3.6749362137540684,2.721737155035529,3.4061851611166647,4.662526840935329,1,0,0,0
2024-02-26 21:00:00,21,0,0,Web,100000,0.0,1.6983949754511625,2.5859132883144813,3.1033209453049624,0,0,0,1
2024-02-26 21:00:00,21,0,0,Database,150000,5.431363144282019,0.5074144919713102,1.6099194218754451,1.12422059576889,0,1,0,0
2024-02-26 21:00:00,21,0,0,Media,200000,3.6587917294720667,3.2134900700684685,0.35974856049686577,0.0,0,0,1,0
2024-02-26 21:00:00,21,0,0,Compute,250000,4.662526840935329,0.44427026327708186,1.8472253915625592,1.5446073018271185,1,0,0,0
2024-02-26 22:00:00,22,0,0,Web,100000,3.1033209453049624,2.949752874860104,0.2858833027610479,0.0,0,0,0,1
2024-02-26 22:00:00,22,0,0,Database,150000,1.12422059576889,1.4825098698313506,2.5808376631745755,3.066057078367151,0,1,0,0
2024-02-26 22:00:00,22,0,0,Media,200000,0.0,2.444383431246505,3.1646413715521526,4.206551878464305,0,0,1,0
2024-02-26 22:00:00,22,0,0,Compute,250000,1.5446073018271185,4.454469833196823,4.272551500197311,6.395259519096623,1,0,0,0
2024-02-26 23:00:00,23,0,0,Web,100000,0.0,1.1393468612607898,2.3063892312192946,2.54427283111459,0,0,0,1
2024-02-26 23:00:00,23,0,0,Database,150000,3.066057078367151,2.7977700093877584,3.2384677329527793,4.381317217923558,0,1,0,0
2024-02-26 23:00:00,23,0,0,Media,200000,4.206551878464305,0.9154781512926266,1.508754519884787,0.8947781751295736,0,0,1,0
2024-02-26 23:00:00,23,0,0,Compute,250000,6.395259519096623,1.4588753536267844,1.339922846387708,0.5300022114774159,1,0,0,0
2024-02-27 00:00:00,0,1,0,Web,100000,2.54427283111459,1.4450596120526045,2.459245606615202,2.8499855819064046,0,0,0,1
2024-02-27 00:00:00,0,1,0,Database,150000,4.381317217923558,1.1834625577529263,1.2718953889846372,0.44817252998727386,0,1,0,0
2024-02-27 00:00:00,0,1,0,Media,200000,0.8947781751295736,0.8316013060851731,2.3582503089714866,2.5937697533029733,0,0,1,0
2024-02-27 00:00:00,0,1,0,Compute,250000,0.5300022114774159,3.2076205076084627,0.4655502693968687,0.0,1,0,0,0
2024-02-27 01:00:00,1,1,0,Web,100000,2.8499855819064046,2.668926987031103,0.42629624667554844,0.0,0,0,0,1
2024-02-27 01:00:00,1,1,0,Database,150000,0.44817252998727386,1.9302718426570706,2.8047186495874357,3.5138190511928706,0,1,0,0
2024-02-27 01:00:00,1,1,0,Media,200000,2.5937697533029733,2.684114165820488,3.284506738839144,4.446282613038289,0,0,1,0
2024-02-27 01:00:00,1,1,0,Compute,250000,0.0,2.9810124465022416,0.5788542999499793,0.0,1,0,0,0
2024-02-27 02:00:00,2,1,0,Web,100000,0.0,2.035886871121462,2.754659236149631,3.4408128409752625,0,0,0,1
2024-02-27 02:00:00,2,1,0,Database,150000,3.5138190511928706,1.622250958708024,1.0525011885070883,0.009384129032176114,0,1,0,0
2024-02-27 02:00:00,2,1,0,Media,200000,4.446282613038289,0.07355946820312975,1.979229390030465,1.8357279154209298,0,0,1,0
2024-02-27 02:00:00,2,1,0,Compute,250000,0.0,4.274877186974141,4.182755177085971,6.215666872873941,1,0,0,0
2024-02-27 03:00:00,3,1,0,Web,100000,3.4408128409752625,2.4465056416710453,2.959968621424423,3.8514316115248457,0,0,0,1
2024-02-27 03:00:00,3,1,0,Database,150000,0.009384129032176114,2.4116599036687782,3.0454126800932895,3.9952071122045787,0,1,0,0
2024-02-27 03:00:00,3,1,0,Media,200000,1.8357279154209298,5.7504150149730995,4.81765716341545,7.512583462190899,0,0,1,0
2024-02-27 03:00:00,3,1,0,Compute,250000,6.215666872873941,2.135681962751593,1.0015195418253036,0.0,1,0,0,0
2024-02-27 04:00:00,4,1,0,Web,100000,3.8514316115248457,2.981668864579837,0.2699253079011814,0.0,0,0,0,1
2024-02-27 04:00:00,4,1,0,Database,150000,3.9952071122045787,2.1904107502879717,0.7684212927171143,0.0,0,1,0,0
2024-02-27 04:00:00,4,1,0,Media,200000,7.512583462190899,0.7875470998220452,1.5727200456200774,1.022709226600155,0,0,1,0
2024-02-27 04:00:00,4,1,0,Compute,250000,0.0,7.087695782477881,0.0,0.0,1,0,0,0
2024-02-27 05:00:00,5,1,0,Web,100000,0.0,0.6463286496926312,1.4375954153447843,0.806685199365569,0,0,0,1
2024-02-27 05:00:00,5,1,0,Database,150000,0.0,1.6577561352869357,1.0347486002176325,0.0,0,1,0,0
2024-02-27 05:00:00,5,1,0,Media,200000,1.022709226600155,2.3753232417955967,3.1301112768266988,4.137491689013397,0,0,1,0
2024-02-27 05:00:00,5,1,0,Compute,250000,0.0,1.0813020766323203,2.58596762191506,3.0220917625321206,1,0,0,0
2024-02-27 06:00:00,6,1,0,Web,100000,0.806685199365569,1.8261338229102109,0.8476928287359946,0.0,0,0,0,1
2024-02-27 06:00:00,6,1,0,Database,150000,0.0,1.793926475690912,2.736545966104356,3.377473684226712,0,1,0,0
2024-02-27 06:00:00,6,1,0,Media,200000,4.137491689013397,2.1938331190735085,3.0393662154656544,3.9560015662913086,0,0,1,0
2024-02-27 06:00:00,6,1,0,Compute,250000,3.0220917625321206,2.3296813089764323,0.9045198687128839,0.0,1,0,0,0
2024-02-27 07:00:00,7,1,0,Web,100000,0.0,1.5031167057494554,1.0092013873163723,0.0,0,0,0,1
2024-02-27 07:00:00,7,1,0,Database,150000,3.377473684226712,6.700133500896148,0.0,0.0,0,1,0,0
2024-02-27 07:00:00,7,1,0,Media,200000,3.9560015662913086,3.2960238627100544,0.3184816641760728,0.0,0,0,1,0
2024-02-27 07:00:00,7,1,0,Compute,250000,0.0,2.251452620872935,0.9436342127646327,0.0,1,0,0,0
2024-02-27 08:00:00,8,1,0,Web,100000,0.0,0.24654246942026534,1.8599870352990326,1.6514684392740655,0,0,0,1
2024-02-27 08:00:00,8,1,0,Database,150000,0.0,2.860191977681646,0.4335306790202773,0.0,0,1,0,0
2024-02-27 08:00:00,8,1,0,Media,200000,0.0,1.564399900749527,1.1842936451563366,0.24585642567267318,0,0,1,0
2024-02-27 08:00:00,8,1,0,Compute,250000,0.0,3.7000359843499973,0.21934253102610146,0.0,1,0,0,0
2024-02-27 09:00:00,9,1,0,Web,100000,1.6514684392740655,0.5373856351960119,2.005408618186906,1.9423116050498122,0,0,0,1
2024-02-27 09:00:00,9,1,0,Database,150000,0.0,1.301187723356923,2.4901765899373616,2.884734931892723,0,1,0,0
2024-02-27 09:00:00,9,1,0,Media,200000,0.24585642567267318,1.231139984861667,2.5580196483597337,2.993308432079467,0,0,1,0
2024-02-27 09:00:00,9,1,0,Compute,250000,0.0,0.06112733531797799,2.0758802512578893,2.0019170212177784,1,0,0,0
2024-02-27 10:00:00,10,1,0,Web,100000,1.9423116050498122,4.647262929106383,0.0,0.0,0,0,0,1
2024-02-27 10:00:00,10,1,0,Database,150000,2.884734931892723,1.8839049312807528,0.9216742022207239,0.0,0,1,0,0
2024-02-27 10:00:00,10,1,0,Media,200000,2.993308432079467,1.2459639565576535,1.3435116172522734,0.5642923698645468,0,0,1,0
2024-02-27 10:00:00,10,1,0,Compute,250000,2.0019170212177784,1.233929878364076,1.452395584019062,0.7549476867401244,1,0,0,0
2024-02-27 11:00:00,11,1,0,Web,100000,0.0,0.2489875935717091,1.8612095973747547,1.6539135634255093,0,0,0,1
2024-02-27 11:00:00,11,1,0,Database,150000,0.0,4.300668056715257,3.9899167566165286,5.884215265251057,0,1,0,0
2024-02-27 11:00:00,11,1,0,Media,200000,0.5642923698645468,2.460332577655999,3.1726159447569,4.222501024873799,0,0,1,0
2024-02-27 11:00:00,11,1,0,Compute,250000,0.7549476867401244,2.9865972791482838,0.5760618836269582,0.0,1,0,0,0
2024-02-27 12:00:00,12,1,0,Web,100000,1.6539135634255093,2.0592525654921006,2.7663420833349504,3.464178535345901,0,0,0,1
2024-02-27 12:00:00,12,1,0,Database,150000,5.884215265251057,1.9449510425994088,2.8120582495586044,3.5284982511352085,0,1,0,0
2024-02-27 12:00:00,12,1,0,Media,200000,4.222501024873799,2.4422463584568948,0.7453704163026527,0.0,0,0,1,0
2024-02-27 12:00:00,12,1,0,Compute,250000,0.0,2.570641707508517,3.3306374373531584,4.5114313934083174,1,0,0,0
2024-02-27 13:00:00,13,1,0,Web,100000,3.464178535345901,0.5051738474379901,1.5081728164721049,0.9478400016202102,0,0,0,1
2024-02-27 13:00:00,13,1,0,Database,150000,3.5284982511352085,4.253904409645535,0.0,0.0,0,1,0,0
2024-02-27 13:00:00,13,1,0,Media,200000,0.0,1.3896521135136257,2.637275712685713,3.1518205607314256,0,0,1,0
2024-02-27 13:00:00,13,1,0,Compute,250000,4.5114313934083174,0.6749294104457728,2.3827812888217865,2.615719096345573,1,0,0,0
2024-02-27 14:00:00,14,1,0,Web,100000,0.9478400016202102,0.7070768271596831,1.4072213266112583,0.7459370218985171,0,0,0,1
2024-02-27 14:00:00,14,1,0,Database,150000,0.0,0.13640319455209854,1.795425070585051,1.4952318931881015,0,1,0,0
2024-02-27 14:00:00,14,1,0,Media,200000,3.1518205607314256,2.1813003762675858,0.8758434073973071,0.0,0,0,1,0
2024-02-27 14:00:00,14,1,0,Compute,250000,2.615719096345573,1.8544354509935284,2.972534309095664,3.7952251368933285,1,0,0,0
2024-02-27 15:00:00,15,1,0,Web,100000,0.7459370218985171,0.1543958431289779,1.683561818626611,1.2986180059292223,0,0,0,1
2024-02-27 15:00:00,15,1,0,Database,150000,1.4952318931881015,0.5233904714468838,2.101277963982342,2.1069376799826838,0,1,0,0
2024-02-27 15:00:00,15,1,0,Media,200000,0.0,1.0954697128888176,2.490184512373309,2.8576381601066174,0,0,1,0
2024-02-27 15:00:00,15,1,0,Compute,250000,3.7952251368933285,3.4878007828811746,0.3254601317605128,0.0,1,0,0,0
2024-02-27 16:00:00,16,1,0,Web,100000,1.2986180059292223,2.706893005248356,0.40731323756692195,0.0,0,0,0,1
2024-02-27 16:00:00,16,1,0,Database,150000,2.1069376799826838,6.653877318450828,0.0,0.0,0,1,0,0
2024-02-27 16:00:00,16,1,0,Media,200000,2.8576381601066174,1.718270715073421,2.8015850134656106,3.480439162291221,0,0,1,0
2024-02-27 16:00:00,16,1,0,Compute,250000,0.0,3.660674010842499,0.23902351777985054,0.0,1,0,0,0
2024-02-27 17:00:00,17,1,0,Web,100000,0.0,0.4217530692891569,1.9475923352334785,1.8266790391429573,0,0,0,1
2024-02-27 17:00:00,17,1,0,Database,150000,0.0,1.1370086144208584,2.4080870354693293,2.7205558229566584,0,1,0,0
2024-02-27 17:00:00,17,1,0,Media,200000,3.480439162291221,1.8311024562797609,2.8580008840687805,3.5932709034975607,0,0,1,0
2024-02-27 17:00:00,17,1,0,Compute,250000,0.0,3.6360946811103774,0.2513131826459114,0.0,1,0,0,0
2024-02-27 18:00:00,18,1,0,Web,100000,1.8266790391429573,0.21952879402427314,1.6509953431789635,1.2334850550339271,0,0,0,1
2024-02-27 18:00:00,18,1,0,Database,150000,2.7205558229566584,5.034885201965447,4.3570253292416234,6.618432410501247,0,1,0,0
2024-02-27 18:00:00,18,1,0,Media,200000,3.5932709034975607,5.16698797955515,4.525943645706475,6.929156426772949,0,0,1,0
2024-02-27 18:00:00,18,1,0,Compute,250000,0.0,2.9860132216830526,3.5383231944404265,4.926802907582853,1,0,0,0
2024-02-27 19:00:00,19,1,0,Web,100000,1.2334850550339271,1.0365233560587186,2.254977478618259,2.4414493259125187,0,0,0,1
2024-02-27 19:00:00,19,1,0,Database,150000,6.618432410501247,3.039363106138332,0.3439451147919341,0.0,0,1,0,0
2024-02-27 19:00:00,19,1,0,Media,200000,6.929156426772949,2.179908815775359,3.0324040638165797,3.942077262993159,0,0,1,0
2024-02-27 19:00:00,19,1,0,Compute,250000,4.926802907582853,0.4981076258427226,1.8203067102797388,1.4907699392614777,1,0,0,0
2024-02-27 20:00:00,20,1,0,Web,100000,2.4414493259125187,1.7056287654207334,2.5895301832992668,3.1105547352745333,0,0,0,1
2024-02-27 20:00:00,20,1,0,Database,150000,0.0,1.9225743041585501,0.9023395157818253,0.0,0,1,0,0
2024-02-27 20:00:00,20,1,0,Media,200000,3.942077262993159,0.5428432781219866,1.6950719564701067,1.2674130483002135,0,0,1,0
2024-02-27 20:00:00,20,1,0,Compute,250000,1.4907699392614777,0.5164860198314742,2.3035595935146373,2.4572757057312744,1,0,0,0
2024-02-27 21:00:00,21,1,0,Web,100000,3.1105547352745333,0.7628782140837752,2.1181549076307875,2.1678041839375757,0,0,0,1
2024-02-27 21:00:00,21,1,0,Database,150000,0.0,1.5052120829829445,2.5921887697503725,3.0887592915187447,0,1,0,0
2024-02-27 21:00:00,21,1,0,Media,200000,1.2674130483002135,1.7616288931768982,1.085679148942651,0.048627433245302054,0,0,1,0
2024-02-27 21:00:00,21,1,0,Compute,250000,2.4572757057312744,4.053897295932809,0.042411875234695806,0.0,1,0,0,0
2024-02-27 22:00:00,22,1,0,Web,100000,2.1678041839375757,4.8983990593015845,4.185915330239692,6.303325029155385,0,0,0,1
2024-02-27 22:00:00,22,1,0,Database,150000,3.0887592915187447,7.491806446672274,5.585485951595037,9.075353655208074,0,1,0,0
2024-02-27 22:00:00,22,1,0,Media,200000,0.048627433245302054,1.366306073209336,2.625602692533568,3.128474520427136,0,0,1,0
2024-02-27 22:00:00,22,1,0,Compute,250000,0.0,3.9960202237925313,0.07135041130483444,0.0,1,0,0,0
2024-02-27 23:00:00,23,1,0,Web,100000,6.303325029155385,2.34362929013083,0.5889450951256849,0.0,0,0,0,1
2024-02-27 23:00:00,23,1,0,Database,150000,9.075353655208074,1.5513966467551072,2.6152810516364537,3.1349438552909072,0,1,0,0
2024-02-27 23:00:00,23,1,0,Media,200000,3.128474520427136,4.0473907746460585,3.966145043251929,5.809559221863858,0,0,1,0
2024-02-27 23:00:00,23,1,0,Compute,250000,0.0,3.6627158432277684,0.23800260158721587,0.0,1,0,0,0
2024-02-28 00:00:00,0,2,0,Web,100000,0.0,0.39704240214890363,1.5622385391166482,1.0559714469092967,0,0,0,1
2024-02-28 00:00:00,0,2,0,Database,150000,3.1349438552909072,0.6118401329341071,2.145502794725954,2.195387341469907,0,1,0,0
2024-02-28 00:00:00,0,2,0,Media,200000,5.809559221863858,2.6177792934598236,3.251339302658812,4.379947740677624,0,0,1,0
2024-02-28 00:00:00,0,2,0,Compute,250000,0.0,1.054847222803338,1.5419369117994313,0.9340303423008622,1,0,0,0
2024-02-28 01:00:00,1,2,0,Web,100000,1.0559714469092967,4.715488013567974,0.0,0.0,0,0,0,1
2024-02-28 01:00:00,1,2,0,Database,150000,2.195387341469907,1.8876366179609072,2.783401037239354,3.4711838264967074,0,1,0,0
2024-02-28 01:00:00,1,2,0,Media,200000,4.379947740677624,3.398431835115914,3.6416655734868573,5.160600282333714,0,0,1,0
2024-02-28 01:00:00,1,2,0,Compute,250000,0.9340303423008622,0.2718183248376821,1.9334513607822592,1.7170592402665181,1,0,0,0
2024-02-28 02:00:00,2,2,0,Web,100000,0.0,1.2397642135214937,2.356597907349647,2.644690183375294,0,0,0,1
2024-02-28 02:00:00,2,2,0,Database,150000,3.4711838264967074,1.447517627883412,1.1398678539193943,0.18411745985678807,0,1,0,0
2024-02-28 02:00:00,2,2,0,Media,200000,5.160600282333714,2.561362323779883,0.6858124336411586,0.0,0,0,1,0
2024-02-28 02:00:00,2,2,0,Compute,250000,1.7170592402665181,3.103320981243856,3.5969770742208285,5.044110667143657,1,0,0,0
2024-02-28 03:00:00,3,2,0,Web,100000,2.644690183375294,1.1865314830455829,2.3299815421116916,2.591457452899383,0,0,0,1
2024-02-28 03:00:00,3,2,0,Database,150000,0.18411745985678807,1.4951497378078478,2.587157597162824,3.0786969463436478,0,1,0,0
2024-02-28 03:00:00,3,2,0,Media,200000,0.0,4.53038938358604,4.20764434772192,6.2925578308038395,0,0,1,0
2024-02-28 03:00:00,3,2,0,Compute,250000,5.044110667143657,3.188570942557919,0.4750750519221405,0.0,1,0,0,0
2024-02-28 04:00:00,4,2,0,Web,100000,2.591457452899383,1.6801227440804665,0.9206983681508668,0.0,0,0,0,1
2024-02-28 04:00:00,4,2,0,Database,150000,3.0786969463436478,0.49784398610628655,2.0885047213120433,2.0813911946420864,0,1,0,0
2024-02-28 04:00:00,4,2,0,Media,200000,6.2925578308038395,1.7169836528859257,1.1080017690881374,0.09327267353627455,0,0,1,0
2024-02-28 04:00:00,4,2,0,Compute,250000,0.0,2.37345354541955,3.232043356308675,4.314243231319351,1,0,0,0
2024-02-28 05:00:00,5,2,0,Web,100000,0.0,0.5862416023141521,1.4676389390340239,0.8667722467440481,0,0,0,1
2024-02-28 05:00:00,5,2,0,Database,150000,2.0813911946420864,3.0016423620937687,0.36280548681421587,0.0,0,1,0,0
2024-02-28 05:00:00,5,2,0,Media,200000,0.09327267353627455,0.22135896516518475,2.0531291385114923,1.983527412382985,0,0,1,0
2024-02-28 05:00:00,5,2,0,Compute,250000,4.314243231319351,0.5350602520225638,2.312846709610182,2.475849937922364,1,0,0,0
2024-02-28 06:00:00,6,2,0,Web,100000,0.8667722467440481,2.828090128291191,3.1507608647344956,4.233016098144992,0,0,0,1
2024-02-28 06:00:00,6,2,0,Database,150000,0.0,1.2034666490444732,2.441316052781137,2.7870138575802734,0,1,0,0
2024-02-28 06:00:00,6,2,0,Media,200000,1.983527412382985,1.407483113681707,2.6461912127697538,3.1696515608995073,0,0,1,0
2024-02-28 06:00:00,6,2,0,Compute,250000,2.475849937922364,0.9849189916238744,2.5377760794108375,2.9257086775236747,1,0,0,0
2024-02-28 07:00:00,7,2,0,Web,100000,4.233016098144992,0.5887115034779913,1.4664039884521043,0.8643023455802089,0,0,0,1
2024-02-28 07:00:00,7,2,0,Database,150000,2.7870138575802734,2.172701284935994,0.7772760253931033,0.0,0,1,0,0
2024-02-28 07:00:00,7,2,0,Media,200000,3.1696515608995073,0.890558994580328,2.3877291532190643,2.6527274417981284,0,0,1,0
2024-02-28 07:00:00,7,2,0,Compute,250000,2.9257086775236747,1.023418237253122,1.557651404574539,0.9654593278510784,1,0,0,0
2024-02-28 08:00:00,8,2,0,Web,100000,0.8643023455802089,5.0935118009252465,4.283471701051523,6.498437770779047,0,0,0,1
2024-02-28 08:00:00,8,2,0,Database,150000,0.0,4.050590823921857,3.8648781402198287,5.634138032457656,0,1,0,0
2024-02-28 08:00:00,8,2,0,Media,200000,2.6527274417981284,1.9225613366570249,2.9037303242574124,3.684729783874825,0,0,1,0
2024-02-28 08:00:00,8,2,0,Compute,250000,0.9654593278510784,1.1594447574811568,2.6250389623394783,3.100234443380957,1,0,0,0
2024-02-28 09:00:00,9,2,0,Web,100000,6.498437770779047,0.2879210925457313,1.6167991939182342,1.165092756512469,0,0,0,1
2024-02-28 09:00:00,9,2,0,Database,150000,5.634138032457656,3.807415133643605,0.0,0.0,0,1,0,0
2024-02-28 09:00:00,9,2,0,Media,200000,3.684729783874825,0.6725606095680967,1.6302132907470517,1.1376957168541035,0,0,1,0
2024-02-28 09:00:00,9,2,0,Compute,250000,3.100234443380957,0.32824403981797,2.209438603507885,2.26903372571777,1,0,0,0
2024-02-28 10:00:00,10,2,0,Web,100000,1.165092756512469,0.7124133629361868,2.0929224820569936,2.117339332789987,0,0,0,1
2024-02-28 10:00:00,10,2,0,Database,150000,0.0,1.4326530406496782,2.555909248583739,3.016200249185478,0,1,0,0
2024-02-28 10:00:00,10,2,0,Media,200000,1.1376957168541035,2.788034533235255,3.3364669225465278,4.550202980453055,0,0,1,0
2024-02-28 10:00:00,10,2,0,Compute,250000,2.26903372571777,2.1005061546808013,1.0191074458606995,0.0,1,0,0,0
2024-02-28 11:00:00,11,2,0,Web,100000,2.117339332789987,2.073270761229234,0.724124359576483,0.0,0,0,0,1
2024-02-28 11:00:00,11,2,0,Database,150000,3.016200249185478,4.376613978831677,4.027889717674738,5.9601611873674765,0,1,0,0
2024-02-28 11:00:00,11,2,0,Media,200000,4.550202980453055,2.336988707181646,3.110944009519723,4.099157154399446,0,0,1,0
2024-02-28 11:00:00,11,2,0,Compute,250000,0.0,1.1963567660021637,1.4711821402000185,0.7925207991020367,1,0,0,0
2024-02-28 12:00:00,12,2,0,Web,100000,0.0,0.3456774464589103,1.587921016961645,1.10733640259929,0,0,0,1
2024-02-28 12:00:00,12,2,0,Database,150000,5.9601611873674765,0.33218577962689566,1.6975337780476525,1.2994493081133045,0,1,0,0
2024-02-28 12:00:00,12,2,0,Media,200000,4.099157154399446,0.11876630644634897,2.0018328091520745,1.8809347536641492,0,0,1,0
2024-02-28 12:00:00,12,2,0,Compute,250000,0.7925207991020367,1.4420932163180396,2.76636319175792,3.3828829022178395,1,0,0,0
2024-02-28 13:00:00,13,2,0,Web,100000,1.10733640259929,7.629022177901693,5.5512268895397465,9.033948147755494,0,0,0,1
2024-02-28 13:00:00,13,2,0,Database,150000,1.2994493081133045,0.5933136230901573,2.136239539803979,2.1768608316259574,0,1,0,0
2024-02-28 13:00:00,13,2,0,Media,200000,1.8809347536641492,2.0118383908779522,2.948368851367876,3.7740068380957523,0,0,1,0
2024-02-28 13:00:00,13,2,0,Compute,250000,3.3828829022178395,5.083474058172628,0.0,0.0,1,0,0,0
2024-02-28 14:00:00,14,2,0,Web,100000,9.033948147755494,1.478743917938705,1.0213877812217476,0.0,0,0,0,1
2024-02-28 14:00:00,14,2,0,Database,150000,2.1768608316259574,3.7104889477520153,3.694827202134908,5.294036156287816,0,1,0,0
2024-02-28 14:00:00,14,2,0,Media,200000,3.7740068380957523,1.2309901136720478,2.557944712764924,2.9931585608898477,0,0,1,0
2024-02-28 14:00:00,14,2,0,Compute,250000,0.0,13.19138769419671,0.0,0.0,1,0,0,0
2024-02-28 15:00:00,15,2,0,Web,100000,0.0,2.04611354655079,2.759772573864295,3.4510395164045904,0,0,0,1
2024-02-28 15:00:00,15,2,0,Database,150000,5.294036156287816,5.7785371234885075,4.728851290003154,7.362084332024307,0,1,0,0
2024-02-28 15:00:00,15,2,0,Media,200000,2.9931585608898477,6.01176669796158,0.0,0.0,0,0,1,0
2024-02-28 15:00:00,15,2,0,Compute,250000,0.0,4.582206966538737,4.336420066868269,6.522996652438537,1,0,0,0
2024-02-28 16:00:00,16,2,0,Web,100000,3.4510395164045904,8.339910831479983,0.0,0.0,0,0,0,1
2024-02-28 16:00:00,16,2,0,Database,150000,7.362084332024307,2.83804077476244,3.2586031156401205,4.42158798329824,0,1,0,0
2024-02-28 16:00:00,16,2,0,Media,200000,0.0,0.0499898176389206,1.9414986867116397,1.7602665087832796,0,0,1,0
2024-02-28 16:00:00,16,2,0,Compute,250000,6.522996652438537,7.073957585336049,0.0,0.0,1,0,0,0
2024-02-28 17:00:00,17,2,0,Web,100000,0.0,1.3624574213215597,2.41794451124968,2.76738339117536,0,0,0,1
2024-02-28 17:00:00,17,2,0,Database,150000,4.42158798329824,3.4765631870583755,3.577864321788088,5.060110395594176,0,1,0,0
2024-02-28 17:00:00,17,2,0,Media,200000,1.7602665087832796,1.1157049510669195,2.5003021314623597,2.8778733982847196,0,0,1,0
2024-02-28 17:00:00,17,2,0,Compute,250000,0.0,1.7785268507810392,2.93458000898942,3.7193165366808394,1,0,0,0
2024-02-28 18:00:00,18,2,0,Web,100000,2.76738339117536,1.2590722766193851,1.1312236018814075,0.19394157243881516,0,0,0,1
2024-02-28 18:00:00,18,2,0,Database,150000,5.060110395594176,5.608213205265266,0.0,0.0,0,1,0,0
2024-02-28 18:00:00,18,2,0,Media,200000,2.8778733982847196,2.0996360066133923,2.9922676592355963,3.8618044538311924,0,0,1,0
2024-02-28 18:00:00,18,2,0,Compute,250000,3.7193165366808394,5.273305697941088,4.681969432569444,7.214095383840887,1,0,0,0
2024-02-28 19:00:00,19,2,0,Web,100000,0.19394157243881516,3.4127865022845767,3.4431090517311884,4.817712472138377,0,0,0,1
2024-02-28 19:00:00,19,2,0,Database,150000,0.0,5.987671428406238,0.0,0.0,0,1,0,0
2024-02-28 19:00:00,19,2,0,Media,200000,3.8618044538311924,4.568727161235002,0.0,0.0,0,0,1,0
2024-02-28 19:00:00,19,2,0,Compute,250000,7.214095383840887,2.5619471649942214,0.7883869407039894,0.0,1,0,0,0
2024-02-28 20:00:00,20,2,0,Web,100000,4.817712472138377,4.80297029344263,0.0,0.0,0,0,0,1
2024-02-28 20:00:00,20,2,0,Database,150000,0.0,0.15661369827031732,1.917889577394059,1.7401609068061175,0,1,0,0
2024-02-28 20:00:00,20,2,0,Media,200000,0.0,1.2042913551437686,2.5445953335007845,2.9664598023615687,0,0,1,0
2024-02-28 20:00:00,20,2,0,Compute,250000,0.0,4.314803789329303,0.0,0.0,1,0,0,0
2024-02-28 21:00:00,21,2,0,Web,100000,0.0,2.3554293174287846,2.9144304593032926,3.760355287282585,0,0,0,1
2024-02-28 21:00:00,21,2,0,Database,150000,1.7401609068061175,1.8273557716622422,2.7532606140900215,3.410902980198042,0,1,0,0
2024-02-28 21:00:00,21,2,0,Media,200000,2.9664598023615687,1.6685213141333095,1.1322329384644454,0.14173501228889074,0,0,1,0
2024-02-28 21:00:00,21,2,0,Compute,250000,0.0,0.5416098975541523,1.798555574424024,1.4472676675500478,1,0,0,0
2024-02-28 22:00:00,22,2,0,Web,100000,3.760355287282585,5.873447466561295,0.0,0.0,0,0,0,1
2024-02-28 22:00:00,22,2,0,Database,150000,3.410902980198042,1.0208304084634223,1.353211463629389,0.6108046792767777,0,1,0,0
2024-02-28 22:00:00,22,2,0,Media,200000,0.14173501228889074,0.04619886199317729,1.9655490869254888,1.8083673092109775,0,0,1,0
2024-02-28 22:00:00,22,2,0,Compute,250000,1.4472676675500478,0.5302867252867687,2.3104599462422843,2.471076411186569,1,0,0,0
2024-02-28 23:00:00,23,2,0,Web,100000,0.0,1.1606746756627218,2.3170531384202606,2.565600645516522,0,0,0,1
2024-02-28 23:00:00,23,2,0,Database,150000,0.6108046792767777,0.7567691692939167,2.217967312905859,2.340316377829717,0,1,0,0
2024-02-28 23:00:00,23,2,0,Media,200000,1.8083673092109775,0.8170750313992116,1.5579560798314942,0.9931812950229886,0,0,1,0
2024-02-28 23:00:00,23,2,0,Compute,250000,2.471076411186569,0.8826287672651502,2.4866309672314753,2.82341845316495,1,0,0,0
2024-02-29 00:00:00,0,3,0,Web,100000,2.565600645516522,3.0301399195329437,3.251785760355372,4.435065889386744,0,0,0,1
2024-02-29 00:00:00,0,3,0,Database,150000,2.340316377829717,0.31053815953113306,1.7083575880955337,1.321096928209067,0,1,0,0
2024-02-29 00:00:00,0,3,0,Media,200000,0.9931812950229886,0.9768286120972302,2.430863961977515,2.7389970593150306,0,0,1,0
2024-02-29 00:00:00,0,3,0,Compute,250000,2.82341845316495,0.5825571275945552,1.7780819594038224,1.406320437509645,1,0,0,0
2024-02-29 01:00:00,1,3,0,Web,100000,4.435065889386744,1.964320689040914,0.7785993956706431,0.0,0,0,0,1
2024-02-29 01:00:00,1,3,0,Database,150000,1.321096928209067,1.5926829403550127,2.6359241984364066,3.176230148890813,0,1,0,0
2024-02-29 01:00:00,1,3,0,Media,200000,2.7389970593150306,1.6897217721128157,1.1216327094746923,0.12053455430938453,0,0,1,0
2024-02-29 01:00:00,1,3,0,Compute,250000,1.406320437509645,1.1824846425787718,2.636558904888286,3.123274328478572,1,0,0,0
2024-02-29 02:00:00,2,3,0,Web,100000,0.0,0.10881005413233653,1.7911208276550683,1.5137360239861368,0,0,0,1
2024-02-29 02:00:00,2,3,0,Database,150000,3.176230148890813,0.9358479691626297,1.3957026832797854,0.6957871185775704,0,1,0,0
2024-02-29 02:00:00,2,3,0,Media,200000,0.12053455430938453,1.0084724360421822,1.4622573775100092,0.8017838903800181,0,0,1,0
2024-02-29 02:00:00,2,3,0,Compute,250000,3.123274328478572,1.5484069168492607,1.2951570647764699,0.44047064825493965,1,0,0,0
2024-02-29 03:00:00,3,3,0,Web,100000,1.5137360239861368,4.961447455869242,0.0,0.0,0,0,0,1
2024-02-29 03:00:00,3,3,0,Database,150000,0.6957871185775704,1.1727292250872763,2.4259473408025385,2.7562764336230763,0,1,0,0
2024-02-29 03:00:00,3,3,0,Media,200000,0.8017838903800181,0.7186844154371614,2.301791863647481,2.4808528626549617,0,0,1,0
2024-02-29 03:00:00,3,3,0,Compute,250000,0.44047064825493965,2.573054696947681,3.331843932072741,4.5138443828474815,1,0,0,0
2024-02-29 04:00:00,4,3,0,Web,100000,0.0,1.6184146465225846,0.9515524169298077,0.0,0,0,0,1
2024-02-29 04:00:00,4,3,0,Database,150000,2.7562764336230763,5.710194816032202,4.694680136275001,7.293742024568002,0,1,0,0
2024-02-29 04:00:00,4,3,0,Media,200000,2.4808528626549617,1.1632517831510993,1.3848677039555506,0.6470045432711009,0,0,1,0
2024-02-29 04:00:00,4,3,0,Compute,250000,4.5138443828474815,2.6493728661862876,0.7446740901079563,0.0,1,0,0,0
2024-02-29 05:00:00,5,3,0,Web,100000,0.0,3.0050986991301945,0.2582103906260027,0.0,0,0,0,1
2024-02-29 05:00:00,5,3,0,Database,150000,7.293742024568002,5.225811149291187,0.0,0.0,0,1,0,0
2024-02-29 05:00:00,5,3,0,Media,200000,0.6470045432711009,4.6219276167815835,4.253413464319692,6.384096063999383,0,0,1,0
2024-02-29 05:00:00,5,3,0,Compute,250000,0.0,4.137246111908186,4.113939639552993,6.078035797807986,1,0,0,0
2024-02-29 06:00:00,6,3,0,Web,100000,0.0,1.826279428256474,2.649855514717137,3.231205398110274,0,0,0,1
2024-02-29 06:00:00,6,3,0,Database,150000,0.0,2.7123103629295393,0.5074714863963306,0.0,0,1,0,0
2024-02-29 06:00:00,6,3,0,Media,200000,6.384096063999383,5.45784698427956,4.67137314806868,7.22001543149736,0,0,1,0
2024-02-29 06:00:00,6,3,0,Compute,250000,6.078035797807986,1.079201424167168,1.5297598111175161,0.9096761409370324,1,0,0,0
2024-02-29 07:00:00,7,3,0,Web,100000,3.231205398110274,0.831121433282157,1.3451990235500215,0.6218924157760432,0,0,0,1
2024-02-29 07:00:00,7,3,0,Database,150000,0.0,4.335821180910428,4.007493318714114,5.919368389446228,0,1,0,0
2024-02-29 07:00:00,7,3,0,Media,200000,7.22001543149736,2.0007756930448166,2.9428375024513085,3.7629441402626167,0,0,1,0
2024-02-29 07:00:00,7,3,0,Compute,250000,0.9096761409370324,6.6273533558659805,5.35899326153189,8.568143041765781,1,0,0,0
2024-02-29 08:00:00,8,3,0,Web,100000,0.6218924157760432,0.7702107205592587,2.1218211608685293,2.175136690413059,0,0,0,1
2024-02-29 08:00:00,8,3,0,Database,150000,5.919368389446228,1.2151363383383744,1.256058498691913,0.41649874940182574,0,1,0,0
2024-02-29 08:00:00,8,3,0,Media,200000,3.7629441402626167,1.8594585899815874,1.0367643005403064,0.0,0,0,1,0
2024-02-29 08:00:00,8,3,0,Compute,250000,8.568143041765781,5.565032471174081,0.0,0.0,1,0,0,0
2024-02-29 09:00:00,9,3,0,Web,100000,2.175136690413059,0.8598312580208133,1.3308441111806935,0.5931825910373869,0,0,0,1
2024-02-29 09:00:00,9,3,0,Database,150000,0.41649874940182574,3.4578239560843413,3.5684947063010712,5.041371164620141,0,1,0,0
2024-02-29 09:00:00,9,3,0,Media,200000,0.0,1.8205464575704078,2.8527228847141037,3.582714904788208,0,0,1,0
2024-02-29 09:00:00,9,3,0,Compute,250000,0.0,0.08496795928341744,2.087800563240609,2.0257576451832175,1,0,0,0
2024-02-29 10:00:00,10,3,0,Web,100000,0.5931825910373869,3.0088472710511875,0.25633610466550616,0.0,0,0,0,1
2024-02-29 10:00:00,10,3,0,Database,150000,5.041371164620141,0.7046629936404117,2.191914225079106,2.288210202176212,0,1,0,0
2024-02-29 10:00:00,10,3,0,Media,200000,3.582714904788208,3.0624850551883194,3.4736921835230596,4.82465350240612,0,0,1,0
2024-02-29 10:00:00,10,3,0,Compute,250000,2.0257576451832175,1.3162017090121536,2.703417438104977,3.256991394911954,1,0,0,0
2024-02-29 11:00:00,11,3,0,Web,100000,0.0,0.5242494485022774,1.9988405248400387,1.9291754183560776,0,0,0,1
2024-02-29 11:00:00,11,3,0,Database,150000,2.288210202176212,2.414916899445818,0.6561682181381912,0.0,0,1,0,0
2024-02-29 11:00:00,11,3,0,Media,200000,4.82465350240612,2.6255893819382377,3.255244346898019,4.387757829156038,0,0,1,0
2024-02-29 11:00:00,11,3,0,Compute,250000,3.256991394911954,9.419758395834743,0.0,0.0,1,0,0,0
2024-02-29 12:00:00,12,3,0,Web,100000,1.9291754183560776,1.1725810661976352,2.323006333687718,2.5775070360514354,0,0,0,1
2024-02-29 12:00:00,12,3,0,Database,150000,0.0,7.735009882435997,5.707087669476898,9.318557090971797,0,1,0,0
2024-02-29 12:00:00,12,3,0,Media,200000,4.387757829156038,4.549164101597741,0.0,0.0,0,0,1,0
2024-02-29 12:00:00,12,3,0,Compute,250000,0.0,0.7481523037062979,1.695284371347951,1.2407252613979023,1,0,0,0
2024-02-29 13:00:00,13,3,0,Web,100000,2.5775070360514354,0.04777690997637923,1.7368712852029105,1.405236939081821,0,0,0,1
2024-02-29 13:00:00,13,3,0,Database,150000,9.318557090971797,1.4117923817719313,1.1577304769751346,0.21984270596826883,0,1,0,0
2024-02-29 13:00:00,13,3,0,Media,200000,0.0,3.1331666672791383,3.5090329895684693,4.895335114496938,0,0,1,0
2024-02-29 13:00:00,13,3,0,Compute,250000,1.2407252613979023,1.4413969826681032,2.7660150749329517,3.382186668567903,1,0,0,0
2024-02-29 14:00:00,14,3,0,Web,100000,1.405236939081821,0.4809450572441578,1.9771883292109789,1.885871027097958,0,0,0,1
2024-02-29 14:00:00,14,3,0,Database,150000,0.21984270596826883,2.41586162311004,3.04751353981392,3.99940883164584,0,1,0,0
2024-02-29 14:00:00,14,3,0,Media,200000,4.895335114496938,0.0742960668174266,1.9795976893376135,1.8364645140352267,0,0,1,0
2024-02-29 14:00:00,14,3,0,Compute,250000,3.382186668567903,9.563637406072742,6.827135286635271,11.504427091972543,1,0,0,0
2024-02-29 15:00:00,15,3,0,Web,100000,1.885871027097958,0.47808474057242334,1.9757581708751117,1.8830107104262237,0,0,0,1
2024-02-29 15:00:00,15,3,0,Database,150000,3.99940883164584,0.609890235071313,2.1445278457945567,2.193437443607113,0,1,0,0
2024-02-29 15:00:00,15,3,0,Media,200000,1.8364645140352267,5.155448088322026,0.0,0.0,0,0,1,0
2024-02-29 15:00:00,15,3,0,Compute,250000,11.504427091972543,1.6543949215124714,1.2421630624448645,0.33448264359172897,1,0,0,0
2024-02-29 16:00:00,16,3,0,Web,100000,1.8830107104262237,3.4661769850016286,3.469804293089714,4.871102954855429,0,0,0,1
2024-02-29 16:00:00,16,3,0,Database,150000,2.193437443607113,4.030414490681818,0.0,0.0,0,1,0,0
2024-02-29 16:00:00,16,3,0,Media,200000,0.0,6.496715462508065,0.0,0.0,0,0,1,0
2024-02-29 16:00:00,16,3,0,Compute,250000,0.33448264359172897,0.12099035316492446,2.1058117601813624,2.0617800390647245,1,0,0,0
2024-02-29 17:00:00,17,3,0,Web,100000,4.871102954855429,4.1362774620271345,3.804854531602467,5.541203431880934,0,0,0,1
2024-02-29 17:00:00,17,3,0,Database,150000,0.0,0.1511876256905769,1.9151765411041888,1.7347348342263769,0,1,0,0
2024-02-29 17:00:00,17,3,0,Media,200000,0.0,1.0324177474812308,1.4502847217904846,0.7778385789409694,0,0,1,0
2024-02-29 17:00:00,17,3,0,Compute,250000,2.0617800390647245,5.59950775282514,0.0,0.0,1,0,0,0
2024-02-29 18:00:00,18,3,0,Web,100000,5.541203431880934,1.3808063077087802,2.42711895444329,2.7857322775625804,0,0,0,1
2024-02-29 18:00:00,18,3,0,Database,150000,1.7347348342263769,2.0078692662513347,2.8435173613845675,3.5914164747871347,0,1,0,0
2024-02-29 18:00:00,18,3,0,Media,200000,0.7778385789409694,5.369241436905502,0.0,0.0,0,0,1,0
2024-02-29 18:00:00,18,3,0,Compute,250000,0.0,3.427641285693856,3.7591372264458283,5.368430971593656,1,0,0,0
2024-02-29 19:00:00,19,3,0,Web,100000,2.7857322775625804,2.3211305172785273,2.8972810592281637,3.7260564871323276,0,0,0,1
2024-02-29 19:00:00,19,3,0,Database,150000,3.5914164747871347,3.4209917672442365,3.550078611881019,5.0045389757800365,0,1,0,0
2024-02-29 19:00:00,19,3,0,Media,200000,0.0,1.7746192151022258,2.829759263480013,3.536787662320026,0,0,1,0
2024-02-29 19:00:00,19,3,0,Compute,250000,5.368430971593656,1.9850920660361557,3.037862616616978,3.9258817519359557,1,0,0,0
2024-02-29 20:00:00,20,3,0,Web,100000,3.7260564871323276,1.5862066357074167,2.5298191184426084,2.9911326055612166,0,0,0,1
2024-02-29 20:00:00,20,3,0,Database,150000,5.0045389757800365,2.629460904105787,3.154313180311794,4.213008112641587,0,1,0,0
2024-02-29 20:00:00,20,3,0,Media,200000,3.536787662320026,5.480317246973956,0.0,0.0,0,0,1,0
2024-02-29 20:00:00,20,3,0,Compute,250000,3.9258817519359557,4.527222240466744,0.0,0.0,1,0,0,0
2024-02-29 21:00:00,21,3,0,Web,100000,2.9911326055612166,2.232067640171515,0.6447259201053424,0.0,0,0,0,1
2024-02-29 21:00:00,21,3,0,Database,150000,4.213008112641587,0.41350445461985974,1.6568744405511704,1.2181306331203403,0,1,0,0
2024-02-29 21:00:00,21,3,0,Media,200000,0.0,1.1884547095267382,2.5366770106922694,2.9506231567445385,0,0,1,0
2024-02-29 21:00:00,21,3,0,Compute,250000,0.0,0.9980888992887501,2.544361033243275,2.9388785851885504,1,0,0,0
2024-02-29 22:00:00,22,3,0,Web,100000,0.0,3.3753613739702937,3.4243964875740467,4.780287343824094,0,0,0,1
2024-02-29 22:00:00,22,3,0,Database,150000,1.2181306331203403,3.4695298353432524,3.5743476459305263,5.053077043879052,0,1,0,0
2024-02-29 22:00:00,22,3,0,Media,200000,2.9506231567445385,2.6411992644835784,0.6458939632893108,0.0,0,0,1,0
2024-02-29 22:00:00,22,3,0,Compute,250000,2.9388785851885504,0.7397722697536137,2.415202718475707,2.680561955653414,1,0,0,0
2024-02-29 23:00:00,23,3,0,Web,100000,4.780287343824094,2.5675385827677144,0.47699044880724273,0.0,0,0,0,1
2024-02-29 23:00:00,23,3,0,Database,150000,5.053077043879052,0.5887850546629,1.5692341405296504,1.0428500330773,0,1,0,0
2024-02-29 23:00:00,23,3,0,Media,200000,0.0,0.9894180467476842,2.437158679302742,2.751586493965484,0,0,1,0
2024-02-29 23:00:00,23,3,0,Compute,250000,2.680561955653414,10.250180169017272,0.0,0.0,1,0,0,0
